[2026-01-21 12:38:22.861] [info] Set log level to Debug.
[2026-01-21 12:38:22.938] [info] Loaded model lenhart2015-scaled from file D:\mayra\Descargas\UPF_COMAK-master\UPF_COMAK-master\COMAK\data\HOLOA_004\model\model_HOLOA_004.osim
[2026-01-21 12:38:30.977] [info] Secondary Coordinates:
[2026-01-21 12:38:30.977] [info] ----------------------
[2026-01-21 12:38:30.977] [info] knee_add_r
[2026-01-21 12:38:30.977] [info] knee_rot_r
[2026-01-21 12:38:30.977] [info] knee_tx_r
[2026-01-21 12:38:30.977] [info] knee_ty_r
[2026-01-21 12:38:30.977] [info] knee_tz_r
[2026-01-21 12:38:30.977] [info] pf_flex_r
[2026-01-21 12:38:30.977] [info] pf_rot_r
[2026-01-21 12:38:30.977] [info] pf_tilt_r
[2026-01-21 12:38:30.977] [info] pf_tx_r
[2026-01-21 12:38:30.977] [info] pf_ty_r
[2026-01-21 12:38:30.977] [info] pf_tz_r
[2026-01-21 12:38:30.978] [info] Secondary Coupled Coordinate: 
[2026-01-21 12:38:30.988] [info] Settle Threshold: 0.000100000
[2026-01-21 12:38:30.988] [info] Sweep Time: 3.0
[2026-01-21 12:38:30.988] [info] Sweep secondary_coupled_coordinate start value: 0.0
[2026-01-21 12:38:30.988] [info] Sweep secondary_coupled_coordinate stop value: 100.0
[2026-01-21 12:38:31.121] [info] Performing IK Secondary Constraint Simulation...
[2026-01-21 12:38:31.934] [info] Starting Settling Simulation.
[2026-01-21 12:38:35.106] [info] Time: 0.01
[2026-01-21 12:38:35.106] [info] 		 VALUE 		DELTA
[2026-01-21 12:38:35.106] [info] knee_add_r 	 -0.00160358 	
[2026-01-21 12:38:35.106] [info] knee_rot_r 	 4.60936e-05 	
[2026-01-21 12:38:35.106] [info] knee_tx_r 	 0.000450726 	
[2026-01-21 12:38:35.106] [info] knee_ty_r 	 0.000187082 	
[2026-01-21 12:38:35.106] [info] knee_tz_r 	 -0.000501902 	
[2026-01-21 12:38:35.106] [info] pf_flex_r 	 0.00133082 	
[2026-01-21 12:38:35.106] [info] pf_rot_r 	 -0.000162328 	
[2026-01-21 12:38:35.106] [info] pf_tilt_r 	 -0.000768285 	
[2026-01-21 12:38:35.106] [info] pf_tx_r 	 0.0528839 	
[2026-01-21 12:38:35.106] [info] pf_ty_r 	 0.00624258 	
[2026-01-21 12:38:35.106] [info] pf_tz_r 	 0.00453831 	
[2026-01-21 12:38:35.487] [info] Time: 0.02
[2026-01-21 12:38:35.487] [info] 		 VALUE 		DELTA
[2026-01-21 12:38:35.487] [info] knee_add_r 	 -0.00228649 	
[2026-01-21 12:38:35.487] [info] knee_rot_r 	 0.000293408 	
[2026-01-21 12:38:35.487] [info] knee_tx_r 	 0.00153153 	
[2026-01-21 12:38:35.487] [info] knee_ty_r 	 0.000272371 	
[2026-01-21 12:38:35.487] [info] knee_tz_r 	 -0.000522710 	
[2026-01-21 12:38:35.488] [info] pf_flex_r 	 0.00307682 	
[2026-01-21 12:38:35.488] [info] pf_rot_r 	 0.000135925 	
[2026-01-21 12:38:35.488] [info] pf_tilt_r 	 -0.00178009 	
[2026-01-21 12:38:35.488] [info] pf_tx_r 	 0.0533756 	
[2026-01-21 12:38:35.488] [info] pf_ty_r 	 0.00625781 	
[2026-01-21 12:38:35.488] [info] pf_tz_r 	 0.00512222 	
[2026-01-21 12:38:35.751] [info] Time: 0.03
[2026-01-21 12:38:35.751] [info] 		 VALUE 		DELTA
[2026-01-21 12:38:35.751] [info] knee_add_r 	 -0.00221505 	
[2026-01-21 12:38:35.751] [info] knee_rot_r 	 0.000689579 	
[2026-01-21 12:38:35.751] [info] knee_tx_r 	 0.00238576 	
[2026-01-21 12:38:35.751] [info] knee_ty_r 	 0.000360399 	
[2026-01-21 12:38:35.751] [info] knee_tz_r 	 -0.000137028 	
[2026-01-21 12:38:35.751] [info] pf_flex_r 	 0.00471044 	
[2026-01-21 12:38:35.751] [info] pf_rot_r 	 0.000586766 	
[2026-01-21 12:38:35.751] [info] pf_tilt_r 	 -0.00266397 	
[2026-01-21 12:38:35.751] [info] pf_tx_r 	 0.0531221 	
[2026-01-21 12:38:35.751] [info] pf_ty_r 	 0.00729078 	
[2026-01-21 12:38:35.751] [info] pf_tz_r 	 0.00557071 	
[2026-01-21 12:38:35.992] [info] Time: 0.04
[2026-01-21 12:38:35.992] [info] 		 VALUE 		DELTA
[2026-01-21 12:38:35.992] [info] knee_add_r 	 -0.00339763 	
[2026-01-21 12:38:35.992] [info] knee_rot_r 	 0.000967659 	
[2026-01-21 12:38:35.992] [info] knee_tx_r 	 0.00268615 	
[2026-01-21 12:38:35.992] [info] knee_ty_r 	 0.000316291 	
[2026-01-21 12:38:35.992] [info] knee_tz_r 	 -0.000250650 	
[2026-01-21 12:38:35.992] [info] pf_flex_r 	 0.00641978 	
[2026-01-21 12:38:35.992] [info] pf_rot_r 	 0.000973273 	
[2026-01-21 12:38:35.992] [info] pf_tilt_r 	 -0.00352580 	
[2026-01-21 12:38:35.993] [info] pf_tx_r 	 0.0531654 	
[2026-01-21 12:38:35.993] [info] pf_ty_r 	 0.00711381 	
[2026-01-21 12:38:35.993] [info] pf_tz_r 	 0.00542200 	
[2026-01-21 12:38:36.219] [info] Time: 0.05
[2026-01-21 12:38:36.219] [info] 		 VALUE 		DELTA
[2026-01-21 12:38:36.219] [info] knee_add_r 	 -0.00394636 	
[2026-01-21 12:38:36.219] [info] knee_rot_r 	 0.00107752 	
[2026-01-21 12:38:36.219] [info] knee_tx_r 	 0.00228767 	
[2026-01-21 12:38:36.219] [info] knee_ty_r 	 0.000358347 	
[2026-01-21 12:38:36.219] [info] knee_tz_r 	 -0.000284683 	
[2026-01-21 12:38:36.219] [info] pf_flex_r 	 0.00825816 	
[2026-01-21 12:38:36.219] [info] pf_rot_r 	 0.00124722 	
[2026-01-21 12:38:36.219] [info] pf_tilt_r 	 -0.00444821 	
[2026-01-21 12:38:36.219] [info] pf_tx_r 	 0.0530506 	
[2026-01-21 12:38:36.219] [info] pf_ty_r 	 0.00724753 	
[2026-01-21 12:38:36.219] [info] pf_tz_r 	 0.00527510 	
[2026-01-21 12:38:37.790] [info] Time: 0.06
[2026-01-21 12:38:37.790] [info] 		 VALUE 		DELTA
[2026-01-21 12:38:37.790] [info] knee_add_r 	 -0.00441829 	
[2026-01-21 12:38:37.790] [info] knee_rot_r 	 0.00128661 	
[2026-01-21 12:38:37.790] [info] knee_tx_r 	 0.00176250 	
[2026-01-21 12:38:37.791] [info] knee_ty_r 	 0.000329113 	
[2026-01-21 12:38:37.791] [info] knee_tz_r 	 -0.000384633 	
[2026-01-21 12:38:37.791] [info] pf_flex_r 	 0.00983499 	
[2026-01-21 12:38:37.791] [info] pf_rot_r 	 0.00137847 	
[2026-01-21 12:38:37.791] [info] pf_tilt_r 	 -0.00528685 	
[2026-01-21 12:38:37.791] [info] pf_tx_r 	 0.0532367 	
[2026-01-21 12:38:37.791] [info] pf_ty_r 	 0.00669370 	
[2026-01-21 12:38:37.791] [info] pf_tz_r 	 0.00508520 	
[2026-01-21 12:38:37.909] [info] Time: 0.07
[2026-01-21 12:38:37.909] [info] 		 VALUE 		DELTA
[2026-01-21 12:38:37.909] [info] knee_add_r 	 -0.00469697 	
[2026-01-21 12:38:37.909] [info] knee_rot_r 	 0.00150532 	
[2026-01-21 12:38:37.909] [info] knee_tx_r 	 0.00144402 	
[2026-01-21 12:38:37.909] [info] knee_ty_r 	 0.000239189 	
[2026-01-21 12:38:37.909] [info] knee_tz_r 	 -0.000455345 	
[2026-01-21 12:38:37.909] [info] pf_flex_r 	 0.011612 	
[2026-01-21 12:38:37.909] [info] pf_rot_r 	 0.00150443 	
[2026-01-21 12:38:37.909] [info] pf_tilt_r 	 -0.00619050 	
[2026-01-21 12:38:37.909] [info] pf_tx_r 	 0.0530994 	
[2026-01-21 12:38:37.909] [info] pf_ty_r 	 0.00673033 	
[2026-01-21 12:38:37.909] [info] pf_tz_r 	 0.00512671 	
[2026-01-21 12:38:38.021] [info] Time: 0.08
[2026-01-21 12:38:38.021] [info] 		 VALUE 		DELTA
[2026-01-21 12:38:38.021] [info] knee_add_r 	 -0.00476524 	
[2026-01-21 12:38:38.021] [info] knee_rot_r 	 0.00167532 	
[2026-01-21 12:38:38.021] [info] knee_tx_r 	 0.00147065 	
[2026-01-21 12:38:38.022] [info] knee_ty_r 	 0.000183185 	
[2026-01-21 12:38:38.022] [info] knee_tz_r 	 -0.000452469 	
[2026-01-21 12:38:38.022] [info] pf_flex_r 	 0.0130537 	
[2026-01-21 12:38:38.022] [info] pf_rot_r 	 0.00157603 	
[2026-01-21 12:38:38.022] [info] pf_tilt_r 	 -0.00693636 	
[2026-01-21 12:38:38.022] [info] pf_tx_r 	 0.0531218 	
[2026-01-21 12:38:38.022] [info] pf_ty_r 	 0.00666434 	
[2026-01-21 12:38:38.022] [info] pf_tz_r 	 0.00513100 	
[2026-01-21 12:38:38.168] [info] Time: 0.09
[2026-01-21 12:38:38.168] [info] 		 VALUE 		DELTA
[2026-01-21 12:38:38.168] [info] knee_add_r 	 -0.00482933 	
[2026-01-21 12:38:38.168] [info] knee_rot_r 	 0.00197139 	
[2026-01-21 12:38:38.168] [info] knee_tx_r 	 0.00167958 	
[2026-01-21 12:38:38.168] [info] knee_ty_r 	 0.000291488 	
[2026-01-21 12:38:38.168] [info] knee_tz_r 	 -0.000434836 	
[2026-01-21 12:38:38.168] [info] pf_flex_r 	 0.0147241 	
[2026-01-21 12:38:38.168] [info] pf_rot_r 	 0.00168300 	
[2026-01-21 12:38:38.168] [info] pf_tilt_r 	 -0.00778504 	
[2026-01-21 12:38:38.168] [info] pf_tx_r 	 0.0531785 	
[2026-01-21 12:38:38.168] [info] pf_ty_r 	 0.00688421 	
[2026-01-21 12:38:38.168] [info] pf_tz_r 	 0.00513596 	
[2026-01-21 12:38:38.355] [info] Time: 0.1
[2026-01-21 12:38:38.355] [info] 		 VALUE 		DELTA
[2026-01-21 12:38:38.355] [info] knee_add_r 	 -0.00483137 	
[2026-01-21 12:38:38.355] [info] knee_rot_r 	 0.00230363 	
[2026-01-21 12:38:38.355] [info] knee_tx_r 	 0.00191856 	
[2026-01-21 12:38:38.355] [info] knee_ty_r 	 0.000356263 	
[2026-01-21 12:38:38.355] [info] knee_tz_r 	 -0.000399277 	
[2026-01-21 12:38:38.355] [info] pf_flex_r 	 0.0162219 	
[2026-01-21 12:38:38.355] [info] pf_rot_r 	 0.00176757 	
[2026-01-21 12:38:38.355] [info] pf_tilt_r 	 -0.00859518 	
[2026-01-21 12:38:38.355] [info] pf_tx_r 	 0.0532209 	
[2026-01-21 12:38:38.355] [info] pf_ty_r 	 0.00695541 	
[2026-01-21 12:38:38.355] [info] pf_tz_r 	 0.00515028 	
[2026-01-21 12:38:38.501] [info] Time: 0.11
[2026-01-21 12:38:38.501] [info] 		 VALUE 		DELTA
[2026-01-21 12:38:38.501] [info] knee_add_r 	 -0.00477555 	
[2026-01-21 12:38:38.501] [info] knee_rot_r 	 0.00257839 	
[2026-01-21 12:38:38.502] [info] knee_tx_r 	 0.00202986 	
[2026-01-21 12:38:38.502] [info] knee_ty_r 	 0.000286051 	
[2026-01-21 12:38:38.502] [info] knee_tz_r 	 -0.000380648 	
[2026-01-21 12:38:38.502] [info] pf_flex_r 	 0.017934 	
[2026-01-21 12:38:38.502] [info] pf_rot_r 	 0.00188305 	
[2026-01-21 12:38:38.502] [info] pf_tilt_r 	 -0.00944385 	
[2026-01-21 12:38:38.502] [info] pf_tx_r 	 0.0530828 	
[2026-01-21 12:38:38.502] [info] pf_ty_r 	 0.00705450 	
[2026-01-21 12:38:38.502] [info] pf_tz_r 	 0.00523667 	
[2026-01-21 12:38:38.634] [info] Time: 0.12
[2026-01-21 12:38:38.634] [info] 		 VALUE 		DELTA
[2026-01-21 12:38:38.634] [info] knee_add_r 	 -0.00458631 	
[2026-01-21 12:38:38.634] [info] knee_rot_r 	 0.00277044 	
[2026-01-21 12:38:38.634] [info] knee_tx_r 	 0.00198520 	
[2026-01-21 12:38:38.634] [info] knee_ty_r 	 0.000242487 	
[2026-01-21 12:38:38.634] [info] knee_tz_r 	 -0.000363590 	
[2026-01-21 12:38:38.634] [info] pf_flex_r 	 0.0194553 	
[2026-01-21 12:38:38.634] [info] pf_rot_r 	 0.00195433 	
[2026-01-21 12:38:38.634] [info] pf_tilt_r 	 -0.0101710 	
[2026-01-21 12:38:38.634] [info] pf_tx_r 	 0.0530169 	
[2026-01-21 12:38:38.634] [info] pf_ty_r 	 0.00705518 	
[2026-01-21 12:38:38.634] [info] pf_tz_r 	 0.00527273 	
[2026-01-21 12:38:38.785] [info] Time: 0.13
[2026-01-21 12:38:38.785] [info] 		 VALUE 		DELTA
[2026-01-21 12:38:38.785] [info] knee_add_r 	 -0.00441704 	
[2026-01-21 12:38:38.785] [info] knee_rot_r 	 0.00305163 	
[2026-01-21 12:38:38.785] [info] knee_tx_r 	 0.00186183 	
[2026-01-21 12:38:38.785] [info] knee_ty_r 	 0.000319582 	
[2026-01-21 12:38:38.785] [info] knee_tz_r 	 -0.000382192 	
[2026-01-21 12:38:38.785] [info] pf_flex_r 	 0.0210921 	
[2026-01-21 12:38:38.785] [info] pf_rot_r 	 0.00205069 	
[2026-01-21 12:38:38.785] [info] pf_tilt_r 	 -0.0109641 	
[2026-01-21 12:38:38.785] [info] pf_tx_r 	 0.0531421 	
[2026-01-21 12:38:38.785] [info] pf_ty_r 	 0.00697861 	
[2026-01-21 12:38:38.785] [info] pf_tz_r 	 0.00520539 	
[2026-01-21 12:38:39.002] [info] Time: 0.14
[2026-01-21 12:38:39.002] [info] 		 VALUE 		DELTA
[2026-01-21 12:38:39.002] [info] knee_add_r 	 -0.00420626 	
[2026-01-21 12:38:39.002] [info] knee_rot_r 	 0.00334294 	
[2026-01-21 12:38:39.002] [info] knee_tx_r 	 0.00176879 	
[2026-01-21 12:38:39.002] [info] knee_ty_r 	 0.000353246 	
[2026-01-21 12:38:39.002] [info] knee_tz_r 	 -0.000392842 	
[2026-01-21 12:38:39.003] [info] pf_flex_r 	 0.0226276 	
[2026-01-21 12:38:39.003] [info] pf_rot_r 	 0.00213851 	
[2026-01-21 12:38:39.003] [info] pf_tilt_r 	 -0.0117658 	
[2026-01-21 12:38:39.003] [info] pf_tx_r 	 0.0532025 	
[2026-01-21 12:38:39.003] [info] pf_ty_r 	 0.00695691 	
[2026-01-21 12:38:39.003] [info] pf_tz_r 	 0.00515349 	
[2026-01-21 12:38:39.102] [info] Time: 0.15
[2026-01-21 12:38:39.102] [info] 		 VALUE 		DELTA
[2026-01-21 12:38:39.102] [info] knee_add_r 	 -0.00396041 	
[2026-01-21 12:38:39.102] [info] knee_rot_r 	 0.00358337 	
[2026-01-21 12:38:39.102] [info] knee_tx_r 	 0.00176349 	
[2026-01-21 12:38:39.102] [info] knee_ty_r 	 0.000240125 	
[2026-01-21 12:38:39.102] [info] knee_tz_r 	 -0.000376812 	
[2026-01-21 12:38:39.102] [info] pf_flex_r 	 0.0242105 	
[2026-01-21 12:38:39.102] [info] pf_rot_r 	 0.00222186 	
[2026-01-21 12:38:39.102] [info] pf_tilt_r 	 -0.0125808 	
[2026-01-21 12:38:39.102] [info] pf_tx_r 	 0.0531071 	
[2026-01-21 12:38:39.102] [info] pf_ty_r 	 0.00698034 	
[2026-01-21 12:38:39.102] [info] pf_tz_r 	 0.00517382 	
[2026-01-21 12:38:40.711] [info] Time: 0.16
[2026-01-21 12:38:40.711] [info] 		 VALUE 		DELTA
[2026-01-21 12:38:40.712] [info] knee_add_r 	 -0.00370257 	
[2026-01-21 12:38:40.712] [info] knee_rot_r 	 0.00375839 	
[2026-01-21 12:38:40.712] [info] knee_tx_r 	 0.00181230 	
[2026-01-21 12:38:40.712] [info] knee_ty_r 	 0.000199797 	
[2026-01-21 12:38:40.712] [info] knee_tz_r 	 -0.000337387 	
[2026-01-21 12:38:40.712] [info] pf_flex_r 	 0.0256412 	
[2026-01-21 12:38:40.712] [info] pf_rot_r 	 0.00226873 	
[2026-01-21 12:38:40.712] [info] pf_tilt_r 	 -0.0133082 	
[2026-01-21 12:38:40.712] [info] pf_tx_r 	 0.0530790 	
[2026-01-21 12:38:40.712] [info] pf_ty_r 	 0.00708232 	
[2026-01-21 12:38:40.712] [info] pf_tz_r 	 0.00519368 	
[2026-01-21 12:38:40.899] [info] Time: 0.17
[2026-01-21 12:38:40.899] [info] 		 VALUE 		DELTA
[2026-01-21 12:38:40.900] [info] knee_add_r 	 -0.00362495 	
[2026-01-21 12:38:40.900] [info] knee_rot_r 	 0.00403588 	
[2026-01-21 12:38:40.900] [info] knee_tx_r 	 0.00187154 	
[2026-01-21 12:38:40.900] [info] knee_ty_r 	 0.000317602 	
[2026-01-21 12:38:40.900] [info] knee_tz_r 	 -0.000337066 	
[2026-01-21 12:38:40.900] [info] pf_flex_r 	 0.0271047 	
[2026-01-21 12:38:40.900] [info] pf_rot_r 	 0.00233555 	
[2026-01-21 12:38:40.900] [info] pf_tilt_r 	 -0.0140773 	
[2026-01-21 12:38:40.900] [info] pf_tx_r 	 0.0532509 	
[2026-01-21 12:38:40.900] [info] pf_ty_r 	 0.00709442 	
[2026-01-21 12:38:40.900] [info] pf_tz_r 	 0.00514231 	
[2026-01-21 12:38:41.057] [info] Time: 0.18
[2026-01-21 12:38:41.057] [info] 		 VALUE 		DELTA
[2026-01-21 12:38:41.057] [info] knee_add_r 	 -0.00359185 	
[2026-01-21 12:38:41.057] [info] knee_rot_r 	 0.00433092 	
[2026-01-21 12:38:41.057] [info] knee_tx_r 	 0.00190576 	
[2026-01-21 12:38:41.057] [info] knee_ty_r 	 0.000378644 	
[2026-01-21 12:38:41.057] [info] knee_tz_r 	 -0.000335477 	
[2026-01-21 12:38:41.057] [info] pf_flex_r 	 0.0285504 	
[2026-01-21 12:38:41.057] [info] pf_rot_r 	 0.00241227 	
[2026-01-21 12:38:41.057] [info] pf_tilt_r 	 -0.0148636 	
[2026-01-21 12:38:41.057] [info] pf_tx_r 	 0.0532649 	
[2026-01-21 12:38:41.058] [info] pf_ty_r 	 0.00709903 	
[2026-01-21 12:38:41.058] [info] pf_tz_r 	 0.00513738 	
[2026-01-21 12:38:41.275] [info] Time: 0.19
[2026-01-21 12:38:41.275] [info] 		 VALUE 		DELTA
[2026-01-21 12:38:41.275] [info] knee_add_r 	 -0.00355677 	
[2026-01-21 12:38:41.275] [info] knee_rot_r 	 0.00453427 	
[2026-01-21 12:38:41.275] [info] knee_tx_r 	 0.00191321 	
[2026-01-21 12:38:41.275] [info] knee_ty_r 	 0.000249039 	
[2026-01-21 12:38:41.275] [info] knee_tz_r 	 -0.000325283 	
[2026-01-21 12:38:41.276] [info] pf_flex_r 	 0.0300778 	
[2026-01-21 12:38:41.276] [info] pf_rot_r 	 0.00247917 	
[2026-01-21 12:38:41.276] [info] pf_tilt_r 	 -0.0156302 	
[2026-01-21 12:38:41.276] [info] pf_tx_r 	 0.0530651 	
[2026-01-21 12:38:41.276] [info] pf_ty_r 	 0.00708386 	
[2026-01-21 12:38:41.276] [info] pf_tz_r 	 0.00520129 	
[2026-01-21 12:38:41.479] [info] Time: 0.2
[2026-01-21 12:38:41.479] [info] 		 VALUE 		DELTA
[2026-01-21 12:38:41.479] [info] knee_add_r 	 -0.00352323 	
[2026-01-21 12:38:41.479] [info] knee_rot_r 	 0.00466563 	
[2026-01-21 12:38:41.479] [info] knee_tx_r 	 0.00188500 	
[2026-01-21 12:38:41.479] [info] knee_ty_r 	 0.000199395 	
[2026-01-21 12:38:41.480] [info] knee_tz_r 	 -0.000312893 	
[2026-01-21 12:38:41.480] [info] pf_flex_r 	 0.0315187 	
[2026-01-21 12:38:41.480] [info] pf_rot_r 	 0.00249513 	
[2026-01-21 12:38:41.480] [info] pf_tilt_r 	 -0.0162993 	
[2026-01-21 12:38:41.480] [info] pf_tx_r 	 0.0529628 	
[2026-01-21 12:38:41.480] [info] pf_ty_r 	 0.00712686 	
[2026-01-21 12:38:41.480] [info] pf_tz_r 	 0.00523116 	
[2026-01-21 12:38:41.624] [info] Time: 0.21
[2026-01-21 12:38:41.624] [info] 		 VALUE 		DELTA
[2026-01-21 12:38:41.624] [info] knee_add_r 	 -0.00361428 	
[2026-01-21 12:38:41.624] [info] knee_rot_r 	 0.00489961 	
[2026-01-21 12:38:41.624] [info] knee_tx_r 	 0.00184769 	
[2026-01-21 12:38:41.624] [info] knee_ty_r 	 0.000344794 	
[2026-01-21 12:38:41.624] [info] knee_tz_r 	 -0.000334149 	
[2026-01-21 12:38:41.624] [info] pf_flex_r 	 0.0329613 	
[2026-01-21 12:38:41.624] [info] pf_rot_r 	 0.00251958 	
[2026-01-21 12:38:41.624] [info] pf_tilt_r 	 -0.0170079 	
[2026-01-21 12:38:41.624] [info] pf_tx_r 	 0.053147 	
[2026-01-21 12:38:41.624] [info] pf_ty_r 	 0.00707488 	
[2026-01-21 12:38:41.625] [info] pf_tz_r 	 0.00515607 	
[2026-01-21 12:38:41.740] [info] Time: 0.22
[2026-01-21 12:38:41.740] [info] 		 VALUE 		DELTA
[2026-01-21 12:38:41.740] [info] knee_add_r 	 -0.00374317 	
[2026-01-21 12:38:41.740] [info] knee_rot_r 	 0.00516741 	
[2026-01-21 12:38:41.740] [info] knee_tx_r 	 0.00182944 	
[2026-01-21 12:38:41.740] [info] knee_ty_r 	 0.000394680 	
[2026-01-21 12:38:41.740] [info] knee_tz_r 	 -0.000355680 	
[2026-01-21 12:38:41.740] [info] pf_flex_r 	 0.0344565 	
[2026-01-21 12:38:41.740] [info] pf_rot_r 	 0.00257786 	
[2026-01-21 12:38:41.740] [info] pf_tilt_r 	 -0.0178073 	
[2026-01-21 12:38:41.740] [info] pf_tx_r 	 0.0532044 	
[2026-01-21 12:38:41.740] [info] pf_ty_r 	 0.00707681 	
[2026-01-21 12:38:41.740] [info] pf_tz_r 	 0.00514206 	
[2026-01-21 12:38:41.900] [info] Time: 0.23
[2026-01-21 12:38:41.901] [info] 		 VALUE 		DELTA
[2026-01-21 12:38:41.901] [info] knee_add_r 	 -0.00377699 	
[2026-01-21 12:38:41.901] [info] knee_rot_r 	 0.00528728 	
[2026-01-21 12:38:41.901] [info] knee_tx_r 	 0.00184267 	
[2026-01-21 12:38:41.901] [info] knee_ty_r 	 0.000208253 	
[2026-01-21 12:38:41.901] [info] knee_tz_r 	 -0.000338145 	
[2026-01-21 12:38:41.901] [info] pf_flex_r 	 0.0359229 	
[2026-01-21 12:38:41.901] [info] pf_rot_r 	 0.00262051 	
[2026-01-21 12:38:41.901] [info] pf_tilt_r 	 -0.0185588 	
[2026-01-21 12:38:41.901] [info] pf_tx_r 	 0.0530431 	
[2026-01-21 12:38:41.901] [info] pf_ty_r 	 0.00714836 	
[2026-01-21 12:38:41.901] [info] pf_tz_r 	 0.00521549 	
[2026-01-21 12:38:42.097] [info] Time: 0.24
[2026-01-21 12:38:42.097] [info] 		 VALUE 		DELTA
[2026-01-21 12:38:42.097] [info] knee_add_r 	 -0.00380417 	
[2026-01-21 12:38:42.097] [info] knee_rot_r 	 0.00534148 	
[2026-01-21 12:38:42.097] [info] knee_tx_r 	 0.00185456 	
[2026-01-21 12:38:42.097] [info] knee_ty_r 	 0.000146080 	
[2026-01-21 12:38:42.098] [info] knee_tz_r 	 -0.000318867 	
[2026-01-21 12:38:42.098] [info] pf_flex_r 	 0.0372661 	
[2026-01-21 12:38:42.098] [info] pf_rot_r 	 0.00261649 	
[2026-01-21 12:38:42.098] [info] pf_tilt_r 	 -0.0192050 	
[2026-01-21 12:38:42.098] [info] pf_tx_r 	 0.0530373 	
[2026-01-21 12:38:42.098] [info] pf_ty_r 	 0.00723390 	
[2026-01-21 12:38:42.098] [info] pf_tz_r 	 0.00521845 	
[2026-01-21 12:38:42.281] [info] Time: 0.25
[2026-01-21 12:38:42.281] [info] 		 VALUE 		DELTA
[2026-01-21 12:38:42.281] [info] knee_add_r 	 -0.00396679 	
[2026-01-21 12:38:42.281] [info] knee_rot_r 	 0.00554268 	
[2026-01-21 12:38:42.281] [info] knee_tx_r 	 0.00184774 	
[2026-01-21 12:38:42.281] [info] knee_ty_r 	 0.000352427 	
[2026-01-21 12:38:42.281] [info] knee_tz_r 	 -0.000344353 	
[2026-01-21 12:38:42.281] [info] pf_flex_r 	 0.0385537 	
[2026-01-21 12:38:42.281] [info] pf_rot_r 	 0.00262812 	
[2026-01-21 12:38:42.281] [info] pf_tilt_r 	 -0.0198921 	
[2026-01-21 12:38:42.281] [info] pf_tx_r 	 0.053372 	
[2026-01-21 12:38:42.281] [info] pf_ty_r 	 0.00720548 	
[2026-01-21 12:38:42.281] [info] pf_tz_r 	 0.00507586 	
[2026-01-21 12:38:43.841] [info] Time: 0.26
[2026-01-21 12:38:43.841] [info] 		 VALUE 		DELTA
[2026-01-21 12:38:43.841] [info] knee_add_r 	 -0.00412444 	
[2026-01-21 12:38:43.841] [info] knee_rot_r 	 0.00578547 	
[2026-01-21 12:38:43.841] [info] knee_tx_r 	 0.00184054 	
[2026-01-21 12:38:43.841] [info] knee_ty_r 	 0.000411064 	
[2026-01-21 12:38:43.841] [info] knee_tz_r 	 -0.000366833 	
[2026-01-21 12:38:43.841] [info] pf_flex_r 	 0.0399081 	
[2026-01-21 12:38:43.841] [info] pf_rot_r 	 0.00264627 	
[2026-01-21 12:38:43.841] [info] pf_tilt_r 	 -0.0206291 	
[2026-01-21 12:38:43.841] [info] pf_tx_r 	 0.0533983 	
[2026-01-21 12:38:43.841] [info] pf_ty_r 	 0.00719368 	
[2026-01-21 12:38:43.841] [info] pf_tz_r 	 0.00504270 	
[2026-01-21 12:38:44.012] [info] Time: 0.27
[2026-01-21 12:38:44.012] [info] 		 VALUE 		DELTA
[2026-01-21 12:38:44.012] [info] knee_add_r 	 -0.00416464 	
[2026-01-21 12:38:44.012] [info] knee_rot_r 	 0.00590143 	
[2026-01-21 12:38:44.012] [info] knee_tx_r 	 0.00184247 	
[2026-01-21 12:38:44.012] [info] knee_ty_r 	 0.000252696 	
[2026-01-21 12:38:44.012] [info] knee_tz_r 	 -0.000356076 	
[2026-01-21 12:38:44.012] [info] pf_flex_r 	 0.041269 	
[2026-01-21 12:38:44.012] [info] pf_rot_r 	 0.00263846 	
[2026-01-21 12:38:44.012] [info] pf_tilt_r 	 -0.0213327 	
[2026-01-21 12:38:44.012] [info] pf_tx_r 	 0.0531821 	
[2026-01-21 12:38:44.012] [info] pf_ty_r 	 0.00722564 	
[2026-01-21 12:38:44.012] [info] pf_tz_r 	 0.00511324 	
[2026-01-21 12:38:44.213] [info] Time: 0.28
[2026-01-21 12:38:44.213] [info] 		 VALUE 		DELTA
[2026-01-21 12:38:44.213] [info] knee_add_r 	 -0.00415842 	
[2026-01-21 12:38:44.213] [info] knee_rot_r 	 0.00595955 	
[2026-01-21 12:38:44.213] [info] knee_tx_r 	 0.00184100 	
[2026-01-21 12:38:44.213] [info] knee_ty_r 	 0.000146144 	
[2026-01-21 12:38:44.213] [info] knee_tz_r 	 -0.000338649 	
[2026-01-21 12:38:44.213] [info] pf_flex_r 	 0.0425724 	
[2026-01-21 12:38:44.213] [info] pf_rot_r 	 0.00260149 	
[2026-01-21 12:38:44.213] [info] pf_tilt_r 	 -0.0219723 	
[2026-01-21 12:38:44.213] [info] pf_tx_r 	 0.0529995 	
[2026-01-21 12:38:44.213] [info] pf_ty_r 	 0.00727478 	
[2026-01-21 12:38:44.213] [info] pf_tz_r 	 0.00519425 	
[2026-01-21 12:38:44.459] [info] Time: 0.29
[2026-01-21 12:38:44.459] [info] 		 VALUE 		DELTA
[2026-01-21 12:38:44.460] [info] knee_add_r 	 -0.00419309 	
[2026-01-21 12:38:44.460] [info] knee_rot_r 	 0.00607079 	
[2026-01-21 12:38:44.460] [info] knee_tx_r 	 0.00183320 	
[2026-01-21 12:38:44.460] [info] knee_ty_r 	 0.000207275 	
[2026-01-21 12:38:44.460] [info] knee_tz_r 	 -0.000341299 	
[2026-01-21 12:38:44.460] [info] pf_flex_r 	 0.043873 	
[2026-01-21 12:38:44.460] [info] pf_rot_r 	 0.00257681 	
[2026-01-21 12:38:44.460] [info] pf_tilt_r 	 -0.0226276 	
[2026-01-21 12:38:44.460] [info] pf_tx_r 	 0.0530608 	
[2026-01-21 12:38:44.460] [info] pf_ty_r 	 0.00728321 	
[2026-01-21 12:38:44.460] [info] pf_tz_r 	 0.00519631 	
[2026-01-21 12:38:44.654] [info] Time: 0.3
[2026-01-21 12:38:44.655] [info] 		 VALUE 		DELTA
[2026-01-21 12:38:44.655] [info] knee_add_r 	 -0.00426543 	
[2026-01-21 12:38:44.655] [info] knee_rot_r 	 0.00626308 	
[2026-01-21 12:38:44.655] [info] knee_tx_r 	 0.00182721 	
[2026-01-21 12:38:44.655] [info] knee_ty_r 	 0.000340023 	
[2026-01-21 12:38:44.655] [info] knee_tz_r 	 -0.000358823 	
[2026-01-21 12:38:44.655] [info] pf_flex_r 	 0.0451909 	
[2026-01-21 12:38:44.655] [info] pf_rot_r 	 0.00258542 	
[2026-01-21 12:38:44.655] [info] pf_tilt_r 	 -0.0233271 	
[2026-01-21 12:38:44.655] [info] pf_tx_r 	 0.0532219 	
[2026-01-21 12:38:44.655] [info] pf_ty_r 	 0.00724770 	
[2026-01-21 12:38:44.655] [info] pf_tz_r 	 0.00514762 	
[2026-01-21 12:38:44.857] [info] Time: 0.31
[2026-01-21 12:38:44.858] [info] 		 VALUE 		DELTA
[2026-01-21 12:38:44.858] [info] knee_add_r 	 -0.00431178 	
[2026-01-21 12:38:44.858] [info] knee_rot_r 	 0.00646113 	
[2026-01-21 12:38:44.858] [info] knee_tx_r 	 0.00182931 	
[2026-01-21 12:38:44.858] [info] knee_ty_r 	 0.000378833 	
[2026-01-21 12:38:44.858] [info] knee_tz_r 	 -0.000369376 	
[2026-01-21 12:38:44.858] [info] pf_flex_r 	 0.0465402 	
[2026-01-21 12:38:44.858] [info] pf_rot_r 	 0.00260440 	
[2026-01-21 12:38:44.858] [info] pf_tilt_r 	 -0.0240442 	
[2026-01-21 12:38:44.858] [info] pf_tx_r 	 0.053277 	
[2026-01-21 12:38:44.858] [info] pf_ty_r 	 0.00725042 	
[2026-01-21 12:38:44.858] [info] pf_tz_r 	 0.00511484 	
[2026-01-21 12:38:46.361] [info] Time: 0.32
[2026-01-21 12:38:46.361] [info] 		 VALUE 		DELTA
[2026-01-21 12:38:46.361] [info] knee_add_r 	 -0.00428589 	
[2026-01-21 12:38:46.361] [info] knee_rot_r 	 0.00658499 	
[2026-01-21 12:38:46.361] [info] knee_tx_r 	 0.00183957 	
[2026-01-21 12:38:46.361] [info] knee_ty_r 	 0.000291574 	
[2026-01-21 12:38:46.361] [info] knee_tz_r 	 -0.000360182 	
[2026-01-21 12:38:46.362] [info] pf_flex_r 	 0.0478285 	
[2026-01-21 12:38:46.362] [info] pf_rot_r 	 0.00259594 	
[2026-01-21 12:38:46.362] [info] pf_tilt_r 	 -0.0247227 	
[2026-01-21 12:38:46.362] [info] pf_tx_r 	 0.0531613 	
[2026-01-21 12:38:46.362] [info] pf_ty_r 	 0.00728829 	
[2026-01-21 12:38:46.362] [info] pf_tz_r 	 0.00513286 	
[2026-01-21 12:38:46.535] [info] Time: 0.33
[2026-01-21 12:38:46.535] [info] 		 VALUE 		DELTA
[2026-01-21 12:38:46.535] [info] knee_add_r 	 -0.00422760 	
[2026-01-21 12:38:46.535] [info] knee_rot_r 	 0.00666420 	
[2026-01-21 12:38:46.535] [info] knee_tx_r 	 0.00184911 	
[2026-01-21 12:38:46.535] [info] knee_ty_r 	 0.000195457 	
[2026-01-21 12:38:46.535] [info] knee_tz_r 	 -0.000345475 	
[2026-01-21 12:38:46.535] [info] pf_flex_r 	 0.0490945 	
[2026-01-21 12:38:46.535] [info] pf_rot_r 	 0.00256103 	
[2026-01-21 12:38:46.535] [info] pf_tilt_r 	 -0.0253652 	
[2026-01-21 12:38:46.535] [info] pf_tx_r 	 0.0529995 	
[2026-01-21 12:38:46.535] [info] pf_ty_r 	 0.00730860 	
[2026-01-21 12:38:46.535] [info] pf_tz_r 	 0.00517989 	
[2026-01-21 12:38:46.748] [info] Time: 0.34
[2026-01-21 12:38:46.748] [info] 		 VALUE 		DELTA
[2026-01-21 12:38:46.748] [info] knee_add_r 	 -0.00419435 	
[2026-01-21 12:38:46.748] [info] knee_rot_r 	 0.00677040 	
[2026-01-21 12:38:46.748] [info] knee_tx_r 	 0.00184523 	
[2026-01-21 12:38:46.749] [info] knee_ty_r 	 0.000244815 	
[2026-01-21 12:38:46.749] [info] knee_tz_r 	 -0.000343381 	
[2026-01-21 12:38:46.749] [info] pf_flex_r 	 0.0503328 	
[2026-01-21 12:38:46.749] [info] pf_rot_r 	 0.00251407 	
[2026-01-21 12:38:46.749] [info] pf_tilt_r 	 -0.0259837 	
[2026-01-21 12:38:46.749] [info] pf_tx_r 	 0.0529818 	
[2026-01-21 12:38:46.749] [info] pf_ty_r 	 0.00729431 	
[2026-01-21 12:38:46.749] [info] pf_tz_r 	 0.00519225 	
[2026-01-21 12:38:46.881] [info] Time: 0.35
[2026-01-21 12:38:46.882] [info] 		 VALUE 		DELTA
[2026-01-21 12:38:46.882] [info] knee_add_r 	 -0.00423186 	
[2026-01-21 12:38:46.882] [info] knee_rot_r 	 0.00697194 	
[2026-01-21 12:38:46.882] [info] knee_tx_r 	 0.00183471 	
[2026-01-21 12:38:46.882] [info] knee_ty_r 	 0.000378107 	
[2026-01-21 12:38:46.882] [info] knee_tz_r 	 -0.000363589 	
[2026-01-21 12:38:46.882] [info] pf_flex_r 	 0.0516376 	
[2026-01-21 12:38:46.882] [info] pf_rot_r 	 0.00251264 	
[2026-01-21 12:38:46.882] [info] pf_tilt_r 	 -0.0266733 	
[2026-01-21 12:38:46.882] [info] pf_tx_r 	 0.0530890 	
[2026-01-21 12:38:46.882] [info] pf_ty_r 	 0.00722012 	
[2026-01-21 12:38:46.882] [info] pf_tz_r 	 0.00516305 	
[2026-01-21 12:38:47.055] [info] Time: 0.36
[2026-01-21 12:38:47.055] [info] 		 VALUE 		DELTA
[2026-01-21 12:38:47.055] [info] knee_add_r 	 -0.00423620 	
[2026-01-21 12:38:47.055] [info] knee_rot_r 	 0.00714733 	
[2026-01-21 12:38:47.055] [info] knee_tx_r 	 0.00183002 	
[2026-01-21 12:38:47.055] [info] knee_ty_r 	 0.000363869 	
[2026-01-21 12:38:47.055] [info] knee_tz_r 	 -0.000369538 	
[2026-01-21 12:38:47.056] [info] pf_flex_r 	 0.0529676 	
[2026-01-21 12:38:47.056] [info] pf_rot_r 	 0.00252899 	
[2026-01-21 12:38:47.056] [info] pf_tilt_r 	 -0.0273845 	
[2026-01-21 12:38:47.056] [info] pf_tx_r 	 0.0530564 	
[2026-01-21 12:38:47.056] [info] pf_ty_r 	 0.00722980 	
[2026-01-21 12:38:47.056] [info] pf_tz_r 	 0.00518024 	
[2026-01-21 12:38:47.294] [info] Time: 0.37
[2026-01-21 12:38:47.294] [info] 		 VALUE 		DELTA
[2026-01-21 12:38:47.294] [info] knee_add_r 	 -0.00416687 	
[2026-01-21 12:38:47.294] [info] knee_rot_r 	 0.00720921 	
[2026-01-21 12:38:47.294] [info] knee_tx_r 	 0.00183710 	
[2026-01-21 12:38:47.294] [info] knee_ty_r 	 0.000212931 	
[2026-01-21 12:38:47.294] [info] knee_tz_r 	 -0.000350233 	
[2026-01-21 12:38:47.294] [info] pf_flex_r 	 0.0542613 	
[2026-01-21 12:38:47.294] [info] pf_rot_r 	 0.00251612 	
[2026-01-21 12:38:47.294] [info] pf_tilt_r 	 -0.0280282 	
[2026-01-21 12:38:47.294] [info] pf_tx_r 	 0.0529208 	
[2026-01-21 12:38:47.294] [info] pf_ty_r 	 0.00728290 	
[2026-01-21 12:38:47.294] [info] pf_tz_r 	 0.00521950 	
[2026-01-21 12:38:47.611] [info] Time: 0.38
[2026-01-21 12:38:47.612] [info] 		 VALUE 		DELTA
[2026-01-21 12:38:47.612] [info] knee_add_r 	 -0.00411206 	
[2026-01-21 12:38:47.612] [info] knee_rot_r 	 0.00725241 	
[2026-01-21 12:38:47.612] [info] knee_tx_r 	 0.00183964 	
[2026-01-21 12:38:47.612] [info] knee_ty_r 	 0.000189004 	
[2026-01-21 12:38:47.612] [info] knee_tz_r 	 -0.000336438 	
[2026-01-21 12:38:47.612] [info] pf_flex_r 	 0.0554844 	
[2026-01-21 12:38:47.612] [info] pf_rot_r 	 0.00245722 	
[2026-01-21 12:38:47.612] [info] pf_tilt_r 	 -0.0285929 	
[2026-01-21 12:38:47.612] [info] pf_tx_r 	 0.0530140 	
[2026-01-21 12:38:47.612] [info] pf_ty_r 	 0.00733243 	
[2026-01-21 12:38:47.612] [info] pf_tz_r 	 0.00515697 	
[2026-01-21 12:38:49.210] [info] Time: 0.39
[2026-01-21 12:38:49.210] [info] 		 VALUE 		DELTA
[2026-01-21 12:38:49.210] [info] knee_add_r 	 -0.00414261 	
[2026-01-21 12:38:49.210] [info] knee_rot_r 	 0.00739304 	
[2026-01-21 12:38:49.210] [info] knee_tx_r 	 0.00183130 	
[2026-01-21 12:38:49.210] [info] knee_ty_r 	 0.000335352 	
[2026-01-21 12:38:49.210] [info] knee_tz_r 	 -0.000348472 	
[2026-01-21 12:38:49.210] [info] pf_flex_r 	 0.05663 	
[2026-01-21 12:38:49.210] [info] pf_rot_r 	 0.00241563 	
[2026-01-21 12:38:49.210] [info] pf_tilt_r 	 -0.0292011 	
[2026-01-21 12:38:49.210] [info] pf_tx_r 	 0.0533693 	
[2026-01-21 12:38:49.210] [info] pf_ty_r 	 0.00738546 	
[2026-01-21 12:38:49.210] [info] pf_tz_r 	 0.00500238 	
[2026-01-21 12:38:49.456] [info] Time: 0.4
[2026-01-21 12:38:49.457] [info] 		 VALUE 		DELTA
[2026-01-21 12:38:49.457] [info] knee_add_r 	 -0.00416535 	
[2026-01-21 12:38:49.457] [info] knee_rot_r 	 0.00753785 	
[2026-01-21 12:38:49.457] [info] knee_tx_r 	 0.00182926 	
[2026-01-21 12:38:49.457] [info] knee_ty_r 	 0.000361891 	
[2026-01-21 12:38:49.457] [info] knee_tz_r 	 -0.000353635 	
[2026-01-21 12:38:49.457] [info] pf_flex_r 	 0.057655 	
[2026-01-21 12:38:49.457] [info] pf_rot_r 	 0.00237805 	
[2026-01-21 12:38:49.457] [info] pf_tilt_r 	 -0.0298387 	
[2026-01-21 12:38:49.457] [info] pf_tx_r 	 0.0534023 	
[2026-01-21 12:38:49.457] [info] pf_ty_r 	 0.00742861 	
[2026-01-21 12:38:49.457] [info] pf_tz_r 	 0.00497763 	
[2026-01-21 12:38:49.583] [info] Time: 0.41
[2026-01-21 12:38:49.583] [info] 		 VALUE 		DELTA
[2026-01-21 12:38:49.583] [info] knee_add_r 	 -0.00414776 	
[2026-01-21 12:38:49.583] [info] knee_rot_r 	 0.00760645 	
[2026-01-21 12:38:49.583] [info] knee_tx_r 	 0.00184090 	
[2026-01-21 12:38:49.583] [info] knee_ty_r 	 0.000193249 	
[2026-01-21 12:38:49.583] [info] knee_tz_r 	 -0.000343534 	
[2026-01-21 12:38:49.583] [info] pf_flex_r 	 0.058831 	
[2026-01-21 12:38:49.583] [info] pf_rot_r 	 0.00234399 	
[2026-01-21 12:38:49.583] [info] pf_tilt_r 	 -0.0304847 	
[2026-01-21 12:38:49.583] [info] pf_tx_r 	 0.053115 	
[2026-01-21 12:38:49.583] [info] pf_ty_r 	 0.00740748 	
[2026-01-21 12:38:49.583] [info] pf_tz_r 	 0.00509443 	
[2026-01-21 12:38:49.766] [info] Time: 0.42
[2026-01-21 12:38:49.766] [info] 		 VALUE 		DELTA
[2026-01-21 12:38:49.766] [info] knee_add_r 	 -0.00409756 	
[2026-01-21 12:38:49.766] [info] knee_rot_r 	 0.00761761 	
[2026-01-21 12:38:49.766] [info] knee_tx_r 	 0.00183344 	
[2026-01-21 12:38:49.766] [info] knee_ty_r 	 0.000159130 	
[2026-01-21 12:38:49.766] [info] knee_tz_r 	 -0.000325325 	
[2026-01-21 12:38:49.766] [info] pf_flex_r 	 0.0599593 	
[2026-01-21 12:38:49.766] [info] pf_rot_r 	 0.00230943 	
[2026-01-21 12:38:49.766] [info] pf_tilt_r 	 -0.0311013 	
[2026-01-21 12:38:49.766] [info] pf_tx_r 	 0.0530479 	
[2026-01-21 12:38:49.766] [info] pf_ty_r 	 0.00749698 	
[2026-01-21 12:38:49.766] [info] pf_tz_r 	 0.00516446 	
[2026-01-21 12:38:50.132] [info] Time: 0.43
[2026-01-21 12:38:50.132] [info] 		 VALUE 		DELTA
[2026-01-21 12:38:50.132] [info] knee_add_r 	 -0.00416222 	
[2026-01-21 12:38:50.132] [info] knee_rot_r 	 0.00773642 	
[2026-01-21 12:38:50.132] [info] knee_tx_r 	 0.00182260 	
[2026-01-21 12:38:50.132] [info] knee_ty_r 	 0.000323920 	
[2026-01-21 12:38:50.132] [info] knee_tz_r 	 -0.000343122 	
[2026-01-21 12:38:50.132] [info] pf_flex_r 	 0.0609940 	
[2026-01-21 12:38:50.132] [info] pf_rot_r 	 0.00229717 	
[2026-01-21 12:38:50.132] [info] pf_tilt_r 	 -0.0317102 	
[2026-01-21 12:38:50.132] [info] pf_tx_r 	 0.0532159 	
[2026-01-21 12:38:50.132] [info] pf_ty_r 	 0.00740071 	
[2026-01-21 12:38:50.132] [info] pf_tz_r 	 0.00511185 	
[2026-01-21 12:38:50.406] [info] Time: 0.44
[2026-01-21 12:38:50.406] [info] 		 VALUE 		DELTA
[2026-01-21 12:38:50.406] [info] knee_add_r 	 -0.00427390 	
[2026-01-21 12:38:50.406] [info] knee_rot_r 	 0.00793530 	
[2026-01-21 12:38:50.406] [info] knee_tx_r 	 0.00181681 	
[2026-01-21 12:38:50.406] [info] knee_ty_r 	 0.000412334 	
[2026-01-21 12:38:50.406] [info] knee_tz_r 	 -0.000370097 	
[2026-01-21 12:38:50.406] [info] pf_flex_r 	 0.0622064 	
[2026-01-21 12:38:50.406] [info] pf_rot_r 	 0.00232740 	
[2026-01-21 12:38:50.406] [info] pf_tilt_r 	 -0.0323915 	
[2026-01-21 12:38:50.406] [info] pf_tx_r 	 0.0532726 	
[2026-01-21 12:38:50.406] [info] pf_ty_r 	 0.00734474 	
[2026-01-21 12:38:50.406] [info] pf_tz_r 	 0.00506463 	
[2026-01-21 12:38:52.157] [info] Time: 0.45
[2026-01-21 12:38:52.157] [info] 		 VALUE 		DELTA
[2026-01-21 12:38:52.157] [info] knee_add_r 	 -0.00426537 	
[2026-01-21 12:38:52.157] [info] knee_rot_r 	 0.00799388 	
[2026-01-21 12:38:52.157] [info] knee_tx_r 	 0.00182791 	
[2026-01-21 12:38:52.157] [info] knee_ty_r 	 0.000256186 	
[2026-01-21 12:38:52.157] [info] knee_tz_r 	 -0.000356519 	
[2026-01-21 12:38:52.157] [info] pf_flex_r 	 0.0633097 	
[2026-01-21 12:38:52.157] [info] pf_rot_r 	 0.00229611 	
[2026-01-21 12:38:52.157] [info] pf_tilt_r 	 -0.0329857 	
[2026-01-21 12:38:52.157] [info] pf_tx_r 	 0.0529988 	
[2026-01-21 12:38:52.157] [info] pf_ty_r 	 0.00736293 	
[2026-01-21 12:38:52.157] [info] pf_tz_r 	 0.00512373 	
[2026-01-21 12:38:52.494] [info] Time: 0.46
[2026-01-21 12:38:52.494] [info] 		 VALUE 		DELTA
[2026-01-21 12:38:52.494] [info] knee_add_r 	 -0.00423810 	
[2026-01-21 12:38:52.494] [info] knee_rot_r 	 0.00799636 	
[2026-01-21 12:38:52.494] [info] knee_tx_r 	 0.00183988 	
[2026-01-21 12:38:52.494] [info] knee_ty_r 	 0.000141503 	
[2026-01-21 12:38:52.494] [info] knee_tz_r 	 -0.000340408 	
[2026-01-21 12:38:52.494] [info] pf_flex_r 	 0.0644887 	
[2026-01-21 12:38:52.494] [info] pf_rot_r 	 0.00220334 	
[2026-01-21 12:38:52.494] [info] pf_tilt_r 	 -0.0335075 	
[2026-01-21 12:38:52.494] [info] pf_tx_r 	 0.0528171 	
[2026-01-21 12:38:52.494] [info] pf_ty_r 	 0.00733373 	
[2026-01-21 12:38:52.494] [info] pf_tz_r 	 0.00516232 	
[2026-01-21 12:38:52.723] [info] Time: 0.47
[2026-01-21 12:38:52.723] [info] 		 VALUE 		DELTA
[2026-01-21 12:38:52.723] [info] knee_add_r 	 -0.00426021 	
[2026-01-21 12:38:52.723] [info] knee_rot_r 	 0.00805617 	
[2026-01-21 12:38:52.723] [info] knee_tx_r 	 0.00182506 	
[2026-01-21 12:38:52.723] [info] knee_ty_r 	 0.000265101 	
[2026-01-21 12:38:52.724] [info] knee_tz_r 	 -0.000344411 	
[2026-01-21 12:38:52.724] [info] pf_flex_r 	 0.0655165 	
[2026-01-21 12:38:52.724] [info] pf_rot_r 	 0.00211638 	
[2026-01-21 12:38:52.724] [info] pf_tilt_r 	 -0.0340461 	
[2026-01-21 12:38:52.724] [info] pf_tx_r 	 0.052916 	
[2026-01-21 12:38:52.724] [info] pf_ty_r 	 0.00741845 	
[2026-01-21 12:38:52.724] [info] pf_tz_r 	 0.00513528 	
[2026-01-21 12:38:52.915] [info] Time: 0.48
[2026-01-21 12:38:52.915] [info] 		 VALUE 		DELTA
[2026-01-21 12:38:52.915] [info] knee_add_r 	 -0.00435419 	
[2026-01-21 12:38:52.915] [info] knee_rot_r 	 0.00822093 	
[2026-01-21 12:38:52.915] [info] knee_tx_r 	 0.00182353 	
[2026-01-21 12:38:52.915] [info] knee_ty_r 	 0.000390540 	
[2026-01-21 12:38:52.915] [info] knee_tz_r 	 -0.000368871 	
[2026-01-21 12:38:52.915] [info] pf_flex_r 	 0.0666176 	
[2026-01-21 12:38:52.915] [info] pf_rot_r 	 0.00209753 	
[2026-01-21 12:38:52.915] [info] pf_tilt_r 	 -0.0346669 	
[2026-01-21 12:38:52.915] [info] pf_tx_r 	 0.0530452 	
[2026-01-21 12:38:52.915] [info] pf_ty_r 	 0.00728315 	
[2026-01-21 12:38:52.915] [info] pf_tz_r 	 0.00510725 	
[2026-01-21 12:38:53.173] [info] Time: 0.49
[2026-01-21 12:38:53.173] [info] 		 VALUE 		DELTA
[2026-01-21 12:38:53.173] [info] knee_add_r 	 -0.00439123 	
[2026-01-21 12:38:53.173] [info] knee_rot_r 	 0.00833576 	
[2026-01-21 12:38:53.173] [info] knee_tx_r 	 0.00181565 	
[2026-01-21 12:38:53.173] [info] knee_ty_r 	 0.000392724 	
[2026-01-21 12:38:53.173] [info] knee_tz_r 	 -0.000374348 	
[2026-01-21 12:38:53.174] [info] pf_flex_r 	 0.0677217 	
[2026-01-21 12:38:53.174] [info] pf_rot_r 	 0.00211197 	
[2026-01-21 12:38:53.174] [info] pf_tilt_r 	 -0.0353365 	
[2026-01-21 12:38:53.174] [info] pf_tx_r 	 0.0530076 	
[2026-01-21 12:38:53.174] [info] pf_ty_r 	 0.00736444 	
[2026-01-21 12:38:53.174] [info] pf_tz_r 	 0.00514808 	
[2026-01-21 12:38:53.382] [info] Time: 0.5
[2026-01-21 12:38:53.382] [info] 		 VALUE 		DELTA
[2026-01-21 12:38:53.382] [info] knee_add_r 	 -0.00437277 	
[2026-01-21 12:38:53.382] [info] knee_rot_r 	 0.00837490 	
[2026-01-21 12:38:53.382] [info] knee_tx_r 	 0.00182570 	
[2026-01-21 12:38:53.382] [info] knee_ty_r 	 0.000275526 	
[2026-01-21 12:38:53.382] [info] knee_tz_r 	 -0.000362734 	
[2026-01-21 12:38:53.382] [info] pf_flex_r 	 0.068771 	
[2026-01-21 12:38:53.382] [info] pf_rot_r 	 0.00210375 	
[2026-01-21 12:38:53.382] [info] pf_tilt_r 	 -0.0359345 	
[2026-01-21 12:38:53.382] [info] pf_tx_r 	 0.0529108 	
[2026-01-21 12:38:53.382] [info] pf_ty_r 	 0.00734331 	
[2026-01-21 12:38:53.382] [info] pf_tz_r 	 0.00517952 	
[2026-01-21 12:38:53.585] [info] Time: 0.51
[2026-01-21 12:38:53.585] [info] 		 VALUE 		DELTA
[2026-01-21 12:38:53.585] [info] knee_add_r 	 -0.00433696 	
[2026-01-21 12:38:53.585] [info] knee_rot_r 	 0.00838714 	
[2026-01-21 12:38:53.585] [info] knee_tx_r 	 0.00183054 	
[2026-01-21 12:38:53.585] [info] knee_ty_r 	 0.000211848 	
[2026-01-21 12:38:53.585] [info] knee_tz_r 	 -0.000348593 	
[2026-01-21 12:38:53.585] [info] pf_flex_r 	 0.0698050 	
[2026-01-21 12:38:53.585] [info] pf_rot_r 	 0.00205313 	
[2026-01-21 12:38:53.585] [info] pf_tilt_r 	 -0.036474 	
[2026-01-21 12:38:53.585] [info] pf_tx_r 	 0.0528148 	
[2026-01-21 12:38:53.585] [info] pf_ty_r 	 0.00740724 	
[2026-01-21 12:38:53.585] [info] pf_tz_r 	 0.00518141 	
[2026-01-21 12:38:55.155] [info] Time: 0.52
[2026-01-21 12:38:55.155] [info] 		 VALUE 		DELTA
[2026-01-21 12:38:55.155] [info] knee_add_r 	 -0.00434364 	
[2026-01-21 12:38:55.155] [info] knee_rot_r 	 0.00845008 	
[2026-01-21 12:38:55.155] [info] knee_tx_r 	 0.00183800 	
[2026-01-21 12:38:55.155] [info] knee_ty_r 	 0.000256669 	
[2026-01-21 12:38:55.155] [info] knee_tz_r 	 -0.000350883 	
[2026-01-21 12:38:55.155] [info] pf_flex_r 	 0.0708252 	
[2026-01-21 12:38:55.155] [info] pf_rot_r 	 0.00196925 	
[2026-01-21 12:38:55.155] [info] pf_tilt_r 	 -0.0369741 	
[2026-01-21 12:38:55.156] [info] pf_tx_r 	 0.0528862 	
[2026-01-21 12:38:55.156] [info] pf_ty_r 	 0.00734037 	
[2026-01-21 12:38:55.156] [info] pf_tz_r 	 0.00511482 	
[2026-01-21 12:38:55.409] [info] Time: 0.53
[2026-01-21 12:38:55.409] [info] 		 VALUE 		DELTA
[2026-01-21 12:38:55.410] [info] knee_add_r 	 -0.00437261 	
[2026-01-21 12:38:55.410] [info] knee_rot_r 	 0.00856127 	
[2026-01-21 12:38:55.410] [info] knee_tx_r 	 0.00182779 	
[2026-01-21 12:38:55.410] [info] knee_ty_r 	 0.000358180 	
[2026-01-21 12:38:55.410] [info] knee_tz_r 	 -0.000361896 	
[2026-01-21 12:38:55.410] [info] pf_flex_r 	 0.0718494 	
[2026-01-21 12:38:55.410] [info] pf_rot_r 	 0.00191802 	
[2026-01-21 12:38:55.410] [info] pf_tilt_r 	 -0.0375478 	
[2026-01-21 12:38:55.410] [info] pf_tx_r 	 0.0529583 	
[2026-01-21 12:38:55.410] [info] pf_ty_r 	 0.00741862 	
[2026-01-21 12:38:55.410] [info] pf_tz_r 	 0.00509202 	
[2026-01-21 12:38:55.653] [info] Time: 0.54
[2026-01-21 12:38:55.653] [info] 		 VALUE 		DELTA
[2026-01-21 12:38:55.653] [info] knee_add_r 	 -0.00438768 	
[2026-01-21 12:38:55.653] [info] knee_rot_r 	 0.00866236 	
[2026-01-21 12:38:55.653] [info] knee_tx_r 	 0.00182580 	
[2026-01-21 12:38:55.653] [info] knee_ty_r 	 0.000371814 	
[2026-01-21 12:38:55.653] [info] knee_tz_r 	 -0.000368363 	
[2026-01-21 12:38:55.654] [info] pf_flex_r 	 0.0728427 	
[2026-01-21 12:38:55.654] [info] pf_rot_r 	 0.00190110 	
[2026-01-21 12:38:55.654] [info] pf_tilt_r 	 -0.0381667 	
[2026-01-21 12:38:55.654] [info] pf_tx_r 	 0.0529923 	
[2026-01-21 12:38:55.654] [info] pf_ty_r 	 0.00738682 	
[2026-01-21 12:38:55.654] [info] pf_tz_r 	 0.00511344 	
[2026-01-21 12:38:55.812] [info] Time: 0.55
[2026-01-21 12:38:55.812] [info] 		 VALUE 		DELTA
[2026-01-21 12:38:55.812] [info] knee_add_r 	 -0.00436174 	
[2026-01-21 12:38:55.812] [info] knee_rot_r 	 0.00871630 	
[2026-01-21 12:38:55.812] [info] knee_tx_r 	 0.00182340 	
[2026-01-21 12:38:55.812] [info] knee_ty_r 	 0.000301497 	
[2026-01-21 12:38:55.812] [info] knee_tz_r 	 -0.000361043 	
[2026-01-21 12:38:55.812] [info] pf_flex_r 	 0.073864 	
[2026-01-21 12:38:55.812] [info] pf_rot_r 	 0.00190607 	
[2026-01-21 12:38:55.812] [info] pf_tilt_r 	 -0.0387759 	
[2026-01-21 12:38:55.812] [info] pf_tx_r 	 0.052949 	
[2026-01-21 12:38:55.812] [info] pf_ty_r 	 0.00743464 	
[2026-01-21 12:38:55.812] [info] pf_tz_r 	 0.00515726 	
[2026-01-21 12:38:56.055] [info] Time: 0.56
[2026-01-21 12:38:56.055] [info] 		 VALUE 		DELTA
[2026-01-21 12:38:56.055] [info] knee_add_r 	 -0.00431540 	
[2026-01-21 12:38:56.055] [info] knee_rot_r 	 0.00872532 	
[2026-01-21 12:38:56.055] [info] knee_tx_r 	 0.00182557 	
[2026-01-21 12:38:56.055] [info] knee_ty_r 	 0.000234199 	
[2026-01-21 12:38:56.055] [info] knee_tz_r 	 -0.000348258 	
[2026-01-21 12:38:56.055] [info] pf_flex_r 	 0.0748118 	
[2026-01-21 12:38:56.055] [info] pf_rot_r 	 0.00187630 	
[2026-01-21 12:38:56.055] [info] pf_tilt_r 	 -0.0393148 	
[2026-01-21 12:38:56.055] [info] pf_tx_r 	 0.0528899 	
[2026-01-21 12:38:56.055] [info] pf_ty_r 	 0.00747789 	
[2026-01-21 12:38:56.055] [info] pf_tz_r 	 0.00516399 	
[2026-01-21 12:38:56.253] [info] Time: 0.57
[2026-01-21 12:38:56.253] [info] 		 VALUE 		DELTA
[2026-01-21 12:38:56.253] [info] knee_add_r 	 -0.00430111 	
[2026-01-21 12:38:56.253] [info] knee_rot_r 	 0.00876323 	
[2026-01-21 12:38:56.253] [info] knee_tx_r 	 0.00182890 	
[2026-01-21 12:38:56.253] [info] knee_ty_r 	 0.000242534 	
[2026-01-21 12:38:56.253] [info] knee_tz_r 	 -0.000345999 	
[2026-01-21 12:38:56.253] [info] pf_flex_r 	 0.0757667 	
[2026-01-21 12:38:56.253] [info] pf_rot_r 	 0.00182652 	
[2026-01-21 12:38:56.253] [info] pf_tilt_r 	 -0.0398415 	
[2026-01-21 12:38:56.253] [info] pf_tx_r 	 0.0529045 	
[2026-01-21 12:38:56.253] [info] pf_ty_r 	 0.00748261 	
[2026-01-21 12:38:56.253] [info] pf_tz_r 	 0.00512075 	
[2026-01-21 12:38:57.806] [info] Time: 0.58
[2026-01-21 12:38:57.806] [info] 		 VALUE 		DELTA
[2026-01-21 12:38:57.806] [info] knee_add_r 	 -0.00430825 	
[2026-01-21 12:38:57.806] [info] knee_rot_r 	 0.00883442 	
[2026-01-21 12:38:57.806] [info] knee_tx_r 	 0.00182674 	
[2026-01-21 12:38:57.806] [info] knee_ty_r 	 0.000309137 	
[2026-01-21 12:38:57.806] [info] knee_tz_r 	 -0.000350117 	
[2026-01-21 12:38:57.806] [info] pf_flex_r 	 0.0766942 	
[2026-01-21 12:38:57.806] [info] pf_rot_r 	 0.00178034 	
[2026-01-21 12:38:57.806] [info] pf_tilt_r 	 -0.0404031 	
[2026-01-21 12:38:57.806] [info] pf_tx_r 	 0.0529657 	
[2026-01-21 12:38:57.806] [info] pf_ty_r 	 0.00751461 	
[2026-01-21 12:38:57.806] [info] pf_tz_r 	 0.00508728 	
[2026-01-21 12:38:58.027] [info] Time: 0.59
[2026-01-21 12:38:58.027] [info] 		 VALUE 		DELTA
[2026-01-21 12:38:58.027] [info] knee_add_r 	 -0.00432985 	
[2026-01-21 12:38:58.027] [info] knee_rot_r 	 0.00892541 	
[2026-01-21 12:38:58.027] [info] knee_tx_r 	 0.00182822 	
[2026-01-21 12:38:58.027] [info] knee_ty_r 	 0.000343563 	
[2026-01-21 12:38:58.027] [info] knee_tz_r 	 -0.000357089 	
[2026-01-21 12:38:58.027] [info] pf_flex_r 	 0.0776367 	
[2026-01-21 12:38:58.027] [info] pf_rot_r 	 0.00175886 	
[2026-01-21 12:38:58.027] [info] pf_tilt_r 	 -0.0409958 	
[2026-01-21 12:38:58.027] [info] pf_tx_r 	 0.0530093 	
[2026-01-21 12:38:58.027] [info] pf_ty_r 	 0.00747933 	
[2026-01-21 12:38:58.027] [info] pf_tz_r 	 0.00508765 	
[2026-01-21 12:38:58.226] [info] Time: 0.6
[2026-01-21 12:38:58.226] [info] 		 VALUE 		DELTA
[2026-01-21 12:38:58.226] [info] knee_add_r 	 -0.00432732 	
[2026-01-21 12:38:58.226] [info] knee_rot_r 	 0.00898540 	
[2026-01-21 12:38:58.226] [info] knee_tx_r 	 0.00182604 	
[2026-01-21 12:38:58.226] [info] knee_ty_r 	 0.000319307 	
[2026-01-21 12:38:58.226] [info] knee_tz_r 	 -0.000355370 	
[2026-01-21 12:38:58.226] [info] pf_flex_r 	 0.0785836 	
[2026-01-21 12:38:58.226] [info] pf_rot_r 	 0.00175428 	
[2026-01-21 12:38:58.226] [info] pf_tilt_r 	 -0.0415896 	
[2026-01-21 12:38:58.226] [info] pf_tx_r 	 0.0529972 	
[2026-01-21 12:38:58.226] [info] pf_ty_r 	 0.00752126 	
[2026-01-21 12:38:58.226] [info] pf_tz_r 	 0.00511298 	
[2026-01-21 12:38:58.391] [info] Time: 0.61
[2026-01-21 12:38:58.391] [info] 		 VALUE 		DELTA
[2026-01-21 12:38:58.391] [info] knee_add_r 	 -0.00430765 	
[2026-01-21 12:38:58.391] [info] knee_rot_r 	 0.00900892 	
[2026-01-21 12:38:58.391] [info] knee_tx_r 	 0.00182699 	
[2026-01-21 12:38:58.391] [info] knee_ty_r 	 0.000266216 	
[2026-01-21 12:38:58.391] [info] knee_tz_r 	 -0.000348241 	
[2026-01-21 12:38:58.391] [info] pf_flex_r 	 0.0794878 	
[2026-01-21 12:38:58.391] [info] pf_rot_r 	 0.00173507 	
[2026-01-21 12:38:58.391] [info] pf_tilt_r 	 -0.042144 	
[2026-01-21 12:38:58.391] [info] pf_tx_r 	 0.0529627 	
[2026-01-21 12:38:58.391] [info] pf_ty_r 	 0.00754480 	
[2026-01-21 12:38:58.391] [info] pf_tz_r 	 0.00512068 	
[2026-01-21 12:38:58.620] [info] Time: 0.62
[2026-01-21 12:38:58.620] [info] 		 VALUE 		DELTA
[2026-01-21 12:38:58.620] [info] knee_add_r 	 -0.00429467 	
[2026-01-21 12:38:58.620] [info] knee_rot_r 	 0.00903141 	
[2026-01-21 12:38:58.620] [info] knee_tx_r 	 0.00182643 	
[2026-01-21 12:38:58.620] [info] knee_ty_r 	 0.000245319 	
[2026-01-21 12:38:58.620] [info] knee_tz_r 	 -0.000343413 	
[2026-01-21 12:38:58.620] [info] pf_flex_r 	 0.0803990 	
[2026-01-21 12:38:58.620] [info] pf_rot_r 	 0.00169945 	
[2026-01-21 12:38:58.620] [info] pf_tilt_r 	 -0.0426847 	
[2026-01-21 12:38:58.620] [info] pf_tx_r 	 0.0529346 	
[2026-01-21 12:38:58.620] [info] pf_ty_r 	 0.00757500 	
[2026-01-21 12:38:58.620] [info] pf_tz_r 	 0.00511040 	
[2026-01-21 12:38:58.772] [info] Time: 0.63
[2026-01-21 12:38:58.773] [info] 		 VALUE 		DELTA
[2026-01-21 12:38:58.773] [info] knee_add_r 	 -0.00430826 	
[2026-01-21 12:38:58.773] [info] knee_rot_r 	 0.00908463 	
[2026-01-21 12:38:58.773] [info] knee_tx_r 	 0.00182523 	
[2026-01-21 12:38:58.773] [info] knee_ty_r 	 0.000291000 	
[2026-01-21 12:38:58.773] [info] knee_tz_r 	 -0.000347007 	
[2026-01-21 12:38:58.773] [info] pf_flex_r 	 0.0813117 	
[2026-01-21 12:38:58.773] [info] pf_rot_r 	 0.00165118 	
[2026-01-21 12:38:58.773] [info] pf_tilt_r 	 -0.0432104 	
[2026-01-21 12:38:58.773] [info] pf_tx_r 	 0.0530026 	
[2026-01-21 12:38:58.773] [info] pf_ty_r 	 0.00755592 	
[2026-01-21 12:38:58.773] [info] pf_tz_r 	 0.00506669 	
[2026-01-21 12:38:59.150] [info] Time: 0.64
[2026-01-21 12:38:59.150] [info] 		 VALUE 		DELTA
[2026-01-21 12:38:59.150] [info] knee_add_r 	 -0.00433570 	
[2026-01-21 12:38:59.150] [info] knee_rot_r 	 0.00916055 	
[2026-01-21 12:38:59.150] [info] knee_tx_r 	 0.00181960 	
[2026-01-21 12:38:59.150] [info] knee_ty_r 	 0.000333231 	
[2026-01-21 12:38:59.150] [info] knee_tz_r 	 -0.000353878 	
[2026-01-21 12:38:59.150] [info] pf_flex_r 	 0.0822153 	
[2026-01-21 12:38:59.150] [info] pf_rot_r 	 0.00162504 	
[2026-01-21 12:38:59.150] [info] pf_tilt_r 	 -0.0437855 	
[2026-01-21 12:38:59.150] [info] pf_tx_r 	 0.0530482 	
[2026-01-21 12:38:59.150] [info] pf_ty_r 	 0.00759842 	
[2026-01-21 12:38:59.150] [info] pf_tz_r 	 0.00505245 	
[2026-01-21 12:39:00.665] [info] Time: 0.65
[2026-01-21 12:39:00.665] [info] 		 VALUE 		DELTA
[2026-01-21 12:39:00.665] [info] knee_add_r 	 -0.00433667 	
[2026-01-21 12:39:00.665] [info] knee_rot_r 	 0.00920115 	
[2026-01-21 12:39:00.665] [info] knee_tx_r 	 0.00182307 	
[2026-01-21 12:39:00.665] [info] knee_ty_r 	 0.000277906 	
[2026-01-21 12:39:00.665] [info] knee_tz_r 	 -0.000350967 	
[2026-01-21 12:39:00.665] [info] pf_flex_r 	 0.0831134 	
[2026-01-21 12:39:00.665] [info] pf_rot_r 	 0.00160507 	
[2026-01-21 12:39:00.665] [info] pf_tilt_r 	 -0.044356 	
[2026-01-21 12:39:00.665] [info] pf_tx_r 	 0.0530357 	
[2026-01-21 12:39:00.665] [info] pf_ty_r 	 0.00759552 	
[2026-01-21 12:39:00.665] [info] pf_tz_r 	 0.00507025 	
[2026-01-21 12:39:00.779] [info] Time: 0.66
[2026-01-21 12:39:00.779] [info] 		 VALUE 		DELTA
[2026-01-21 12:39:00.779] [info] knee_add_r 	 -0.00430998 	
[2026-01-21 12:39:00.779] [info] knee_rot_r 	 0.00919716 	
[2026-01-21 12:39:00.779] [info] knee_tx_r 	 0.00182255 	
[2026-01-21 12:39:00.779] [info] knee_ty_r 	 0.000222635 	
[2026-01-21 12:39:00.779] [info] knee_tz_r 	 -0.000340074 	
[2026-01-21 12:39:00.779] [info] pf_flex_r 	 0.0839922 	
[2026-01-21 12:39:00.779] [info] pf_rot_r 	 0.00157527 	
[2026-01-21 12:39:00.780] [info] pf_tilt_r 	 -0.0448908 	
[2026-01-21 12:39:00.780] [info] pf_tx_r 	 0.0530130 	
[2026-01-21 12:39:00.780] [info] pf_ty_r 	 0.00765513 	
[2026-01-21 12:39:00.780] [info] pf_tz_r 	 0.00508271 	
[2026-01-21 12:39:00.913] [info] Time: 0.67
[2026-01-21 12:39:00.913] [info] 		 VALUE 		DELTA
[2026-01-21 12:39:00.913] [info] knee_add_r 	 -0.00431926 	
[2026-01-21 12:39:00.913] [info] knee_rot_r 	 0.00922214 	
[2026-01-21 12:39:00.913] [info] knee_tx_r 	 0.00181945 	
[2026-01-21 12:39:00.913] [info] knee_ty_r 	 0.000265984 	
[2026-01-21 12:39:00.913] [info] knee_tz_r 	 -0.000341996 	
[2026-01-21 12:39:00.913] [info] pf_flex_r 	 0.0848139 	
[2026-01-21 12:39:00.913] [info] pf_rot_r 	 0.00153027 	
[2026-01-21 12:39:00.913] [info] pf_tilt_r 	 -0.0453911 	
[2026-01-21 12:39:00.913] [info] pf_tx_r 	 0.0531203 	
[2026-01-21 12:39:00.913] [info] pf_ty_r 	 0.00765281 	
[2026-01-21 12:39:00.913] [info] pf_tz_r 	 0.00502321 	
[2026-01-21 12:39:01.073] [info] Time: 0.68
[2026-01-21 12:39:01.073] [info] 		 VALUE 		DELTA
[2026-01-21 12:39:01.073] [info] knee_add_r 	 -0.00436288 	
[2026-01-21 12:39:01.073] [info] knee_rot_r 	 0.00930351 	
[2026-01-21 12:39:01.073] [info] knee_tx_r 	 0.00181528 	
[2026-01-21 12:39:01.074] [info] knee_ty_r 	 0.000333694 	
[2026-01-21 12:39:01.074] [info] knee_tz_r 	 -0.000353714 	
[2026-01-21 12:39:01.074] [info] pf_flex_r 	 0.0856575 	
[2026-01-21 12:39:01.074] [info] pf_rot_r 	 0.00150235 	
[2026-01-21 12:39:01.074] [info] pf_tilt_r 	 -0.0459092 	
[2026-01-21 12:39:01.074] [info] pf_tx_r 	 0.053265 	
[2026-01-21 12:39:01.074] [info] pf_ty_r 	 0.00765108 	
[2026-01-21 12:39:01.074] [info] pf_tz_r 	 0.00494651 	
[2026-01-21 12:39:01.291] [info] Time: 0.69
[2026-01-21 12:39:01.292] [info] 		 VALUE 		DELTA
[2026-01-21 12:39:01.292] [info] knee_add_r 	 -0.00435652 	
[2026-01-21 12:39:01.292] [info] knee_rot_r 	 0.00933444 	
[2026-01-21 12:39:01.292] [info] knee_tx_r 	 0.00181556 	
[2026-01-21 12:39:01.292] [info] knee_ty_r 	 0.000286636 	
[2026-01-21 12:39:01.292] [info] knee_tz_r 	 -0.000348645 	
[2026-01-21 12:39:01.292] [info] pf_flex_r 	 0.0864283 	
[2026-01-21 12:39:01.292] [info] pf_rot_r 	 0.00146448 	
[2026-01-21 12:39:01.292] [info] pf_tilt_r 	 -0.0464328 	
[2026-01-21 12:39:01.293] [info] pf_tx_r 	 0.0532061 	
[2026-01-21 12:39:01.293] [info] pf_ty_r 	 0.00770888 	
[2026-01-21 12:39:01.293] [info] pf_tz_r 	 0.00495577 	
[2026-01-21 12:39:01.510] [info] Time: 0.7
[2026-01-21 12:39:01.510] [info] 		 VALUE 		DELTA
[2026-01-21 12:39:01.510] [info] knee_add_r 	 -0.00432989 	
[2026-01-21 12:39:01.510] [info] knee_rot_r 	 0.00932015 	
[2026-01-21 12:39:01.510] [info] knee_tx_r 	 0.00182126 	
[2026-01-21 12:39:01.510] [info] knee_ty_r 	 0.000193097 	
[2026-01-21 12:39:01.510] [info] knee_tz_r 	 -0.000338155 	
[2026-01-21 12:39:01.510] [info] pf_flex_r 	 0.0872171 	
[2026-01-21 12:39:01.510] [info] pf_rot_r 	 0.00142520 	
[2026-01-21 12:39:01.511] [info] pf_tilt_r 	 -0.0469501 	
[2026-01-21 12:39:01.511] [info] pf_tx_r 	 0.0531062 	
[2026-01-21 12:39:01.511] [info] pf_ty_r 	 0.00771162 	
[2026-01-21 12:39:01.511] [info] pf_tz_r 	 0.00500209 	
[2026-01-21 12:39:01.696] [info] Time: 0.71
[2026-01-21 12:39:01.696] [info] 		 VALUE 		DELTA
[2026-01-21 12:39:01.697] [info] knee_add_r 	 -0.00431728 	
[2026-01-21 12:39:01.697] [info] knee_rot_r 	 0.00931672 	
[2026-01-21 12:39:01.697] [info] knee_tx_r 	 0.00181493 	
[2026-01-21 12:39:01.697] [info] knee_ty_r 	 0.000234741 	
[2026-01-21 12:39:01.697] [info] knee_tz_r 	 -0.000334452 	
[2026-01-21 12:39:01.697] [info] pf_flex_r 	 0.0879362 	
[2026-01-21 12:39:01.697] [info] pf_rot_r 	 0.00138011 	
[2026-01-21 12:39:01.697] [info] pf_tilt_r 	 -0.0474421 	
[2026-01-21 12:39:01.697] [info] pf_tx_r 	 0.0530686 	
[2026-01-21 12:39:01.697] [info] pf_ty_r 	 0.00770969 	
[2026-01-21 12:39:01.697] [info] pf_tz_r 	 0.00502890 	
[2026-01-21 12:39:01.974] [info] Time: 0.72
[2026-01-21 12:39:01.974] [info] 		 VALUE 		DELTA
[2026-01-21 12:39:01.974] [info] knee_add_r 	 -0.00438258 	
[2026-01-21 12:39:01.974] [info] knee_rot_r 	 0.00940739 	
[2026-01-21 12:39:01.974] [info] knee_tx_r 	 0.00180967 	
[2026-01-21 12:39:01.974] [info] knee_ty_r 	 0.000339659 	
[2026-01-21 12:39:01.974] [info] knee_tz_r 	 -0.000354150 	
[2026-01-21 12:39:01.974] [info] pf_flex_r 	 0.0887593 	
[2026-01-21 12:39:01.974] [info] pf_rot_r 	 0.00137170 	
[2026-01-21 12:39:01.974] [info] pf_tilt_r 	 -0.0479703 	
[2026-01-21 12:39:01.974] [info] pf_tx_r 	 0.0531483 	
[2026-01-21 12:39:01.974] [info] pf_ty_r 	 0.00760094 	
[2026-01-21 12:39:01.974] [info] pf_tz_r 	 0.00499368 	
[2026-01-21 12:39:02.146] [info] Time: 0.73
[2026-01-21 12:39:02.147] [info] 		 VALUE 		DELTA
[2026-01-21 12:39:02.147] [info] knee_add_r 	 -0.00440594 	
[2026-01-21 12:39:02.147] [info] knee_rot_r 	 0.00946641 	
[2026-01-21 12:39:02.147] [info] knee_tx_r 	 0.00180420 	
[2026-01-21 12:39:02.147] [info] knee_ty_r 	 0.000348611 	
[2026-01-21 12:39:02.147] [info] knee_tz_r 	 -0.000358695 	
[2026-01-21 12:39:02.147] [info] pf_flex_r 	 0.0895756 	
[2026-01-21 12:39:02.147] [info] pf_rot_r 	 0.00134954 	
[2026-01-21 12:39:02.147] [info] pf_tilt_r 	 -0.0484723 	
[2026-01-21 12:39:02.147] [info] pf_tx_r 	 0.0531765 	
[2026-01-21 12:39:02.147] [info] pf_ty_r 	 0.00765905 	
[2026-01-21 12:39:02.147] [info] pf_tz_r 	 0.00496860 	
[2026-01-21 12:39:03.980] [info] Time: 0.74
[2026-01-21 12:39:03.980] [info] 		 VALUE 		DELTA
[2026-01-21 12:39:03.980] [info] knee_add_r 	 -0.00439477 	
[2026-01-21 12:39:03.980] [info] knee_rot_r 	 0.00947961 	
[2026-01-21 12:39:03.980] [info] knee_tx_r 	 0.00181361 	
[2026-01-21 12:39:03.980] [info] knee_ty_r 	 0.000268315 	
[2026-01-21 12:39:03.980] [info] knee_tz_r 	 -0.000351708 	
[2026-01-21 12:39:03.980] [info] pf_flex_r 	 0.0903588 	
[2026-01-21 12:39:03.980] [info] pf_rot_r 	 0.00130187 	
[2026-01-21 12:39:03.980] [info] pf_tilt_r 	 -0.0489359 	
[2026-01-21 12:39:03.980] [info] pf_tx_r 	 0.0531213 	
[2026-01-21 12:39:03.980] [info] pf_ty_r 	 0.00765923 	
[2026-01-21 12:39:03.980] [info] pf_tz_r 	 0.00496509 	
[2026-01-21 12:39:04.172] [info] Time: 0.75
[2026-01-21 12:39:04.173] [info] 		 VALUE 		DELTA
[2026-01-21 12:39:04.173] [info] knee_add_r 	 -0.00436191 	
[2026-01-21 12:39:04.173] [info] knee_rot_r 	 0.00946242 	
[2026-01-21 12:39:04.173] [info] knee_tx_r 	 0.00181733 	
[2026-01-21 12:39:04.173] [info] knee_ty_r 	 0.000211135 	
[2026-01-21 12:39:04.173] [info] knee_tz_r 	 -0.000339495 	
[2026-01-21 12:39:04.173] [info] pf_flex_r 	 0.0911166 	
[2026-01-21 12:39:04.173] [info] pf_rot_r 	 0.00124359 	
[2026-01-21 12:39:04.173] [info] pf_tilt_r 	 -0.0493978 	
[2026-01-21 12:39:04.173] [info] pf_tx_r 	 0.0530520 	
[2026-01-21 12:39:04.173] [info] pf_ty_r 	 0.00774311 	
[2026-01-21 12:39:04.173] [info] pf_tz_r 	 0.00498364 	
[2026-01-21 12:39:04.392] [info] Time: 0.76
[2026-01-21 12:39:04.392] [info] 		 VALUE 		DELTA
[2026-01-21 12:39:04.392] [info] knee_add_r 	 -0.00434874 	
[2026-01-21 12:39:04.392] [info] knee_rot_r 	 0.00946206 	
[2026-01-21 12:39:04.392] [info] knee_tx_r 	 0.00181979 	
[2026-01-21 12:39:04.392] [info] knee_ty_r 	 0.000222526 	
[2026-01-21 12:39:04.392] [info] knee_tz_r 	 -0.000335150 	
[2026-01-21 12:39:04.392] [info] pf_flex_r 	 0.0918258 	
[2026-01-21 12:39:04.392] [info] pf_rot_r 	 0.00118787 	
[2026-01-21 12:39:04.392] [info] pf_tilt_r 	 -0.0498596 	
[2026-01-21 12:39:04.392] [info] pf_tx_r 	 0.0530812 	
[2026-01-21 12:39:04.392] [info] pf_ty_r 	 0.00771750 	
[2026-01-21 12:39:04.392] [info] pf_tz_r 	 0.00497868 	
[2026-01-21 12:39:04.691] [info] Time: 0.77
[2026-01-21 12:39:04.691] [info] 		 VALUE 		DELTA
[2026-01-21 12:39:04.691] [info] knee_add_r 	 -0.00437720 	
[2026-01-21 12:39:04.691] [info] knee_rot_r 	 0.00951186 	
[2026-01-21 12:39:04.691] [info] knee_tx_r 	 0.00181244 	
[2026-01-21 12:39:04.692] [info] knee_ty_r 	 0.000287012 	
[2026-01-21 12:39:04.692] [info] knee_tz_r 	 -0.000344534 	
[2026-01-21 12:39:04.692] [info] pf_flex_r 	 0.0926042 	
[2026-01-21 12:39:04.692] [info] pf_rot_r 	 0.00115720 	
[2026-01-21 12:39:04.692] [info] pf_tilt_r 	 -0.0503365 	
[2026-01-21 12:39:04.692] [info] pf_tx_r 	 0.0531846 	
[2026-01-21 12:39:04.692] [info] pf_ty_r 	 0.00771193 	
[2026-01-21 12:39:04.692] [info] pf_tz_r 	 0.00494994 	
[2026-01-21 12:39:04.933] [info] Time: 0.78
[2026-01-21 12:39:04.933] [info] 		 VALUE 		DELTA
[2026-01-21 12:39:04.933] [info] knee_add_r 	 -0.00439506 	
[2026-01-21 12:39:04.933] [info] knee_rot_r 	 0.00956359 	
[2026-01-21 12:39:04.933] [info] knee_tx_r 	 0.00180686 	
[2026-01-21 12:39:04.933] [info] knee_ty_r 	 0.000321653 	
[2026-01-21 12:39:04.933] [info] knee_tz_r 	 -0.000350155 	
[2026-01-21 12:39:04.933] [info] pf_flex_r 	 0.0933424 	
[2026-01-21 12:39:04.933] [info] pf_rot_r 	 0.00112660 	
[2026-01-21 12:39:04.933] [info] pf_tilt_r 	 -0.0507902 	
[2026-01-21 12:39:04.933] [info] pf_tx_r 	 0.0532561 	
[2026-01-21 12:39:04.933] [info] pf_ty_r 	 0.00771417 	
[2026-01-21 12:39:04.933] [info] pf_tz_r 	 0.00491551 	
[2026-01-21 12:39:05.108] [info] Time: 0.79
[2026-01-21 12:39:05.109] [info] 		 VALUE 		DELTA
[2026-01-21 12:39:05.109] [info] knee_add_r 	 -0.00439693 	
[2026-01-21 12:39:05.109] [info] knee_rot_r 	 0.00959872 	
[2026-01-21 12:39:05.109] [info] knee_tx_r 	 0.00180965 	
[2026-01-21 12:39:05.109] [info] knee_ty_r 	 0.000286303 	
[2026-01-21 12:39:05.109] [info] knee_tz_r 	 -0.000349895 	
[2026-01-21 12:39:05.109] [info] pf_flex_r 	 0.0940863 	
[2026-01-21 12:39:05.109] [info] pf_rot_r 	 0.00108641 	
[2026-01-21 12:39:05.109] [info] pf_tilt_r 	 -0.0512185 	
[2026-01-21 12:39:05.109] [info] pf_tx_r 	 0.0532615 	
[2026-01-21 12:39:05.109] [info] pf_ty_r 	 0.00771903 	
[2026-01-21 12:39:05.109] [info] pf_tz_r 	 0.00488946 	
[2026-01-21 12:39:06.732] [info] Time: 0.8
[2026-01-21 12:39:06.732] [info] 		 VALUE 		DELTA
[2026-01-21 12:39:06.732] [info] knee_add_r 	 -0.00436153 	
[2026-01-21 12:39:06.732] [info] knee_rot_r 	 0.00959230 	
[2026-01-21 12:39:06.732] [info] knee_tx_r 	 0.00181754 	
[2026-01-21 12:39:06.732] [info] knee_ty_r 	 0.000227572 	
[2026-01-21 12:39:06.732] [info] knee_tz_r 	 -0.000338433 	
[2026-01-21 12:39:06.733] [info] pf_flex_r 	 0.0947424 	
[2026-01-21 12:39:06.733] [info] pf_rot_r 	 0.00101706 	
[2026-01-21 12:39:06.733] [info] pf_tilt_r 	 -0.0516137 	
[2026-01-21 12:39:06.733] [info] pf_tx_r 	 0.0531193 	
[2026-01-21 12:39:06.733] [info] pf_ty_r 	 0.00771154 	
[2026-01-21 12:39:06.733] [info] pf_tz_r 	 0.00491753 	
[2026-01-21 12:39:07.051] [info] Time: 0.81
[2026-01-21 12:39:07.051] [info] 		 VALUE 		DELTA
[2026-01-21 12:39:07.051] [info] knee_add_r 	 -0.00436044 	
[2026-01-21 12:39:07.051] [info] knee_rot_r 	 0.00960976 	
[2026-01-21 12:39:07.051] [info] knee_tx_r 	 0.00181998 	
[2026-01-21 12:39:07.051] [info] knee_ty_r 	 0.000225258 	
[2026-01-21 12:39:07.051] [info] knee_tz_r 	 -0.000339374 	
[2026-01-21 12:39:07.051] [info] pf_flex_r 	 0.0954863 	
[2026-01-21 12:39:07.052] [info] pf_rot_r 	 0.000957315 	
[2026-01-21 12:39:07.052] [info] pf_tilt_r 	 -0.0520288 	
[2026-01-21 12:39:07.052] [info] pf_tx_r 	 0.0530636 	
[2026-01-21 12:39:07.052] [info] pf_ty_r 	 0.00768866 	
[2026-01-21 12:39:07.052] [info] pf_tz_r 	 0.00493752 	
[2026-01-21 12:39:07.254] [info] Time: 0.82
[2026-01-21 12:39:07.254] [info] 		 VALUE 		DELTA
[2026-01-21 12:39:07.254] [info] knee_add_r 	 -0.00436201 	
[2026-01-21 12:39:07.255] [info] knee_rot_r 	 0.00963869 	
[2026-01-21 12:39:07.255] [info] knee_tx_r 	 0.00181110 	
[2026-01-21 12:39:07.255] [info] knee_ty_r 	 0.000284632 	
[2026-01-21 12:39:07.255] [info] knee_tz_r 	 -0.000341913 	
[2026-01-21 12:39:07.255] [info] pf_flex_r 	 0.0961606 	
[2026-01-21 12:39:07.255] [info] pf_rot_r 	 0.000914579 	
[2026-01-21 12:39:07.255] [info] pf_tilt_r 	 -0.0524459 	
[2026-01-21 12:39:07.255] [info] pf_tx_r 	 0.0531054 	
[2026-01-21 12:39:07.255] [info] pf_ty_r 	 0.00771830 	
[2026-01-21 12:39:07.255] [info] pf_tz_r 	 0.00493972 	
[2026-01-21 12:39:07.521] [info] Time: 0.83
[2026-01-21 12:39:07.521] [info] 		 VALUE 		DELTA
[2026-01-21 12:39:07.521] [info] knee_add_r 	 -0.00438616 	
[2026-01-21 12:39:07.521] [info] knee_rot_r 	 0.00969603 	
[2026-01-21 12:39:07.521] [info] knee_tx_r 	 0.00181147 	
[2026-01-21 12:39:07.521] [info] knee_ty_r 	 0.000314911 	
[2026-01-21 12:39:07.521] [info] knee_tz_r 	 -0.000349707 	
[2026-01-21 12:39:07.521] [info] pf_flex_r 	 0.0968526 	
[2026-01-21 12:39:07.521] [info] pf_rot_r 	 0.000890732 	
[2026-01-21 12:39:07.521] [info] pf_tilt_r 	 -0.0528451 	
[2026-01-21 12:39:07.521] [info] pf_tx_r 	 0.0531686 	
[2026-01-21 12:39:07.521] [info] pf_ty_r 	 0.00762386 	
[2026-01-21 12:39:07.521] [info] pf_tz_r 	 0.00491342 	
[2026-01-21 12:39:07.823] [info] Time: 0.84
[2026-01-21 12:39:07.823] [info] 		 VALUE 		DELTA
[2026-01-21 12:39:07.823] [info] knee_add_r 	 -0.00439145 	
[2026-01-21 12:39:07.823] [info] knee_rot_r 	 0.00973753 	
[2026-01-21 12:39:07.823] [info] knee_tx_r 	 0.00181648 	
[2026-01-21 12:39:07.823] [info] knee_ty_r 	 0.000298241 	
[2026-01-21 12:39:07.823] [info] knee_tz_r 	 -0.000350414 	
[2026-01-21 12:39:07.823] [info] pf_flex_r 	 0.0975437 	
[2026-01-21 12:39:07.823] [info] pf_rot_r 	 0.000837824 	
[2026-01-21 12:39:07.823] [info] pf_tilt_r 	 -0.0531978 	
[2026-01-21 12:39:07.823] [info] pf_tx_r 	 0.0529997 	
[2026-01-21 12:39:07.823] [info] pf_ty_r 	 0.00754923 	
[2026-01-21 12:39:07.823] [info] pf_tz_r 	 0.00494345 	
[2026-01-21 12:39:08.116] [info] Time: 0.85
[2026-01-21 12:39:08.116] [info] 		 VALUE 		DELTA
[2026-01-21 12:39:08.116] [info] knee_add_r 	 -0.00440833 	
[2026-01-21 12:39:08.116] [info] knee_rot_r 	 0.00978552 	
[2026-01-21 12:39:08.116] [info] knee_tx_r 	 0.00182320 	
[2026-01-21 12:39:08.116] [info] knee_ty_r 	 0.000288752 	
[2026-01-21 12:39:08.116] [info] knee_tz_r 	 -0.000355249 	
[2026-01-21 12:39:08.116] [info] pf_flex_r 	 0.0983427 	
[2026-01-21 12:39:08.116] [info] pf_rot_r 	 0.000770953 	
[2026-01-21 12:39:08.116] [info] pf_tilt_r 	 -0.0535702 	
[2026-01-21 12:39:08.116] [info] pf_tx_r 	 0.052847 	
[2026-01-21 12:39:08.116] [info] pf_ty_r 	 0.00747397 	
[2026-01-21 12:39:08.116] [info] pf_tz_r 	 0.00497267 	
[2026-01-21 12:39:09.738] [info] Time: 0.86
[2026-01-21 12:39:09.738] [info] 		 VALUE 		DELTA
[2026-01-21 12:39:09.738] [info] knee_add_r 	 -0.00441629 	
[2026-01-21 12:39:09.738] [info] knee_rot_r 	 0.00983176 	
[2026-01-21 12:39:09.738] [info] knee_tx_r 	 0.00182206 	
[2026-01-21 12:39:09.738] [info] knee_ty_r 	 0.000321659 	
[2026-01-21 12:39:09.738] [info] knee_tz_r 	 -0.000357876 	
[2026-01-21 12:39:09.738] [info] pf_flex_r 	 0.0991133 	
[2026-01-21 12:39:09.738] [info] pf_rot_r 	 0.000689451 	
[2026-01-21 12:39:09.738] [info] pf_tilt_r 	 -0.0539273 	
[2026-01-21 12:39:09.738] [info] pf_tx_r 	 0.0527736 	
[2026-01-21 12:39:09.738] [info] pf_ty_r 	 0.00746876 	
[2026-01-21 12:39:09.738] [info] pf_tz_r 	 0.00499851 	
[2026-01-21 12:39:09.959] [info] Time: 0.87
[2026-01-21 12:39:09.959] [info] 		 VALUE 		DELTA
[2026-01-21 12:39:09.959] [info] knee_add_r 	 -0.00444332 	
[2026-01-21 12:39:09.959] [info] knee_rot_r 	 0.00989173 	
[2026-01-21 12:39:09.959] [info] knee_tx_r 	 0.00181647 	
[2026-01-21 12:39:09.959] [info] knee_ty_r 	 0.000356614 	
[2026-01-21 12:39:09.959] [info] knee_tz_r 	 -0.000366485 	
[2026-01-21 12:39:09.959] [info] pf_flex_r 	 0.0998706 	
[2026-01-21 12:39:09.960] [info] pf_rot_r 	 0.000656427 	
[2026-01-21 12:39:09.960] [info] pf_tilt_r 	 -0.0543367 	
[2026-01-21 12:39:09.960] [info] pf_tx_r 	 0.0528214 	
[2026-01-21 12:39:09.960] [info] pf_ty_r 	 0.00749206 	
[2026-01-21 12:39:09.960] [info] pf_tz_r 	 0.00499867 	
[2026-01-21 12:39:10.301] [info] Time: 0.88
[2026-01-21 12:39:10.302] [info] 		 VALUE 		DELTA
[2026-01-21 12:39:10.302] [info] knee_add_r 	 -0.00443633 	
[2026-01-21 12:39:10.302] [info] knee_rot_r 	 0.00990834 	
[2026-01-21 12:39:10.302] [info] knee_tx_r 	 0.00180629 	
[2026-01-21 12:39:10.302] [info] knee_ty_r 	 0.000343601 	
[2026-01-21 12:39:10.302] [info] knee_tz_r 	 -0.000363615 	
[2026-01-21 12:39:10.302] [info] pf_flex_r 	 0.100521 	
[2026-01-21 12:39:10.302] [info] pf_rot_r 	 0.000643624 	
[2026-01-21 12:39:10.302] [info] pf_tilt_r 	 -0.0547554 	
[2026-01-21 12:39:10.302] [info] pf_tx_r 	 0.0528276 	
[2026-01-21 12:39:10.302] [info] pf_ty_r 	 0.00761721 	
[2026-01-21 12:39:10.302] [info] pf_tz_r 	 0.00502218 	
[2026-01-21 12:39:10.592] [info] Time: 0.89
[2026-01-21 12:39:10.592] [info] 		 VALUE 		DELTA
[2026-01-21 12:39:10.592] [info] knee_add_r 	 -0.00443176 	
[2026-01-21 12:39:10.592] [info] knee_rot_r 	 0.00991252 	
[2026-01-21 12:39:10.592] [info] knee_tx_r 	 0.00181582 	
[2026-01-21 12:39:10.592] [info] knee_ty_r 	 0.000279956 	
[2026-01-21 12:39:10.592] [info] knee_tz_r 	 -0.000359875 	
[2026-01-21 12:39:10.592] [info] pf_flex_r 	 0.101200 	
[2026-01-21 12:39:10.592] [info] pf_rot_r 	 0.000616604 	
[2026-01-21 12:39:10.592] [info] pf_tilt_r 	 -0.0551449 	
[2026-01-21 12:39:10.592] [info] pf_tx_r 	 0.0528355 	
[2026-01-21 12:39:10.592] [info] pf_ty_r 	 0.00752630 	
[2026-01-21 12:39:10.592] [info] pf_tz_r 	 0.00501296 	
[2026-01-21 12:39:10.915] [info] Time: 0.9
[2026-01-21 12:39:10.915] [info] 		 VALUE 		DELTA
[2026-01-21 12:39:10.915] [info] knee_add_r 	 -0.00441110 	
[2026-01-21 12:39:10.915] [info] knee_rot_r 	 0.00989771 	
[2026-01-21 12:39:10.915] [info] knee_tx_r 	 0.00181051 	
[2026-01-21 12:39:10.915] [info] knee_ty_r 	 0.000266181 	
[2026-01-21 12:39:10.915] [info] knee_tz_r 	 -0.000351618 	
[2026-01-21 12:39:10.915] [info] pf_flex_r 	 0.101857 	
[2026-01-21 12:39:10.915] [info] pf_rot_r 	 0.000570376 	
[2026-01-21 12:39:10.915] [info] pf_tilt_r 	 -0.0555203 	
[2026-01-21 12:39:10.915] [info] pf_tx_r 	 0.052786 	
[2026-01-21 12:39:10.915] [info] pf_ty_r 	 0.00766846 	
[2026-01-21 12:39:10.915] [info] pf_tz_r 	 0.00501271 	
[2026-01-21 12:39:11.139] [info] Time: 0.91
[2026-01-21 12:39:11.139] [info] 		 VALUE 		DELTA
[2026-01-21 12:39:11.139] [info] knee_add_r 	 -0.00442940 	
[2026-01-21 12:39:11.139] [info] knee_rot_r 	 0.00991908 	
[2026-01-21 12:39:11.139] [info] knee_tx_r 	 0.00181891 	
[2026-01-21 12:39:11.139] [info] knee_ty_r 	 0.000289197 	
[2026-01-21 12:39:11.139] [info] knee_tz_r 	 -0.000355801 	
[2026-01-21 12:39:11.139] [info] pf_flex_r 	 0.102498 	
[2026-01-21 12:39:11.139] [info] pf_rot_r 	 0.000522227 	
[2026-01-21 12:39:11.139] [info] pf_tilt_r 	 -0.0559011 	
[2026-01-21 12:39:11.139] [info] pf_tx_r 	 0.0528664 	
[2026-01-21 12:39:11.140] [info] pf_ty_r 	 0.00758814 	
[2026-01-21 12:39:11.140] [info] pf_tz_r 	 0.00496837 	
[2026-01-21 12:39:12.654] [info] Time: 0.92
[2026-01-21 12:39:12.654] [info] 		 VALUE 		DELTA
[2026-01-21 12:39:12.654] [info] knee_add_r 	 -0.00443813 	
[2026-01-21 12:39:12.654] [info] knee_rot_r 	 0.00994220 	
[2026-01-21 12:39:12.654] [info] knee_tx_r 	 0.00180759 	
[2026-01-21 12:39:12.654] [info] knee_ty_r 	 0.000332530 	
[2026-01-21 12:39:12.654] [info] knee_tz_r 	 -0.000356875 	
[2026-01-21 12:39:12.654] [info] pf_flex_r 	 0.103097 	
[2026-01-21 12:39:12.654] [info] pf_rot_r 	 0.000509115 	
[2026-01-21 12:39:12.654] [info] pf_tilt_r 	 -0.0563378 	
[2026-01-21 12:39:12.654] [info] pf_tx_r 	 0.05287 	
[2026-01-21 12:39:12.654] [info] pf_ty_r 	 0.00774218 	
[2026-01-21 12:39:12.654] [info] pf_tz_r 	 0.00498603 	
[2026-01-21 12:39:12.862] [info] Time: 0.93
[2026-01-21 12:39:12.863] [info] 		 VALUE 		DELTA
[2026-01-21 12:39:12.863] [info] knee_add_r 	 -0.00445440 	
[2026-01-21 12:39:12.863] [info] knee_rot_r 	 0.00996169 	
[2026-01-21 12:39:12.863] [info] knee_tx_r 	 0.00181498 	
[2026-01-21 12:39:12.863] [info] knee_ty_r 	 0.000311069 	
[2026-01-21 12:39:12.863] [info] knee_tz_r 	 -0.000359855 	
[2026-01-21 12:39:12.863] [info] pf_flex_r 	 0.103678 	
[2026-01-21 12:39:12.863] [info] pf_rot_r 	 0.000502940 	
[2026-01-21 12:39:12.863] [info] pf_tilt_r 	 -0.0567582 	
[2026-01-21 12:39:12.863] [info] pf_tx_r 	 0.0529052 	
[2026-01-21 12:39:12.863] [info] pf_ty_r 	 0.00762117 	
[2026-01-21 12:39:12.863] [info] pf_tz_r 	 0.00498636 	
[2026-01-21 12:39:13.184] [info] Time: 0.94
[2026-01-21 12:39:13.184] [info] 		 VALUE 		DELTA
[2026-01-21 12:39:13.184] [info] knee_add_r 	 -0.00444291 	
[2026-01-21 12:39:13.184] [info] knee_rot_r 	 0.00995662 	
[2026-01-21 12:39:13.184] [info] knee_tx_r 	 0.00180701 	
[2026-01-21 12:39:13.184] [info] knee_ty_r 	 0.000283825 	
[2026-01-21 12:39:13.184] [info] knee_tz_r 	 -0.000354279 	
[2026-01-21 12:39:13.184] [info] pf_flex_r 	 0.104284 	
[2026-01-21 12:39:13.184] [info] pf_rot_r 	 0.000501144 	
[2026-01-21 12:39:13.184] [info] pf_tilt_r 	 -0.0571737 	
[2026-01-21 12:39:13.184] [info] pf_tx_r 	 0.0528615 	
[2026-01-21 12:39:13.184] [info] pf_ty_r 	 0.00773265 	
[2026-01-21 12:39:13.184] [info] pf_tz_r 	 0.00500107 	
[2026-01-21 12:39:13.859] [info] Time: 0.95
[2026-01-21 12:39:13.859] [info] 		 VALUE 		DELTA
[2026-01-21 12:39:13.859] [info] knee_add_r 	 -0.00443646 	
[2026-01-21 12:39:13.859] [info] knee_rot_r 	 0.00994341 	
[2026-01-21 12:39:13.859] [info] knee_tx_r 	 0.00181086 	
[2026-01-21 12:39:13.859] [info] knee_ty_r 	 0.000263636 	
[2026-01-21 12:39:13.859] [info] knee_tz_r 	 -0.000351455 	
[2026-01-21 12:39:13.859] [info] pf_flex_r 	 0.104840 	
[2026-01-21 12:39:13.859] [info] pf_rot_r 	 0.000468543 	
[2026-01-21 12:39:13.859] [info] pf_tilt_r 	 -0.0575534 	
[2026-01-21 12:39:13.859] [info] pf_tx_r 	 0.0528684 	
[2026-01-21 12:39:13.859] [info] pf_ty_r 	 0.00769100 	
[2026-01-21 12:39:13.859] [info] pf_tz_r 	 0.00497711 	
[2026-01-21 12:39:14.277] [info] Time: 0.96
[2026-01-21 12:39:14.277] [info] 		 VALUE 		DELTA
[2026-01-21 12:39:14.277] [info] knee_add_r 	 -0.00444073 	
[2026-01-21 12:39:14.277] [info] knee_rot_r 	 0.00995040 	
[2026-01-21 12:39:14.277] [info] knee_tx_r 	 0.00180741 	
[2026-01-21 12:39:14.277] [info] knee_ty_r 	 0.000282361 	
[2026-01-21 12:39:14.277] [info] knee_tz_r 	 -0.000352248 	
[2026-01-21 12:39:14.277] [info] pf_flex_r 	 0.105421 	
[2026-01-21 12:39:14.277] [info] pf_rot_r 	 0.000444127 	
[2026-01-21 12:39:14.277] [info] pf_tilt_r 	 -0.0579606 	
[2026-01-21 12:39:14.277] [info] pf_tx_r 	 0.0528735 	
[2026-01-21 12:39:14.277] [info] pf_ty_r 	 0.00774072 	
[2026-01-21 12:39:14.277] [info] pf_tz_r 	 0.00496632 	
[2026-01-21 12:39:14.487] [info] Time: 0.97
[2026-01-21 12:39:14.487] [info] 		 VALUE 		DELTA
[2026-01-21 12:39:14.487] [info] knee_add_r 	 -0.00444906 	
[2026-01-21 12:39:14.487] [info] knee_rot_r 	 0.00996511 	
[2026-01-21 12:39:14.487] [info] knee_tx_r 	 0.00180859 	
[2026-01-21 12:39:14.487] [info] knee_ty_r 	 0.000305090 	
[2026-01-21 12:39:14.487] [info] knee_tz_r 	 -0.000354440 	
[2026-01-21 12:39:14.487] [info] pf_flex_r 	 0.105971 	
[2026-01-21 12:39:14.487] [info] pf_rot_r 	 0.000422267 	
[2026-01-21 12:39:14.487] [info] pf_tilt_r 	 -0.0583676 	
[2026-01-21 12:39:14.487] [info] pf_tx_r 	 0.0529207 	
[2026-01-21 12:39:14.487] [info] pf_ty_r 	 0.00771251 	
[2026-01-21 12:39:14.487] [info] pf_tz_r 	 0.00495327 	
[2026-01-21 12:39:16.109] [info] Time: 0.98
[2026-01-21 12:39:16.109] [info] 		 VALUE 		DELTA
[2026-01-21 12:39:16.109] [info] knee_add_r 	 -0.00445933 	
[2026-01-21 12:39:16.109] [info] knee_rot_r 	 0.00998490 	
[2026-01-21 12:39:16.109] [info] knee_tx_r 	 0.00180560 	
[2026-01-21 12:39:16.110] [info] knee_ty_r 	 0.000311303 	
[2026-01-21 12:39:16.110] [info] knee_tz_r 	 -0.000356909 	
[2026-01-21 12:39:16.110] [info] pf_flex_r 	 0.106556 	
[2026-01-21 12:39:16.110] [info] pf_rot_r 	 0.000421966 	
[2026-01-21 12:39:16.110] [info] pf_tilt_r 	 -0.0587968 	
[2026-01-21 12:39:16.110] [info] pf_tx_r 	 0.052963 	
[2026-01-21 12:39:16.110] [info] pf_ty_r 	 0.00775104 	
[2026-01-21 12:39:16.110] [info] pf_tz_r 	 0.00494851 	
[2026-01-21 12:39:16.294] [info] Time: 0.99
[2026-01-21 12:39:16.294] [info] 		 VALUE 		DELTA
[2026-01-21 12:39:16.294] [info] knee_add_r 	 -0.00444765 	
[2026-01-21 12:39:16.294] [info] knee_rot_r 	 0.00997863 	
[2026-01-21 12:39:16.294] [info] knee_tx_r 	 0.00180630 	
[2026-01-21 12:39:16.294] [info] knee_ty_r 	 0.000288090 	
[2026-01-21 12:39:16.294] [info] knee_tz_r 	 -0.000352681 	
[2026-01-21 12:39:16.294] [info] pf_flex_r 	 0.107094 	
[2026-01-21 12:39:16.294] [info] pf_rot_r 	 0.000403353 	
[2026-01-21 12:39:16.294] [info] pf_tilt_r 	 -0.05919 	
[2026-01-21 12:39:16.294] [info] pf_tx_r 	 0.0529742 	
[2026-01-21 12:39:16.294] [info] pf_ty_r 	 0.00776620 	
[2026-01-21 12:39:16.294] [info] pf_tz_r 	 0.00493994 	
[2026-01-21 12:39:16.616] [info] Time: 1.0
[2026-01-21 12:39:16.616] [info] 		 VALUE 		DELTA
[2026-01-21 12:39:16.616] [info] knee_add_r 	 -0.00444241 	
[2026-01-21 12:39:16.616] [info] knee_rot_r 	 0.00997423 	
[2026-01-21 12:39:16.616] [info] knee_tx_r 	 0.00180605 	
[2026-01-21 12:39:16.616] [info] knee_ty_r 	 0.000266009 	
[2026-01-21 12:39:16.616] [info] knee_tz_r 	 -0.000350870 	
[2026-01-21 12:39:16.616] [info] pf_flex_r 	 0.107670 	
[2026-01-21 12:39:16.616] [info] pf_rot_r 	 0.000389169 	
[2026-01-21 12:39:16.617] [info] pf_tilt_r 	 -0.059595 	
[2026-01-21 12:39:16.617] [info] pf_tx_r 	 0.05299 	
[2026-01-21 12:39:16.617] [info] pf_ty_r 	 0.00780120 	
[2026-01-21 12:39:16.617] [info] pf_tz_r 	 0.00492469 	
[2026-01-21 12:39:16.802] [info] Time: 1.01
[2026-01-21 12:39:16.802] [info] 		 VALUE 		DELTA
[2026-01-21 12:39:16.802] [info] knee_add_r 	 -0.00442555 	
[2026-01-21 12:39:16.802] [info] knee_rot_r 	 0.00996057 	
[2026-01-21 12:39:16.802] [info] knee_tx_r 	 0.00180532 	
[2026-01-21 12:39:16.802] [info] knee_ty_r 	 0.000264129 	
[2026-01-21 12:39:16.802] [info] knee_tz_r 	 -0.000345923 	
[2026-01-21 12:39:16.802] [info] pf_flex_r 	 0.108189 	
[2026-01-21 12:39:16.802] [info] pf_rot_r 	 0.000357658 	
[2026-01-21 12:39:16.802] [info] pf_tilt_r 	 -0.0599825 	
[2026-01-21 12:39:16.802] [info] pf_tx_r 	 0.0530093 	
[2026-01-21 12:39:16.803] [info] pf_ty_r 	 0.00782757 	
[2026-01-21 12:39:16.803] [info] pf_tz_r 	 0.00490978 	
[2026-01-21 12:39:17.057] [info] Time: 1.02
[2026-01-21 12:39:17.057] [info] 		 VALUE 		DELTA
[2026-01-21 12:39:17.057] [info] knee_add_r 	 -0.00443415 	
[2026-01-21 12:39:17.057] [info] knee_rot_r 	 0.00997154 	
[2026-01-21 12:39:17.057] [info] knee_tx_r 	 0.00180439 	
[2026-01-21 12:39:17.057] [info] knee_ty_r 	 0.000276617 	
[2026-01-21 12:39:17.057] [info] knee_tz_r 	 -0.000349050 	
[2026-01-21 12:39:17.057] [info] pf_flex_r 	 0.108750 	
[2026-01-21 12:39:17.057] [info] pf_rot_r 	 0.000340393 	
[2026-01-21 12:39:17.057] [info] pf_tilt_r 	 -0.0603913 	
[2026-01-21 12:39:17.057] [info] pf_tx_r 	 0.0530635 	
[2026-01-21 12:39:17.057] [info] pf_ty_r 	 0.00782869 	
[2026-01-21 12:39:17.057] [info] pf_tz_r 	 0.00488915 	
[2026-01-21 12:39:17.213] [info] Time: 1.03
[2026-01-21 12:39:17.213] [info] 		 VALUE 		DELTA
[2026-01-21 12:39:17.214] [info] knee_add_r 	 -0.00443288 	
[2026-01-21 12:39:17.214] [info] knee_rot_r 	 0.00997900 	
[2026-01-21 12:39:17.214] [info] knee_tx_r 	 0.00180177 	
[2026-01-21 12:39:17.214] [info] knee_ty_r 	 0.000288552 	
[2026-01-21 12:39:17.214] [info] knee_tz_r 	 -0.000348928 	
[2026-01-21 12:39:17.214] [info] pf_flex_r 	 0.109290 	
[2026-01-21 12:39:17.214] [info] pf_rot_r 	 0.000317267 	
[2026-01-21 12:39:17.214] [info] pf_tilt_r 	 -0.0607879 	
[2026-01-21 12:39:17.214] [info] pf_tx_r 	 0.0530946 	
[2026-01-21 12:39:17.214] [info] pf_ty_r 	 0.00785094 	
[2026-01-21 12:39:17.214] [info] pf_tz_r 	 0.00487885 	
[2026-01-21 12:39:18.877] [info] Time: 1.04
[2026-01-21 12:39:18.877] [info] 		 VALUE 		DELTA
[2026-01-21 12:39:18.877] [info] knee_add_r 	 -0.00443946 	
[2026-01-21 12:39:18.877] [info] knee_rot_r 	 0.00999199 	
[2026-01-21 12:39:18.877] [info] knee_tx_r 	 0.00180190 	
[2026-01-21 12:39:18.877] [info] knee_ty_r 	 0.000283000 	
[2026-01-21 12:39:18.877] [info] knee_tz_r 	 -0.000350877 	
[2026-01-21 12:39:18.877] [info] pf_flex_r 	 0.109859 	
[2026-01-21 12:39:18.877] [info] pf_rot_r 	 0.000302324 	
[2026-01-21 12:39:18.877] [info] pf_tilt_r 	 -0.0611883 	
[2026-01-21 12:39:18.877] [info] pf_tx_r 	 0.0531224 	
[2026-01-21 12:39:18.877] [info] pf_ty_r 	 0.00785465 	
[2026-01-21 12:39:18.877] [info] pf_tz_r 	 0.00486704 	
[2026-01-21 12:39:19.044] [info] Time: 1.05
[2026-01-21 12:39:19.045] [info] 		 VALUE 		DELTA
[2026-01-21 12:39:19.045] [info] knee_add_r 	 -0.00442914 	
[2026-01-21 12:39:19.045] [info] knee_rot_r 	 0.00998835 	
[2026-01-21 12:39:19.045] [info] knee_tx_r 	 0.00180145 	
[2026-01-21 12:39:19.045] [info] knee_ty_r 	 0.000269267 	
[2026-01-21 12:39:19.045] [info] knee_tz_r 	 -0.000347405 	
[2026-01-21 12:39:19.045] [info] pf_flex_r 	 0.110398 	
[2026-01-21 12:39:19.045] [info] pf_rot_r 	 0.000278161 	
[2026-01-21 12:39:19.045] [info] pf_tilt_r 	 -0.0615764 	
[2026-01-21 12:39:19.045] [info] pf_tx_r 	 0.0531151 	
[2026-01-21 12:39:19.045] [info] pf_ty_r 	 0.00788729 	
[2026-01-21 12:39:19.045] [info] pf_tz_r 	 0.00486456 	
[2026-01-21 12:39:19.262] [info] Time: 1.06
[2026-01-21 12:39:19.262] [info] 		 VALUE 		DELTA
[2026-01-21 12:39:19.262] [info] knee_add_r 	 -0.00442724 	
[2026-01-21 12:39:19.262] [info] knee_rot_r 	 0.00998722 	
[2026-01-21 12:39:19.262] [info] knee_tx_r 	 0.00180238 	
[2026-01-21 12:39:19.262] [info] knee_ty_r 	 0.000258374 	
[2026-01-21 12:39:19.262] [info] knee_tz_r 	 -0.000346722 	
[2026-01-21 12:39:19.262] [info] pf_flex_r 	 0.110941 	
[2026-01-21 12:39:19.262] [info] pf_rot_r 	 0.000255220 	
[2026-01-21 12:39:19.262] [info] pf_tilt_r 	 -0.0619706 	
[2026-01-21 12:39:19.262] [info] pf_tx_r 	 0.0531159 	
[2026-01-21 12:39:19.262] [info] pf_ty_r 	 0.00789177 	
[2026-01-21 12:39:19.262] [info] pf_tz_r 	 0.00485899 	
[2026-01-21 12:39:19.407] [info] Time: 1.07
[2026-01-21 12:39:19.407] [info] 		 VALUE 		DELTA
[2026-01-21 12:39:19.407] [info] knee_add_r 	 -0.00442471 	
[2026-01-21 12:39:19.407] [info] knee_rot_r 	 0.00998726 	
[2026-01-21 12:39:19.407] [info] knee_tx_r 	 0.00180132 	
[2026-01-21 12:39:19.407] [info] knee_ty_r 	 0.000262666 	
[2026-01-21 12:39:19.407] [info] knee_tz_r 	 -0.000345945 	
[2026-01-21 12:39:19.407] [info] pf_flex_r 	 0.111467 	
[2026-01-21 12:39:19.407] [info] pf_rot_r 	 0.000228444 	
[2026-01-21 12:39:19.407] [info] pf_tilt_r 	 -0.0623579 	
[2026-01-21 12:39:19.407] [info] pf_tx_r 	 0.0531124 	
[2026-01-21 12:39:19.407] [info] pf_ty_r 	 0.00790054 	
[2026-01-21 12:39:19.407] [info] pf_tz_r 	 0.00485692 	
[2026-01-21 12:39:19.615] [info] Time: 1.08
[2026-01-21 12:39:19.615] [info] 		 VALUE 		DELTA
[2026-01-21 12:39:19.615] [info] knee_add_r 	 -0.00443393 	
[2026-01-21 12:39:19.615] [info] knee_rot_r 	 0.00999876 	
[2026-01-21 12:39:19.615] [info] knee_tx_r 	 0.00180061 	
[2026-01-21 12:39:19.615] [info] knee_ty_r 	 0.000274400 	
[2026-01-21 12:39:19.615] [info] knee_tz_r 	 -0.000348808 	
[2026-01-21 12:39:19.615] [info] pf_flex_r 	 0.111998 	
[2026-01-21 12:39:19.615] [info] pf_rot_r 	 0.000204640 	
[2026-01-21 12:39:19.615] [info] pf_tilt_r 	 -0.062744 	
[2026-01-21 12:39:19.615] [info] pf_tx_r 	 0.0531153 	
[2026-01-21 12:39:19.615] [info] pf_ty_r 	 0.00788929 	
[2026-01-21 12:39:19.615] [info] pf_tz_r 	 0.00485253 	
[2026-01-21 12:39:19.764] [info] Time: 1.09
[2026-01-21 12:39:19.764] [info] 		 VALUE 		DELTA
[2026-01-21 12:39:19.764] [info] knee_add_r 	 -0.00443981 	
[2026-01-21 12:39:19.764] [info] knee_rot_r 	 0.0100098 	
[2026-01-21 12:39:19.764] [info] knee_tx_r 	 0.00179993 	
[2026-01-21 12:39:19.764] [info] knee_ty_r 	 0.000281451 	
[2026-01-21 12:39:19.764] [info] knee_tz_r 	 -0.000350337 	
[2026-01-21 12:39:19.764] [info] pf_flex_r 	 0.112514 	
[2026-01-21 12:39:19.764] [info] pf_rot_r 	 0.000180364 	
[2026-01-21 12:39:19.764] [info] pf_tilt_r 	 -0.0631234 	
[2026-01-21 12:39:19.764] [info] pf_tx_r 	 0.0530960 	
[2026-01-21 12:39:19.764] [info] pf_ty_r 	 0.00788569 	
[2026-01-21 12:39:19.764] [info] pf_tz_r 	 0.00485535 	
[2026-01-21 12:39:21.336] [info] Time: 1.1
[2026-01-21 12:39:21.336] [info] 		 VALUE 		DELTA
[2026-01-21 12:39:21.336] [info] knee_add_r 	 -0.00444575 	
[2026-01-21 12:39:21.336] [info] knee_rot_r 	 0.0100189 	
[2026-01-21 12:39:21.336] [info] knee_tx_r 	 0.00180075 	
[2026-01-21 12:39:21.336] [info] knee_ty_r 	 0.000277906 	
[2026-01-21 12:39:21.336] [info] knee_tz_r 	 -0.000351701 	
[2026-01-21 12:39:21.336] [info] pf_flex_r 	 0.113031 	
[2026-01-21 12:39:21.336] [info] pf_rot_r 	 0.000156988 	
[2026-01-21 12:39:21.336] [info] pf_tilt_r 	 -0.0635019 	
[2026-01-21 12:39:21.336] [info] pf_tx_r 	 0.0530701 	
[2026-01-21 12:39:21.336] [info] pf_ty_r 	 0.00787403 	
[2026-01-21 12:39:21.336] [info] pf_tz_r 	 0.00485926 	
[2026-01-21 12:39:21.541] [info] Time: 1.11
[2026-01-21 12:39:21.541] [info] 		 VALUE 		DELTA
[2026-01-21 12:39:21.541] [info] knee_add_r 	 -0.00444492 	
[2026-01-21 12:39:21.541] [info] knee_rot_r 	 0.0100197 	
[2026-01-21 12:39:21.541] [info] knee_tx_r 	 0.00180077 	
[2026-01-21 12:39:21.541] [info] knee_ty_r 	 0.000272304 	
[2026-01-21 12:39:21.541] [info] knee_tz_r 	 -0.000351014 	
[2026-01-21 12:39:21.541] [info] pf_flex_r 	 0.113528 	
[2026-01-21 12:39:21.541] [info] pf_rot_r 	 0.000130826 	
[2026-01-21 12:39:21.541] [info] pf_tilt_r 	 -0.0638753 	
[2026-01-21 12:39:21.541] [info] pf_tx_r 	 0.0530310 	
[2026-01-21 12:39:21.541] [info] pf_ty_r 	 0.00787657 	
[2026-01-21 12:39:21.541] [info] pf_tz_r 	 0.00486919 	
[2026-01-21 12:39:21.810] [info] Time: 1.12
[2026-01-21 12:39:21.810] [info] 		 VALUE 		DELTA
[2026-01-21 12:39:21.810] [info] knee_add_r 	 -0.00444700 	
[2026-01-21 12:39:21.810] [info] knee_rot_r 	 0.0100207 	
[2026-01-21 12:39:21.810] [info] knee_tx_r 	 0.00180133 	
[2026-01-21 12:39:21.810] [info] knee_ty_r 	 0.000271141 	
[2026-01-21 12:39:21.810] [info] knee_tz_r 	 -0.000351404 	
[2026-01-21 12:39:21.810] [info] pf_flex_r 	 0.114009 	
[2026-01-21 12:39:21.810] [info] pf_rot_r 	 0.000103049 	
[2026-01-21 12:39:21.810] [info] pf_tilt_r 	 -0.0642405 	
[2026-01-21 12:39:21.810] [info] pf_tx_r 	 0.052997 	
[2026-01-21 12:39:21.810] [info] pf_ty_r 	 0.00786314 	
[2026-01-21 12:39:21.810] [info] pf_tz_r 	 0.00487758 	
[2026-01-21 12:39:22.023] [info] Time: 1.13
[2026-01-21 12:39:22.023] [info] 		 VALUE 		DELTA
[2026-01-21 12:39:22.023] [info] knee_add_r 	 -0.00445081 	
[2026-01-21 12:39:22.023] [info] knee_rot_r 	 0.0100241 	
[2026-01-21 12:39:22.023] [info] knee_tx_r 	 0.00180101 	
[2026-01-21 12:39:22.023] [info] knee_ty_r 	 0.000278391 	
[2026-01-21 12:39:22.024] [info] knee_tz_r 	 -0.000352440 	
[2026-01-21 12:39:22.024] [info] pf_flex_r 	 0.114476 	
[2026-01-21 12:39:22.024] [info] pf_rot_r 	 7.56921e-05 	
[2026-01-21 12:39:22.024] [info] pf_tilt_r 	 -0.0645976 	
[2026-01-21 12:39:22.024] [info] pf_tx_r 	 0.0529669 	
[2026-01-21 12:39:22.024] [info] pf_ty_r 	 0.00785467 	
[2026-01-21 12:39:22.024] [info] pf_tz_r 	 0.00488491 	
[2026-01-21 12:39:22.257] [info] Time: 1.14
[2026-01-21 12:39:22.257] [info] 		 VALUE 		DELTA
[2026-01-21 12:39:22.257] [info] knee_add_r 	 -0.00445677 	
[2026-01-21 12:39:22.257] [info] knee_rot_r 	 0.0100301 	
[2026-01-21 12:39:22.257] [info] knee_tx_r 	 0.00180119 	
[2026-01-21 12:39:22.257] [info] knee_ty_r 	 0.000286577 	
[2026-01-21 12:39:22.257] [info] knee_tz_r 	 -0.000354129 	
[2026-01-21 12:39:22.257] [info] pf_flex_r 	 0.11493 	
[2026-01-21 12:39:22.257] [info] pf_rot_r 	 4.96952e-05 	
[2026-01-21 12:39:22.257] [info] pf_tilt_r 	 -0.0649476 	
[2026-01-21 12:39:22.257] [info] pf_tx_r 	 0.0529428 	
[2026-01-21 12:39:22.257] [info] pf_ty_r 	 0.00783886 	
[2026-01-21 12:39:22.257] [info] pf_tz_r 	 0.00488970 	
[2026-01-21 12:39:23.835] [info] Time: 1.15
[2026-01-21 12:39:23.835] [info] 		 VALUE 		DELTA
[2026-01-21 12:39:23.835] [info] knee_add_r 	 -0.00446049 	
[2026-01-21 12:39:23.835] [info] knee_rot_r 	 0.0100340 	
[2026-01-21 12:39:23.835] [info] knee_tx_r 	 0.00180103 	
[2026-01-21 12:39:23.835] [info] knee_ty_r 	 0.000289513 	
[2026-01-21 12:39:23.835] [info] knee_tz_r 	 -0.000355062 	
[2026-01-21 12:39:23.835] [info] pf_flex_r 	 0.115373 	
[2026-01-21 12:39:23.835] [info] pf_rot_r 	 2.66245e-05 	
[2026-01-21 12:39:23.835] [info] pf_tilt_r 	 -0.0652937 	
[2026-01-21 12:39:23.835] [info] pf_tx_r 	 0.0529229 	
[2026-01-21 12:39:23.835] [info] pf_ty_r 	 0.00783472 	
[2026-01-21 12:39:23.835] [info] pf_tz_r 	 0.00489296 	
[2026-01-21 12:39:24.038] [info] Time: 1.16
[2026-01-21 12:39:24.038] [info] 		 VALUE 		DELTA
[2026-01-21 12:39:24.038] [info] knee_add_r 	 -0.00445896 	
[2026-01-21 12:39:24.038] [info] knee_rot_r 	 0.0100308 	
[2026-01-21 12:39:24.038] [info] knee_tx_r 	 0.00180077 	
[2026-01-21 12:39:24.038] [info] knee_ty_r 	 0.000285241 	
[2026-01-21 12:39:24.038] [info] knee_tz_r 	 -0.000354411 	
[2026-01-21 12:39:24.038] [info] pf_flex_r 	 0.115798 	
[2026-01-21 12:39:24.038] [info] pf_rot_r 	 3.33943e-06 	
[2026-01-21 12:39:24.038] [info] pf_tilt_r 	 -0.0656352 	
[2026-01-21 12:39:24.038] [info] pf_tx_r 	 0.0529096 	
[2026-01-21 12:39:24.038] [info] pf_ty_r 	 0.00784074 	
[2026-01-21 12:39:24.038] [info] pf_tz_r 	 0.00489371 	
[2026-01-21 12:39:24.231] [info] Time: 1.17
[2026-01-21 12:39:24.231] [info] 		 VALUE 		DELTA
[2026-01-21 12:39:24.231] [info] knee_add_r 	 -0.00445559 	
[2026-01-21 12:39:24.231] [info] knee_rot_r 	 0.0100244 	
[2026-01-21 12:39:24.231] [info] knee_tx_r 	 0.00180128 	
[2026-01-21 12:39:24.231] [info] knee_ty_r 	 0.000278653 	
[2026-01-21 12:39:24.231] [info] knee_tz_r 	 -0.000353262 	
[2026-01-21 12:39:24.231] [info] pf_flex_r 	 0.116217 	
[2026-01-21 12:39:24.231] [info] pf_rot_r 	 -2.45309e-05 	
[2026-01-21 12:39:24.232] [info] pf_tilt_r 	 -0.0659603 	
[2026-01-21 12:39:24.232] [info] pf_tx_r 	 0.0529117 	
[2026-01-21 12:39:24.232] [info] pf_ty_r 	 0.00784061 	
[2026-01-21 12:39:24.232] [info] pf_tz_r 	 0.00488868 	
[2026-01-21 12:39:24.444] [info] Time: 1.18
[2026-01-21 12:39:24.444] [info] 		 VALUE 		DELTA
[2026-01-21 12:39:24.444] [info] knee_add_r 	 -0.00445165 	
[2026-01-21 12:39:24.444] [info] knee_rot_r 	 0.0100173 	
[2026-01-21 12:39:24.444] [info] knee_tx_r 	 0.00180027 	
[2026-01-21 12:39:24.444] [info] knee_ty_r 	 0.000278663 	
[2026-01-21 12:39:24.444] [info] knee_tz_r 	 -0.000352124 	
[2026-01-21 12:39:24.444] [info] pf_flex_r 	 0.116631 	
[2026-01-21 12:39:24.444] [info] pf_rot_r 	 -5.2415e-05 	
[2026-01-21 12:39:24.444] [info] pf_tilt_r 	 -0.0662807 	
[2026-01-21 12:39:24.444] [info] pf_tx_r 	 0.0529384 	
[2026-01-21 12:39:24.444] [info] pf_ty_r 	 0.00786165 	
[2026-01-21 12:39:24.444] [info] pf_tz_r 	 0.00487635 	
[2026-01-21 12:39:24.755] [info] Time: 1.19
[2026-01-21 12:39:24.756] [info] 		 VALUE 		DELTA
[2026-01-21 12:39:24.756] [info] knee_add_r 	 -0.00444852 	
[2026-01-21 12:39:24.756] [info] knee_rot_r 	 0.0100120 	
[2026-01-21 12:39:24.756] [info] knee_tx_r 	 0.00180031 	
[2026-01-21 12:39:24.756] [info] knee_ty_r 	 0.000279833 	
[2026-01-21 12:39:24.756] [info] knee_tz_r 	 -0.000351204 	
[2026-01-21 12:39:24.756] [info] pf_flex_r 	 0.117041 	
[2026-01-21 12:39:24.756] [info] pf_rot_r 	 -8.43546e-05 	
[2026-01-21 12:39:24.756] [info] pf_tilt_r 	 -0.0665842 	
[2026-01-21 12:39:24.756] [info] pf_tx_r 	 0.0529821 	
[2026-01-21 12:39:24.756] [info] pf_ty_r 	 0.00786687 	
[2026-01-21 12:39:24.756] [info] pf_tz_r 	 0.00485834 	
[2026-01-21 12:39:25.024] [info] Time: 1.2
[2026-01-21 12:39:25.025] [info] 		 VALUE 		DELTA
[2026-01-21 12:39:25.025] [info] knee_add_r 	 -0.00444820 	
[2026-01-21 12:39:25.025] [info] knee_rot_r 	 0.0100106 	
[2026-01-21 12:39:25.025] [info] knee_tx_r 	 0.00179897 	
[2026-01-21 12:39:25.025] [info] knee_ty_r 	 0.000280852 	
[2026-01-21 12:39:25.025] [info] knee_tz_r 	 -0.000351106 	
[2026-01-21 12:39:25.025] [info] pf_flex_r 	 0.117472 	
[2026-01-21 12:39:25.025] [info] pf_rot_r 	 -0.000114514 	
[2026-01-21 12:39:25.025] [info] pf_tilt_r 	 -0.0668842 	
[2026-01-21 12:39:25.025] [info] pf_tx_r 	 0.0530445 	
[2026-01-21 12:39:25.025] [info] pf_ty_r 	 0.00789418 	
[2026-01-21 12:39:25.025] [info] pf_tz_r 	 0.00483492 	
[2026-01-21 12:39:26.599] [info] Time: 1.21
[2026-01-21 12:39:26.599] [info] 		 VALUE 		DELTA
[2026-01-21 12:39:26.599] [info] knee_add_r 	 -0.00444279 	
[2026-01-21 12:39:26.599] [info] knee_rot_r 	 0.0100055 	
[2026-01-21 12:39:26.599] [info] knee_tx_r 	 0.00179849 	
[2026-01-21 12:39:26.599] [info] knee_ty_r 	 0.000275853 	
[2026-01-21 12:39:26.599] [info] knee_tz_r 	 -0.000349311 	
[2026-01-21 12:39:26.599] [info] pf_flex_r 	 0.117902 	
[2026-01-21 12:39:26.599] [info] pf_rot_r 	 -0.000151667 	
[2026-01-21 12:39:26.599] [info] pf_tilt_r 	 -0.0671654 	
[2026-01-21 12:39:26.599] [info] pf_tx_r 	 0.0531064 	
[2026-01-21 12:39:26.599] [info] pf_ty_r 	 0.00791766 	
[2026-01-21 12:39:26.599] [info] pf_tz_r 	 0.00481169 	
[2026-01-21 12:39:26.785] [info] Time: 1.22
[2026-01-21 12:39:26.785] [info] 		 VALUE 		DELTA
[2026-01-21 12:39:26.785] [info] knee_add_r 	 -0.00443888 	
[2026-01-21 12:39:26.785] [info] knee_rot_r 	 0.0100018 	
[2026-01-21 12:39:26.785] [info] knee_tx_r 	 0.00179880 	
[2026-01-21 12:39:26.785] [info] knee_ty_r 	 0.000266402 	
[2026-01-21 12:39:26.785] [info] knee_tz_r 	 -0.000347868 	
[2026-01-21 12:39:26.785] [info] pf_flex_r 	 0.118349 	
[2026-01-21 12:39:26.785] [info] pf_rot_r 	 -0.000190156 	
[2026-01-21 12:39:26.785] [info] pf_tilt_r 	 -0.0674411 	
[2026-01-21 12:39:26.785] [info] pf_tx_r 	 0.053136 	
[2026-01-21 12:39:26.785] [info] pf_ty_r 	 0.00793331 	
[2026-01-21 12:39:26.785] [info] pf_tz_r 	 0.00479892 	
[2026-01-21 12:39:26.957] [info] Time: 1.23
[2026-01-21 12:39:26.957] [info] 		 VALUE 		DELTA
[2026-01-21 12:39:26.957] [info] knee_add_r 	 -0.00443692 	
[2026-01-21 12:39:26.957] [info] knee_rot_r 	 0.00999997 	
[2026-01-21 12:39:26.957] [info] knee_tx_r 	 0.00179775 	
[2026-01-21 12:39:26.957] [info] knee_ty_r 	 0.000263898 	
[2026-01-21 12:39:26.957] [info] knee_tz_r 	 -0.000347221 	
[2026-01-21 12:39:26.957] [info] pf_flex_r 	 0.118802 	
[2026-01-21 12:39:26.957] [info] pf_rot_r 	 -0.000225466 	
[2026-01-21 12:39:26.957] [info] pf_tilt_r 	 -0.067723 	
[2026-01-21 12:39:26.957] [info] pf_tx_r 	 0.0531548 	
[2026-01-21 12:39:26.957] [info] pf_ty_r 	 0.00795537 	
[2026-01-21 12:39:26.957] [info] pf_tz_r 	 0.00478803 	
[2026-01-21 12:39:27.246] [info] Time: 1.24
[2026-01-21 12:39:27.246] [info] 		 VALUE 		DELTA
[2026-01-21 12:39:27.246] [info] knee_add_r 	 -0.00443834 	
[2026-01-21 12:39:27.246] [info] knee_rot_r 	 0.0100028 	
[2026-01-21 12:39:27.246] [info] knee_tx_r 	 0.00179704 	
[2026-01-21 12:39:27.246] [info] knee_ty_r 	 0.000267065 	
[2026-01-21 12:39:27.246] [info] knee_tz_r 	 -0.000347609 	
[2026-01-21 12:39:27.247] [info] pf_flex_r 	 0.119251 	
[2026-01-21 12:39:27.247] [info] pf_rot_r 	 -0.000261489 	
[2026-01-21 12:39:27.247] [info] pf_tilt_r 	 -0.0679997 	
[2026-01-21 12:39:27.247] [info] pf_tx_r 	 0.053179 	
[2026-01-21 12:39:27.247] [info] pf_ty_r 	 0.00795827 	
[2026-01-21 12:39:27.247] [info] pf_tz_r 	 0.00477458 	
[2026-01-21 12:39:27.428] [info] Time: 1.25
[2026-01-21 12:39:27.428] [info] 		 VALUE 		DELTA
[2026-01-21 12:39:27.428] [info] knee_add_r 	 -0.00444228 	
[2026-01-21 12:39:27.428] [info] knee_rot_r 	 0.0100087 	
[2026-01-21 12:39:27.428] [info] knee_tx_r 	 0.00179603 	
[2026-01-21 12:39:27.428] [info] knee_ty_r 	 0.000270316 	
[2026-01-21 12:39:27.428] [info] knee_tz_r 	 -0.000348699 	
[2026-01-21 12:39:27.428] [info] pf_flex_r 	 0.119697 	
[2026-01-21 12:39:27.429] [info] pf_rot_r 	 -0.000296659 	
[2026-01-21 12:39:27.429] [info] pf_tilt_r 	 -0.0682743 	
[2026-01-21 12:39:27.429] [info] pf_tx_r 	 0.0531711 	
[2026-01-21 12:39:27.429] [info] pf_ty_r 	 0.00796400 	
[2026-01-21 12:39:27.429] [info] pf_tz_r 	 0.00477586 	
[2026-01-21 12:39:27.640] [info] Time: 1.26
[2026-01-21 12:39:27.640] [info] 		 VALUE 		DELTA
[2026-01-21 12:39:27.640] [info] knee_add_r 	 -0.00444755 	
[2026-01-21 12:39:27.640] [info] knee_rot_r 	 0.0100165 	
[2026-01-21 12:39:27.640] [info] knee_tx_r 	 0.00179661 	
[2026-01-21 12:39:27.640] [info] knee_ty_r 	 0.000270090 	
[2026-01-21 12:39:27.640] [info] knee_tz_r 	 -0.000350018 	
[2026-01-21 12:39:27.640] [info] pf_flex_r 	 0.120142 	
[2026-01-21 12:39:27.640] [info] pf_rot_r 	 -0.000329984 	
[2026-01-21 12:39:27.640] [info] pf_tilt_r 	 -0.068543 	
[2026-01-21 12:39:27.640] [info] pf_tx_r 	 0.0531573 	
[2026-01-21 12:39:27.640] [info] pf_ty_r 	 0.00795117 	
[2026-01-21 12:39:27.640] [info] pf_tz_r 	 0.00477882 	
[2026-01-21 12:39:29.164] [info] Time: 1.27
[2026-01-21 12:39:29.164] [info] 		 VALUE 		DELTA
[2026-01-21 12:39:29.164] [info] knee_add_r 	 -0.00445045 	
[2026-01-21 12:39:29.164] [info] knee_rot_r 	 0.0100214 	
[2026-01-21 12:39:29.164] [info] knee_tx_r 	 0.00179675 	
[2026-01-21 12:39:29.164] [info] knee_ty_r 	 0.000269848 	
[2026-01-21 12:39:29.165] [info] knee_tz_r 	 -0.000350523 	
[2026-01-21 12:39:29.165] [info] pf_flex_r 	 0.120573 	
[2026-01-21 12:39:29.165] [info] pf_rot_r 	 -0.000362551 	
[2026-01-21 12:39:29.165] [info] pf_tilt_r 	 -0.0688050 	
[2026-01-21 12:39:29.165] [info] pf_tx_r 	 0.0531192 	
[2026-01-21 12:39:29.165] [info] pf_ty_r 	 0.00794720 	
[2026-01-21 12:39:29.165] [info] pf_tz_r 	 0.00479049 	
[2026-01-21 12:39:29.452] [info] Time: 1.28
[2026-01-21 12:39:29.452] [info] 		 VALUE 		DELTA
[2026-01-21 12:39:29.452] [info] knee_add_r 	 -0.00445435 	
[2026-01-21 12:39:29.452] [info] knee_rot_r 	 0.0100250 	
[2026-01-21 12:39:29.453] [info] knee_tx_r 	 0.00179745 	
[2026-01-21 12:39:29.453] [info] knee_ty_r 	 0.000269966 	
[2026-01-21 12:39:29.453] [info] knee_tz_r 	 -0.000351403 	
[2026-01-21 12:39:29.453] [info] pf_flex_r 	 0.120982 	
[2026-01-21 12:39:29.453] [info] pf_rot_r 	 -0.000392188 	
[2026-01-21 12:39:29.453] [info] pf_tilt_r 	 -0.0690666 	
[2026-01-21 12:39:29.453] [info] pf_tx_r 	 0.0530712 	
[2026-01-21 12:39:29.453] [info] pf_ty_r 	 0.00793164 	
[2026-01-21 12:39:29.453] [info] pf_tz_r 	 0.00480248 	
[2026-01-21 12:39:29.645] [info] Time: 1.29
[2026-01-21 12:39:29.645] [info] 		 VALUE 		DELTA
[2026-01-21 12:39:29.645] [info] knee_add_r 	 -0.00445779 	
[2026-01-21 12:39:29.645] [info] knee_rot_r 	 0.0100263 	
[2026-01-21 12:39:29.645] [info] knee_tx_r 	 0.00179672 	
[2026-01-21 12:39:29.645] [info] knee_ty_r 	 0.000273096 	
[2026-01-21 12:39:29.645] [info] knee_tz_r 	 -0.000352297 	
[2026-01-21 12:39:29.645] [info] pf_flex_r 	 0.121365 	
[2026-01-21 12:39:29.645] [info] pf_rot_r 	 -0.000415502 	
[2026-01-21 12:39:29.645] [info] pf_tilt_r 	 -0.0693387 	
[2026-01-21 12:39:29.645] [info] pf_tx_r 	 0.0530089 	
[2026-01-21 12:39:29.645] [info] pf_ty_r 	 0.00792941 	
[2026-01-21 12:39:29.645] [info] pf_tz_r 	 0.00482046 	
[2026-01-21 12:39:29.916] [info] Time: 1.3
[2026-01-21 12:39:29.916] [info] 		 VALUE 		DELTA
[2026-01-21 12:39:29.916] [info] knee_add_r 	 -0.00446524 	
[2026-01-21 12:39:29.917] [info] knee_rot_r 	 0.0100315 	
[2026-01-21 12:39:29.917] [info] knee_tx_r 	 0.00179812 	
[2026-01-21 12:39:29.917] [info] knee_ty_r 	 0.000277700 	
[2026-01-21 12:39:29.917] [info] knee_tz_r 	 -0.000354366 	
[2026-01-21 12:39:29.917] [info] pf_flex_r 	 0.121743 	
[2026-01-21 12:39:29.917] [info] pf_rot_r 	 -0.000439995 	
[2026-01-21 12:39:29.917] [info] pf_tilt_r 	 -0.0695978 	
[2026-01-21 12:39:29.917] [info] pf_tx_r 	 0.0529741 	
[2026-01-21 12:39:29.917] [info] pf_ty_r 	 0.00789016 	
[2026-01-21 12:39:29.917] [info] pf_tz_r 	 0.00482983 	
[2026-01-21 12:39:30.158] [info] Time: 1.31
[2026-01-21 12:39:30.158] [info] 		 VALUE 		DELTA
[2026-01-21 12:39:30.158] [info] knee_add_r 	 -0.00446685 	
[2026-01-21 12:39:30.158] [info] knee_rot_r 	 0.0100304 	
[2026-01-21 12:39:30.158] [info] knee_tx_r 	 0.00179590 	
[2026-01-21 12:39:30.158] [info] knee_ty_r 	 0.000285245 	
[2026-01-21 12:39:30.158] [info] knee_tz_r 	 -0.000354715 	
[2026-01-21 12:39:30.158] [info] pf_flex_r 	 0.122092 	
[2026-01-21 12:39:30.158] [info] pf_rot_r 	 -0.000457388 	
[2026-01-21 12:39:30.158] [info] pf_tilt_r 	 -0.0698657 	
[2026-01-21 12:39:30.158] [info] pf_tx_r 	 0.0529319 	
[2026-01-21 12:39:30.158] [info] pf_ty_r 	 0.00790859 	
[2026-01-21 12:39:30.158] [info] pf_tz_r 	 0.00484274 	
[2026-01-21 12:39:30.390] [info] Time: 1.32
[2026-01-21 12:39:30.390] [info] 		 VALUE 		DELTA
[2026-01-21 12:39:30.390] [info] knee_add_r 	 -0.00447231 	
[2026-01-21 12:39:30.390] [info] knee_rot_r 	 0.0100311 	
[2026-01-21 12:39:30.390] [info] knee_tx_r 	 0.00179817 	
[2026-01-21 12:39:30.390] [info] knee_ty_r 	 0.000283527 	
[2026-01-21 12:39:30.390] [info] knee_tz_r 	 -0.000356108 	
[2026-01-21 12:39:30.390] [info] pf_flex_r 	 0.122436 	
[2026-01-21 12:39:30.390] [info] pf_rot_r 	 -0.000476942 	
[2026-01-21 12:39:30.390] [info] pf_tilt_r 	 -0.0701174 	
[2026-01-21 12:39:30.390] [info] pf_tx_r 	 0.0529197 	
[2026-01-21 12:39:30.390] [info] pf_ty_r 	 0.00786937 	
[2026-01-21 12:39:30.390] [info] pf_tz_r 	 0.00484178 	
[2026-01-21 12:39:32.211] [info] Time: 1.33
[2026-01-21 12:39:32.212] [info] 		 VALUE 		DELTA
[2026-01-21 12:39:32.212] [info] knee_add_r 	 -0.00446994 	
[2026-01-21 12:39:32.212] [info] knee_rot_r 	 0.0100243 	
[2026-01-21 12:39:32.212] [info] knee_tx_r 	 0.00179553 	
[2026-01-21 12:39:32.212] [info] knee_ty_r 	 0.000284568 	
[2026-01-21 12:39:32.212] [info] knee_tz_r 	 -0.000355161 	
[2026-01-21 12:39:32.212] [info] pf_flex_r 	 0.122774 	
[2026-01-21 12:39:32.212] [info] pf_rot_r 	 -0.000491788 	
[2026-01-21 12:39:32.212] [info] pf_tilt_r 	 -0.0703824 	
[2026-01-21 12:39:32.212] [info] pf_tx_r 	 0.0529113 	
[2026-01-21 12:39:32.212] [info] pf_ty_r 	 0.00790837 	
[2026-01-21 12:39:32.212] [info] pf_tz_r 	 0.00484122 	
[2026-01-21 12:39:32.397] [info] Time: 1.34
[2026-01-21 12:39:32.397] [info] 		 VALUE 		DELTA
[2026-01-21 12:39:32.397] [info] knee_add_r 	 -0.00446720 	
[2026-01-21 12:39:32.398] [info] knee_rot_r 	 0.0100143 	
[2026-01-21 12:39:32.398] [info] knee_tx_r 	 0.00179707 	
[2026-01-21 12:39:32.398] [info] knee_ty_r 	 0.000278498 	
[2026-01-21 12:39:32.398] [info] knee_tz_r 	 -0.000354125 	
[2026-01-21 12:39:32.398] [info] pf_flex_r 	 0.123091 	
[2026-01-21 12:39:32.398] [info] pf_rot_r 	 -0.000514970 	
[2026-01-21 12:39:32.398] [info] pf_tilt_r 	 -0.0706270 	
[2026-01-21 12:39:32.398] [info] pf_tx_r 	 0.0529261 	
[2026-01-21 12:39:32.398] [info] pf_ty_r 	 0.00789291 	
[2026-01-21 12:39:32.398] [info] pf_tz_r 	 0.00483314 	
[2026-01-21 12:39:32.612] [info] Time: 1.35
[2026-01-21 12:39:32.612] [info] 		 VALUE 		DELTA
[2026-01-21 12:39:32.612] [info] knee_add_r 	 -0.00446551 	
[2026-01-21 12:39:32.612] [info] knee_rot_r 	 0.0100068 	
[2026-01-21 12:39:32.612] [info] knee_tx_r 	 0.00179573 	
[2026-01-21 12:39:32.612] [info] knee_ty_r 	 0.000277567 	
[2026-01-21 12:39:32.612] [info] knee_tz_r 	 -0.000353418 	
[2026-01-21 12:39:32.612] [info] pf_flex_r 	 0.123427 	
[2026-01-21 12:39:32.612] [info] pf_rot_r 	 -0.000533161 	
[2026-01-21 12:39:32.612] [info] pf_tilt_r 	 -0.0708718 	
[2026-01-21 12:39:32.613] [info] pf_tx_r 	 0.0529569 	
[2026-01-21 12:39:32.613] [info] pf_ty_r 	 0.00792063 	
[2026-01-21 12:39:32.613] [info] pf_tz_r 	 0.00482313 	
[2026-01-21 12:39:32.890] [info] Time: 1.36
[2026-01-21 12:39:32.890] [info] 		 VALUE 		DELTA
[2026-01-21 12:39:32.890] [info] knee_add_r 	 -0.00446084 	
[2026-01-21 12:39:32.890] [info] knee_rot_r 	 0.00999645 	
[2026-01-21 12:39:32.891] [info] knee_tx_r 	 0.00179552 	
[2026-01-21 12:39:32.891] [info] knee_ty_r 	 0.000277508 	
[2026-01-21 12:39:32.891] [info] knee_tz_r 	 -0.000351868 	
[2026-01-21 12:39:32.891] [info] pf_flex_r 	 0.123754 	
[2026-01-21 12:39:32.891] [info] pf_rot_r 	 -0.000557395 	
[2026-01-21 12:39:32.891] [info] pf_tilt_r 	 -0.0711034 	
[2026-01-21 12:39:32.891] [info] pf_tx_r 	 0.0530111 	
[2026-01-21 12:39:32.891] [info] pf_ty_r 	 0.00793316 	
[2026-01-21 12:39:32.891] [info] pf_tz_r 	 0.00480457 	
[2026-01-21 12:39:33.359] [info] Time: 1.37
[2026-01-21 12:39:33.359] [info] 		 VALUE 		DELTA
[2026-01-21 12:39:33.359] [info] knee_add_r 	 -0.00446167 	
[2026-01-21 12:39:33.359] [info] knee_rot_r 	 0.00999301 	
[2026-01-21 12:39:33.359] [info] knee_tx_r 	 0.00179468 	
[2026-01-21 12:39:33.359] [info] knee_ty_r 	 0.000276680 	
[2026-01-21 12:39:33.359] [info] knee_tz_r 	 -0.000351905 	
[2026-01-21 12:39:33.359] [info] pf_flex_r 	 0.124113 	
[2026-01-21 12:39:33.359] [info] pf_rot_r 	 -0.000578989 	
[2026-01-21 12:39:33.359] [info] pf_tilt_r 	 -0.0713326 	
[2026-01-21 12:39:33.359] [info] pf_tx_r 	 0.0530712 	
[2026-01-21 12:39:33.359] [info] pf_ty_r 	 0.00795536 	
[2026-01-21 12:39:33.359] [info] pf_tz_r 	 0.00478339 	
[2026-01-21 12:39:33.595] [info] Time: 1.38
[2026-01-21 12:39:33.595] [info] 		 VALUE 		DELTA
[2026-01-21 12:39:33.595] [info] knee_add_r 	 -0.00445775 	
[2026-01-21 12:39:33.595] [info] knee_rot_r 	 0.00998658 	
[2026-01-21 12:39:33.595] [info] knee_tx_r 	 0.00179392 	
[2026-01-21 12:39:33.595] [info] knee_ty_r 	 0.000273393 	
[2026-01-21 12:39:33.595] [info] knee_tz_r 	 -0.000350450 	
[2026-01-21 12:39:33.595] [info] pf_flex_r 	 0.124474 	
[2026-01-21 12:39:33.595] [info] pf_rot_r 	 -0.000604712 	
[2026-01-21 12:39:33.595] [info] pf_tilt_r 	 -0.071556 	
[2026-01-21 12:39:33.595] [info] pf_tx_r 	 0.0531167 	
[2026-01-21 12:39:33.595] [info] pf_ty_r 	 0.00797932 	
[2026-01-21 12:39:33.595] [info] pf_tz_r 	 0.00476625 	
[2026-01-21 12:39:35.450] [info] Time: 1.39
[2026-01-21 12:39:35.450] [info] 		 VALUE 		DELTA
[2026-01-21 12:39:35.450] [info] knee_add_r 	 -0.00445843 	
[2026-01-21 12:39:35.450] [info] knee_rot_r 	 0.00998517 	
[2026-01-21 12:39:35.450] [info] knee_tx_r 	 0.00179413 	
[2026-01-21 12:39:35.450] [info] knee_ty_r 	 0.000267944 	
[2026-01-21 12:39:35.450] [info] knee_tz_r 	 -0.000350366 	
[2026-01-21 12:39:35.450] [info] pf_flex_r 	 0.124854 	
[2026-01-21 12:39:35.450] [info] pf_rot_r 	 -0.000632972 	
[2026-01-21 12:39:35.450] [info] pf_tilt_r 	 -0.0717682 	
[2026-01-21 12:39:35.450] [info] pf_tx_r 	 0.0531469 	
[2026-01-21 12:39:35.450] [info] pf_ty_r 	 0.00798789 	
[2026-01-21 12:39:35.450] [info] pf_tz_r 	 0.00475421 	
[2026-01-21 12:39:35.781] [info] Time: 1.4
[2026-01-21 12:39:35.781] [info] 		 VALUE 		DELTA
[2026-01-21 12:39:35.781] [info] knee_add_r 	 -0.00445864 	
[2026-01-21 12:39:35.781] [info] knee_rot_r 	 0.00998492 	
[2026-01-21 12:39:35.781] [info] knee_tx_r 	 0.00179350 	
[2026-01-21 12:39:35.781] [info] knee_ty_r 	 0.000267395 	
[2026-01-21 12:39:35.781] [info] knee_tz_r 	 -0.000350228 	
[2026-01-21 12:39:35.781] [info] pf_flex_r 	 0.125239 	
[2026-01-21 12:39:35.781] [info] pf_rot_r 	 -0.000659916 	
[2026-01-21 12:39:35.781] [info] pf_tilt_r 	 -0.0719836 	
[2026-01-21 12:39:35.781] [info] pf_tx_r 	 0.0531556 	
[2026-01-21 12:39:35.781] [info] pf_ty_r 	 0.00799947 	
[2026-01-21 12:39:35.782] [info] pf_tz_r 	 0.00474914 	
[2026-01-21 12:39:36.150] [info] Time: 1.41
[2026-01-21 12:39:36.150] [info] 		 VALUE 		DELTA
[2026-01-21 12:39:36.150] [info] knee_add_r 	 -0.00446206 	
[2026-01-21 12:39:36.150] [info] knee_rot_r 	 0.00998846 	
[2026-01-21 12:39:36.150] [info] knee_tx_r 	 0.00179419 	
[2026-01-21 12:39:36.150] [info] knee_ty_r 	 0.000268623 	
[2026-01-21 12:39:36.150] [info] knee_tz_r 	 -0.000351090 	
[2026-01-21 12:39:36.150] [info] pf_flex_r 	 0.125612 	
[2026-01-21 12:39:36.150] [info] pf_rot_r 	 -0.000690349 	
[2026-01-21 12:39:36.150] [info] pf_tilt_r 	 -0.0721821 	
[2026-01-21 12:39:36.150] [info] pf_tx_r 	 0.053132 	
[2026-01-21 12:39:36.150] [info] pf_ty_r 	 0.00798383 	
[2026-01-21 12:39:36.150] [info] pf_tz_r 	 0.00475809 	
[2026-01-21 12:39:37.172] [info] Time: 1.42
[2026-01-21 12:39:37.172] [info] 		 VALUE 		DELTA
[2026-01-21 12:39:37.172] [info] knee_add_r 	 -0.00447107 	
[2026-01-21 12:39:37.172] [info] knee_rot_r 	 0.00999868 	
[2026-01-21 12:39:37.172] [info] knee_tx_r 	 0.00179491 	
[2026-01-21 12:39:37.172] [info] knee_ty_r 	 0.000274477 	
[2026-01-21 12:39:37.172] [info] knee_tz_r 	 -0.000353703 	
[2026-01-21 12:39:37.172] [info] pf_flex_r 	 0.125986 	
[2026-01-21 12:39:37.172] [info] pf_rot_r 	 -0.000718184 	
[2026-01-21 12:39:37.172] [info] pf_tilt_r 	 -0.0723608 	
[2026-01-21 12:39:37.173] [info] pf_tx_r 	 0.0530904 	
[2026-01-21 12:39:37.173] [info] pf_ty_r 	 0.00796055 	
[2026-01-21 12:39:37.173] [info] pf_tz_r 	 0.00477443 	
[2026-01-21 12:39:37.470] [info] Time: 1.43
[2026-01-21 12:39:37.470] [info] 		 VALUE 		DELTA
[2026-01-21 12:39:37.470] [info] knee_add_r 	 -0.00447294 	
[2026-01-21 12:39:37.470] [info] knee_rot_r 	 0.0100021 	
[2026-01-21 12:39:37.470] [info] knee_tx_r 	 0.00179544 	
[2026-01-21 12:39:37.470] [info] knee_ty_r 	 0.000279186 	
[2026-01-21 12:39:37.470] [info] knee_tz_r 	 -0.000354104 	
[2026-01-21 12:39:37.470] [info] pf_flex_r 	 0.126317 	
[2026-01-21 12:39:37.470] [info] pf_rot_r 	 -0.000743740 	
[2026-01-21 12:39:37.470] [info] pf_tilt_r 	 -0.0725334 	
[2026-01-21 12:39:37.470] [info] pf_tx_r 	 0.0530169 	
[2026-01-21 12:39:37.471] [info] pf_ty_r 	 0.00794397 	
[2026-01-21 12:39:37.471] [info] pf_tz_r 	 0.00480252 	
[2026-01-21 12:39:37.876] [info] Time: 1.44
[2026-01-21 12:39:37.876] [info] 		 VALUE 		DELTA
[2026-01-21 12:39:37.876] [info] knee_add_r 	 -0.00448469 	
[2026-01-21 12:39:37.876] [info] knee_rot_r 	 0.0100130 	
[2026-01-21 12:39:37.876] [info] knee_tx_r 	 0.00179802 	
[2026-01-21 12:39:37.876] [info] knee_ty_r 	 0.000282128 	
[2026-01-21 12:39:37.876] [info] knee_tz_r 	 -0.000357572 	
[2026-01-21 12:39:37.876] [info] pf_flex_r 	 0.126648 	
[2026-01-21 12:39:37.876] [info] pf_rot_r 	 -0.000766882 	
[2026-01-21 12:39:37.876] [info] pf_tilt_r 	 -0.07267 	
[2026-01-21 12:39:37.876] [info] pf_tx_r 	 0.0529596 	
[2026-01-21 12:39:37.876] [info] pf_ty_r 	 0.00789497 	
[2026-01-21 12:39:37.877] [info] pf_tz_r 	 0.00482178 	
[2026-01-21 12:39:39.803] [info] Time: 1.45
[2026-01-21 12:39:39.803] [info] 		 VALUE 		DELTA
[2026-01-21 12:39:39.803] [info] knee_add_r 	 -0.00448169 	
[2026-01-21 12:39:39.803] [info] knee_rot_r 	 0.0100107 	
[2026-01-21 12:39:39.803] [info] knee_tx_r 	 0.00179729 	
[2026-01-21 12:39:39.803] [info] knee_ty_r 	 0.000287570 	
[2026-01-21 12:39:39.803] [info] knee_tz_r 	 -0.000356560 	
[2026-01-21 12:39:39.803] [info] pf_flex_r 	 0.126932 	
[2026-01-21 12:39:39.803] [info] pf_rot_r 	 -0.000791786 	
[2026-01-21 12:39:39.803] [info] pf_tilt_r 	 -0.0727869 	
[2026-01-21 12:39:39.803] [info] pf_tx_r 	 0.0529063 	
[2026-01-21 12:39:39.803] [info] pf_ty_r 	 0.00789928 	
[2026-01-21 12:39:39.803] [info] pf_tz_r 	 0.00484064 	
[2026-01-21 12:39:40.038] [info] Time: 1.46
[2026-01-21 12:39:40.038] [info] 		 VALUE 		DELTA
[2026-01-21 12:39:40.038] [info] knee_add_r 	 -0.00448729 	
[2026-01-21 12:39:40.038] [info] knee_rot_r 	 0.0100123 	
[2026-01-21 12:39:40.038] [info] knee_tx_r 	 0.00179905 	
[2026-01-21 12:39:40.038] [info] knee_ty_r 	 0.000287044 	
[2026-01-21 12:39:40.038] [info] knee_tz_r 	 -0.000358353 	
[2026-01-21 12:39:40.038] [info] pf_flex_r 	 0.127209 	
[2026-01-21 12:39:40.038] [info] pf_rot_r 	 -0.000811467 	
[2026-01-21 12:39:40.038] [info] pf_tilt_r 	 -0.0728879 	
[2026-01-21 12:39:40.038] [info] pf_tx_r 	 0.0528849 	
[2026-01-21 12:39:40.038] [info] pf_ty_r 	 0.00787022 	
[2026-01-21 12:39:40.038] [info] pf_tz_r 	 0.00484554 	
[2026-01-21 12:39:40.365] [info] Time: 1.47
[2026-01-21 12:39:40.365] [info] 		 VALUE 		DELTA
[2026-01-21 12:39:40.365] [info] knee_add_r 	 -0.00447950 	
[2026-01-21 12:39:40.365] [info] knee_rot_r 	 0.0100007 	
[2026-01-21 12:39:40.365] [info] knee_tx_r 	 0.00179519 	
[2026-01-21 12:39:40.365] [info] knee_ty_r 	 0.000288161 	
[2026-01-21 12:39:40.365] [info] knee_tz_r 	 -0.000356171 	
[2026-01-21 12:39:40.365] [info] pf_flex_r 	 0.127458 	
[2026-01-21 12:39:40.365] [info] pf_rot_r 	 -0.000819026 	
[2026-01-21 12:39:40.365] [info] pf_tilt_r 	 -0.0730283 	
[2026-01-21 12:39:40.365] [info] pf_tx_r 	 0.0528772 	
[2026-01-21 12:39:40.365] [info] pf_ty_r 	 0.00792363 	
[2026-01-21 12:39:40.365] [info] pf_tz_r 	 0.00484414 	
[2026-01-21 12:39:40.595] [info] Time: 1.48
[2026-01-21 12:39:40.595] [info] 		 VALUE 		DELTA
[2026-01-21 12:39:40.595] [info] knee_add_r 	 -0.00447782 	
[2026-01-21 12:39:40.595] [info] knee_rot_r 	 0.00999190 	
[2026-01-21 12:39:40.595] [info] knee_tx_r 	 0.00179795 	
[2026-01-21 12:39:40.595] [info] knee_ty_r 	 0.000278882 	
[2026-01-21 12:39:40.595] [info] knee_tz_r 	 -0.000355713 	
[2026-01-21 12:39:40.595] [info] pf_flex_r 	 0.127715 	
[2026-01-21 12:39:40.595] [info] pf_rot_r 	 -0.000834838 	
[2026-01-21 12:39:40.595] [info] pf_tilt_r 	 -0.0731538 	
[2026-01-21 12:39:40.595] [info] pf_tx_r 	 0.052914 	
[2026-01-21 12:39:40.595] [info] pf_ty_r 	 0.00788587 	
[2026-01-21 12:39:40.595] [info] pf_tz_r 	 0.00482588 	
[2026-01-21 12:39:40.872] [info] Time: 1.49
[2026-01-21 12:39:40.872] [info] 		 VALUE 		DELTA
[2026-01-21 12:39:40.872] [info] knee_add_r 	 -0.00447286 	
[2026-01-21 12:39:40.872] [info] knee_rot_r 	 0.00998105 	
[2026-01-21 12:39:40.872] [info] knee_tx_r 	 0.00179272 	
[2026-01-21 12:39:40.872] [info] knee_ty_r 	 0.000282568 	
[2026-01-21 12:39:40.872] [info] knee_tz_r 	 -0.000354423 	
[2026-01-21 12:39:40.872] [info] pf_flex_r 	 0.12799 	
[2026-01-21 12:39:40.872] [info] pf_rot_r 	 -0.000836939 	
[2026-01-21 12:39:40.872] [info] pf_tilt_r 	 -0.07332 	
[2026-01-21 12:39:40.872] [info] pf_tx_r 	 0.0529562 	
[2026-01-21 12:39:40.872] [info] pf_ty_r 	 0.00796198 	
[2026-01-21 12:39:40.872] [info] pf_tz_r 	 0.00480862 	
[2026-01-21 12:39:41.050] [info] Time: 1.5
[2026-01-21 12:39:41.050] [info] 		 VALUE 		DELTA
[2026-01-21 12:39:41.050] [info] knee_add_r 	 -0.00446657 	
[2026-01-21 12:39:41.051] [info] knee_rot_r 	 0.00996857 	
[2026-01-21 12:39:41.051] [info] knee_tx_r 	 0.00179476 	
[2026-01-21 12:39:41.051] [info] knee_ty_r 	 0.000276998 	
[2026-01-21 12:39:41.051] [info] knee_tz_r 	 -0.000352416 	
[2026-01-21 12:39:41.051] [info] pf_flex_r 	 0.128256 	
[2026-01-21 12:39:41.051] [info] pf_rot_r 	 -0.000850365 	
[2026-01-21 12:39:41.051] [info] pf_tilt_r 	 -0.0734869 	
[2026-01-21 12:39:41.051] [info] pf_tx_r 	 0.0530137 	
[2026-01-21 12:39:41.051] [info] pf_ty_r 	 0.00793975 	
[2026-01-21 12:39:41.051] [info] pf_tz_r 	 0.00478423 	
[2026-01-21 12:39:42.724] [info] Time: 1.51
[2026-01-21 12:39:42.724] [info] 		 VALUE 		DELTA
[2026-01-21 12:39:42.724] [info] knee_add_r 	 -0.00447178 	
[2026-01-21 12:39:42.724] [info] knee_rot_r 	 0.00996850 	
[2026-01-21 12:39:42.724] [info] knee_tx_r 	 0.00179145 	
[2026-01-21 12:39:42.724] [info] knee_ty_r 	 0.000278636 	
[2026-01-21 12:39:42.724] [info] knee_tz_r 	 -0.000353852 	
[2026-01-21 12:39:42.724] [info] pf_flex_r 	 0.12858 	
[2026-01-21 12:39:42.724] [info] pf_rot_r 	 -0.000849413 	
[2026-01-21 12:39:42.724] [info] pf_tilt_r 	 -0.0736738 	
[2026-01-21 12:39:42.724] [info] pf_tx_r 	 0.0530674 	
[2026-01-21 12:39:42.725] [info] pf_ty_r 	 0.00799185 	
[2026-01-21 12:39:42.725] [info] pf_tz_r 	 0.00476189 	
[2026-01-21 12:39:42.879] [info] Time: 1.52
[2026-01-21 12:39:42.879] [info] 		 VALUE 		DELTA
[2026-01-21 12:39:42.879] [info] knee_add_r 	 -0.00446192 	
[2026-01-21 12:39:42.879] [info] knee_rot_r 	 0.00995520 	
[2026-01-21 12:39:42.879] [info] knee_tx_r 	 0.00179149 	
[2026-01-21 12:39:42.880] [info] knee_ty_r 	 0.000274005 	
[2026-01-21 12:39:42.880] [info] knee_tz_r 	 -0.000350473 	
[2026-01-21 12:39:42.880] [info] pf_flex_r 	 0.128861 	
[2026-01-21 12:39:42.880] [info] pf_rot_r 	 -0.000865702 	
[2026-01-21 12:39:42.880] [info] pf_tilt_r 	 -0.0738457 	
[2026-01-21 12:39:42.880] [info] pf_tx_r 	 0.0531135 	
[2026-01-21 12:39:42.880] [info] pf_ty_r 	 0.00800448 	
[2026-01-21 12:39:42.880] [info] pf_tz_r 	 0.00474587 	
[2026-01-21 12:39:43.135] [info] Time: 1.53
[2026-01-21 12:39:43.135] [info] 		 VALUE 		DELTA
[2026-01-21 12:39:43.135] [info] knee_add_r 	 -0.00447002 	
[2026-01-21 12:39:43.135] [info] knee_rot_r 	 0.00995870 	
[2026-01-21 12:39:43.135] [info] knee_tx_r 	 0.00179186 	
[2026-01-21 12:39:43.135] [info] knee_ty_r 	 0.000267589 	
[2026-01-21 12:39:43.135] [info] knee_tz_r 	 -0.000352418 	
[2026-01-21 12:39:43.135] [info] pf_flex_r 	 0.129205 	
[2026-01-21 12:39:43.135] [info] pf_rot_r 	 -0.000873863 	
[2026-01-21 12:39:43.135] [info] pf_tilt_r 	 -0.0740160 	
[2026-01-21 12:39:43.135] [info] pf_tx_r 	 0.0531417 	
[2026-01-21 12:39:43.135] [info] pf_ty_r 	 0.00801137 	
[2026-01-21 12:39:43.135] [info] pf_tz_r 	 0.00473887 	
[2026-01-21 12:39:43.291] [info] Time: 1.54
[2026-01-21 12:39:43.291] [info] 		 VALUE 		DELTA
[2026-01-21 12:39:43.291] [info] knee_add_r 	 -0.00446388 	
[2026-01-21 12:39:43.292] [info] knee_rot_r 	 0.00995116 	
[2026-01-21 12:39:43.292] [info] knee_tx_r 	 0.00179131 	
[2026-01-21 12:39:43.292] [info] knee_ty_r 	 0.000267329 	
[2026-01-21 12:39:43.292] [info] knee_tz_r 	 -0.000350023 	
[2026-01-21 12:39:43.292] [info] pf_flex_r 	 0.12951 	
[2026-01-21 12:39:43.292] [info] pf_rot_r 	 -0.000888119 	
[2026-01-21 12:39:43.292] [info] pf_tilt_r 	 -0.0741776 	
[2026-01-21 12:39:43.292] [info] pf_tx_r 	 0.053129 	
[2026-01-21 12:39:43.292] [info] pf_ty_r 	 0.00802455 	
[2026-01-21 12:39:43.292] [info] pf_tz_r 	 0.00474587 	
[2026-01-21 12:39:43.529] [info] Time: 1.55
[2026-01-21 12:39:43.529] [info] 		 VALUE 		DELTA
[2026-01-21 12:39:43.529] [info] knee_add_r 	 -0.00447634 	
[2026-01-21 12:39:43.529] [info] knee_rot_r 	 0.00995934 	
[2026-01-21 12:39:43.529] [info] knee_tx_r 	 0.00179302 	
[2026-01-21 12:39:43.529] [info] knee_ty_r 	 0.000269638 	
[2026-01-21 12:39:43.529] [info] knee_tz_r 	 -0.000353419 	
[2026-01-21 12:39:43.529] [info] pf_flex_r 	 0.129834 	
[2026-01-21 12:39:43.530] [info] pf_rot_r 	 -0.000899594 	
[2026-01-21 12:39:43.530] [info] pf_tilt_r 	 -0.074325 	
[2026-01-21 12:39:43.530] [info] pf_tx_r 	 0.0530949 	
[2026-01-21 12:39:43.530] [info] pf_ty_r 	 0.00799087 	
[2026-01-21 12:39:43.530] [info] pf_tz_r 	 0.00475776 	
[2026-01-21 12:39:43.710] [info] Time: 1.56
[2026-01-21 12:39:43.710] [info] 		 VALUE 		DELTA
[2026-01-21 12:39:43.710] [info] knee_add_r 	 -0.00447979 	
[2026-01-21 12:39:43.710] [info] knee_rot_r 	 0.00996224 	
[2026-01-21 12:39:43.710] [info] knee_tx_r 	 0.00179240 	
[2026-01-21 12:39:43.710] [info] knee_ty_r 	 0.000278567 	
[2026-01-21 12:39:43.710] [info] knee_tz_r 	 -0.000354137 	
[2026-01-21 12:39:43.710] [info] pf_flex_r 	 0.130120 	
[2026-01-21 12:39:43.710] [info] pf_rot_r 	 -0.000909120 	
[2026-01-21 12:39:43.710] [info] pf_tilt_r 	 -0.0744659 	
[2026-01-21 12:39:43.710] [info] pf_tx_r 	 0.0530304 	
[2026-01-21 12:39:43.710] [info] pf_ty_r 	 0.00798399 	
[2026-01-21 12:39:43.710] [info] pf_tz_r 	 0.00477964 	
[2026-01-21 12:39:45.447] [info] Time: 1.57
[2026-01-21 12:39:45.447] [info] 		 VALUE 		DELTA
[2026-01-21 12:39:45.448] [info] knee_add_r 	 -0.00448938 	
[2026-01-21 12:39:45.448] [info] knee_rot_r 	 0.00996824 	
[2026-01-21 12:39:45.448] [info] knee_tx_r 	 0.00179416 	
[2026-01-21 12:39:45.448] [info] knee_ty_r 	 0.000282220 	
[2026-01-21 12:39:45.448] [info] knee_tz_r 	 -0.000356829 	
[2026-01-21 12:39:45.448] [info] pf_flex_r 	 0.130383 	
[2026-01-21 12:39:45.448] [info] pf_rot_r 	 -0.000915327 	
[2026-01-21 12:39:45.448] [info] pf_tilt_r 	 -0.074594 	
[2026-01-21 12:39:45.448] [info] pf_tx_r 	 0.0529591 	
[2026-01-21 12:39:45.448] [info] pf_ty_r 	 0.00794249 	
[2026-01-21 12:39:45.448] [info] pf_tz_r 	 0.00480324 	
[2026-01-21 12:39:45.679] [info] Time: 1.58
[2026-01-21 12:39:45.680] [info] 		 VALUE 		DELTA
[2026-01-21 12:39:45.680] [info] knee_add_r 	 -0.00449312 	
[2026-01-21 12:39:45.680] [info] knee_rot_r 	 0.00996945 	
[2026-01-21 12:39:45.680] [info] knee_tx_r 	 0.00179478 	
[2026-01-21 12:39:45.680] [info] knee_ty_r 	 0.000285211 	
[2026-01-21 12:39:45.680] [info] knee_tz_r 	 -0.000357788 	
[2026-01-21 12:39:45.680] [info] pf_flex_r 	 0.130623 	
[2026-01-21 12:39:45.680] [info] pf_rot_r 	 -0.000925693 	
[2026-01-21 12:39:45.680] [info] pf_tilt_r 	 -0.074687 	
[2026-01-21 12:39:45.680] [info] pf_tx_r 	 0.0528955 	
[2026-01-21 12:39:45.680] [info] pf_ty_r 	 0.00792126 	
[2026-01-21 12:39:45.680] [info] pf_tz_r 	 0.00482546 	
[2026-01-21 12:39:46.091] [info] Time: 1.59
[2026-01-21 12:39:46.091] [info] 		 VALUE 		DELTA
[2026-01-21 12:39:46.091] [info] knee_add_r 	 -0.00449331 	
[2026-01-21 12:39:46.091] [info] knee_rot_r 	 0.00996525 	
[2026-01-21 12:39:46.091] [info] knee_tx_r 	 0.00179561 	
[2026-01-21 12:39:46.091] [info] knee_ty_r 	 0.000286581 	
[2026-01-21 12:39:46.091] [info] knee_tz_r 	 -0.000357828 	
[2026-01-21 12:39:46.091] [info] pf_flex_r 	 0.130834 	
[2026-01-21 12:39:46.091] [info] pf_rot_r 	 -0.000939566 	
[2026-01-21 12:39:46.091] [info] pf_tilt_r 	 -0.0747416 	
[2026-01-21 12:39:46.091] [info] pf_tx_r 	 0.0528762 	
[2026-01-21 12:39:46.091] [info] pf_ty_r 	 0.00790787 	
[2026-01-21 12:39:46.091] [info] pf_tz_r 	 0.00483793 	
[2026-01-21 12:39:46.484] [info] Time: 1.6
[2026-01-21 12:39:46.484] [info] 		 VALUE 		DELTA
[2026-01-21 12:39:46.484] [info] knee_add_r 	 -0.00448956 	
[2026-01-21 12:39:46.484] [info] knee_rot_r 	 0.00995614 	
[2026-01-21 12:39:46.485] [info] knee_tx_r 	 0.00179517 	
[2026-01-21 12:39:46.485] [info] knee_ty_r 	 0.000286147 	
[2026-01-21 12:39:46.485] [info] knee_tz_r 	 -0.000356768 	
[2026-01-21 12:39:46.485] [info] pf_flex_r 	 0.131025 	
[2026-01-21 12:39:46.485] [info] pf_rot_r 	 -0.000946726 	
[2026-01-21 12:39:46.485] [info] pf_tilt_r 	 -0.0747865 	
[2026-01-21 12:39:46.485] [info] pf_tx_r 	 0.0528872 	
[2026-01-21 12:39:46.485] [info] pf_ty_r 	 0.00792312 	
[2026-01-21 12:39:46.485] [info] pf_tz_r 	 0.00483690 	
[2026-01-21 12:39:46.908] [info] Time: 1.61
[2026-01-21 12:39:46.908] [info] 		 VALUE 		DELTA
[2026-01-21 12:39:46.908] [info] knee_add_r 	 -0.00448479 	
[2026-01-21 12:39:46.908] [info] knee_rot_r 	 0.00994622 	
[2026-01-21 12:39:46.908] [info] knee_tx_r 	 0.00179650 	
[2026-01-21 12:39:46.908] [info] knee_ty_r 	 0.000281736 	
[2026-01-21 12:39:46.908] [info] knee_tz_r 	 -0.000355349 	
[2026-01-21 12:39:46.908] [info] pf_flex_r 	 0.131234 	
[2026-01-21 12:39:46.908] [info] pf_rot_r 	 -0.000959010 	
[2026-01-21 12:39:46.908] [info] pf_tilt_r 	 -0.0748228 	
[2026-01-21 12:39:46.908] [info] pf_tx_r 	 0.0529379 	
[2026-01-21 12:39:46.908] [info] pf_ty_r 	 0.00792078 	
[2026-01-21 12:39:46.908] [info] pf_tz_r 	 0.00482054 	
[2026-01-21 12:39:47.242] [info] Time: 1.62
[2026-01-21 12:39:47.243] [info] 		 VALUE 		DELTA
[2026-01-21 12:39:47.243] [info] knee_add_r 	 -0.00447837 	
[2026-01-21 12:39:47.243] [info] knee_rot_r 	 0.00993514 	
[2026-01-21 12:39:47.243] [info] knee_tx_r 	 0.00179422 	
[2026-01-21 12:39:47.243] [info] knee_ty_r 	 0.000280921 	
[2026-01-21 12:39:47.243] [info] knee_tz_r 	 -0.000353595 	
[2026-01-21 12:39:47.243] [info] pf_flex_r 	 0.131455 	
[2026-01-21 12:39:47.243] [info] pf_rot_r 	 -0.000965729 	
[2026-01-21 12:39:47.243] [info] pf_tilt_r 	 -0.0748682 	
[2026-01-21 12:39:47.243] [info] pf_tx_r 	 0.0530185 	
[2026-01-21 12:39:47.243] [info] pf_ty_r 	 0.00797186 	
[2026-01-21 12:39:47.243] [info] pf_tz_r 	 0.00479269 	
[2026-01-21 12:39:49.079] [info] Time: 1.63
[2026-01-21 12:39:49.079] [info] 		 VALUE 		DELTA
[2026-01-21 12:39:49.079] [info] knee_add_r 	 -0.00447068 	
[2026-01-21 12:39:49.079] [info] knee_rot_r 	 0.00992497 	
[2026-01-21 12:39:49.079] [info] knee_tx_r 	 0.00179564 	
[2026-01-21 12:39:49.079] [info] knee_ty_r 	 0.000273735 	
[2026-01-21 12:39:49.079] [info] knee_tz_r 	 -0.000351262 	
[2026-01-21 12:39:49.079] [info] pf_flex_r 	 0.131694 	
[2026-01-21 12:39:49.079] [info] pf_rot_r 	 -0.000979701 	
[2026-01-21 12:39:49.079] [info] pf_tilt_r 	 -0.0749082 	
[2026-01-21 12:39:49.079] [info] pf_tx_r 	 0.0530916 	
[2026-01-21 12:39:49.079] [info] pf_ty_r 	 0.00796921 	
[2026-01-21 12:39:49.079] [info] pf_tz_r 	 0.00477010 	
[2026-01-21 12:39:49.337] [info] Time: 1.64
[2026-01-21 12:39:49.337] [info] 		 VALUE 		DELTA
[2026-01-21 12:39:49.338] [info] knee_add_r 	 -0.00446939 	
[2026-01-21 12:39:49.338] [info] knee_rot_r 	 0.00992237 	
[2026-01-21 12:39:49.338] [info] knee_tx_r 	 0.00179373 	
[2026-01-21 12:39:49.338] [info] knee_ty_r 	 0.000272056 	
[2026-01-21 12:39:49.338] [info] knee_tz_r 	 -0.000350970 	
[2026-01-21 12:39:49.338] [info] pf_flex_r 	 0.131975 	
[2026-01-21 12:39:49.338] [info] pf_rot_r 	 -0.000986226 	
[2026-01-21 12:39:49.338] [info] pf_tilt_r 	 -0.0749609 	
[2026-01-21 12:39:49.338] [info] pf_tx_r 	 0.0531463 	
[2026-01-21 12:39:49.338] [info] pf_ty_r 	 0.00800775 	
[2026-01-21 12:39:49.338] [info] pf_tz_r 	 0.00475048 	
[2026-01-21 12:39:49.689] [info] Time: 1.65
[2026-01-21 12:39:49.690] [info] 		 VALUE 		DELTA
[2026-01-21 12:39:49.690] [info] knee_add_r 	 -0.00446470 	
[2026-01-21 12:39:49.690] [info] knee_rot_r 	 0.00991735 	
[2026-01-21 12:39:49.690] [info] knee_tx_r 	 0.00179194 	
[2026-01-21 12:39:49.690] [info] knee_ty_r 	 0.000271958 	
[2026-01-21 12:39:49.690] [info] knee_tz_r 	 -0.000349743 	
[2026-01-21 12:39:49.690] [info] pf_flex_r 	 0.132245 	
[2026-01-21 12:39:49.690] [info] pf_rot_r 	 -0.000992926 	
[2026-01-21 12:39:49.690] [info] pf_tilt_r 	 -0.0750213 	
[2026-01-21 12:39:49.690] [info] pf_tx_r 	 0.0532011 	
[2026-01-21 12:39:49.690] [info] pf_ty_r 	 0.00803854 	
[2026-01-21 12:39:49.690] [info] pf_tz_r 	 0.00472926 	
[2026-01-21 12:39:49.939] [info] Time: 1.66
[2026-01-21 12:39:49.939] [info] 		 VALUE 		DELTA
[2026-01-21 12:39:49.939] [info] knee_add_r 	 -0.00446521 	
[2026-01-21 12:39:49.939] [info] knee_rot_r 	 0.00991933 	
[2026-01-21 12:39:49.939] [info] knee_tx_r 	 0.00179273 	
[2026-01-21 12:39:49.939] [info] knee_ty_r 	 0.000266008 	
[2026-01-21 12:39:49.939] [info] knee_tz_r 	 -0.000349735 	
[2026-01-21 12:39:49.939] [info] pf_flex_r 	 0.132533 	
[2026-01-21 12:39:49.939] [info] pf_rot_r 	 -0.000999664 	
[2026-01-21 12:39:49.940] [info] pf_tilt_r 	 -0.0750826 	
[2026-01-21 12:39:49.940] [info] pf_tx_r 	 0.0532182 	
[2026-01-21 12:39:49.940] [info] pf_ty_r 	 0.00803053 	
[2026-01-21 12:39:49.940] [info] pf_tz_r 	 0.00472168 	
[2026-01-21 12:39:50.250] [info] Time: 1.67
[2026-01-21 12:39:50.250] [info] 		 VALUE 		DELTA
[2026-01-21 12:39:50.250] [info] knee_add_r 	 -0.00446768 	
[2026-01-21 12:39:50.250] [info] knee_rot_r 	 0.00992244 	
[2026-01-21 12:39:50.250] [info] knee_tx_r 	 0.00179061 	
[2026-01-21 12:39:50.250] [info] knee_ty_r 	 0.000266937 	
[2026-01-21 12:39:50.250] [info] knee_tz_r 	 -0.000350499 	
[2026-01-21 12:39:50.250] [info] pf_flex_r 	 0.13283 	
[2026-01-21 12:39:50.250] [info] pf_rot_r 	 -0.000998155 	
[2026-01-21 12:39:50.250] [info] pf_tilt_r 	 -0.0751579 	
[2026-01-21 12:39:50.250] [info] pf_tx_r 	 0.0532169 	
[2026-01-21 12:39:50.250] [info] pf_ty_r 	 0.00806015 	
[2026-01-21 12:39:50.250] [info] pf_tz_r 	 0.00472213 	
[2026-01-21 12:39:50.491] [info] Time: 1.68
[2026-01-21 12:39:50.491] [info] 		 VALUE 		DELTA
[2026-01-21 12:39:50.491] [info] knee_add_r 	 -0.00446619 	
[2026-01-21 12:39:50.491] [info] knee_rot_r 	 0.00992212 	
[2026-01-21 12:39:50.491] [info] knee_tx_r 	 0.00179223 	
[2026-01-21 12:39:50.491] [info] knee_ty_r 	 0.000264023 	
[2026-01-21 12:39:50.491] [info] knee_tz_r 	 -0.000349750 	
[2026-01-21 12:39:50.491] [info] pf_flex_r 	 0.133087 	
[2026-01-21 12:39:50.491] [info] pf_rot_r 	 -0.00100112 	
[2026-01-21 12:39:50.491] [info] pf_tilt_r 	 -0.0752315 	
[2026-01-21 12:39:50.491] [info] pf_tx_r 	 0.0531788 	
[2026-01-21 12:39:50.491] [info] pf_ty_r 	 0.00803039 	
[2026-01-21 12:39:50.491] [info] pf_tz_r 	 0.00473150 	
[2026-01-21 12:39:52.325] [info] Time: 1.69
[2026-01-21 12:39:52.325] [info] 		 VALUE 		DELTA
[2026-01-21 12:39:52.325] [info] knee_add_r 	 -0.00447987 	
[2026-01-21 12:39:52.325] [info] knee_rot_r 	 0.00993394 	
[2026-01-21 12:39:52.325] [info] knee_tx_r 	 0.00179142 	
[2026-01-21 12:39:52.325] [info] knee_ty_r 	 0.000270039 	
[2026-01-21 12:39:52.325] [info] knee_tz_r 	 -0.000353860 	
[2026-01-21 12:39:52.325] [info] pf_flex_r 	 0.133379 	
[2026-01-21 12:39:52.325] [info] pf_rot_r 	 -0.000991054 	
[2026-01-21 12:39:52.325] [info] pf_tilt_r 	 -0.0753294 	
[2026-01-21 12:39:52.325] [info] pf_tx_r 	 0.0531174 	
[2026-01-21 12:39:52.325] [info] pf_ty_r 	 0.00802295 	
[2026-01-21 12:39:52.325] [info] pf_tz_r 	 0.00474959 	
[2026-01-21 12:39:52.546] [info] Time: 1.7
[2026-01-21 12:39:52.546] [info] 		 VALUE 		DELTA
[2026-01-21 12:39:52.546] [info] knee_add_r 	 -0.00448278 	
[2026-01-21 12:39:52.546] [info] knee_rot_r 	 0.00993793 	
[2026-01-21 12:39:52.546] [info] knee_tx_r 	 0.00179237 	
[2026-01-21 12:39:52.546] [info] knee_ty_r 	 0.000278603 	
[2026-01-21 12:39:52.546] [info] knee_tz_r 	 -0.000354471 	
[2026-01-21 12:39:52.546] [info] pf_flex_r 	 0.133613 	
[2026-01-21 12:39:52.546] [info] pf_rot_r 	 -0.000991985 	
[2026-01-21 12:39:52.546] [info] pf_tilt_r 	 -0.0754014 	
[2026-01-21 12:39:52.546] [info] pf_tx_r 	 0.0530517 	
[2026-01-21 12:39:52.546] [info] pf_ty_r 	 0.00798583 	
[2026-01-21 12:39:52.546] [info] pf_tz_r 	 0.00477604 	
[2026-01-21 12:39:52.825] [info] Time: 1.71
[2026-01-21 12:39:52.825] [info] 		 VALUE 		DELTA
[2026-01-21 12:39:52.825] [info] knee_add_r 	 -0.00449714 	
[2026-01-21 12:39:52.825] [info] knee_rot_r 	 0.00995024 	
[2026-01-21 12:39:52.825] [info] knee_tx_r 	 0.00179384 	
[2026-01-21 12:39:52.825] [info] knee_ty_r 	 0.000285201 	
[2026-01-21 12:39:52.825] [info] knee_tz_r 	 -0.000358471 	
[2026-01-21 12:39:52.825] [info] pf_flex_r 	 0.133847 	
[2026-01-21 12:39:52.825] [info] pf_rot_r 	 -0.000980680 	
[2026-01-21 12:39:52.825] [info] pf_tilt_r 	 -0.0754604 	
[2026-01-21 12:39:52.825] [info] pf_tx_r 	 0.0529656 	
[2026-01-21 12:39:52.825] [info] pf_ty_r 	 0.00794637 	
[2026-01-21 12:39:52.825] [info] pf_tz_r 	 0.00481108 	
[2026-01-21 12:39:53.156] [info] Time: 1.72
[2026-01-21 12:39:53.156] [info] 		 VALUE 		DELTA
[2026-01-21 12:39:53.157] [info] knee_add_r 	 -0.00449870 	
[2026-01-21 12:39:53.157] [info] knee_rot_r 	 0.00995018 	
[2026-01-21 12:39:53.157] [info] knee_tx_r 	 0.00179515 	
[2026-01-21 12:39:53.157] [info] knee_ty_r 	 0.000288887 	
[2026-01-21 12:39:53.157] [info] knee_tz_r 	 -0.000358448 	
[2026-01-21 12:39:53.157] [info] pf_flex_r 	 0.134032 	
[2026-01-21 12:39:53.157] [info] pf_rot_r 	 -0.000978679 	
[2026-01-21 12:39:53.157] [info] pf_tilt_r 	 -0.075474 	
[2026-01-21 12:39:53.157] [info] pf_tx_r 	 0.0529048 	
[2026-01-21 12:39:53.157] [info] pf_ty_r 	 0.00792100 	
[2026-01-21 12:39:53.157] [info] pf_tz_r 	 0.00483271 	
[2026-01-21 12:39:53.457] [info] Time: 1.73
[2026-01-21 12:39:53.457] [info] 		 VALUE 		DELTA
[2026-01-21 12:39:53.457] [info] knee_add_r 	 -0.00450273 	
[2026-01-21 12:39:53.457] [info] knee_rot_r 	 0.00994849 	
[2026-01-21 12:39:53.457] [info] knee_tx_r 	 0.00179617 	
[2026-01-21 12:39:53.457] [info] knee_ty_r 	 0.000288379 	
[2026-01-21 12:39:53.457] [info] knee_tz_r 	 -0.000359341 	
[2026-01-21 12:39:53.457] [info] pf_flex_r 	 0.134202 	
[2026-01-21 12:39:53.457] [info] pf_rot_r 	 -0.000973612 	
[2026-01-21 12:39:53.457] [info] pf_tilt_r 	 -0.0754672 	
[2026-01-21 12:39:53.457] [info] pf_tx_r 	 0.0528621 	
[2026-01-21 12:39:53.457] [info] pf_ty_r 	 0.00790786 	
[2026-01-21 12:39:53.457] [info] pf_tz_r 	 0.00484873 	
[2026-01-21 12:39:55.312] [info] Time: 1.74
[2026-01-21 12:39:55.312] [info] 		 VALUE 		DELTA
[2026-01-21 12:39:55.313] [info] knee_add_r 	 -0.00450000 	
[2026-01-21 12:39:55.313] [info] knee_rot_r 	 0.00994057 	
[2026-01-21 12:39:55.313] [info] knee_tx_r 	 0.00179679 	
[2026-01-21 12:39:55.313] [info] knee_ty_r 	 0.000287511 	
[2026-01-21 12:39:55.313] [info] knee_tz_r 	 -0.000358281 	
[2026-01-21 12:39:55.313] [info] pf_flex_r 	 0.134359 	
[2026-01-21 12:39:55.313] [info] pf_rot_r 	 -0.000972398 	
[2026-01-21 12:39:55.313] [info] pf_tilt_r 	 -0.0754476 	
[2026-01-21 12:39:55.313] [info] pf_tx_r 	 0.0528512 	
[2026-01-21 12:39:55.313] [info] pf_ty_r 	 0.00790230 	
[2026-01-21 12:39:55.313] [info] pf_tz_r 	 0.00485180 	
[2026-01-21 12:39:55.722] [info] Time: 1.75
[2026-01-21 12:39:55.722] [info] 		 VALUE 		DELTA
[2026-01-21 12:39:55.722] [info] knee_add_r 	 -0.00449971 	
[2026-01-21 12:39:55.722] [info] knee_rot_r 	 0.00993500 	
[2026-01-21 12:39:55.722] [info] knee_tx_r 	 0.00179705 	
[2026-01-21 12:39:55.722] [info] knee_ty_r 	 0.000288888 	
[2026-01-21 12:39:55.723] [info] knee_tz_r 	 -0.000358147 	
[2026-01-21 12:39:55.723] [info] pf_flex_r 	 0.134524 	
[2026-01-21 12:39:55.723] [info] pf_rot_r 	 -0.000970590 	
[2026-01-21 12:39:55.723] [info] pf_tilt_r 	 -0.0754217 	
[2026-01-21 12:39:55.723] [info] pf_tx_r 	 0.0528722 	
[2026-01-21 12:39:55.723] [info] pf_ty_r 	 0.00789997 	
[2026-01-21 12:39:55.723] [info] pf_tz_r 	 0.00484499 	
[2026-01-21 12:39:56.186] [info] Time: 1.76
[2026-01-21 12:39:56.186] [info] 		 VALUE 		DELTA
[2026-01-21 12:39:56.186] [info] knee_add_r 	 -0.00449273 	
[2026-01-21 12:39:56.186] [info] knee_rot_r 	 0.00992286 	
[2026-01-21 12:39:56.186] [info] knee_tx_r 	 0.00179516 	
[2026-01-21 12:39:56.186] [info] knee_ty_r 	 0.000289012 	
[2026-01-21 12:39:56.186] [info] knee_tz_r 	 -0.000356150 	
[2026-01-21 12:39:56.186] [info] pf_flex_r 	 0.134677 	
[2026-01-21 12:39:56.187] [info] pf_rot_r 	 -0.000964286 	
[2026-01-21 12:39:56.187] [info] pf_tilt_r 	 -0.0754039 	
[2026-01-21 12:39:56.187] [info] pf_tx_r 	 0.0529341 	
[2026-01-21 12:39:56.187] [info] pf_ty_r 	 0.00793603 	
[2026-01-21 12:39:56.187] [info] pf_tz_r 	 0.00482632 	
[2026-01-21 12:39:56.608] [info] Time: 1.77
[2026-01-21 12:39:56.608] [info] 		 VALUE 		DELTA
[2026-01-21 12:39:56.608] [info] knee_add_r 	 -0.00448910 	
[2026-01-21 12:39:56.608] [info] knee_rot_r 	 0.00991434 	
[2026-01-21 12:39:56.608] [info] knee_tx_r 	 0.00179386 	
[2026-01-21 12:39:56.608] [info] knee_ty_r 	 0.000285044 	
[2026-01-21 12:39:56.608] [info] knee_tz_r 	 -0.000355182 	
[2026-01-21 12:39:56.608] [info] pf_flex_r 	 0.134853 	
[2026-01-21 12:39:56.608] [info] pf_rot_r 	 -0.000950214 	
[2026-01-21 12:39:56.608] [info] pf_tilt_r 	 -0.0754101 	
[2026-01-21 12:39:56.608] [info] pf_tx_r 	 0.0530209 	
[2026-01-21 12:39:56.608] [info] pf_ty_r 	 0.00796311 	
[2026-01-21 12:39:56.608] [info] pf_tz_r 	 0.00479387 	
[2026-01-21 12:39:57.033] [info] Time: 1.78
[2026-01-21 12:39:57.033] [info] 		 VALUE 		DELTA
[2026-01-21 12:39:57.033] [info] knee_add_r 	 -0.00447949 	
[2026-01-21 12:39:57.033] [info] knee_rot_r 	 0.00990194 	
[2026-01-21 12:39:57.033] [info] knee_tx_r 	 0.00179312 	
[2026-01-21 12:39:57.033] [info] knee_ty_r 	 0.000275537 	
[2026-01-21 12:39:57.033] [info] knee_tz_r 	 -0.000352218 	
[2026-01-21 12:39:57.033] [info] pf_flex_r 	 0.135046 	
[2026-01-21 12:39:57.033] [info] pf_rot_r 	 -0.000945848 	
[2026-01-21 12:39:57.033] [info] pf_tilt_r 	 -0.0754167 	
[2026-01-21 12:39:57.033] [info] pf_tx_r 	 0.0530913 	
[2026-01-21 12:39:57.034] [info] pf_ty_r 	 0.00799273 	
[2026-01-21 12:39:57.034] [info] pf_tz_r 	 0.00477033 	
[2026-01-21 12:39:57.535] [info] Time: 1.79
[2026-01-21 12:39:57.535] [info] 		 VALUE 		DELTA
[2026-01-21 12:39:57.535] [info] knee_add_r 	 -0.00447385 	
[2026-01-21 12:39:57.535] [info] knee_rot_r 	 0.00989305 	
[2026-01-21 12:39:57.535] [info] knee_tx_r 	 0.00179250 	
[2026-01-21 12:39:57.535] [info] knee_ty_r 	 0.000267495 	
[2026-01-21 12:39:57.535] [info] knee_tz_r 	 -0.000350527 	
[2026-01-21 12:39:57.535] [info] pf_flex_r 	 0.135262 	
[2026-01-21 12:39:57.535] [info] pf_rot_r 	 -0.000936836 	
[2026-01-21 12:39:57.535] [info] pf_tilt_r 	 -0.0754306 	
[2026-01-21 12:39:57.535] [info] pf_tx_r 	 0.0531598 	
[2026-01-21 12:39:57.536] [info] pf_ty_r 	 0.00802401 	
[2026-01-21 12:39:57.536] [info] pf_tz_r 	 0.00475052 	
[2026-01-21 12:40:01.130] [info] Time: 1.8
[2026-01-21 12:40:01.130] [info] 		 VALUE 		DELTA
[2026-01-21 12:40:01.130] [info] knee_add_r 	 -0.00446750 	
[2026-01-21 12:40:01.130] [info] knee_rot_r 	 0.00988558 	
[2026-01-21 12:40:01.130] [info] knee_tx_r 	 0.00179166 	
[2026-01-21 12:40:01.130] [info] knee_ty_r 	 0.000264772 	
[2026-01-21 12:40:01.130] [info] knee_tz_r 	 -0.000348564 	
[2026-01-21 12:40:01.130] [info] pf_flex_r 	 0.135483 	
[2026-01-21 12:40:01.130] [info] pf_rot_r 	 -0.000926899 	
[2026-01-21 12:40:01.130] [info] pf_tilt_r 	 -0.0754468 	
[2026-01-21 12:40:01.130] [info] pf_tx_r 	 0.0532181 	
[2026-01-21 12:40:01.130] [info] pf_ty_r 	 0.00805206 	
[2026-01-21 12:40:01.130] [info] pf_tz_r 	 0.00473274 	
[2026-01-21 12:40:01.507] [info] Time: 1.81
[2026-01-21 12:40:01.507] [info] 		 VALUE 		DELTA
[2026-01-21 12:40:01.507] [info] knee_add_r 	 -0.00446829 	
[2026-01-21 12:40:01.507] [info] knee_rot_r 	 0.00988578 	
[2026-01-21 12:40:01.507] [info] knee_tx_r 	 0.00179111 	
[2026-01-21 12:40:01.507] [info] knee_ty_r 	 0.000264685 	
[2026-01-21 12:40:01.507] [info] knee_tz_r 	 -0.000348729 	
[2026-01-21 12:40:01.507] [info] pf_flex_r 	 0.135723 	
[2026-01-21 12:40:01.507] [info] pf_rot_r 	 -0.000914482 	
[2026-01-21 12:40:01.507] [info] pf_tilt_r 	 -0.0754677 	
[2026-01-21 12:40:01.507] [info] pf_tx_r 	 0.0532736 	
[2026-01-21 12:40:01.507] [info] pf_ty_r 	 0.00806740 	
[2026-01-21 12:40:01.507] [info] pf_tz_r 	 0.00471357 	
[2026-01-21 12:40:01.816] [info] Time: 1.82
[2026-01-21 12:40:01.816] [info] 		 VALUE 		DELTA
[2026-01-21 12:40:01.816] [info] knee_add_r 	 -0.00447330 	
[2026-01-21 12:40:01.816] [info] knee_rot_r 	 0.00989445 	
[2026-01-21 12:40:01.816] [info] knee_tx_r 	 0.00179075 	
[2026-01-21 12:40:01.816] [info] knee_ty_r 	 0.000267201 	
[2026-01-21 12:40:01.816] [info] knee_tz_r 	 -0.000350010 	
[2026-01-21 12:40:01.816] [info] pf_flex_r 	 0.136002 	
[2026-01-21 12:40:01.816] [info] pf_rot_r 	 -0.000905402 	
[2026-01-21 12:40:01.816] [info] pf_tilt_r 	 -0.0754979 	
[2026-01-21 12:40:01.816] [info] pf_tx_r 	 0.0532634 	
[2026-01-21 12:40:01.816] [info] pf_ty_r 	 0.00806790 	
[2026-01-21 12:40:01.816] [info] pf_tz_r 	 0.00471990 	
[2026-01-21 12:40:02.125] [info] Time: 1.83
[2026-01-21 12:40:02.125] [info] 		 VALUE 		DELTA
[2026-01-21 12:40:02.125] [info] knee_add_r 	 -0.00447930 	
[2026-01-21 12:40:02.125] [info] knee_rot_r 	 0.00990278 	
[2026-01-21 12:40:02.125] [info] knee_tx_r 	 0.00179058 	
[2026-01-21 12:40:02.125] [info] knee_ty_r 	 0.000268666 	
[2026-01-21 12:40:02.125] [info] knee_tz_r 	 -0.000351592 	
[2026-01-21 12:40:02.125] [info] pf_flex_r 	 0.136253 	
[2026-01-21 12:40:02.125] [info] pf_rot_r 	 -0.000883712 	
[2026-01-21 12:40:02.125] [info] pf_tilt_r 	 -0.075548 	
[2026-01-21 12:40:02.125] [info] pf_tx_r 	 0.0532182 	
[2026-01-21 12:40:02.125] [info] pf_ty_r 	 0.00806074 	
[2026-01-21 12:40:02.125] [info] pf_tz_r 	 0.00473079 	
[2026-01-21 12:40:02.420] [info] Time: 1.84
[2026-01-21 12:40:02.421] [info] 		 VALUE 		DELTA
[2026-01-21 12:40:02.421] [info] knee_add_r 	 -0.00448684 	
[2026-01-21 12:40:02.421] [info] knee_rot_r 	 0.00991104 	
[2026-01-21 12:40:02.421] [info] knee_tx_r 	 0.00179145 	
[2026-01-21 12:40:02.421] [info] knee_ty_r 	 0.000269655 	
[2026-01-21 12:40:02.421] [info] knee_tz_r 	 -0.000353662 	
[2026-01-21 12:40:02.421] [info] pf_flex_r 	 0.136484 	
[2026-01-21 12:40:02.421] [info] pf_rot_r 	 -0.000865320 	
[2026-01-21 12:40:02.421] [info] pf_tilt_r 	 -0.0755978 	
[2026-01-21 12:40:02.421] [info] pf_tx_r 	 0.0531465 	
[2026-01-21 12:40:02.421] [info] pf_ty_r 	 0.00802845 	
[2026-01-21 12:40:02.421] [info] pf_tz_r 	 0.00474627 	
[2026-01-21 12:40:02.758] [info] Time: 1.85
[2026-01-21 12:40:02.758] [info] 		 VALUE 		DELTA
[2026-01-21 12:40:02.758] [info] knee_add_r 	 -0.00449309 	
[2026-01-21 12:40:02.758] [info] knee_rot_r 	 0.00991625 	
[2026-01-21 12:40:02.758] [info] knee_tx_r 	 0.00179143 	
[2026-01-21 12:40:02.758] [info] knee_ty_r 	 0.000274121 	
[2026-01-21 12:40:02.758] [info] knee_tz_r 	 -0.000355502 	
[2026-01-21 12:40:02.758] [info] pf_flex_r 	 0.136685 	
[2026-01-21 12:40:02.758] [info] pf_rot_r 	 -0.000846904 	
[2026-01-21 12:40:02.758] [info] pf_tilt_r 	 -0.0756518 	
[2026-01-21 12:40:02.758] [info] pf_tx_r 	 0.0530488 	
[2026-01-21 12:40:02.758] [info] pf_ty_r 	 0.00800238 	
[2026-01-21 12:40:02.758] [info] pf_tz_r 	 0.00477788 	
[2026-01-21 12:40:04.364] [info] Time: 1.86
[2026-01-21 12:40:04.364] [info] 		 VALUE 		DELTA
[2026-01-21 12:40:04.364] [info] knee_add_r 	 -0.00450078 	
[2026-01-21 12:40:04.364] [info] knee_rot_r 	 0.00992131 	
[2026-01-21 12:40:04.364] [info] knee_tx_r 	 0.00179262 	
[2026-01-21 12:40:04.364] [info] knee_ty_r 	 0.000280719 	
[2026-01-21 12:40:04.364] [info] knee_tz_r 	 -0.000357831 	
[2026-01-21 12:40:04.364] [info] pf_flex_r 	 0.13685 	
[2026-01-21 12:40:04.364] [info] pf_rot_r 	 -0.000826801 	
[2026-01-21 12:40:04.364] [info] pf_tilt_r 	 -0.075684 	
[2026-01-21 12:40:04.364] [info] pf_tx_r 	 0.0529702 	
[2026-01-21 12:40:04.364] [info] pf_ty_r 	 0.00796012 	
[2026-01-21 12:40:04.364] [info] pf_tz_r 	 0.00480844 	
[2026-01-21 12:40:04.693] [info] Time: 1.87
[2026-01-21 12:40:04.693] [info] 		 VALUE 		DELTA
[2026-01-21 12:40:04.693] [info] knee_add_r 	 -0.00450365 	
[2026-01-21 12:40:04.693] [info] knee_rot_r 	 0.00992059 	
[2026-01-21 12:40:04.693] [info] knee_tx_r 	 0.00179251 	
[2026-01-21 12:40:04.693] [info] knee_ty_r 	 0.000288011 	
[2026-01-21 12:40:04.693] [info] knee_tz_r 	 -0.000358655 	
[2026-01-21 12:40:04.693] [info] pf_flex_r 	 0.136979 	
[2026-01-21 12:40:04.693] [info] pf_rot_r 	 -0.000803198 	
[2026-01-21 12:40:04.693] [info] pf_tilt_r 	 -0.0757001 	
[2026-01-21 12:40:04.693] [info] pf_tx_r 	 0.0529113 	
[2026-01-21 12:40:04.693] [info] pf_ty_r 	 0.00794807 	
[2026-01-21 12:40:04.693] [info] pf_tz_r 	 0.00482793 	
[2026-01-21 12:40:05.042] [info] Time: 1.88
[2026-01-21 12:40:05.042] [info] 		 VALUE 		DELTA
[2026-01-21 12:40:05.043] [info] knee_add_r 	 -0.00450401 	
[2026-01-21 12:40:05.043] [info] knee_rot_r 	 0.00991350 	
[2026-01-21 12:40:05.043] [info] knee_tx_r 	 0.00179223 	
[2026-01-21 12:40:05.043] [info] knee_ty_r 	 0.000288833 	
[2026-01-21 12:40:05.043] [info] knee_tz_r 	 -0.000358795 	
[2026-01-21 12:40:05.043] [info] pf_flex_r 	 0.137086 	
[2026-01-21 12:40:05.043] [info] pf_rot_r 	 -0.000774496 	
[2026-01-21 12:40:05.043] [info] pf_tilt_r 	 -0.0757328 	
[2026-01-21 12:40:05.043] [info] pf_tx_r 	 0.0528897 	
[2026-01-21 12:40:05.043] [info] pf_ty_r 	 0.00794961 	
[2026-01-21 12:40:05.043] [info] pf_tz_r 	 0.00482572 	
[2026-01-21 12:40:05.318] [info] Time: 1.89
[2026-01-21 12:40:05.318] [info] 		 VALUE 		DELTA
[2026-01-21 12:40:05.318] [info] knee_add_r 	 -0.00450004 	
[2026-01-21 12:40:05.318] [info] knee_rot_r 	 0.00990156 	
[2026-01-21 12:40:05.318] [info] knee_tx_r 	 0.00179199 	
[2026-01-21 12:40:05.318] [info] knee_ty_r 	 0.000283557 	
[2026-01-21 12:40:05.318] [info] knee_tz_r 	 -0.000357583 	
[2026-01-21 12:40:05.318] [info] pf_flex_r 	 0.137194 	
[2026-01-21 12:40:05.318] [info] pf_rot_r 	 -0.000752714 	
[2026-01-21 12:40:05.318] [info] pf_tilt_r 	 -0.0757618 	
[2026-01-21 12:40:05.318] [info] pf_tx_r 	 0.0529238 	
[2026-01-21 12:40:05.318] [info] pf_ty_r 	 0.00795914 	
[2026-01-21 12:40:05.318] [info] pf_tz_r 	 0.00480820 	
[2026-01-21 12:40:05.683] [info] Time: 1.9
[2026-01-21 12:40:05.683] [info] 		 VALUE 		DELTA
[2026-01-21 12:40:05.683] [info] knee_add_r 	 -0.00449165 	
[2026-01-21 12:40:05.683] [info] knee_rot_r 	 0.00988492 	
[2026-01-21 12:40:05.683] [info] knee_tx_r 	 0.00179001 	
[2026-01-21 12:40:05.683] [info] knee_ty_r 	 0.000278184 	
[2026-01-21 12:40:05.683] [info] knee_tz_r 	 -0.000355127 	
[2026-01-21 12:40:05.683] [info] pf_flex_r 	 0.137321 	
[2026-01-21 12:40:05.683] [info] pf_rot_r 	 -0.000728795 	
[2026-01-21 12:40:05.683] [info] pf_tilt_r 	 -0.0758238 	
[2026-01-21 12:40:05.683] [info] pf_tx_r 	 0.0529875 	
[2026-01-21 12:40:05.683] [info] pf_ty_r 	 0.00800013 	
[2026-01-21 12:40:05.683] [info] pf_tz_r 	 0.00478807 	
[2026-01-21 12:40:07.250] [info] Time: 1.91
[2026-01-21 12:40:07.250] [info] 		 VALUE 		DELTA
[2026-01-21 12:40:07.250] [info] knee_add_r 	 -0.00448592 	
[2026-01-21 12:40:07.251] [info] knee_rot_r 	 0.00987156 	
[2026-01-21 12:40:07.251] [info] knee_tx_r 	 0.00178920 	
[2026-01-21 12:40:07.251] [info] knee_ty_r 	 0.000272936 	
[2026-01-21 12:40:07.251] [info] knee_tz_r 	 -0.000353444 	
[2026-01-21 12:40:07.251] [info] pf_flex_r 	 0.137484 	
[2026-01-21 12:40:07.251] [info] pf_rot_r 	 -0.000700390 	
[2026-01-21 12:40:07.251] [info] pf_tilt_r 	 -0.075928 	
[2026-01-21 12:40:07.251] [info] pf_tx_r 	 0.0530546 	
[2026-01-21 12:40:07.251] [info] pf_ty_r 	 0.00802166 	
[2026-01-21 12:40:07.251] [info] pf_tz_r 	 0.00476397 	
[2026-01-21 12:40:07.444] [info] Time: 1.92
[2026-01-21 12:40:07.444] [info] 		 VALUE 		DELTA
[2026-01-21 12:40:07.444] [info] knee_add_r 	 -0.00448603 	
[2026-01-21 12:40:07.444] [info] knee_rot_r 	 0.00986578 	
[2026-01-21 12:40:07.444] [info] knee_tx_r 	 0.00178676 	
[2026-01-21 12:40:07.444] [info] knee_ty_r 	 0.000274551 	
[2026-01-21 12:40:07.444] [info] knee_tz_r 	 -0.000353555 	
[2026-01-21 12:40:07.444] [info] pf_flex_r 	 0.137682 	
[2026-01-21 12:40:07.445] [info] pf_rot_r 	 -0.000666740 	
[2026-01-21 12:40:07.445] [info] pf_tilt_r 	 -0.0760625 	
[2026-01-21 12:40:07.445] [info] pf_tx_r 	 0.0531092 	
[2026-01-21 12:40:07.445] [info] pf_ty_r 	 0.00805429 	
[2026-01-21 12:40:07.445] [info] pf_tz_r 	 0.00473792 	
[2026-01-21 12:40:07.660] [info] Time: 1.93
[2026-01-21 12:40:07.660] [info] 		 VALUE 		DELTA
[2026-01-21 12:40:07.660] [info] knee_add_r 	 -0.00448601 	
[2026-01-21 12:40:07.660] [info] knee_rot_r 	 0.00986211 	
[2026-01-21 12:40:07.660] [info] knee_tx_r 	 0.00178607 	
[2026-01-21 12:40:07.660] [info] knee_ty_r 	 0.000274714 	
[2026-01-21 12:40:07.660] [info] knee_tz_r 	 -0.000353474 	
[2026-01-21 12:40:07.660] [info] pf_flex_r 	 0.137878 	
[2026-01-21 12:40:07.660] [info] pf_rot_r 	 -0.000644691 	
[2026-01-21 12:40:07.660] [info] pf_tilt_r 	 -0.0761969 	
[2026-01-21 12:40:07.660] [info] pf_tx_r 	 0.0531265 	
[2026-01-21 12:40:07.660] [info] pf_ty_r 	 0.00805836 	
[2026-01-21 12:40:07.660] [info] pf_tz_r 	 0.00472471 	
[2026-01-21 12:40:07.920] [info] Time: 1.94
[2026-01-21 12:40:07.920] [info] 		 VALUE 		DELTA
[2026-01-21 12:40:07.920] [info] knee_add_r 	 -0.00449198 	
[2026-01-21 12:40:07.920] [info] knee_rot_r 	 0.00986514 	
[2026-01-21 12:40:07.920] [info] knee_tx_r 	 0.00178625 	
[2026-01-21 12:40:07.920] [info] knee_ty_r 	 0.000273334 	
[2026-01-21 12:40:07.920] [info] knee_tz_r 	 -0.000355128 	
[2026-01-21 12:40:07.920] [info] pf_flex_r 	 0.138087 	
[2026-01-21 12:40:07.921] [info] pf_rot_r 	 -0.000622283 	
[2026-01-21 12:40:07.921] [info] pf_tilt_r 	 -0.0763329 	
[2026-01-21 12:40:07.921] [info] pf_tx_r 	 0.0531005 	
[2026-01-21 12:40:07.921] [info] pf_ty_r 	 0.00805103 	
[2026-01-21 12:40:07.921] [info] pf_tz_r 	 0.00473405 	
[2026-01-21 12:40:08.236] [info] Time: 1.95
[2026-01-21 12:40:08.237] [info] 		 VALUE 		DELTA
[2026-01-21 12:40:08.237] [info] knee_add_r 	 -0.00449219 	
[2026-01-21 12:40:08.237] [info] knee_rot_r 	 0.00986239 	
[2026-01-21 12:40:08.237] [info] knee_tx_r 	 0.00178658 	
[2026-01-21 12:40:08.237] [info] knee_ty_r 	 0.000273071 	
[2026-01-21 12:40:08.237] [info] knee_tz_r 	 -0.000355035 	
[2026-01-21 12:40:08.237] [info] pf_flex_r 	 0.138257 	
[2026-01-21 12:40:08.237] [info] pf_rot_r 	 -0.000598852 	
[2026-01-21 12:40:08.237] [info] pf_tilt_r 	 -0.0764677 	
[2026-01-21 12:40:08.237] [info] pf_tx_r 	 0.0530408 	
[2026-01-21 12:40:08.237] [info] pf_ty_r 	 0.00804098 	
[2026-01-21 12:40:08.237] [info] pf_tz_r 	 0.00475479 	
[2026-01-21 12:40:08.598] [info] Time: 1.96
[2026-01-21 12:40:08.598] [info] 		 VALUE 		DELTA
[2026-01-21 12:40:08.598] [info] knee_add_r 	 -0.00449694 	
[2026-01-21 12:40:08.598] [info] knee_rot_r 	 0.00986099 	
[2026-01-21 12:40:08.598] [info] knee_tx_r 	 0.00178767 	
[2026-01-21 12:40:08.598] [info] knee_ty_r 	 0.000274087 	
[2026-01-21 12:40:08.598] [info] knee_tz_r 	 -0.000356494 	
[2026-01-21 12:40:08.598] [info] pf_flex_r 	 0.138403 	
[2026-01-21 12:40:08.598] [info] pf_rot_r 	 -0.000576054 	
[2026-01-21 12:40:08.598] [info] pf_tilt_r 	 -0.0765879 	
[2026-01-21 12:40:08.598] [info] pf_tx_r 	 0.0529856 	
[2026-01-21 12:40:08.598] [info] pf_ty_r 	 0.00801699 	
[2026-01-21 12:40:08.598] [info] pf_tz_r 	 0.00476927 	
[2026-01-21 12:40:10.382] [info] Time: 1.97
[2026-01-21 12:40:10.382] [info] 		 VALUE 		DELTA
[2026-01-21 12:40:10.382] [info] knee_add_r 	 -0.00449655 	
[2026-01-21 12:40:10.382] [info] knee_rot_r 	 0.00985432 	
[2026-01-21 12:40:10.382] [info] knee_tx_r 	 0.00178733 	
[2026-01-21 12:40:10.382] [info] knee_ty_r 	 0.000278181 	
[2026-01-21 12:40:10.382] [info] knee_tz_r 	 -0.000356551 	
[2026-01-21 12:40:10.382] [info] pf_flex_r 	 0.138517 	
[2026-01-21 12:40:10.382] [info] pf_rot_r 	 -0.000557911 	
[2026-01-21 12:40:10.382] [info] pf_tilt_r 	 -0.0766924 	
[2026-01-21 12:40:10.382] [info] pf_tx_r 	 0.0529542 	
[2026-01-21 12:40:10.382] [info] pf_ty_r 	 0.00801499 	
[2026-01-21 12:40:10.382] [info] pf_tz_r 	 0.00477670 	
[2026-01-21 12:40:10.591] [info] Time: 1.98
[2026-01-21 12:40:10.591] [info] 		 VALUE 		DELTA
[2026-01-21 12:40:10.591] [info] knee_add_r 	 -0.00449700 	
[2026-01-21 12:40:10.591] [info] knee_rot_r 	 0.00984762 	
[2026-01-21 12:40:10.591] [info] knee_tx_r 	 0.00178758 	
[2026-01-21 12:40:10.591] [info] knee_ty_r 	 0.000279741 	
[2026-01-21 12:40:10.591] [info] knee_tz_r 	 -0.000356941 	
[2026-01-21 12:40:10.591] [info] pf_flex_r 	 0.138627 	
[2026-01-21 12:40:10.591] [info] pf_rot_r 	 -0.000541769 	
[2026-01-21 12:40:10.591] [info] pf_tilt_r 	 -0.07679 	
[2026-01-21 12:40:10.592] [info] pf_tx_r 	 0.0529665 	
[2026-01-21 12:40:10.592] [info] pf_ty_r 	 0.00800924 	
[2026-01-21 12:40:10.592] [info] pf_tz_r 	 0.00477186 	
[2026-01-21 12:40:10.879] [info] Time: 1.99
[2026-01-21 12:40:10.879] [info] 		 VALUE 		DELTA
[2026-01-21 12:40:10.879] [info] knee_add_r 	 -0.00449357 	
[2026-01-21 12:40:10.879] [info] knee_rot_r 	 0.00983837 	
[2026-01-21 12:40:10.879] [info] knee_tx_r 	 0.00178652 	
[2026-01-21 12:40:10.879] [info] knee_ty_r 	 0.000279469 	
[2026-01-21 12:40:10.879] [info] knee_tz_r 	 -0.000356139 	
[2026-01-21 12:40:10.879] [info] pf_flex_r 	 0.138752 	
[2026-01-21 12:40:10.879] [info] pf_rot_r 	 -0.000525469 	
[2026-01-21 12:40:10.879] [info] pf_tilt_r 	 -0.0768991 	
[2026-01-21 12:40:10.879] [info] pf_tx_r 	 0.0530073 	
[2026-01-21 12:40:10.879] [info] pf_ty_r 	 0.00802986 	
[2026-01-21 12:40:10.879] [info] pf_tz_r 	 0.00475829 	
[2026-01-21 12:40:11.134] [info] Time: 2.0
[2026-01-21 12:40:11.134] [info] 		 VALUE 		DELTA
[2026-01-21 12:40:11.134] [info] knee_add_r 	 -0.00449006 	
[2026-01-21 12:40:11.134] [info] knee_rot_r 	 0.00982950 	
[2026-01-21 12:40:11.134] [info] knee_tx_r 	 0.00178621 	
[2026-01-21 12:40:11.135] [info] knee_ty_r 	 0.000275598 	
[2026-01-21 12:40:11.135] [info] knee_tz_r 	 -0.000355275 	
[2026-01-21 12:40:11.135] [info] pf_flex_r 	 0.138901 	
[2026-01-21 12:40:11.135] [info] pf_rot_r 	 -0.000511683 	
[2026-01-21 12:40:11.135] [info] pf_tilt_r 	 -0.0770203 	
[2026-01-21 12:40:11.135] [info] pf_tx_r 	 0.0530539 	
[2026-01-21 12:40:11.135] [info] pf_ty_r 	 0.00804428 	
[2026-01-21 12:40:11.135] [info] pf_tz_r 	 0.00474173 	
[2026-01-21 12:40:11.365] [info] Time: 2.01
[2026-01-21 12:40:11.365] [info] 		 VALUE 		DELTA
[2026-01-21 12:40:11.365] [info] knee_add_r 	 -0.00448771 	
[2026-01-21 12:40:11.365] [info] knee_rot_r 	 0.00982347 	
[2026-01-21 12:40:11.365] [info] knee_tx_r 	 0.00178583 	
[2026-01-21 12:40:11.365] [info] knee_ty_r 	 0.000272441 	
[2026-01-21 12:40:11.365] [info] knee_tz_r 	 -0.000354711 	
[2026-01-21 12:40:11.365] [info] pf_flex_r 	 0.139072 	
[2026-01-21 12:40:11.365] [info] pf_rot_r 	 -0.000501231 	
[2026-01-21 12:40:11.366] [info] pf_tilt_r 	 -0.0771441 	
[2026-01-21 12:40:11.366] [info] pf_tx_r 	 0.0530786 	
[2026-01-21 12:40:11.366] [info] pf_ty_r 	 0.00805811 	
[2026-01-21 12:40:11.366] [info] pf_tz_r 	 0.00473300 	
[2026-01-21 12:40:13.351] [info] Time: 2.02
[2026-01-21 12:40:13.351] [info] 		 VALUE 		DELTA
[2026-01-21 12:40:13.351] [info] knee_add_r 	 -0.00448697 	
[2026-01-21 12:40:13.351] [info] knee_rot_r 	 0.00981979 	
[2026-01-21 12:40:13.351] [info] knee_tx_r 	 0.00178600 	
[2026-01-21 12:40:13.351] [info] knee_ty_r 	 0.000271766 	
[2026-01-21 12:40:13.351] [info] knee_tz_r 	 -0.000354645 	
[2026-01-21 12:40:13.351] [info] pf_flex_r 	 0.139242 	
[2026-01-21 12:40:13.351] [info] pf_rot_r 	 -0.000491754 	
[2026-01-21 12:40:13.351] [info] pf_tilt_r 	 -0.0772703 	
[2026-01-21 12:40:13.352] [info] pf_tx_r 	 0.0530684 	
[2026-01-21 12:40:13.352] [info] pf_ty_r 	 0.00805704 	
[2026-01-21 12:40:13.352] [info] pf_tz_r 	 0.00473623 	
[2026-01-21 12:40:13.562] [info] Time: 2.03
[2026-01-21 12:40:13.562] [info] 		 VALUE 		DELTA
[2026-01-21 12:40:13.562] [info] knee_add_r 	 -0.00448986 	
[2026-01-21 12:40:13.562] [info] knee_rot_r 	 0.00981980 	
[2026-01-21 12:40:13.562] [info] knee_tx_r 	 0.00178645 	
[2026-01-21 12:40:13.562] [info] knee_ty_r 	 0.000274148 	
[2026-01-21 12:40:13.562] [info] knee_tz_r 	 -0.000355722 	
[2026-01-21 12:40:13.562] [info] pf_flex_r 	 0.139402 	
[2026-01-21 12:40:13.562] [info] pf_rot_r 	 -0.000483582 	
[2026-01-21 12:40:13.562] [info] pf_tilt_r 	 -0.0773854 	
[2026-01-21 12:40:13.562] [info] pf_tx_r 	 0.0530339 	
[2026-01-21 12:40:13.562] [info] pf_ty_r 	 0.00804357 	
[2026-01-21 12:40:13.562] [info] pf_tz_r 	 0.00474634 	
[2026-01-21 12:40:13.753] [info] Time: 2.04
[2026-01-21 12:40:13.753] [info] 		 VALUE 		DELTA
[2026-01-21 12:40:13.753] [info] knee_add_r 	 -0.00449160 	
[2026-01-21 12:40:13.753] [info] knee_rot_r 	 0.00981834 	
[2026-01-21 12:40:13.753] [info] knee_tx_r 	 0.00178663 	
[2026-01-21 12:40:13.753] [info] knee_ty_r 	 0.000277895 	
[2026-01-21 12:40:13.753] [info] knee_tz_r 	 -0.000356494 	
[2026-01-21 12:40:13.753] [info] pf_flex_r 	 0.139533 	
[2026-01-21 12:40:13.753] [info] pf_rot_r 	 -0.000476829 	
[2026-01-21 12:40:13.753] [info] pf_tilt_r 	 -0.0774842 	
[2026-01-21 12:40:13.753] [info] pf_tx_r 	 0.0529938 	
[2026-01-21 12:40:13.753] [info] pf_ty_r 	 0.00803197 	
[2026-01-21 12:40:13.753] [info] pf_tz_r 	 0.00475890 	
[2026-01-21 12:40:13.919] [info] Time: 2.05
[2026-01-21 12:40:13.919] [info] 		 VALUE 		DELTA
[2026-01-21 12:40:13.919] [info] knee_add_r 	 -0.00449253 	
[2026-01-21 12:40:13.919] [info] knee_rot_r 	 0.00981484 	
[2026-01-21 12:40:13.919] [info] knee_tx_r 	 0.00178693 	
[2026-01-21 12:40:13.919] [info] knee_ty_r 	 0.000279303 	
[2026-01-21 12:40:13.919] [info] knee_tz_r 	 -0.000357030 	
[2026-01-21 12:40:13.919] [info] pf_flex_r 	 0.139646 	
[2026-01-21 12:40:13.920] [info] pf_rot_r 	 -0.000471216 	
[2026-01-21 12:40:13.920] [info] pf_tilt_r 	 -0.0775669 	
[2026-01-21 12:40:13.920] [info] pf_tx_r 	 0.052976 	
[2026-01-21 12:40:13.920] [info] pf_ty_r 	 0.00802336 	
[2026-01-21 12:40:13.920] [info] pf_tz_r 	 0.00476382 	
[2026-01-21 12:40:14.107] [info] Time: 2.06
[2026-01-21 12:40:14.107] [info] 		 VALUE 		DELTA
[2026-01-21 12:40:14.107] [info] knee_add_r 	 -0.00448999 	
[2026-01-21 12:40:14.107] [info] knee_rot_r 	 0.00980729 	
[2026-01-21 12:40:14.107] [info] knee_tx_r 	 0.00178662 	
[2026-01-21 12:40:14.107] [info] knee_ty_r 	 0.000278304 	
[2026-01-21 12:40:14.107] [info] knee_tz_r 	 -0.000356499 	
[2026-01-21 12:40:14.107] [info] pf_flex_r 	 0.139754 	
[2026-01-21 12:40:14.107] [info] pf_rot_r 	 -0.000466968 	
[2026-01-21 12:40:14.107] [info] pf_tilt_r 	 -0.0776462 	
[2026-01-21 12:40:14.107] [info] pf_tx_r 	 0.052989 	
[2026-01-21 12:40:14.107] [info] pf_ty_r 	 0.00803115 	
[2026-01-21 12:40:14.107] [info] pf_tz_r 	 0.00475904 	
[2026-01-21 12:40:14.315] [info] Time: 2.07
[2026-01-21 12:40:14.315] [info] 		 VALUE 		DELTA
[2026-01-21 12:40:14.315] [info] knee_add_r 	 -0.00448655 	
[2026-01-21 12:40:14.315] [info] knee_rot_r 	 0.00979862 	
[2026-01-21 12:40:14.315] [info] knee_tx_r 	 0.00178637 	
[2026-01-21 12:40:14.315] [info] knee_ty_r 	 0.000275484 	
[2026-01-21 12:40:14.315] [info] knee_tz_r 	 -0.000355652 	
[2026-01-21 12:40:14.315] [info] pf_flex_r 	 0.139876 	
[2026-01-21 12:40:14.315] [info] pf_rot_r 	 -0.000463258 	
[2026-01-21 12:40:14.315] [info] pf_tilt_r 	 -0.0777339 	
[2026-01-21 12:40:14.315] [info] pf_tx_r 	 0.0530231 	
[2026-01-21 12:40:14.315] [info] pf_ty_r 	 0.00804320 	
[2026-01-21 12:40:14.315] [info] pf_tz_r 	 0.00474787 	
[2026-01-21 12:40:15.808] [info] Time: 2.08
[2026-01-21 12:40:15.808] [info] 		 VALUE 		DELTA
[2026-01-21 12:40:15.808] [info] knee_add_r 	 -0.00448384 	
[2026-01-21 12:40:15.808] [info] knee_rot_r 	 0.00979159 	
[2026-01-21 12:40:15.808] [info] knee_tx_r 	 0.00178598 	
[2026-01-21 12:40:15.808] [info] knee_ty_r 	 0.000273603 	
[2026-01-21 12:40:15.808] [info] knee_tz_r 	 -0.000354964 	
[2026-01-21 12:40:15.808] [info] pf_flex_r 	 0.140018 	
[2026-01-21 12:40:15.808] [info] pf_rot_r 	 -0.000459869 	
[2026-01-21 12:40:15.808] [info] pf_tilt_r 	 -0.0778312 	
[2026-01-21 12:40:15.808] [info] pf_tx_r 	 0.0530539 	
[2026-01-21 12:40:15.808] [info] pf_ty_r 	 0.00805645 	
[2026-01-21 12:40:15.808] [info] pf_tz_r 	 0.00473760 	
[2026-01-21 12:40:16.021] [info] Time: 2.09
[2026-01-21 12:40:16.021] [info] 		 VALUE 		DELTA
[2026-01-21 12:40:16.021] [info] knee_add_r 	 -0.00448303 	
[2026-01-21 12:40:16.021] [info] knee_rot_r 	 0.00978674 	
[2026-01-21 12:40:16.021] [info] knee_tx_r 	 0.00178591 	
[2026-01-21 12:40:16.021] [info] knee_ty_r 	 0.000273538 	
[2026-01-21 12:40:16.021] [info] knee_tz_r 	 -0.000354823 	
[2026-01-21 12:40:16.021] [info] pf_flex_r 	 0.140156 	
[2026-01-21 12:40:16.021] [info] pf_rot_r 	 -0.000458883 	
[2026-01-21 12:40:16.021] [info] pf_tilt_r 	 -0.0779192 	
[2026-01-21 12:40:16.021] [info] pf_tx_r 	 0.0530701 	
[2026-01-21 12:40:16.021] [info] pf_ty_r 	 0.00806062 	
[2026-01-21 12:40:16.021] [info] pf_tz_r 	 0.00473235 	
[2026-01-21 12:40:16.200] [info] Time: 2.1
[2026-01-21 12:40:16.200] [info] 		 VALUE 		DELTA
[2026-01-21 12:40:16.200] [info] knee_add_r 	 -0.00448320 	
[2026-01-21 12:40:16.200] [info] knee_rot_r 	 0.00978346 	
[2026-01-21 12:40:16.200] [info] knee_tx_r 	 0.00178609 	
[2026-01-21 12:40:16.200] [info] knee_ty_r 	 0.000274207 	
[2026-01-21 12:40:16.200] [info] knee_tz_r 	 -0.000354904 	
[2026-01-21 12:40:16.200] [info] pf_flex_r 	 0.140294 	
[2026-01-21 12:40:16.200] [info] pf_rot_r 	 -0.000460440 	
[2026-01-21 12:40:16.200] [info] pf_tilt_r 	 -0.0779934 	
[2026-01-21 12:40:16.200] [info] pf_tx_r 	 0.0530771 	
[2026-01-21 12:40:16.200] [info] pf_ty_r 	 0.00806089 	
[2026-01-21 12:40:16.200] [info] pf_tz_r 	 0.00473434 	
[2026-01-21 12:40:16.340] [info] Time: 2.11
[2026-01-21 12:40:16.340] [info] 		 VALUE 		DELTA
[2026-01-21 12:40:16.340] [info] knee_add_r 	 -0.00448358 	
[2026-01-21 12:40:16.340] [info] knee_rot_r 	 0.00978071 	
[2026-01-21 12:40:16.340] [info] knee_tx_r 	 0.00178624 	
[2026-01-21 12:40:16.340] [info] knee_ty_r 	 0.000274459 	
[2026-01-21 12:40:16.340] [info] knee_tz_r 	 -0.000354984 	
[2026-01-21 12:40:16.340] [info] pf_flex_r 	 0.140432 	
[2026-01-21 12:40:16.340] [info] pf_rot_r 	 -0.000458481 	
[2026-01-21 12:40:16.340] [info] pf_tilt_r 	 -0.0780673 	
[2026-01-21 12:40:16.340] [info] pf_tx_r 	 0.0530751 	
[2026-01-21 12:40:16.340] [info] pf_ty_r 	 0.00806177 	
[2026-01-21 12:40:16.340] [info] pf_tz_r 	 0.00473764 	
[2026-01-21 12:40:17.377] [info] Time: 2.12
[2026-01-21 12:40:17.377] [info] 		 VALUE 		DELTA
[2026-01-21 12:40:17.377] [info] knee_add_r 	 -0.00448436 	
[2026-01-21 12:40:17.377] [info] knee_rot_r 	 0.00977786 	
[2026-01-21 12:40:17.377] [info] knee_tx_r 	 0.00178620 	
[2026-01-21 12:40:17.377] [info] knee_ty_r 	 0.000274171 	
[2026-01-21 12:40:17.377] [info] knee_tz_r 	 -0.000355184 	
[2026-01-21 12:40:17.377] [info] pf_flex_r 	 0.140570 	
[2026-01-21 12:40:17.377] [info] pf_rot_r 	 -0.000456496 	
[2026-01-21 12:40:17.377] [info] pf_tilt_r 	 -0.0781418 	
[2026-01-21 12:40:17.377] [info] pf_tx_r 	 0.0530769 	
[2026-01-21 12:40:17.378] [info] pf_ty_r 	 0.00806377 	
[2026-01-21 12:40:17.378] [info] pf_tz_r 	 0.00473150 	
[2026-01-21 12:40:17.494] [info] Time: 2.13
[2026-01-21 12:40:17.494] [info] 		 VALUE 		DELTA
[2026-01-21 12:40:17.494] [info] knee_add_r 	 -0.00448352 	
[2026-01-21 12:40:17.494] [info] knee_rot_r 	 0.00977350 	
[2026-01-21 12:40:17.494] [info] knee_tx_r 	 0.00178636 	
[2026-01-21 12:40:17.495] [info] knee_ty_r 	 0.000272643 	
[2026-01-21 12:40:17.495] [info] knee_tz_r 	 -0.000354905 	
[2026-01-21 12:40:17.495] [info] pf_flex_r 	 0.140700 	
[2026-01-21 12:40:17.495] [info] pf_rot_r 	 -0.000460135 	
[2026-01-21 12:40:17.495] [info] pf_tilt_r 	 -0.0782047 	
[2026-01-21 12:40:17.495] [info] pf_tx_r 	 0.0530667 	
[2026-01-21 12:40:17.495] [info] pf_ty_r 	 0.00806212 	
[2026-01-21 12:40:17.495] [info] pf_tz_r 	 0.00473635 	
[2026-01-21 12:40:19.017] [info] Time: 2.14
[2026-01-21 12:40:19.017] [info] 		 VALUE 		DELTA
[2026-01-21 12:40:19.017] [info] knee_add_r 	 -0.00448486 	
[2026-01-21 12:40:19.017] [info] knee_rot_r 	 0.00977135 	
[2026-01-21 12:40:19.017] [info] knee_tx_r 	 0.00178644 	
[2026-01-21 12:40:19.017] [info] knee_ty_r 	 0.000272978 	
[2026-01-21 12:40:19.017] [info] knee_tz_r 	 -0.000355331 	
[2026-01-21 12:40:19.017] [info] pf_flex_r 	 0.140832 	
[2026-01-21 12:40:19.017] [info] pf_rot_r 	 -0.000459667 	
[2026-01-21 12:40:19.017] [info] pf_tilt_r 	 -0.078267 	
[2026-01-21 12:40:19.017] [info] pf_tx_r 	 0.0530539 	
[2026-01-21 12:40:19.017] [info] pf_ty_r 	 0.00805762 	
[2026-01-21 12:40:19.017] [info] pf_tz_r 	 0.00474332 	
[2026-01-21 12:40:19.249] [info] Time: 2.15
[2026-01-21 12:40:19.249] [info] 		 VALUE 		DELTA
[2026-01-21 12:40:19.249] [info] knee_add_r 	 -0.00448650 	
[2026-01-21 12:40:19.249] [info] knee_rot_r 	 0.00977001 	
[2026-01-21 12:40:19.249] [info] knee_tx_r 	 0.00178619 	
[2026-01-21 12:40:19.249] [info] knee_ty_r 	 0.000276423 	
[2026-01-21 12:40:19.249] [info] knee_tz_r 	 -0.000355866 	
[2026-01-21 12:40:19.249] [info] pf_flex_r 	 0.140962 	
[2026-01-21 12:40:19.249] [info] pf_rot_r 	 -0.000460584 	
[2026-01-21 12:40:19.249] [info] pf_tilt_r 	 -0.0783255 	
[2026-01-21 12:40:19.249] [info] pf_tx_r 	 0.0530477 	
[2026-01-21 12:40:19.250] [info] pf_ty_r 	 0.00805445 	
[2026-01-21 12:40:19.250] [info] pf_tz_r 	 0.00474255 	
[2026-01-21 12:40:19.486] [info] Time: 2.16
[2026-01-21 12:40:19.486] [info] 		 VALUE 		DELTA
[2026-01-21 12:40:19.486] [info] knee_add_r 	 -0.00448821 	
[2026-01-21 12:40:19.486] [info] knee_rot_r 	 0.00976909 	
[2026-01-21 12:40:19.486] [info] knee_tx_r 	 0.00178651 	
[2026-01-21 12:40:19.486] [info] knee_ty_r 	 0.000277418 	
[2026-01-21 12:40:19.487] [info] knee_tz_r 	 -0.000356347 	
[2026-01-21 12:40:19.487] [info] pf_flex_r 	 0.141085 	
[2026-01-21 12:40:19.487] [info] pf_rot_r 	 -0.000464846 	
[2026-01-21 12:40:19.487] [info] pf_tilt_r 	 -0.0783664 	
[2026-01-21 12:40:19.487] [info] pf_tx_r 	 0.0530355 	
[2026-01-21 12:40:19.487] [info] pf_ty_r 	 0.00804856 	
[2026-01-21 12:40:19.487] [info] pf_tz_r 	 0.00475027 	
[2026-01-21 12:40:19.802] [info] Time: 2.17
[2026-01-21 12:40:19.802] [info] 		 VALUE 		DELTA
[2026-01-21 12:40:19.803] [info] knee_add_r 	 -0.00448883 	
[2026-01-21 12:40:19.803] [info] knee_rot_r 	 0.00976696 	
[2026-01-21 12:40:19.803] [info] knee_tx_r 	 0.00178690 	
[2026-01-21 12:40:19.803] [info] knee_ty_r 	 0.000275635 	
[2026-01-21 12:40:19.803] [info] knee_tz_r 	 -0.000356427 	
[2026-01-21 12:40:19.803] [info] pf_flex_r 	 0.141208 	
[2026-01-21 12:40:19.803] [info] pf_rot_r 	 -0.000462741 	
[2026-01-21 12:40:19.803] [info] pf_tilt_r 	 -0.0784147 	
[2026-01-21 12:40:19.803] [info] pf_tx_r 	 0.0530160 	
[2026-01-21 12:40:19.803] [info] pf_ty_r 	 0.00804525 	
[2026-01-21 12:40:19.804] [info] pf_tz_r 	 0.00475869 	
[2026-01-21 12:40:19.993] [info] Time: 2.18
[2026-01-21 12:40:19.993] [info] 		 VALUE 		DELTA
[2026-01-21 12:40:19.993] [info] knee_add_r 	 -0.00448935 	
[2026-01-21 12:40:19.993] [info] knee_rot_r 	 0.00976397 	
[2026-01-21 12:40:19.993] [info] knee_tx_r 	 0.00178724 	
[2026-01-21 12:40:19.993] [info] knee_ty_r 	 0.000275286 	
[2026-01-21 12:40:19.993] [info] knee_tz_r 	 -0.000356540 	
[2026-01-21 12:40:19.993] [info] pf_flex_r 	 0.141327 	
[2026-01-21 12:40:19.993] [info] pf_rot_r 	 -0.000465668 	
[2026-01-21 12:40:19.993] [info] pf_tilt_r 	 -0.0784496 	
[2026-01-21 12:40:19.993] [info] pf_tx_r 	 0.0530026 	
[2026-01-21 12:40:19.993] [info] pf_ty_r 	 0.00803955 	
[2026-01-21 12:40:19.993] [info] pf_tz_r 	 0.00475947 	
[2026-01-21 12:40:20.217] [info] Time: 2.19
[2026-01-21 12:40:20.217] [info] 		 VALUE 		DELTA
[2026-01-21 12:40:20.217] [info] knee_add_r 	 -0.00449017 	
[2026-01-21 12:40:20.217] [info] knee_rot_r 	 0.00976167 	
[2026-01-21 12:40:20.217] [info] knee_tx_r 	 0.00178734 	
[2026-01-21 12:40:20.217] [info] knee_ty_r 	 0.000277770 	
[2026-01-21 12:40:20.217] [info] knee_tz_r 	 -0.000356809 	
[2026-01-21 12:40:20.217] [info] pf_flex_r 	 0.141438 	
[2026-01-21 12:40:20.217] [info] pf_rot_r 	 -0.000472260 	
[2026-01-21 12:40:20.217] [info] pf_tilt_r 	 -0.0784673 	
[2026-01-21 12:40:20.218] [info] pf_tx_r 	 0.0529923 	
[2026-01-21 12:40:20.218] [info] pf_ty_r 	 0.00803575 	
[2026-01-21 12:40:20.218] [info] pf_tz_r 	 0.00476703 	
[2026-01-21 12:40:20.396] [info] Time: 2.2
[2026-01-21 12:40:20.396] [info] 		 VALUE 		DELTA
[2026-01-21 12:40:20.396] [info] knee_add_r 	 -0.00449105 	
[2026-01-21 12:40:20.396] [info] knee_rot_r 	 0.00976005 	
[2026-01-21 12:40:20.396] [info] knee_tx_r 	 0.00178782 	
[2026-01-21 12:40:20.397] [info] knee_ty_r 	 0.000279256 	
[2026-01-21 12:40:20.397] [info] knee_tz_r 	 -0.000357031 	
[2026-01-21 12:40:20.397] [info] pf_flex_r 	 0.141539 	
[2026-01-21 12:40:20.397] [info] pf_rot_r 	 -0.000475986 	
[2026-01-21 12:40:20.397] [info] pf_tilt_r 	 -0.0784691 	
[2026-01-21 12:40:20.397] [info] pf_tx_r 	 0.0529808 	
[2026-01-21 12:40:20.397] [info] pf_ty_r 	 0.00802929 	
[2026-01-21 12:40:20.397] [info] pf_tz_r 	 0.00477935 	
[2026-01-21 12:40:20.512] [info] Time: 2.21
[2026-01-21 12:40:20.512] [info] 		 VALUE 		DELTA
[2026-01-21 12:40:20.512] [info] knee_add_r 	 -0.00449158 	
[2026-01-21 12:40:20.512] [info] knee_rot_r 	 0.00975732 	
[2026-01-21 12:40:20.512] [info] knee_tx_r 	 0.00178770 	
[2026-01-21 12:40:20.512] [info] knee_ty_r 	 0.000279223 	
[2026-01-21 12:40:20.512] [info] knee_tz_r 	 -0.000357144 	
[2026-01-21 12:40:20.512] [info] pf_flex_r 	 0.14164 	
[2026-01-21 12:40:20.512] [info] pf_rot_r 	 -0.000469970 	
[2026-01-21 12:40:20.512] [info] pf_tilt_r 	 -0.078488 	
[2026-01-21 12:40:20.512] [info] pf_tx_r 	 0.0529737 	
[2026-01-21 12:40:20.512] [info] pf_ty_r 	 0.00803181 	
[2026-01-21 12:40:20.512] [info] pf_tz_r 	 0.00477658 	
[2026-01-21 12:40:21.897] [info] Time: 2.22
[2026-01-21 12:40:21.897] [info] 		 VALUE 		DELTA
[2026-01-21 12:40:21.897] [info] knee_add_r 	 -0.00449034 	
[2026-01-21 12:40:21.897] [info] knee_rot_r 	 0.00975155 	
[2026-01-21 12:40:21.897] [info] knee_tx_r 	 0.00178748 	
[2026-01-21 12:40:21.897] [info] knee_ty_r 	 0.000277394 	
[2026-01-21 12:40:21.897] [info] knee_tz_r 	 -0.000356828 	
[2026-01-21 12:40:21.897] [info] pf_flex_r 	 0.141734 	
[2026-01-21 12:40:21.897] [info] pf_rot_r 	 -0.000468814 	
[2026-01-21 12:40:21.897] [info] pf_tilt_r 	 -0.0785127 	
[2026-01-21 12:40:21.897] [info] pf_tx_r 	 0.052972 	
[2026-01-21 12:40:21.897] [info] pf_ty_r 	 0.00803427 	
[2026-01-21 12:40:21.897] [info] pf_tz_r 	 0.00476689 	
[2026-01-21 12:40:21.897] [info] Finished Settling Simulation in 2.22 s.
[2026-01-21 12:40:21.897] [info] Starting Sweep Simulation.
[2026-01-21 12:40:22.094] [info] 0.0
[2026-01-21 12:40:25.179] [info] 0.01
[2026-01-21 12:40:25.305] [info] 0.02
[2026-01-21 12:40:25.445] [info] 0.03
[2026-01-21 12:40:25.609] [info] 0.04
[2026-01-21 12:40:25.707] [info] 0.05
[2026-01-21 12:40:25.821] [info] 0.06
[2026-01-21 12:40:25.961] [info] 0.07
[2026-01-21 12:40:25.990] [info] 0.08
[2026-01-21 12:40:27.448] [info] 0.09
[2026-01-21 12:40:27.475] [info] 0.1
[2026-01-21 12:40:27.506] [info] 0.11
[2026-01-21 12:40:27.566] [info] 0.12
[2026-01-21 12:40:27.655] [info] 0.13
[2026-01-21 12:40:27.690] [info] 0.14
[2026-01-21 12:40:27.727] [info] 0.15
[2026-01-21 12:40:27.765] [info] 0.16
[2026-01-21 12:40:27.794] [info] 0.17
[2026-01-21 12:40:27.822] [info] 0.18
[2026-01-21 12:40:27.957] [info] 0.19
[2026-01-21 12:40:27.997] [info] 0.2
[2026-01-21 12:40:28.029] [info] 0.21
[2026-01-21 12:40:28.060] [info] 0.22
[2026-01-21 12:40:28.102] [info] 0.23
[2026-01-21 12:40:28.137] [info] 0.24
[2026-01-21 12:40:28.176] [info] 0.25
[2026-01-21 12:40:28.262] [info] 0.26
[2026-01-21 12:40:28.302] [info] 0.27
[2026-01-21 12:40:28.400] [info] 0.28
[2026-01-21 12:40:28.434] [info] 0.29
[2026-01-21 12:40:28.473] [info] 0.3
[2026-01-21 12:40:28.501] [info] 0.31
[2026-01-21 12:40:28.526] [info] 0.32
[2026-01-21 12:40:28.558] [info] 0.33
[2026-01-21 12:40:28.595] [info] 0.34
[2026-01-21 12:40:28.659] [info] 0.35
[2026-01-21 12:40:28.712] [info] 0.36
[2026-01-21 12:40:28.856] [info] 0.37
[2026-01-21 12:40:28.907] [info] 0.38
[2026-01-21 12:40:28.948] [info] 0.39
[2026-01-21 12:40:28.981] [info] 0.4
[2026-01-21 12:40:29.020] [info] 0.41
[2026-01-21 12:40:29.174] [info] 0.42
[2026-01-21 12:40:29.212] [info] 0.43
[2026-01-21 12:40:29.248] [info] 0.44
[2026-01-21 12:40:29.289] [info] 0.45
[2026-01-21 12:40:29.330] [info] 0.46
[2026-01-21 12:40:29.365] [info] 0.47
[2026-01-21 12:40:29.402] [info] 0.48
[2026-01-21 12:40:31.295] [info] 0.49
[2026-01-21 12:40:31.335] [info] 0.5
[2026-01-21 12:40:31.382] [info] 0.51
[2026-01-21 12:40:31.417] [info] 0.52
[2026-01-21 12:40:31.458] [info] 0.53
[2026-01-21 12:40:31.511] [info] 0.54
[2026-01-21 12:40:31.551] [info] 0.55
[2026-01-21 12:40:31.598] [info] 0.56
[2026-01-21 12:40:31.636] [info] 0.57
[2026-01-21 12:40:31.672] [info] 0.58
[2026-01-21 12:40:31.724] [info] 0.59
[2026-01-21 12:40:31.811] [info] 0.6
[2026-01-21 12:40:31.854] [info] 0.61
[2026-01-21 12:40:31.885] [info] 0.62
[2026-01-21 12:40:32.107] [info] 0.63
[2026-01-21 12:40:32.140] [info] 0.64
[2026-01-21 12:40:32.166] [info] 0.65
[2026-01-21 12:40:32.193] [info] 0.66
[2026-01-21 12:40:32.222] [info] 0.67
[2026-01-21 12:40:32.249] [info] 0.68
[2026-01-21 12:40:32.282] [info] 0.69
[2026-01-21 12:40:32.308] [info] 0.7
[2026-01-21 12:40:32.334] [info] 0.71
[2026-01-21 12:40:32.408] [info] 0.72
[2026-01-21 12:40:32.437] [info] 0.73
[2026-01-21 12:40:32.467] [info] 0.74
[2026-01-21 12:40:32.494] [info] 0.75
[2026-01-21 12:40:32.520] [info] 0.76
[2026-01-21 12:40:32.546] [info] 0.77
[2026-01-21 12:40:32.573] [info] 0.78
[2026-01-21 12:40:32.608] [info] 0.79
[2026-01-21 12:40:32.633] [info] 0.8
[2026-01-21 12:40:32.660] [info] 0.81
[2026-01-21 12:40:32.687] [info] 0.82
[2026-01-21 12:40:33.961] [info] 0.83
[2026-01-21 12:40:33.992] [info] 0.84
[2026-01-21 12:40:34.022] [info] 0.85
[2026-01-21 12:40:34.050] [info] 0.86
[2026-01-21 12:40:34.081] [info] 0.87
[2026-01-21 12:40:34.115] [info] 0.88
[2026-01-21 12:40:34.142] [info] 0.89
[2026-01-21 12:40:34.181] [info] 0.9
[2026-01-21 12:40:34.216] [info] 0.91
[2026-01-21 12:40:34.243] [info] 0.92
[2026-01-21 12:40:34.268] [info] 0.93
[2026-01-21 12:40:34.585] [info] 0.94
[2026-01-21 12:40:37.049] [info] 0.95
[2026-01-21 12:40:37.072] [info] 0.96
[2026-01-21 12:40:37.096] [info] 0.97
[2026-01-21 12:40:37.122] [info] 0.98
[2026-01-21 12:40:37.171] [info] 0.99
[2026-01-21 12:40:37.196] [info] 1.0
[2026-01-21 12:40:37.221] [info] 1.01
[2026-01-21 12:40:37.250] [info] 1.02
[2026-01-21 12:40:37.278] [info] 1.03
[2026-01-21 12:40:38.520] [info] 1.04
[2026-01-21 12:40:38.552] [info] 1.05
[2026-01-21 12:40:38.578] [info] 1.06
[2026-01-21 12:40:38.604] [info] 1.07
[2026-01-21 12:40:38.629] [info] 1.08
[2026-01-21 12:40:38.661] [info] 1.09
[2026-01-21 12:40:38.686] [info] 1.1
[2026-01-21 12:40:38.764] [info] 1.11
[2026-01-21 12:40:38.794] [info] 1.12
[2026-01-21 12:40:38.826] [info] 1.13
[2026-01-21 12:40:38.854] [info] 1.14
[2026-01-21 12:40:38.881] [info] 1.15
[2026-01-21 12:40:38.906] [info] 1.16
[2026-01-21 12:40:38.933] [info] 1.17
[2026-01-21 12:40:38.959] [info] 1.18
[2026-01-21 12:40:39.012] [info] 1.19
[2026-01-21 12:40:39.039] [info] 1.2
[2026-01-21 12:40:39.065] [info] 1.21
[2026-01-21 12:40:39.090] [info] 1.22
[2026-01-21 12:40:39.116] [info] 1.23
[2026-01-21 12:40:39.144] [info] 1.24
[2026-01-21 12:40:39.167] [info] 1.25
[2026-01-21 12:40:39.191] [info] 1.26
[2026-01-21 12:40:40.619] [info] 1.27
[2026-01-21 12:40:40.669] [info] 1.28
[2026-01-21 12:40:40.702] [info] 1.29
[2026-01-21 12:40:40.748] [info] 1.3
[2026-01-21 12:40:40.786] [info] 1.31
[2026-01-21 12:40:40.822] [info] 1.32
[2026-01-21 12:40:40.862] [info] 1.33
[2026-01-21 12:40:40.907] [info] 1.34
[2026-01-21 12:40:40.973] [info] 1.35
[2026-01-21 12:40:41.008] [info] 1.36
[2026-01-21 12:40:41.046] [info] 1.37
[2026-01-21 12:40:41.088] [info] 1.38
[2026-01-21 12:40:41.137] [info] 1.39
[2026-01-21 12:40:41.181] [info] 1.4
[2026-01-21 12:40:41.840] [info] 1.41
[2026-01-21 12:40:41.867] [info] 1.42
[2026-01-21 12:40:41.937] [info] 1.43
[2026-01-21 12:40:41.965] [info] 1.44
[2026-01-21 12:40:41.994] [info] 1.45
[2026-01-21 12:40:42.027] [info] 1.46
[2026-01-21 12:40:42.052] [info] 1.47
[2026-01-21 12:40:42.093] [info] 1.48
[2026-01-21 12:40:42.132] [info] 1.49
[2026-01-21 12:40:42.161] [info] 1.5
[2026-01-21 12:40:43.593] [info] 1.51
[2026-01-21 12:40:43.641] [info] 1.52
[2026-01-21 12:40:43.687] [info] 1.53
[2026-01-21 12:40:43.733] [info] 1.54
[2026-01-21 12:40:43.772] [info] 1.55
[2026-01-21 12:40:43.799] [info] 1.56
[2026-01-21 12:40:43.827] [info] 1.57
[2026-01-21 12:40:43.852] [info] 1.58
[2026-01-21 12:40:45.280] [info] 1.59
[2026-01-21 12:40:45.338] [info] 1.6
[2026-01-21 12:40:45.388] [info] 1.61
[2026-01-21 12:40:45.435] [info] 1.62
[2026-01-21 12:40:45.505] [info] 1.63
[2026-01-21 12:40:45.563] [info] 1.64
[2026-01-21 12:40:45.609] [info] 1.65
[2026-01-21 12:40:47.689] [info] 1.66
[2026-01-21 12:40:47.729] [info] 1.67
[2026-01-21 12:40:47.762] [info] 1.68
[2026-01-21 12:40:47.796] [info] 1.69
[2026-01-21 12:40:47.836] [info] 1.7
[2026-01-21 12:40:47.869] [info] 1.71
[2026-01-21 12:40:47.904] [info] 1.72
[2026-01-21 12:40:47.937] [info] 1.73
[2026-01-21 12:40:48.001] [info] 1.74
[2026-01-21 12:40:48.039] [info] 1.75
[2026-01-21 12:40:48.085] [info] 1.76
[2026-01-21 12:40:48.127] [info] 1.77
[2026-01-21 12:40:48.168] [info] 1.78
[2026-01-21 12:40:48.210] [info] 1.79
[2026-01-21 12:40:48.250] [info] 1.8
[2026-01-21 12:40:48.302] [info] 1.81
[2026-01-21 12:40:49.997] [info] 1.82
[2026-01-21 12:40:50.027] [info] 1.83
[2026-01-21 12:40:50.063] [info] 1.84
[2026-01-21 12:40:50.095] [info] 1.85
[2026-01-21 12:40:50.164] [info] 1.86
[2026-01-21 12:40:50.215] [info] 1.87
[2026-01-21 12:40:50.269] [info] 1.88
[2026-01-21 12:40:50.316] [info] 1.89
[2026-01-21 12:40:50.442] [info] 1.9
[2026-01-21 12:40:50.485] [info] 1.91
[2026-01-21 12:40:50.532] [info] 1.92
[2026-01-21 12:40:50.585] [info] 1.93
[2026-01-21 12:40:50.624] [info] 1.94
[2026-01-21 12:40:50.679] [info] 1.95
[2026-01-21 12:40:50.729] [info] 1.96
[2026-01-21 12:40:50.782] [info] 1.97
[2026-01-21 12:40:52.392] [info] 1.98
[2026-01-21 12:40:52.434] [info] 1.99
[2026-01-21 12:40:52.461] [info] 2.0
[2026-01-21 12:40:52.485] [info] 2.01
[2026-01-21 12:40:52.518] [info] 2.02
[2026-01-21 12:40:52.547] [info] 2.03
[2026-01-21 12:40:52.577] [info] 2.04
[2026-01-21 12:40:52.605] [info] 2.05
[2026-01-21 12:40:53.847] [info] 2.06
[2026-01-21 12:40:53.872] [info] 2.07
[2026-01-21 12:40:53.902] [info] 2.08
[2026-01-21 12:40:53.930] [info] 2.09
[2026-01-21 12:40:53.958] [info] 2.1
[2026-01-21 12:40:55.037] [info] 2.11
[2026-01-21 12:40:55.078] [info] 2.12
[2026-01-21 12:40:55.147] [info] 2.13
[2026-01-21 12:40:55.177] [info] 2.14
[2026-01-21 12:40:55.206] [info] 2.15
[2026-01-21 12:40:55.239] [info] 2.16
[2026-01-21 12:40:55.272] [info] 2.17
[2026-01-21 12:40:55.308] [info] 2.18
[2026-01-21 12:40:55.339] [info] 2.19
[2026-01-21 12:40:55.401] [info] 2.2
[2026-01-21 12:40:57.139] [info] 2.21
[2026-01-21 12:40:57.165] [info] 2.22
[2026-01-21 12:40:57.190] [info] 2.23
[2026-01-21 12:40:57.214] [info] 2.24
[2026-01-21 12:40:57.239] [info] 2.25
[2026-01-21 12:40:57.268] [info] 2.26
[2026-01-21 12:40:57.294] [info] 2.27
[2026-01-21 12:40:57.326] [info] 2.28
[2026-01-21 12:40:58.637] [info] 2.29
[2026-01-21 12:40:58.662] [info] 2.3
[2026-01-21 12:40:58.691] [info] 2.31
[2026-01-21 12:40:58.717] [info] 2.32
[2026-01-21 12:40:58.742] [info] 2.33
[2026-01-21 12:40:58.774] [info] 2.34
[2026-01-21 12:40:58.800] [info] 2.35
[2026-01-21 12:40:58.827] [info] 2.36
[2026-01-21 12:40:58.891] [info] 2.37
[2026-01-21 12:40:58.928] [info] 2.38
[2026-01-21 12:40:58.965] [info] 2.39
[2026-01-21 12:40:59.006] [info] 2.4
[2026-01-21 12:40:59.046] [info] 2.41
[2026-01-21 12:40:59.079] [info] 2.42
[2026-01-21 12:40:59.107] [info] 2.43
[2026-01-21 12:40:59.136] [info] 2.44
[2026-01-21 12:41:00.547] [info] 2.45
[2026-01-21 12:41:00.572] [info] 2.46
[2026-01-21 12:41:00.598] [info] 2.47
[2026-01-21 12:41:00.627] [info] 2.48
[2026-01-21 12:41:00.656] [info] 2.49
[2026-01-21 12:41:00.687] [info] 2.5
[2026-01-21 12:41:00.714] [info] 2.51
[2026-01-21 12:41:00.745] [info] 2.52
[2026-01-21 12:41:00.804] [info] 2.53
[2026-01-21 12:41:00.831] [info] 2.54
[2026-01-21 12:41:00.859] [info] 2.55
[2026-01-21 12:41:00.889] [info] 2.56
[2026-01-21 12:41:00.922] [info] 2.57
[2026-01-21 12:41:00.951] [info] 2.58
[2026-01-21 12:41:00.981] [info] 2.59
[2026-01-21 12:41:01.011] [info] 2.6
[2026-01-21 12:41:02.863] [info] 2.61
[2026-01-21 12:41:02.896] [info] 2.62
[2026-01-21 12:41:02.934] [info] 2.63
[2026-01-21 12:41:02.975] [info] 2.64
[2026-01-21 12:41:03.019] [info] 2.65
[2026-01-21 12:41:03.057] [info] 2.66
[2026-01-21 12:41:03.098] [info] 2.67
[2026-01-21 12:41:04.796] [info] 2.68
[2026-01-21 12:41:04.835] [info] 2.69
[2026-01-21 12:41:04.885] [info] 2.7
[2026-01-21 12:41:04.929] [info] 2.71
[2026-01-21 12:41:04.972] [info] 2.72
[2026-01-21 12:41:05.004] [info] 2.73
[2026-01-21 12:41:05.041] [info] 2.74
[2026-01-21 12:41:05.079] [info] 2.75
[2026-01-21 12:41:05.186] [info] 2.76
[2026-01-21 12:41:05.222] [info] 2.77
[2026-01-21 12:41:05.267] [info] 2.78
[2026-01-21 12:41:05.299] [info] 2.79
[2026-01-21 12:41:05.331] [info] 2.8
[2026-01-21 12:41:05.374] [info] 2.81
[2026-01-21 12:41:05.418] [info] 2.82
[2026-01-21 12:41:05.461] [info] 2.83
[2026-01-21 12:41:07.330] [info] 2.84
[2026-01-21 12:41:07.366] [info] 2.85
[2026-01-21 12:41:07.402] [info] 2.86
[2026-01-21 12:41:07.436] [info] 2.87
[2026-01-21 12:41:07.466] [info] 2.88
[2026-01-21 12:41:07.497] [info] 2.89
[2026-01-21 12:41:07.528] [info] 2.9
[2026-01-21 12:41:07.559] [info] 2.91
[2026-01-21 12:41:07.636] [info] 2.92
[2026-01-21 12:41:07.670] [info] 2.93
[2026-01-21 12:41:07.705] [info] 2.94
[2026-01-21 12:41:07.737] [info] 2.95
[2026-01-21 12:41:07.770] [info] 2.96
[2026-01-21 12:41:07.800] [info] 2.97
[2026-01-21 12:41:07.829] [info] 2.98
[2026-01-21 12:41:07.856] [info] 2.99
[2026-01-21 12:41:09.788] [info] 3.0
[2026-01-21 12:41:09.850] [info] Printing secondary constraint simulation results: D:\mayra\Descargas\UPF_COMAK-master\UPF_COMAK-master\COMAK\matlab_scripts\..\results\HOLOA_004\comak_inverse_kinematics
[2026-01-21 12:41:12.773] [debug] UNASSEMBLED CONFIGURATION (normerr=0.0, maxerr=0.0, cost=0.0)
[2026-01-21 12:41:12.773] [debug] Model numQs: 52 Assembler num freeQs: 52
[2026-01-21 12:41:12.773] [debug] ASSEMBLED CONFIGURATION (acc=1.0e-09 tol=1.0e-10 normerr=0.0, maxerr=0.0, cost=0.0)
[2026-01-21 12:41:12.773] [debug] # initializations=1
[2026-01-21 12:41:12.774] [debug] # assembly steps: 1
[2026-01-21 12:41:12.774] [debug]  evals: goal=3 grad=0 error=3 jac=0
[2026-01-21 12:41:12.910] [cout] [info] 
               MODEL: lenhart2015-scaled
         coordinates: 52
              forces: 134
           actuators: 44
             muscles: 44
            analyses: 0
              probes: 0
              bodies: 25
              joints: 25
         constraints: 11
             markers: 22
         controllers: 0
  contact geometries: 3
misc modelcomponents: 0
[2026-01-21 12:41:12.910] [info] Running Inverse Kinematics

[2026-01-21 12:41:13.031] [debug] UNASSEMBLED CONFIGURATION (normerr=0.0, maxerr=0.0, cost=0.0)
[2026-01-21 12:41:13.031] [debug] Model numQs: 52 Assembler num freeQs: 52
[2026-01-21 12:41:13.031] [debug] ASSEMBLED CONFIGURATION (acc=1.0e-09 tol=1.0e-10 normerr=0.0, maxerr=0.0, cost=0.0)
[2026-01-21 12:41:13.031] [debug] # initializations=1
[2026-01-21 12:41:13.031] [debug] # assembly steps: 1
[2026-01-21 12:41:13.031] [debug]  evals: goal=3 grad=0 error=3 jac=0
[2026-01-21 12:41:13.116] [debug] UNASSEMBLED CONFIGURATION (normerr=0.0, maxerr=0.0, cost=0.0450832)
[2026-01-21 12:41:13.116] [debug] Model numQs: 52 Assembler num freeQs: 52
[2026-01-21 12:41:13.216] [debug] ASSEMBLED CONFIGURATION (acc=1.0e-05 tol=1.0e-06 normerr=0.0, maxerr=2.18897e-06, cost=2.45261e-05)
[2026-01-21 12:41:13.216] [debug] # initializations=1
[2026-01-21 12:41:13.216] [debug] # assembly steps: 1
[2026-01-21 12:41:13.216] [debug]  evals: goal=210 grad=206 error=0 jac=0
[2026-01-21 12:41:13.229] [debug] UNASSEMBLED(track) CONFIGURATION (normerr=0.0, maxerr=2.18897e-06, cost=2.45261e-05)
[2026-01-21 12:41:13.229] [debug] Model numQs: 52  Assembler num freeQs: 52
[2026-01-21 12:41:13.229] [debug] Tracking: t= 6.64 (acc=1.0e-05 tol=1.0e-06 normerr=0.0, maxerr=2.3379e-06, cost=2.45256e-05)
[2026-01-21 12:41:13.247] [debug] UNASSEMBLED(track) CONFIGURATION (normerr=0.0, maxerr=2.3379e-06, cost=2.97757e-05)
[2026-01-21 12:41:13.248] [debug] Model numQs: 52  Assembler num freeQs: 52
[2026-01-21 12:41:13.254] [debug] Tracking: t= 6.644 (acc=1.0e-05 tol=1.0e-06 normerr=0.0, maxerr=5.28616e-06, cost=2.48277e-05)
[2026-01-21 12:41:13.256] [debug] UNASSEMBLED(track) CONFIGURATION (normerr=0.0, maxerr=5.28616e-06, cost=3.05087e-05)
[2026-01-21 12:41:13.256] [debug] Model numQs: 52  Assembler num freeQs: 52
[2026-01-21 12:41:13.271] [debug] Tracking: t= 6.648 (acc=1.0e-05 tol=1.0e-06 normerr=0.0, maxerr=2.09822e-06, cost=2.21926e-05)
[2026-01-21 12:41:13.272] [debug] UNASSEMBLED(track) CONFIGURATION (normerr=0.0, maxerr=2.09822e-06, cost=2.69229e-05)
[2026-01-21 12:41:13.272] [debug] Model numQs: 52  Assembler num freeQs: 52
[2026-01-21 12:41:13.275] [debug] Tracking: t= 6.652 (acc=1.0e-05 tol=1.0e-06 normerr=0.0, maxerr=1.37178e-06, cost=2.20625e-05)
[2026-01-21 12:41:13.276] [debug] UNASSEMBLED(track) CONFIGURATION (normerr=0.0, maxerr=1.37178e-06, cost=2.78804e-05)
[2026-01-21 12:41:13.276] [debug] Model numQs: 52  Assembler num freeQs: 52
[2026-01-21 12:41:13.302] [debug] Tracking: t= 6.656 (acc=1.0e-05 tol=1.0e-06 normerr=0.0, maxerr=1.99426e-06, cost=1.74966e-05)
[2026-01-21 12:41:13.303] [debug] UNASSEMBLED(track) CONFIGURATION (normerr=0.0, maxerr=1.99426e-06, cost=2.18932e-05)
[2026-01-21 12:41:13.303] [debug] Model numQs: 52  Assembler num freeQs: 52
[2026-01-21 12:41:13.306] [debug] Tracking: t= 6.66 (acc=1.0e-05 tol=1.0e-06 normerr=0.0, maxerr=1.10243e-06, cost=1.71352e-05)
[2026-01-21 12:41:13.306] [debug] UNASSEMBLED(track) CONFIGURATION (normerr=0.0, maxerr=1.10243e-06, cost=2.32797e-05)
[2026-01-21 12:41:13.306] [debug] Model numQs: 52  Assembler num freeQs: 52
[2026-01-21 12:41:13.309] [debug] Tracking: t= 6.664 (acc=1.0e-05 tol=1.0e-06 normerr=0.0, maxerr=1.74397e-06, cost=1.831e-05)
[2026-01-21 12:41:13.310] [debug] UNASSEMBLED(track) CONFIGURATION (normerr=0.0, maxerr=1.74397e-06, cost=2.60029e-05)
[2026-01-21 12:41:13.310] [debug] Model numQs: 52  Assembler num freeQs: 52
[2026-01-21 12:41:13.322] [debug] Tracking: t= 6.668 (acc=1.0e-05 tol=1.0e-06 normerr=0.0, maxerr=6.91019e-07, cost=1.78945e-05)
[2026-01-21 12:41:13.323] [debug] UNASSEMBLED(track) CONFIGURATION (normerr=0.0, maxerr=6.91019e-07, cost=2.40828e-05)
[2026-01-21 12:41:13.323] [debug] Model numQs: 52  Assembler num freeQs: 52
[2026-01-21 12:41:13.328] [debug] Tracking: t= 6.672 (acc=1.0e-05 tol=1.0e-06 normerr=0.0, maxerr=3.12887e-06, cost=1.88017e-05)
[2026-01-21 12:41:13.329] [debug] UNASSEMBLED(track) CONFIGURATION (normerr=0.0, maxerr=3.12887e-06, cost=2.53062e-05)
[2026-01-21 12:41:13.329] [debug] Model numQs: 52  Assembler num freeQs: 52
[2026-01-21 12:41:13.335] [debug] Tracking: t= 6.676 (acc=1.0e-05 tol=1.0e-06 normerr=0.0, maxerr=4.80618e-06, cost=2.03414e-05)
[2026-01-21 12:41:13.336] [debug] UNASSEMBLED(track) CONFIGURATION (normerr=0.0, maxerr=4.80618e-06, cost=2.74171e-05)
[2026-01-21 12:41:13.336] [debug] Model numQs: 52  Assembler num freeQs: 52
[2026-01-21 12:41:13.347] [debug] Tracking: t= 6.68 (acc=1.0e-05 tol=1.0e-06 normerr=0.0, maxerr=3.31747e-06, cost=1.89683e-05)
[2026-01-21 12:41:13.348] [debug] UNASSEMBLED(track) CONFIGURATION (normerr=0.0, maxerr=3.31747e-06, cost=2.50721e-05)
[2026-01-21 12:41:13.348] [debug] Model numQs: 52  Assembler num freeQs: 52
[2026-01-21 12:41:13.354] [debug] Tracking: t= 6.684 (acc=1.0e-05 tol=1.0e-06 normerr=0.0, maxerr=5.44075e-06, cost=1.96697e-05)
[2026-01-21 12:41:13.354] [debug] UNASSEMBLED(track) CONFIGURATION (normerr=0.0, maxerr=5.44075e-06, cost=2.68598e-05)
[2026-01-21 12:41:13.354] [debug] Model numQs: 52  Assembler num freeQs: 52
[2026-01-21 12:41:13.358] [debug] Tracking: t= 6.688 (acc=1.0e-05 tol=1.0e-06 normerr=0.0, maxerr=7.72399e-06, cost=2.17552e-05)
[2026-01-21 12:41:13.359] [debug] UNASSEMBLED(track) CONFIGURATION (normerr=0.0, maxerr=7.72399e-06, cost=3.02674e-05)
[2026-01-21 12:41:13.359] [debug] Model numQs: 52  Assembler num freeQs: 52
[2026-01-21 12:41:13.369] [debug] Tracking: t= 6.692 (acc=1.0e-05 tol=1.0e-06 normerr=0.0, maxerr=3.71228e-06, cost=1.82129e-05)
[2026-01-21 12:41:13.370] [debug] UNASSEMBLED(track) CONFIGURATION (normerr=0.0, maxerr=3.71228e-06, cost=2.37488e-05)
[2026-01-21 12:41:13.370] [debug] Model numQs: 52  Assembler num freeQs: 52
[2026-01-21 12:41:13.373] [debug] Tracking: t= 6.696 (acc=1.0e-05 tol=1.0e-06 normerr=0.0, maxerr=5.54797e-06, cost=1.86654e-05)
[2026-01-21 12:41:13.374] [debug] UNASSEMBLED(track) CONFIGURATION (normerr=0.0, maxerr=5.54797e-06, cost=2.5833e-05)
[2026-01-21 12:41:13.374] [debug] Model numQs: 52  Assembler num freeQs: 52
[2026-01-21 12:41:13.377] [debug] Tracking: t= 6.7 (acc=1.0e-05 tol=1.0e-06 normerr=0.0, maxerr=7.40637e-06, cost=2.05617e-05)
[2026-01-21 12:41:13.377] [debug] UNASSEMBLED(track) CONFIGURATION (normerr=0.0, maxerr=7.40637e-06, cost=2.811e-05)
[2026-01-21 12:41:13.377] [debug] Model numQs: 52  Assembler num freeQs: 52
[2026-01-21 12:41:13.393] [debug] Tracking: t= 6.70400 (acc=1.0e-05 tol=1.0e-06 normerr=0.0, maxerr=2.10062e-06, cost=1.61375e-05)
[2026-01-21 12:41:13.394] [debug] UNASSEMBLED(track) CONFIGURATION (normerr=0.0, maxerr=2.10062e-06, cost=2.10769e-05)
[2026-01-21 12:41:13.394] [debug] Model numQs: 52  Assembler num freeQs: 52
[2026-01-21 12:41:13.399] [debug] Tracking: t= 6.70800 (acc=1.0e-05 tol=1.0e-06 normerr=0.0, maxerr=4.92717e-06, cost=1.60207e-05)
[2026-01-21 12:41:13.399] [debug] UNASSEMBLED(track) CONFIGURATION (normerr=0.0, maxerr=4.92717e-06, cost=2.22709e-05)
[2026-01-21 12:41:13.399] [debug] Model numQs: 52  Assembler num freeQs: 52
[2026-01-21 12:41:13.404] [debug] Tracking: t= 6.712 (acc=1.0e-05 tol=1.0e-06 normerr=0.0, maxerr=6.73264e-06, cost=1.71598e-05)
[2026-01-21 12:41:13.404] [debug] UNASSEMBLED(track) CONFIGURATION (normerr=0.0, maxerr=6.73264e-06, cost=2.44555e-05)
[2026-01-21 12:41:13.404] [debug] Model numQs: 52  Assembler num freeQs: 52
[2026-01-21 12:41:13.409] [debug] Tracking: t= 6.716 (acc=1.0e-05 tol=1.0e-06 normerr=0.0, maxerr=8.98268e-06, cost=1.92301e-05)
[2026-01-21 12:41:13.410] [debug] UNASSEMBLED(track) CONFIGURATION (normerr=0.0, maxerr=8.98268e-06, cost=2.72666e-05)
[2026-01-21 12:41:13.410] [debug] Model numQs: 52  Assembler num freeQs: 52
[2026-01-21 12:41:13.420] [debug] Tracking: t= 6.72 (acc=1.0e-05 tol=1.0e-06 normerr=0.0, maxerr=2.89904e-06, cost=1.51626e-05)
[2026-01-21 12:41:13.421] [debug] UNASSEMBLED(track) CONFIGURATION (normerr=0.0, maxerr=2.89904e-06, cost=2.12493e-05)
[2026-01-21 12:41:13.421] [debug] Model numQs: 52  Assembler num freeQs: 52
[2026-01-21 12:41:13.426] [debug] Tracking: t= 6.724 (acc=1.0e-05 tol=1.0e-06 normerr=0.0, maxerr=4.98718e-06, cost=1.58245e-05)
[2026-01-21 12:41:13.426] [debug] UNASSEMBLED(track) CONFIGURATION (normerr=0.0, maxerr=4.98718e-06, cost=2.29031e-05)
[2026-01-21 12:41:13.426] [debug] Model numQs: 52  Assembler num freeQs: 52
[2026-01-21 12:41:13.431] [debug] Tracking: t= 6.728 (acc=1.0e-05 tol=1.0e-06 normerr=0.0, maxerr=6.54694e-06, cost=1.74762e-05)
[2026-01-21 12:41:13.431] [debug] UNASSEMBLED(track) CONFIGURATION (normerr=0.0, maxerr=6.54694e-06, cost=2.54072e-05)
[2026-01-21 12:41:13.431] [debug] Model numQs: 52  Assembler num freeQs: 52
[2026-01-21 12:41:13.435] [debug] Tracking: t= 6.732 (acc=1.0e-05 tol=1.0e-06 normerr=0.0, maxerr=6.22175e-06, cost=1.98787e-05)
[2026-01-21 12:41:13.435] [debug] UNASSEMBLED(track) CONFIGURATION (normerr=0.0, maxerr=6.22175e-06, cost=2.88961e-05)
[2026-01-21 12:41:13.435] [debug] Model numQs: 52  Assembler num freeQs: 52
[2026-01-21 12:41:13.438] [debug] Tracking: t= 6.736 (acc=1.0e-05 tol=1.0e-06 normerr=0.0, maxerr=8.95749e-06, cost=2.31712e-05)
[2026-01-21 12:41:13.439] [debug] UNASSEMBLED(track) CONFIGURATION (normerr=0.0, maxerr=8.95749e-06, cost=3.32295e-05)
[2026-01-21 12:41:13.439] [debug] Model numQs: 52  Assembler num freeQs: 52
[2026-01-21 12:41:13.451] [debug] Tracking: t= 6.74 (acc=1.0e-05 tol=1.0e-06 normerr=0.0, maxerr=2.14037e-06, cost=1.59795e-05)
[2026-01-21 12:41:13.452] [debug] UNASSEMBLED(track) CONFIGURATION (normerr=0.0, maxerr=2.14037e-06, cost=2.30330e-05)
[2026-01-21 12:41:13.452] [debug] Model numQs: 52  Assembler num freeQs: 52
[2026-01-21 12:41:13.455] [debug] Tracking: t= 6.744 (acc=1.0e-05 tol=1.0e-06 normerr=0.0, maxerr=2.92588e-06, cost=1.70147e-05)
[2026-01-21 12:41:13.456] [debug] UNASSEMBLED(track) CONFIGURATION (normerr=0.0, maxerr=2.92588e-06, cost=2.56311e-05)
[2026-01-21 12:41:13.456] [debug] Model numQs: 52  Assembler num freeQs: 52
[2026-01-21 12:41:13.459] [debug] Tracking: t= 6.748 (acc=1.0e-05 tol=1.0e-06 normerr=0.0, maxerr=3.51763e-06, cost=1.97107e-05)
[2026-01-21 12:41:13.459] [debug] UNASSEMBLED(track) CONFIGURATION (normerr=0.0, maxerr=3.51763e-06, cost=3.00501e-05)
[2026-01-21 12:41:13.459] [debug] Model numQs: 52  Assembler num freeQs: 52
[2026-01-21 12:41:13.467] [debug] Tracking: t= 6.752 (acc=1.0e-05 tol=1.0e-06 normerr=0.0, maxerr=3.31922e-06, cost=1.54929e-05)
[2026-01-21 12:41:13.467] [debug] UNASSEMBLED(track) CONFIGURATION (normerr=0.0, maxerr=3.31922e-06, cost=2.24682e-05)
[2026-01-21 12:41:13.467] [debug] Model numQs: 52  Assembler num freeQs: 52
[2026-01-21 12:41:13.471] [debug] Tracking: t= 6.756 (acc=1.0e-05 tol=1.0e-06 normerr=0.0, maxerr=2.29033e-06, cost=1.63598e-05)
[2026-01-21 12:41:13.472] [debug] UNASSEMBLED(track) CONFIGURATION (normerr=0.0, maxerr=2.29033e-06, cost=2.48205e-05)
[2026-01-21 12:41:13.472] [debug] Model numQs: 52  Assembler num freeQs: 52
[2026-01-21 12:41:13.476] [debug] Tracking: t= 6.76 (acc=1.0e-05 tol=1.0e-06 normerr=0.0, maxerr=3.91628e-06, cost=1.94331e-05)
[2026-01-21 12:41:13.476] [debug] UNASSEMBLED(track) CONFIGURATION (normerr=0.0, maxerr=3.91628e-06, cost=3.04878e-05)
[2026-01-21 12:41:13.476] [debug] Model numQs: 52  Assembler num freeQs: 52
[2026-01-21 12:41:13.488] [debug] Tracking: t= 6.764 (acc=1.0e-05 tol=1.0e-06 normerr=0.0, maxerr=1.00424e-06, cost=1.55072e-05)
[2026-01-21 12:41:13.489] [debug] UNASSEMBLED(track) CONFIGURATION (normerr=0.0, maxerr=1.00424e-06, cost=2.28239e-05)
[2026-01-21 12:41:13.489] [debug] Model numQs: 52  Assembler num freeQs: 52
[2026-01-21 12:41:13.491] [debug] Tracking: t= 6.768 (acc=1.0e-05 tol=1.0e-06 normerr=0.0, maxerr=1.18428e-06, cost=1.63656e-05)
[2026-01-21 12:41:13.492] [debug] UNASSEMBLED(track) CONFIGURATION (normerr=0.0, maxerr=1.18428e-06, cost=2.67987e-05)
[2026-01-21 12:41:13.492] [debug] Model numQs: 52  Assembler num freeQs: 52
[2026-01-21 12:41:13.494] [debug] Tracking: t= 6.772 (acc=1.0e-05 tol=1.0e-06 normerr=0.0, maxerr=1.31144e-06, cost=1.99598e-05)
[2026-01-21 12:41:13.494] [debug] UNASSEMBLED(track) CONFIGURATION (normerr=0.0, maxerr=1.31144e-06, cost=3.28651e-05)
[2026-01-21 12:41:13.494] [debug] Model numQs: 52  Assembler num freeQs: 52
[2026-01-21 12:41:13.511] [debug] Tracking: t= 6.776 (acc=1.0e-05 tol=1.0e-06 normerr=0.0, maxerr=4.85588e-06, cost=1.40831e-05)
[2026-01-21 12:41:13.512] [debug] UNASSEMBLED(track) CONFIGURATION (normerr=0.0, maxerr=4.85588e-06, cost=2.26033e-05)
[2026-01-21 12:41:13.512] [debug] Model numQs: 52  Assembler num freeQs: 52
[2026-01-21 12:41:13.517] [debug] Tracking: t= 6.78 (acc=1.0e-05 tol=1.0e-06 normerr=0.0, maxerr=1.37929e-06, cost=1.52702e-05)
[2026-01-21 12:41:13.518] [debug] UNASSEMBLED(track) CONFIGURATION (normerr=0.0, maxerr=1.37929e-06, cost=2.64347e-05)
[2026-01-21 12:41:13.518] [debug] Model numQs: 52  Assembler num freeQs: 52
[2026-01-21 12:41:13.523] [debug] Tracking: t= 6.784 (acc=1.0e-05 tol=1.0e-06 normerr=0.0, maxerr=1.61842e-06, cost=1.8841e-05)
[2026-01-21 12:41:13.524] [debug] UNASSEMBLED(track) CONFIGURATION (normerr=0.0, maxerr=1.61842e-06, cost=3.28227e-05)
[2026-01-21 12:41:13.524] [debug] Model numQs: 52  Assembler num freeQs: 52
[2026-01-21 12:41:13.549] [debug] Tracking: t= 6.788 (acc=1.0e-05 tol=1.0e-06 normerr=0.0, maxerr=2.00783e-06, cost=1.41726e-05)
[2026-01-21 12:41:13.551] [debug] UNASSEMBLED(track) CONFIGURATION (normerr=0.0, maxerr=2.00783e-06, cost=2.3112e-05)
[2026-01-21 12:41:13.551] [debug] Model numQs: 52  Assembler num freeQs: 52
[2026-01-21 12:41:13.558] [debug] Tracking: t= 6.792 (acc=1.0e-05 tol=1.0e-06 normerr=0.0, maxerr=1.39663e-06, cost=1.56334e-05)
[2026-01-21 12:41:13.559] [debug] UNASSEMBLED(track) CONFIGURATION (normerr=0.0, maxerr=1.39663e-06, cost=2.81661e-05)
[2026-01-21 12:41:13.559] [debug] Model numQs: 52  Assembler num freeQs: 52
[2026-01-21 12:41:13.586] [debug] Tracking: t= 6.796 (acc=1.0e-05 tol=1.0e-06 normerr=0.0, maxerr=1.2516e-06, cost=1.35197e-05)
[2026-01-21 12:41:13.587] [debug] UNASSEMBLED(track) CONFIGURATION (normerr=0.0, maxerr=1.2516e-06, cost=2.27923e-05)
[2026-01-21 12:41:13.587] [debug] Model numQs: 52  Assembler num freeQs: 52
[2026-01-21 12:41:13.591] [debug] Tracking: t= 6.8 (acc=1.0e-05 tol=1.0e-06 normerr=0.0, maxerr=1.21174e-06, cost=1.53368e-05)
[2026-01-21 12:41:13.592] [debug] UNASSEMBLED(track) CONFIGURATION (normerr=0.0, maxerr=1.21174e-06, cost=2.86706e-05)
[2026-01-21 12:41:13.592] [debug] Model numQs: 52  Assembler num freeQs: 52
[2026-01-21 12:41:13.595] [debug] Tracking: t= 6.80400 (acc=1.0e-05 tol=1.0e-06 normerr=0.0, maxerr=3.00623e-06, cost=2.04074e-05)
[2026-01-21 12:41:13.596] [debug] UNASSEMBLED(track) CONFIGURATION (normerr=0.0, maxerr=3.00623e-06, cost=3.73243e-05)
[2026-01-21 12:41:13.596] [debug] Model numQs: 52  Assembler num freeQs: 52
[2026-01-21 12:41:13.624] [debug] Tracking: t= 6.80800 (acc=1.0e-05 tol=1.0e-06 normerr=0.0, maxerr=1.98906e-06, cost=1.48852e-05)
[2026-01-21 12:41:13.625] [debug] UNASSEMBLED(track) CONFIGURATION (normerr=0.0, maxerr=1.98906e-06, cost=2.66466e-05)
[2026-01-21 12:41:13.625] [debug] Model numQs: 52  Assembler num freeQs: 52
[2026-01-21 12:41:13.630] [debug] Tracking: t= 6.812 (acc=1.0e-05 tol=1.0e-06 normerr=0.0, maxerr=3.47449e-06, cost=1.7546e-05)
[2026-01-21 12:41:13.631] [debug] UNASSEMBLED(track) CONFIGURATION (normerr=0.0, maxerr=3.47449e-06, cost=3.44818e-05)
[2026-01-21 12:41:13.631] [debug] Model numQs: 52  Assembler num freeQs: 52
[2026-01-21 12:41:13.645] [debug] Tracking: t= 6.816 (acc=1.0e-05 tol=1.0e-06 normerr=0.0, maxerr=2.01006e-06, cost=1.98723e-05)
[2026-01-21 12:41:13.646] [debug] UNASSEMBLED(track) CONFIGURATION (normerr=0.0, maxerr=2.01006e-06, cost=3.40352e-05)
[2026-01-21 12:41:13.646] [debug] Model numQs: 52  Assembler num freeQs: 52
[2026-01-21 12:41:13.654] [debug] Tracking: t= 6.82 (acc=1.0e-05 tol=1.0e-06 normerr=0.0, maxerr=9.59579e-07, cost=2.48612e-05)
[2026-01-21 12:41:13.655] [debug] UNASSEMBLED(track) CONFIGURATION (normerr=0.0, maxerr=9.59579e-07, cost=4.19148e-05)
[2026-01-21 12:41:13.655] [debug] Model numQs: 52  Assembler num freeQs: 52
[2026-01-21 12:41:13.674] [debug] Tracking: t= 6.824 (acc=1.0e-05 tol=1.0e-06 normerr=0.0, maxerr=1.61476e-06, cost=2.12914e-05)
[2026-01-21 12:41:13.675] [debug] UNASSEMBLED(track) CONFIGURATION (normerr=0.0, maxerr=1.61476e-06, cost=3.33982e-05)
[2026-01-21 12:41:13.675] [debug] Model numQs: 52  Assembler num freeQs: 52
[2026-01-21 12:41:13.680] [debug] Tracking: t= 6.828 (acc=1.0e-05 tol=1.0e-06 normerr=0.0, maxerr=1.1643e-06, cost=2.40982e-05)
[2026-01-21 12:41:13.681] [debug] UNASSEMBLED(track) CONFIGURATION (normerr=0.0, maxerr=1.1643e-06, cost=3.94591e-05)
[2026-01-21 12:41:13.681] [debug] Model numQs: 52  Assembler num freeQs: 52
[2026-01-21 12:41:13.707] [debug] Tracking: t= 6.832 (acc=1.0e-05 tol=1.0e-06 normerr=0.0, maxerr=1.30433e-06, cost=1.91748e-05)
[2026-01-21 12:41:13.708] [debug] UNASSEMBLED(track) CONFIGURATION (normerr=0.0, maxerr=1.30433e-06, cost=3.08599e-05)
[2026-01-21 12:41:13.708] [debug] Model numQs: 52  Assembler num freeQs: 52
[2026-01-21 12:41:13.712] [debug] Tracking: t= 6.836 (acc=1.0e-05 tol=1.0e-06 normerr=0.0, maxerr=3.36304e-06, cost=2.13585e-05)
[2026-01-21 12:41:13.713] [debug] UNASSEMBLED(track) CONFIGURATION (normerr=0.0, maxerr=3.36304e-06, cost=3.59608e-05)
[2026-01-21 12:41:13.713] [debug] Model numQs: 52  Assembler num freeQs: 52
[2026-01-21 12:41:13.727] [debug] Tracking: t= 6.84 (acc=1.0e-05 tol=1.0e-06 normerr=0.0, maxerr=1.68837e-06, cost=2.26567e-05)
[2026-01-21 12:41:13.728] [debug] UNASSEMBLED(track) CONFIGURATION (normerr=0.0, maxerr=1.68837e-06, cost=3.72716e-05)
[2026-01-21 12:41:13.728] [debug] Model numQs: 52  Assembler num freeQs: 52
[2026-01-21 12:41:13.743] [debug] Tracking: t= 6.844 (acc=1.0e-05 tol=1.0e-06 normerr=0.0, maxerr=2.25565e-06, cost=2.30546e-05)
[2026-01-21 12:41:13.744] [debug] UNASSEMBLED(track) CONFIGURATION (normerr=0.0, maxerr=2.25565e-06, cost=3.65873e-05)
[2026-01-21 12:41:13.744] [debug] Model numQs: 52  Assembler num freeQs: 52
[2026-01-21 12:41:13.759] [debug] Tracking: t= 6.848 (acc=1.0e-05 tol=1.0e-06 normerr=0.0, maxerr=1.59785e-06, cost=2.4424e-05)
[2026-01-21 12:41:13.759] [debug] UNASSEMBLED(track) CONFIGURATION (normerr=0.0, maxerr=1.59785e-06, cost=3.88344e-05)
[2026-01-21 12:41:13.759] [debug] Model numQs: 52  Assembler num freeQs: 52
[2026-01-21 12:41:13.764] [debug] Tracking: t= 6.852 (acc=1.0e-05 tol=1.0e-06 normerr=0.0, maxerr=1.64696e-06, cost=2.85155e-05)
[2026-01-21 12:41:13.766] [debug] UNASSEMBLED(track) CONFIGURATION (normerr=0.0, maxerr=1.64696e-06, cost=4.55886e-05)
[2026-01-21 12:41:13.766] [debug] Model numQs: 52  Assembler num freeQs: 52
[2026-01-21 12:41:13.778] [debug] Tracking: t= 6.856 (acc=1.0e-05 tol=1.0e-06 normerr=0.0, maxerr=1.91621e-06, cost=2.79084e-05)
[2026-01-21 12:41:13.778] [debug] UNASSEMBLED(track) CONFIGURATION (normerr=0.0, maxerr=1.91621e-06, cost=4.22666e-05)
[2026-01-21 12:41:13.778] [debug] Model numQs: 52  Assembler num freeQs: 52
[2026-01-21 12:41:13.828] [debug] Tracking: t= 6.86 (acc=1.0e-05 tol=1.0e-06 normerr=0.0, maxerr=1.52699e-06, cost=2.28669e-05)
[2026-01-21 12:41:13.830] [debug] UNASSEMBLED(track) CONFIGURATION (normerr=0.0, maxerr=1.52699e-06, cost=3.53861e-05)
[2026-01-21 12:41:13.830] [debug] Model numQs: 52  Assembler num freeQs: 52
[2026-01-21 12:41:13.839] [debug] Tracking: t= 6.864 (acc=1.0e-05 tol=1.0e-06 normerr=0.0, maxerr=2.47687e-06, cost=2.41511e-05)
[2026-01-21 12:41:13.907] [debug] UNASSEMBLED(track) CONFIGURATION (normerr=0.0, maxerr=2.47687e-06, cost=3.88224e-05)
[2026-01-21 12:41:13.907] [debug] Model numQs: 52  Assembler num freeQs: 52
[2026-01-21 12:41:13.918] [debug] Tracking: t= 6.868 (acc=1.0e-05 tol=1.0e-06 normerr=0.0, maxerr=1.75428e-06, cost=2.4856e-05)
[2026-01-21 12:41:13.919] [debug] UNASSEMBLED(track) CONFIGURATION (normerr=0.0, maxerr=1.75428e-06, cost=3.89845e-05)
[2026-01-21 12:41:13.919] [debug] Model numQs: 52  Assembler num freeQs: 52
[2026-01-21 12:41:13.924] [debug] Tracking: t= 6.872 (acc=1.0e-05 tol=1.0e-06 normerr=0.0, maxerr=3.1389e-06, cost=2.71992e-05)
[2026-01-21 12:41:13.925] [debug] UNASSEMBLED(track) CONFIGURATION (normerr=0.0, maxerr=3.1389e-06, cost=4.24598e-05)
[2026-01-21 12:41:13.925] [debug] Model numQs: 52  Assembler num freeQs: 52
[2026-01-21 12:41:13.931] [debug] Tracking: t= 6.876 (acc=1.0e-05 tol=1.0e-06 normerr=0.0, maxerr=4.71988e-06, cost=2.94323e-05)
[2026-01-21 12:41:13.933] [debug] UNASSEMBLED(track) CONFIGURATION (normerr=0.0, maxerr=4.71988e-06, cost=4.68847e-05)
[2026-01-21 12:41:13.933] [debug] Model numQs: 52  Assembler num freeQs: 52
[2026-01-21 12:41:13.946] [debug] Tracking: t= 6.88 (acc=1.0e-05 tol=1.0e-06 normerr=0.0, maxerr=2.10792e-06, cost=2.55149e-05)
[2026-01-21 12:41:13.947] [debug] UNASSEMBLED(track) CONFIGURATION (normerr=0.0, maxerr=2.10792e-06, cost=4.04773e-05)
[2026-01-21 12:41:13.947] [debug] Model numQs: 52  Assembler num freeQs: 52
[2026-01-21 12:41:13.954] [debug] Tracking: t= 6.884 (acc=1.0e-05 tol=1.0e-06 normerr=0.0, maxerr=2.35865e-06, cost=2.70063e-05)
[2026-01-21 12:41:13.956] [debug] UNASSEMBLED(track) CONFIGURATION (normerr=0.0, maxerr=2.35865e-06, cost=4.25468e-05)
[2026-01-21 12:41:13.956] [debug] Model numQs: 52  Assembler num freeQs: 52
[2026-01-21 12:41:13.961] [debug] Tracking: t= 6.888 (acc=1.0e-05 tol=1.0e-06 normerr=0.0, maxerr=4.2684e-06, cost=2.92918e-05)
[2026-01-21 12:41:13.961] [debug] UNASSEMBLED(track) CONFIGURATION (normerr=0.0, maxerr=4.2684e-06, cost=4.60709e-05)
[2026-01-21 12:41:13.961] [debug] Model numQs: 52  Assembler num freeQs: 52
[2026-01-21 12:41:13.977] [debug] Tracking: t= 6.892 (acc=1.0e-05 tol=1.0e-06 normerr=0.0, maxerr=2.45573e-06, cost=2.66991e-05)
[2026-01-21 12:41:13.978] [debug] UNASSEMBLED(track) CONFIGURATION (normerr=0.0, maxerr=2.45573e-06, cost=4.16167e-05)
[2026-01-21 12:41:13.978] [debug] Model numQs: 52  Assembler num freeQs: 52
[2026-01-21 12:41:13.986] [debug] Tracking: t= 6.896 (acc=1.0e-05 tol=1.0e-06 normerr=0.0, maxerr=7.25687e-06, cost=2.74735e-05)
[2026-01-21 12:41:13.987] [debug] UNASSEMBLED(track) CONFIGURATION (normerr=0.0, maxerr=7.25687e-06, cost=4.20326e-05)
[2026-01-21 12:41:13.988] [debug] Model numQs: 52  Assembler num freeQs: 52
[2026-01-21 12:41:13.994] [debug] Tracking: t= 6.9 (acc=1.0e-05 tol=1.0e-06 normerr=0.0, maxerr=3.23347e-06, cost=2.83504e-05)
[2026-01-21 12:41:13.995] [debug] UNASSEMBLED(track) CONFIGURATION (normerr=0.0, maxerr=3.23347e-06, cost=4.43225e-05)
[2026-01-21 12:41:13.995] [debug] Model numQs: 52  Assembler num freeQs: 52
[2026-01-21 12:41:14.011] [debug] Tracking: t= 6.90400 (acc=1.0e-05 tol=1.0e-06 normerr=0.0, maxerr=1.91579e-06, cost=2.5666e-05)
[2026-01-21 12:41:14.013] [debug] UNASSEMBLED(track) CONFIGURATION (normerr=0.0, maxerr=1.91579e-06, cost=4.01653e-05)
[2026-01-21 12:41:14.013] [debug] Model numQs: 52  Assembler num freeQs: 52
[2026-01-21 12:41:14.022] [debug] Tracking: t= 6.90800 (acc=1.0e-05 tol=1.0e-06 normerr=0.0, maxerr=1.936e-06, cost=2.56551e-05)
[2026-01-21 12:41:14.023] [debug] UNASSEMBLED(track) CONFIGURATION (normerr=0.0, maxerr=1.936e-06, cost=4.12956e-05)
[2026-01-21 12:41:14.023] [debug] Model numQs: 52  Assembler num freeQs: 52
[2026-01-21 12:41:14.027] [debug] Tracking: t= 6.912 (acc=1.0e-05 tol=1.0e-06 normerr=0.0, maxerr=2.89528e-06, cost=2.64064e-05)
[2026-01-21 12:41:14.027] [debug] UNASSEMBLED(track) CONFIGURATION (normerr=0.0, maxerr=2.89528e-06, cost=4.23041e-05)
[2026-01-21 12:41:14.028] [debug] Model numQs: 52  Assembler num freeQs: 52
[2026-01-21 12:41:14.033] [debug] Tracking: t= 6.916 (acc=1.0e-05 tol=1.0e-06 normerr=0.0, maxerr=5.71892e-06, cost=2.73010e-05)
[2026-01-21 12:41:14.035] [debug] UNASSEMBLED(track) CONFIGURATION (normerr=0.0, maxerr=5.71892e-06, cost=4.36725e-05)
[2026-01-21 12:41:14.035] [debug] Model numQs: 52  Assembler num freeQs: 52
[2026-01-21 12:41:14.049] [debug] Tracking: t= 6.92 (acc=1.0e-05 tol=1.0e-06 normerr=0.0, maxerr=2.25782e-06, cost=2.37538e-05)
[2026-01-21 12:41:14.050] [debug] UNASSEMBLED(track) CONFIGURATION (normerr=0.0, maxerr=2.25782e-06, cost=3.7921e-05)
[2026-01-21 12:41:14.051] [debug] Model numQs: 52  Assembler num freeQs: 52
[2026-01-21 12:41:14.059] [debug] Tracking: t= 6.924 (acc=1.0e-05 tol=1.0e-06 normerr=0.0, maxerr=2.79833e-06, cost=2.31193e-05)
[2026-01-21 12:41:14.060] [debug] UNASSEMBLED(track) CONFIGURATION (normerr=0.0, maxerr=2.79833e-06, cost=3.79689e-05)
[2026-01-21 12:41:14.060] [debug] Model numQs: 52  Assembler num freeQs: 52
[2026-01-21 12:41:14.066] [debug] Tracking: t= 6.928 (acc=1.0e-05 tol=1.0e-06 normerr=0.0, maxerr=2.75176e-06, cost=2.26391e-05)
[2026-01-21 12:41:14.068] [debug] UNASSEMBLED(track) CONFIGURATION (normerr=0.0, maxerr=2.75176e-06, cost=3.87483e-05)
[2026-01-21 12:41:14.068] [debug] Model numQs: 52  Assembler num freeQs: 52
[2026-01-21 12:41:14.074] [debug] Tracking: t= 6.932 (acc=1.0e-05 tol=1.0e-06 normerr=0.0, maxerr=4.18726e-06, cost=2.31621e-05)
[2026-01-21 12:41:14.075] [debug] UNASSEMBLED(track) CONFIGURATION (normerr=0.0, maxerr=4.18726e-06, cost=4.11762e-05)
[2026-01-21 12:41:14.075] [debug] Model numQs: 52  Assembler num freeQs: 52
[2026-01-21 12:41:14.092] [debug] Tracking: t= 6.936 (acc=1.0e-05 tol=1.0e-06 normerr=0.0, maxerr=2.80332e-06, cost=2.09701e-05)
[2026-01-21 12:41:14.093] [debug] UNASSEMBLED(track) CONFIGURATION (normerr=0.0, maxerr=2.80332e-06, cost=3.77878e-05)
[2026-01-21 12:41:14.093] [debug] Model numQs: 52  Assembler num freeQs: 52
[2026-01-21 12:41:14.098] [debug] Tracking: t= 6.94 (acc=1.0e-05 tol=1.0e-06 normerr=0.0, maxerr=2.21524e-06, cost=2.07408e-05)
[2026-01-21 12:41:14.099] [debug] UNASSEMBLED(track) CONFIGURATION (normerr=0.0, maxerr=2.21524e-06, cost=3.78474e-05)
[2026-01-21 12:41:14.099] [debug] Model numQs: 52  Assembler num freeQs: 52
[2026-01-21 12:41:14.103] [debug] Tracking: t= 6.944 (acc=1.0e-05 tol=1.0e-06 normerr=0.0, maxerr=2.85259e-06, cost=2.08805e-05)
[2026-01-21 12:41:14.104] [debug] UNASSEMBLED(track) CONFIGURATION (normerr=0.0, maxerr=2.85259e-06, cost=3.85552e-05)
[2026-01-21 12:41:14.104] [debug] Model numQs: 52  Assembler num freeQs: 52
[2026-01-21 12:41:14.113] [debug] Tracking: t= 6.948 (acc=1.0e-05 tol=1.0e-06 normerr=0.0, maxerr=3.10825e-06, cost=2.07974e-05)
[2026-01-21 12:41:14.114] [debug] UNASSEMBLED(track) CONFIGURATION (normerr=0.0, maxerr=3.10825e-06, cost=3.86996e-05)
[2026-01-21 12:41:14.114] [debug] Model numQs: 52  Assembler num freeQs: 52
[2026-01-21 12:41:14.120] [debug] Tracking: t= 6.952 (acc=1.0e-05 tol=1.0e-06 normerr=0.0, maxerr=3.66946e-06, cost=2.10581e-05)
[2026-01-21 12:41:14.121] [debug] UNASSEMBLED(track) CONFIGURATION (normerr=0.0, maxerr=3.66946e-06, cost=3.94682e-05)
[2026-01-21 12:41:14.121] [debug] Model numQs: 52  Assembler num freeQs: 52
[2026-01-21 12:41:14.134] [debug] Tracking: t= 6.956 (acc=1.0e-05 tol=1.0e-06 normerr=0.0, maxerr=3.1129e-06, cost=1.84218e-05)
[2026-01-21 12:41:14.135] [debug] UNASSEMBLED(track) CONFIGURATION (normerr=0.0, maxerr=3.1129e-06, cost=3.61754e-05)
[2026-01-21 12:41:14.136] [debug] Model numQs: 52  Assembler num freeQs: 52
[2026-01-21 12:41:14.144] [debug] Tracking: t= 6.96 (acc=1.0e-05 tol=1.0e-06 normerr=0.0, maxerr=2.23836e-06, cost=1.79371e-05)
[2026-01-21 12:41:14.145] [debug] UNASSEMBLED(track) CONFIGURATION (normerr=0.0, maxerr=2.23836e-06, cost=3.64048e-05)
[2026-01-21 12:41:14.145] [debug] Model numQs: 52  Assembler num freeQs: 52
[2026-01-21 12:41:14.151] [debug] Tracking: t= 6.964 (acc=1.0e-05 tol=1.0e-06 normerr=0.0, maxerr=2.51684e-06, cost=1.80560e-05)
[2026-01-21 12:41:14.156] [debug] UNASSEMBLED(track) CONFIGURATION (normerr=0.0, maxerr=2.51684e-06, cost=3.70708e-05)
[2026-01-21 12:41:14.156] [debug] Model numQs: 52  Assembler num freeQs: 52
[2026-01-21 12:41:14.161] [debug] Tracking: t= 6.968 (acc=1.0e-05 tol=1.0e-06 normerr=0.0, maxerr=2.21381e-06, cost=1.83366e-05)
[2026-01-21 12:41:14.163] [debug] UNASSEMBLED(track) CONFIGURATION (normerr=0.0, maxerr=2.21381e-06, cost=3.76284e-05)
[2026-01-21 12:41:14.163] [debug] Model numQs: 52  Assembler num freeQs: 52
[2026-01-21 12:41:14.178] [debug] Tracking: t= 6.972 (acc=1.0e-05 tol=1.0e-06 normerr=0.0, maxerr=3.07503e-06, cost=1.74861e-05)
[2026-01-21 12:41:14.179] [debug] UNASSEMBLED(track) CONFIGURATION (normerr=0.0, maxerr=3.07503e-06, cost=3.67791e-05)
[2026-01-21 12:41:14.179] [debug] Model numQs: 52  Assembler num freeQs: 52
[2026-01-21 12:41:14.188] [debug] Tracking: t= 6.976 (acc=1.0e-05 tol=1.0e-06 normerr=0.0, maxerr=2.86549e-06, cost=1.73302e-05)
[2026-01-21 12:41:14.189] [debug] UNASSEMBLED(track) CONFIGURATION (normerr=0.0, maxerr=2.86549e-06, cost=3.74408e-05)
[2026-01-21 12:41:14.189] [debug] Model numQs: 52  Assembler num freeQs: 52
[2026-01-21 12:41:14.193] [debug] Tracking: t= 6.98 (acc=1.0e-05 tol=1.0e-06 normerr=0.0, maxerr=2.65874e-06, cost=1.73862e-05)
[2026-01-21 12:41:14.194] [debug] UNASSEMBLED(track) CONFIGURATION (normerr=0.0, maxerr=2.65874e-06, cost=3.83978e-05)
[2026-01-21 12:41:14.194] [debug] Model numQs: 52  Assembler num freeQs: 52
[2026-01-21 12:41:14.202] [debug] Tracking: t= 6.984 (acc=1.0e-05 tol=1.0e-06 normerr=0.0, maxerr=1.68924e-06, cost=1.80542e-05)
[2026-01-21 12:41:14.204] [debug] UNASSEMBLED(track) CONFIGURATION (normerr=0.0, maxerr=1.68924e-06, cost=4.0311e-05)
[2026-01-21 12:41:14.204] [debug] Model numQs: 52  Assembler num freeQs: 52
[2026-01-21 12:41:14.228] [debug] Tracking: t= 6.988 (acc=1.0e-05 tol=1.0e-06 normerr=0.0, maxerr=3.5312e-06, cost=1.7434e-05)
[2026-01-21 12:41:14.231] [debug] UNASSEMBLED(track) CONFIGURATION (normerr=0.0, maxerr=3.5312e-06, cost=3.88967e-05)
[2026-01-21 12:41:14.231] [debug] Model numQs: 52  Assembler num freeQs: 52
[2026-01-21 12:41:14.239] [debug] Tracking: t= 6.992 (acc=1.0e-05 tol=1.0e-06 normerr=0.0, maxerr=2.95951e-06, cost=1.77968e-05)
[2026-01-21 12:41:14.240] [debug] UNASSEMBLED(track) CONFIGURATION (normerr=0.0, maxerr=2.95951e-06, cost=4.04812e-05)
[2026-01-21 12:41:14.240] [debug] Model numQs: 52  Assembler num freeQs: 52
[2026-01-21 12:41:14.246] [debug] Tracking: t= 6.996 (acc=1.0e-05 tol=1.0e-06 normerr=0.0, maxerr=6.9641e-06, cost=1.87201e-05)
[2026-01-21 12:41:14.248] [debug] UNASSEMBLED(track) CONFIGURATION (normerr=0.0, maxerr=6.9641e-06, cost=4.07709e-05)
[2026-01-21 12:41:14.248] [debug] Model numQs: 52  Assembler num freeQs: 52
[2026-01-21 12:41:14.273] [debug] Tracking: t= 7.0 (acc=1.0e-05 tol=1.0e-06 normerr=0.0, maxerr=3.66249e-06, cost=1.77727e-05)
[2026-01-21 12:41:14.274] [debug] UNASSEMBLED(track) CONFIGURATION (normerr=0.0, maxerr=3.66249e-06, cost=3.8786e-05)
[2026-01-21 12:41:14.274] [debug] Model numQs: 52  Assembler num freeQs: 52
[2026-01-21 12:41:14.280] [debug] Tracking: t= 7.00400 (acc=1.0e-05 tol=1.0e-06 normerr=0.0, maxerr=4.58093e-06, cost=1.79644e-05)
[2026-01-21 12:41:14.282] [debug] UNASSEMBLED(track) CONFIGURATION (normerr=0.0, maxerr=4.58093e-06, cost=4.01522e-05)
[2026-01-21 12:41:14.282] [debug] Model numQs: 52  Assembler num freeQs: 52
[2026-01-21 12:41:14.289] [debug] Tracking: t= 7.00800 (acc=1.0e-05 tol=1.0e-06 normerr=0.0, maxerr=1.86335e-06, cost=1.87589e-05)
[2026-01-21 12:41:14.290] [debug] UNASSEMBLED(track) CONFIGURATION (normerr=0.0, maxerr=1.86335e-06, cost=4.23013e-05)
[2026-01-21 12:41:14.290] [debug] Model numQs: 52  Assembler num freeQs: 52
[2026-01-21 12:41:14.296] [debug] Tracking: t= 7.012 (acc=1.0e-05 tol=1.0e-06 normerr=0.0, maxerr=1.67513e-06, cost=2.01997e-05)
[2026-01-21 12:41:14.305] [debug] UNASSEMBLED(track) CONFIGURATION (normerr=0.0, maxerr=1.67513e-06, cost=4.40510e-05)
[2026-01-21 12:41:14.305] [debug] Model numQs: 52  Assembler num freeQs: 52
[2026-01-21 12:41:14.325] [debug] Tracking: t= 7.016 (acc=1.0e-05 tol=1.0e-06 normerr=0.0, maxerr=6.599e-06, cost=1.85767e-05)
[2026-01-21 12:41:14.326] [debug] UNASSEMBLED(track) CONFIGURATION (normerr=0.0, maxerr=6.599e-06, cost=4.07971e-05)
[2026-01-21 12:41:14.326] [debug] Model numQs: 52  Assembler num freeQs: 52
[2026-01-21 12:41:14.331] [debug] Tracking: t= 7.02 (acc=1.0e-05 tol=1.0e-06 normerr=0.0, maxerr=2.55116e-06, cost=1.91709e-05)
[2026-01-21 12:41:14.333] [debug] UNASSEMBLED(track) CONFIGURATION (normerr=0.0, maxerr=2.55116e-06, cost=4.22451e-05)
[2026-01-21 12:41:14.333] [debug] Model numQs: 52  Assembler num freeQs: 52
[2026-01-21 12:41:14.353] [debug] Tracking: t= 7.024 (acc=1.0e-05 tol=1.0e-06 normerr=0.0, maxerr=4.19258e-06, cost=1.81677e-05)
[2026-01-21 12:41:14.354] [debug] UNASSEMBLED(track) CONFIGURATION (normerr=0.0, maxerr=4.19258e-06, cost=4.03079e-05)
[2026-01-21 12:41:14.354] [debug] Model numQs: 52  Assembler num freeQs: 52
[2026-01-21 12:41:14.366] [debug] Tracking: t= 7.028 (acc=1.0e-05 tol=1.0e-06 normerr=0.0, maxerr=2.44171e-06, cost=1.84092e-05)
[2026-01-21 12:41:14.367] [debug] UNASSEMBLED(track) CONFIGURATION (normerr=0.0, maxerr=2.44171e-06, cost=4.18099e-05)
[2026-01-21 12:41:14.367] [debug] Model numQs: 52  Assembler num freeQs: 52
[2026-01-21 12:41:14.380] [debug] Tracking: t= 7.032 (acc=1.0e-05 tol=1.0e-06 normerr=0.0, maxerr=3.74381e-06, cost=1.83231e-05)
[2026-01-21 12:41:14.381] [debug] UNASSEMBLED(track) CONFIGURATION (normerr=0.0, maxerr=3.74381e-06, cost=4.14606e-05)
[2026-01-21 12:41:14.381] [debug] Model numQs: 52  Assembler num freeQs: 52
[2026-01-21 12:41:14.384] [debug] Tracking: t= 7.036 (acc=1.0e-05 tol=1.0e-06 normerr=0.0, maxerr=2.63808e-06, cost=1.87683e-05)
[2026-01-21 12:41:14.385] [debug] UNASSEMBLED(track) CONFIGURATION (normerr=0.0, maxerr=2.63808e-06, cost=4.31981e-05)
[2026-01-21 12:41:14.385] [debug] Model numQs: 52  Assembler num freeQs: 52
[2026-01-21 12:41:14.396] [debug] Tracking: t= 7.04 (acc=1.0e-05 tol=1.0e-06 normerr=0.0, maxerr=4.03571e-06, cost=1.72674e-05)
[2026-01-21 12:41:14.397] [debug] UNASSEMBLED(track) CONFIGURATION (normerr=0.0, maxerr=4.03571e-06, cost=3.94049e-05)
[2026-01-21 12:41:14.397] [debug] Model numQs: 52  Assembler num freeQs: 52
[2026-01-21 12:41:14.405] [debug] Tracking: t= 7.044 (acc=1.0e-05 tol=1.0e-06 normerr=0.0, maxerr=4.64548e-06, cost=1.74871e-05)
[2026-01-21 12:41:14.406] [debug] UNASSEMBLED(track) CONFIGURATION (normerr=0.0, maxerr=4.64548e-06, cost=4.09042e-05)
[2026-01-21 12:41:14.406] [debug] Model numQs: 52  Assembler num freeQs: 52
[2026-01-21 12:41:14.410] [debug] Tracking: t= 7.048 (acc=1.0e-05 tol=1.0e-06 normerr=0.0, maxerr=2.74817e-06, cost=1.90378e-05)
[2026-01-21 12:41:14.410] [debug] UNASSEMBLED(track) CONFIGURATION (normerr=0.0, maxerr=2.74817e-06, cost=4.54962e-05)
[2026-01-21 12:41:14.410] [debug] Model numQs: 52  Assembler num freeQs: 52
[2026-01-21 12:41:14.438] [debug] Tracking: t= 7.052 (acc=1.0e-05 tol=1.0e-06 normerr=0.0, maxerr=4.01432e-06, cost=1.81613e-05)
[2026-01-21 12:41:14.439] [debug] UNASSEMBLED(track) CONFIGURATION (normerr=0.0, maxerr=4.01432e-06, cost=4.19369e-05)
[2026-01-21 12:41:14.439] [debug] Model numQs: 52  Assembler num freeQs: 52
[2026-01-21 12:41:14.442] [debug] Tracking: t= 7.056 (acc=1.0e-05 tol=1.0e-06 normerr=0.0, maxerr=2.84873e-06, cost=1.92926e-05)
[2026-01-21 12:41:14.442] [debug] UNASSEMBLED(track) CONFIGURATION (normerr=0.0, maxerr=2.84873e-06, cost=4.41155e-05)
[2026-01-21 12:41:14.442] [debug] Model numQs: 52  Assembler num freeQs: 52
[2026-01-21 12:41:14.446] [debug] Tracking: t= 7.06 (acc=1.0e-05 tol=1.0e-06 normerr=0.0, maxerr=2.54235e-06, cost=2.11511e-05)
[2026-01-21 12:41:14.447] [debug] UNASSEMBLED(track) CONFIGURATION (normerr=0.0, maxerr=2.54235e-06, cost=4.6886e-05)
[2026-01-21 12:41:14.447] [debug] Model numQs: 52  Assembler num freeQs: 52
[2026-01-21 12:41:14.458] [debug] Tracking: t= 7.064 (acc=1.0e-05 tol=1.0e-06 normerr=0.0, maxerr=4.23291e-06, cost=2.02579e-05)
[2026-01-21 12:41:14.459] [debug] UNASSEMBLED(track) CONFIGURATION (normerr=0.0, maxerr=4.23291e-06, cost=4.45847e-05)
[2026-01-21 12:41:14.459] [debug] Model numQs: 52  Assembler num freeQs: 52
[2026-01-21 12:41:14.464] [debug] Tracking: t= 7.068 (acc=1.0e-05 tol=1.0e-06 normerr=0.0, maxerr=2.22996e-06, cost=2.17765e-05)
[2026-01-21 12:41:14.464] [debug] UNASSEMBLED(track) CONFIGURATION (normerr=0.0, maxerr=2.22996e-06, cost=4.72703e-05)
[2026-01-21 12:41:14.464] [debug] Model numQs: 52  Assembler num freeQs: 52
[2026-01-21 12:41:14.478] [debug] Tracking: t= 7.072 (acc=1.0e-05 tol=1.0e-06 normerr=0.0, maxerr=5.40665e-06, cost=1.99467e-05)
[2026-01-21 12:41:14.479] [debug] UNASSEMBLED(track) CONFIGURATION (normerr=0.0, maxerr=5.40665e-06, cost=4.26244e-05)
[2026-01-21 12:41:14.479] [debug] Model numQs: 52  Assembler num freeQs: 52
[2026-01-21 12:41:14.484] [debug] Tracking: t= 7.076 (acc=1.0e-05 tol=1.0e-06 normerr=0.0, maxerr=3.04509e-06, cost=2.07571e-05)
[2026-01-21 12:41:14.485] [debug] UNASSEMBLED(track) CONFIGURATION (normerr=0.0, maxerr=3.04509e-06, cost=4.41132e-05)
[2026-01-21 12:41:14.485] [debug] Model numQs: 52  Assembler num freeQs: 52
[2026-01-21 12:41:14.491] [debug] Tracking: t= 7.08 (acc=1.0e-05 tol=1.0e-06 normerr=0.0, maxerr=2.26347e-06, cost=2.32931e-05)
[2026-01-21 12:41:14.492] [debug] UNASSEMBLED(track) CONFIGURATION (normerr=0.0, maxerr=2.26347e-06, cost=4.88643e-05)
[2026-01-21 12:41:14.492] [debug] Model numQs: 52  Assembler num freeQs: 52
[2026-01-21 12:41:14.501] [debug] Tracking: t= 7.084 (acc=1.0e-05 tol=1.0e-06 normerr=0.0, maxerr=5.36925e-06, cost=2.17389e-05)
[2026-01-21 12:41:14.502] [debug] UNASSEMBLED(track) CONFIGURATION (normerr=0.0, maxerr=5.36925e-06, cost=4.52653e-05)
[2026-01-21 12:41:14.502] [debug] Model numQs: 52  Assembler num freeQs: 52
[2026-01-21 12:41:14.513] [debug] Tracking: t= 7.088 (acc=1.0e-05 tol=1.0e-06 normerr=0.0, maxerr=4.75899e-06, cost=2.05216e-05)
[2026-01-21 12:41:14.514] [debug] UNASSEMBLED(track) CONFIGURATION (normerr=0.0, maxerr=4.75899e-06, cost=4.37763e-05)
[2026-01-21 12:41:14.514] [debug] Model numQs: 52  Assembler num freeQs: 52
[2026-01-21 12:41:14.517] [debug] Tracking: t= 7.092 (acc=1.0e-05 tol=1.0e-06 normerr=0.0, maxerr=3.23227e-06, cost=2.1957e-05)
[2026-01-21 12:41:14.517] [debug] UNASSEMBLED(track) CONFIGURATION (normerr=0.0, maxerr=3.23227e-06, cost=4.59649e-05)
[2026-01-21 12:41:14.517] [debug] Model numQs: 52  Assembler num freeQs: 52
[2026-01-21 12:41:14.530] [debug] Tracking: t= 7.096 (acc=1.0e-05 tol=1.0e-06 normerr=0.0, maxerr=5.12268e-06, cost=2.12579e-05)
[2026-01-21 12:41:14.531] [debug] UNASSEMBLED(track) CONFIGURATION (normerr=0.0, maxerr=5.12268e-06, cost=4.4172e-05)
[2026-01-21 12:41:14.531] [debug] Model numQs: 52  Assembler num freeQs: 52
[2026-01-21 12:41:14.536] [debug] Tracking: t= 7.1 (acc=1.0e-05 tol=1.0e-06 normerr=0.0, maxerr=3.04551e-06, cost=2.30391e-05)
[2026-01-21 12:41:14.537] [debug] UNASSEMBLED(track) CONFIGURATION (normerr=0.0, maxerr=3.04551e-06, cost=4.72519e-05)
[2026-01-21 12:41:14.537] [debug] Model numQs: 52  Assembler num freeQs: 52
[2026-01-21 12:41:14.556] [debug] Tracking: t= 7.10400 (acc=1.0e-05 tol=1.0e-06 normerr=0.0, maxerr=5.45595e-06, cost=1.9442e-05)
[2026-01-21 12:41:14.557] [debug] UNASSEMBLED(track) CONFIGURATION (normerr=0.0, maxerr=5.45595e-06, cost=4.12282e-05)
[2026-01-21 12:41:14.557] [debug] Model numQs: 52  Assembler num freeQs: 52
[2026-01-21 12:41:14.562] [debug] Tracking: t= 7.10800 (acc=1.0e-05 tol=1.0e-06 normerr=0.0, maxerr=4.29010e-06, cost=2.01601e-05)
[2026-01-21 12:41:14.563] [debug] UNASSEMBLED(track) CONFIGURATION (normerr=0.0, maxerr=4.29010e-06, cost=4.38337e-05)
[2026-01-21 12:41:14.563] [debug] Model numQs: 52  Assembler num freeQs: 52
[2026-01-21 12:41:14.573] [debug] Tracking: t= 7.112 (acc=1.0e-05 tol=1.0e-06 normerr=0.0, maxerr=4.52128e-06, cost=1.98964e-05)
[2026-01-21 12:41:14.574] [debug] UNASSEMBLED(track) CONFIGURATION (normerr=0.0, maxerr=4.52128e-06, cost=4.20227e-05)
[2026-01-21 12:41:14.574] [debug] Model numQs: 52  Assembler num freeQs: 52
[2026-01-21 12:41:14.578] [debug] Tracking: t= 7.116 (acc=1.0e-05 tol=1.0e-06 normerr=0.0, maxerr=2.88062e-06, cost=2.16576e-05)
[2026-01-21 12:41:14.579] [debug] UNASSEMBLED(track) CONFIGURATION (normerr=0.0, maxerr=2.88062e-06, cost=4.5241e-05)
[2026-01-21 12:41:14.579] [debug] Model numQs: 52  Assembler num freeQs: 52
[2026-01-21 12:41:14.582] [debug] Tracking: t= 7.12 (acc=1.0e-05 tol=1.0e-06 normerr=0.0, maxerr=1.70227e-06, cost=2.54355e-05)
[2026-01-21 12:41:14.583] [debug] UNASSEMBLED(track) CONFIGURATION (normerr=0.0, maxerr=1.70227e-06, cost=5.0642e-05)
[2026-01-21 12:41:14.583] [debug] Model numQs: 52  Assembler num freeQs: 52
[2026-01-21 12:41:14.607] [debug] Tracking: t= 7.124 (acc=1.0e-05 tol=1.0e-06 normerr=0.0, maxerr=4.82634e-06, cost=1.86974e-05)
[2026-01-21 12:41:14.608] [debug] UNASSEMBLED(track) CONFIGURATION (normerr=0.0, maxerr=4.82634e-06, cost=3.94866e-05)
[2026-01-21 12:41:14.608] [debug] Model numQs: 52  Assembler num freeQs: 52
[2026-01-21 12:41:14.612] [debug] Tracking: t= 7.128 (acc=1.0e-05 tol=1.0e-06 normerr=0.0, maxerr=4.22959e-06, cost=1.95208e-05)
[2026-01-21 12:41:14.612] [debug] UNASSEMBLED(track) CONFIGURATION (normerr=0.0, maxerr=4.22959e-06, cost=4.08152e-05)
[2026-01-21 12:41:14.612] [debug] Model numQs: 52  Assembler num freeQs: 52
[2026-01-21 12:41:14.621] [debug] Tracking: t= 7.132 (acc=1.0e-05 tol=1.0e-06 normerr=0.0, maxerr=5.30135e-06, cost=1.91847e-05)
[2026-01-21 12:41:14.622] [debug] UNASSEMBLED(track) CONFIGURATION (normerr=0.0, maxerr=5.30135e-06, cost=4.13956e-05)
[2026-01-21 12:41:14.622] [debug] Model numQs: 52  Assembler num freeQs: 52
[2026-01-21 12:41:14.625] [debug] Tracking: t= 7.136 (acc=1.0e-05 tol=1.0e-06 normerr=0.0, maxerr=3.37168e-06, cost=2.12534e-05)
[2026-01-21 12:41:14.626] [debug] UNASSEMBLED(track) CONFIGURATION (normerr=0.0, maxerr=3.37168e-06, cost=4.78172e-05)
[2026-01-21 12:41:14.626] [debug] Model numQs: 52  Assembler num freeQs: 52
[2026-01-21 12:41:14.629] [debug] Tracking: t= 7.14 (acc=1.0e-05 tol=1.0e-06 normerr=0.0, maxerr=3.27469e-06, cost=2.60922e-05)
[2026-01-21 12:41:14.630] [debug] UNASSEMBLED(track) CONFIGURATION (normerr=0.0, maxerr=3.27469e-06, cost=4.93427e-05)
[2026-01-21 12:41:14.630] [debug] Model numQs: 52  Assembler num freeQs: 52
[2026-01-21 12:41:14.644] [debug] Tracking: t= 7.144 (acc=1.0e-05 tol=1.0e-06 normerr=0.0, maxerr=4.77131e-06, cost=2.25881e-05)
[2026-01-21 12:41:14.645] [debug] UNASSEMBLED(track) CONFIGURATION (normerr=0.0, maxerr=4.77131e-06, cost=4.21063e-05)
[2026-01-21 12:41:14.645] [debug] Model numQs: 52  Assembler num freeQs: 52
[2026-01-21 12:41:14.674] [debug] Tracking: t= 7.148 (acc=1.0e-05 tol=1.0e-06 normerr=0.0, maxerr=5.26815e-06, cost=1.74152e-05)
[2026-01-21 12:41:14.675] [debug] UNASSEMBLED(track) CONFIGURATION (normerr=0.0, maxerr=5.26815e-06, cost=3.50262e-05)
[2026-01-21 12:41:14.675] [debug] Model numQs: 52  Assembler num freeQs: 52
[2026-01-21 12:41:14.678] [debug] Tracking: t= 7.152 (acc=1.0e-05 tol=1.0e-06 normerr=0.0, maxerr=4.54363e-06, cost=1.72841e-05)
[2026-01-21 12:41:14.679] [debug] UNASSEMBLED(track) CONFIGURATION (normerr=0.0, maxerr=4.54363e-06, cost=3.61154e-05)
[2026-01-21 12:41:14.679] [debug] Model numQs: 52  Assembler num freeQs: 52
[2026-01-21 12:41:14.682] [debug] Tracking: t= 7.156 (acc=1.0e-05 tol=1.0e-06 normerr=0.0, maxerr=2.69491e-06, cost=1.85153e-05)
[2026-01-21 12:41:14.682] [debug] UNASSEMBLED(track) CONFIGURATION (normerr=0.0, maxerr=2.69491e-06, cost=3.83782e-05)
[2026-01-21 12:41:14.683] [debug] Model numQs: 52  Assembler num freeQs: 52
[2026-01-21 12:41:14.686] [debug] Tracking: t= 7.16 (acc=1.0e-05 tol=1.0e-06 normerr=0.0, maxerr=2.44444e-06, cost=2.09093e-05)
[2026-01-21 12:41:14.687] [debug] UNASSEMBLED(track) CONFIGURATION (normerr=0.0, maxerr=2.44444e-06, cost=4.15686e-05)
[2026-01-21 12:41:14.687] [debug] Model numQs: 52  Assembler num freeQs: 52
[2026-01-21 12:41:14.713] [debug] Tracking: t= 7.164 (acc=1.0e-05 tol=1.0e-06 normerr=0.0, maxerr=5.30942e-06, cost=1.70023e-05)
[2026-01-21 12:41:14.714] [debug] UNASSEMBLED(track) CONFIGURATION (normerr=0.0, maxerr=5.30942e-06, cost=3.42973e-05)
[2026-01-21 12:41:14.714] [debug] Model numQs: 52  Assembler num freeQs: 52
[2026-01-21 12:41:14.716] [debug] Tracking: t= 7.168 (acc=1.0e-05 tol=1.0e-06 normerr=0.0, maxerr=5.34903e-06, cost=1.79279e-05)
[2026-01-21 12:41:14.717] [debug] UNASSEMBLED(track) CONFIGURATION (normerr=0.0, maxerr=5.34903e-06, cost=3.59929e-05)
[2026-01-21 12:41:14.717] [debug] Model numQs: 52  Assembler num freeQs: 52
[2026-01-21 12:41:14.720] [debug] Tracking: t= 7.172 (acc=1.0e-05 tol=1.0e-06 normerr=0.0, maxerr=3.0553e-06, cost=2.00493e-05)
[2026-01-21 12:41:14.721] [debug] UNASSEMBLED(track) CONFIGURATION (normerr=0.0, maxerr=3.0553e-06, cost=3.84543e-05)
[2026-01-21 12:41:14.721] [debug] Model numQs: 52  Assembler num freeQs: 52
[2026-01-21 12:41:14.724] [debug] Tracking: t= 7.176 (acc=1.0e-05 tol=1.0e-06 normerr=0.0, maxerr=2.77995e-06, cost=2.27965e-05)
[2026-01-21 12:41:14.725] [debug] UNASSEMBLED(track) CONFIGURATION (normerr=0.0, maxerr=2.77995e-06, cost=4.18496e-05)
[2026-01-21 12:41:14.725] [debug] Model numQs: 52  Assembler num freeQs: 52
[2026-01-21 12:41:14.752] [debug] Tracking: t= 7.18 (acc=1.0e-05 tol=1.0e-06 normerr=0.0, maxerr=5.06189e-06, cost=1.60929e-05)
[2026-01-21 12:41:14.752] [debug] UNASSEMBLED(track) CONFIGURATION (normerr=0.0, maxerr=5.06189e-06, cost=3.12249e-05)
[2026-01-21 12:41:14.752] [debug] Model numQs: 52  Assembler num freeQs: 52
[2026-01-21 12:41:14.755] [debug] Tracking: t= 7.184 (acc=1.0e-05 tol=1.0e-06 normerr=0.0, maxerr=3.16454e-06, cost=1.64137e-05)
[2026-01-21 12:41:14.756] [debug] UNASSEMBLED(track) CONFIGURATION (normerr=0.0, maxerr=3.16454e-06, cost=3.19968e-05)
[2026-01-21 12:41:14.756] [debug] Model numQs: 52  Assembler num freeQs: 52
[2026-01-21 12:41:14.765] [debug] Tracking: t= 7.188 (acc=1.0e-05 tol=1.0e-06 normerr=0.0, maxerr=5.92647e-06, cost=1.64009e-05)
[2026-01-21 12:41:14.766] [debug] UNASSEMBLED(track) CONFIGURATION (normerr=0.0, maxerr=5.92647e-06, cost=3.13553e-05)
[2026-01-21 12:41:14.766] [debug] Model numQs: 52  Assembler num freeQs: 52
[2026-01-21 12:41:14.775] [debug] Tracking: t= 7.192 (acc=1.0e-05 tol=1.0e-06 normerr=0.0, maxerr=4.77184e-06, cost=1.56122e-05)
[2026-01-21 12:41:14.776] [debug] UNASSEMBLED(track) CONFIGURATION (normerr=0.0, maxerr=4.77184e-06, cost=2.95871e-05)
[2026-01-21 12:41:14.776] [debug] Model numQs: 52  Assembler num freeQs: 52
[2026-01-21 12:41:14.786] [debug] Tracking: t= 7.196 (acc=1.0e-05 tol=1.0e-06 normerr=0.0, maxerr=3.80207e-06, cost=1.53645e-05)
[2026-01-21 12:41:14.787] [debug] UNASSEMBLED(track) CONFIGURATION (normerr=0.0, maxerr=3.80207e-06, cost=2.92294e-05)
[2026-01-21 12:41:14.787] [debug] Model numQs: 52  Assembler num freeQs: 52
[2026-01-21 12:41:14.792] [debug] Tracking: t= 7.2 (acc=1.0e-05 tol=1.0e-06 normerr=0.0, maxerr=3.427e-06, cost=1.63392e-05)
[2026-01-21 12:41:14.792] [debug] UNASSEMBLED(track) CONFIGURATION (normerr=0.0, maxerr=3.427e-06, cost=3.0214e-05)
[2026-01-21 12:41:14.792] [debug] Model numQs: 52  Assembler num freeQs: 52
[2026-01-21 12:41:14.796] [debug] Tracking: t= 7.20400 (acc=1.0e-05 tol=1.0e-06 normerr=0.0, maxerr=2.52259e-06, cost=1.81359e-05)
[2026-01-21 12:41:14.797] [debug] UNASSEMBLED(track) CONFIGURATION (normerr=0.0, maxerr=2.52259e-06, cost=3.12474e-05)
[2026-01-21 12:41:14.797] [debug] Model numQs: 52  Assembler num freeQs: 52
[2026-01-21 12:41:14.807] [debug] Tracking: t= 7.20800 (acc=1.0e-05 tol=1.0e-06 normerr=0.0, maxerr=4.33801e-06, cost=1.5686e-05)
[2026-01-21 12:41:14.807] [debug] UNASSEMBLED(track) CONFIGURATION (normerr=0.0, maxerr=4.33801e-06, cost=2.68524e-05)
[2026-01-21 12:41:14.807] [debug] Model numQs: 52  Assembler num freeQs: 52
[2026-01-21 12:41:14.811] [debug] Tracking: t= 7.212 (acc=1.0e-05 tol=1.0e-06 normerr=0.0, maxerr=4.8349e-06, cost=1.64039e-05)
[2026-01-21 12:41:14.812] [debug] UNASSEMBLED(track) CONFIGURATION (normerr=0.0, maxerr=4.8349e-06, cost=2.72469e-05)
[2026-01-21 12:41:14.812] [debug] Model numQs: 52  Assembler num freeQs: 52
[2026-01-21 12:41:14.817] [debug] Tracking: t= 7.216 (acc=1.0e-05 tol=1.0e-06 normerr=0.0, maxerr=3.22847e-06, cost=1.72912e-05)
[2026-01-21 12:41:14.817] [debug] UNASSEMBLED(track) CONFIGURATION (normerr=0.0, maxerr=3.22847e-06, cost=2.74055e-05)
[2026-01-21 12:41:14.817] [debug] Model numQs: 52  Assembler num freeQs: 52
[2026-01-21 12:41:14.821] [debug] Tracking: t= 7.22 (acc=1.0e-05 tol=1.0e-06 normerr=0.0, maxerr=3.28902e-06, cost=1.81205e-05)
[2026-01-21 12:41:14.822] [debug] UNASSEMBLED(track) CONFIGURATION (normerr=0.0, maxerr=3.28902e-06, cost=2.77403e-05)
[2026-01-21 12:41:14.822] [debug] Model numQs: 52  Assembler num freeQs: 52
[2026-01-21 12:41:14.825] [debug] Tracking: t= 7.224 (acc=1.0e-05 tol=1.0e-06 normerr=0.0, maxerr=3.32172e-06, cost=1.98088e-05)
[2026-01-21 12:41:14.825] [debug] UNASSEMBLED(track) CONFIGURATION (normerr=0.0, maxerr=3.32172e-06, cost=2.83646e-05)
[2026-01-21 12:41:14.825] [debug] Model numQs: 52  Assembler num freeQs: 52
[2026-01-21 12:41:14.841] [debug] Tracking: t= 7.228 (acc=1.0e-05 tol=1.0e-06 normerr=0.0, maxerr=3.45178e-06, cost=1.60785e-05)
[2026-01-21 12:41:14.842] [debug] UNASSEMBLED(track) CONFIGURATION (normerr=0.0, maxerr=3.45178e-06, cost=2.45868e-05)
[2026-01-21 12:41:14.842] [debug] Model numQs: 52  Assembler num freeQs: 52
[2026-01-21 12:41:14.845] [debug] Tracking: t= 7.232 (acc=1.0e-05 tol=1.0e-06 normerr=0.0, maxerr=3.2557e-06, cost=1.66275e-05)
[2026-01-21 12:41:14.845] [debug] UNASSEMBLED(track) CONFIGURATION (normerr=0.0, maxerr=3.2557e-06, cost=2.70548e-05)
[2026-01-21 12:41:14.845] [debug] Model numQs: 52  Assembler num freeQs: 52
[2026-01-21 12:41:14.848] [debug] Tracking: t= 7.236 (acc=1.0e-05 tol=1.0e-06 normerr=0.0, maxerr=4.03473e-06, cost=1.84129e-05)
[2026-01-21 12:41:14.849] [debug] UNASSEMBLED(track) CONFIGURATION (normerr=0.0, maxerr=4.03473e-06, cost=2.55264e-05)
[2026-01-21 12:41:14.849] [debug] Model numQs: 52  Assembler num freeQs: 52
[2026-01-21 12:41:14.853] [debug] Tracking: t= 7.24 (acc=1.0e-05 tol=1.0e-06 normerr=0.0, maxerr=4.64312e-06, cost=1.90892e-05)
[2026-01-21 12:41:14.854] [debug] UNASSEMBLED(track) CONFIGURATION (normerr=0.0, maxerr=4.64312e-06, cost=2.48387e-05)
[2026-01-21 12:41:14.854] [debug] Model numQs: 52  Assembler num freeQs: 52
[2026-01-21 12:41:14.857] [debug] Tracking: t= 7.244 (acc=1.0e-05 tol=1.0e-06 normerr=0.0, maxerr=3.99769e-06, cost=1.92494e-05)
[2026-01-21 12:41:14.857] [debug] UNASSEMBLED(track) CONFIGURATION (normerr=0.0, maxerr=3.99769e-06, cost=2.37659e-05)
[2026-01-21 12:41:14.857] [debug] Model numQs: 52  Assembler num freeQs: 52
[2026-01-21 12:41:14.866] [debug] Tracking: t= 7.248 (acc=1.0e-05 tol=1.0e-06 normerr=0.0, maxerr=4.45109e-06, cost=1.78237e-05)
[2026-01-21 12:41:14.866] [debug] UNASSEMBLED(track) CONFIGURATION (normerr=0.0, maxerr=4.45109e-06, cost=2.14693e-05)
[2026-01-21 12:41:14.866] [debug] Model numQs: 52  Assembler num freeQs: 52
[2026-01-21 12:41:14.871] [debug] Tracking: t= 7.252 (acc=1.0e-05 tol=1.0e-06 normerr=0.0, maxerr=5.14764e-06, cost=1.70209e-05)
[2026-01-21 12:41:14.871] [debug] UNASSEMBLED(track) CONFIGURATION (normerr=0.0, maxerr=5.14764e-06, cost=2.19653e-05)
[2026-01-21 12:41:14.871] [debug] Model numQs: 52  Assembler num freeQs: 52
[2026-01-21 12:41:14.875] [debug] Tracking: t= 7.256 (acc=1.0e-05 tol=1.0e-06 normerr=0.0, maxerr=5.4725e-06, cost=1.72177e-05)
[2026-01-21 12:41:14.876] [debug] UNASSEMBLED(track) CONFIGURATION (normerr=0.0, maxerr=5.4725e-06, cost=2.2624e-05)
[2026-01-21 12:41:14.876] [debug] Model numQs: 52  Assembler num freeQs: 52
[2026-01-21 12:41:14.879] [debug] Tracking: t= 7.26 (acc=1.0e-05 tol=1.0e-06 normerr=0.0, maxerr=4.71042e-06, cost=1.78357e-05)
[2026-01-21 12:41:14.880] [debug] UNASSEMBLED(track) CONFIGURATION (normerr=0.0, maxerr=4.71042e-06, cost=2.37209e-05)
[2026-01-21 12:41:14.880] [debug] Model numQs: 52  Assembler num freeQs: 52
[2026-01-21 12:41:14.892] [debug] Tracking: t= 7.264 (acc=1.0e-05 tol=1.0e-06 normerr=0.0, maxerr=4.72937e-06, cost=1.64169e-05)
[2026-01-21 12:41:14.893] [debug] UNASSEMBLED(track) CONFIGURATION (normerr=0.0, maxerr=4.72937e-06, cost=2.15090e-05)
[2026-01-21 12:41:14.893] [debug] Model numQs: 52  Assembler num freeQs: 52
[2026-01-21 12:41:14.898] [debug] Tracking: t= 7.268 (acc=1.0e-05 tol=1.0e-06 normerr=0.0, maxerr=5.75577e-06, cost=1.64972e-05)
[2026-01-21 12:41:14.899] [debug] UNASSEMBLED(track) CONFIGURATION (normerr=0.0, maxerr=5.75577e-06, cost=2.20496e-05)
[2026-01-21 12:41:14.899] [debug] Model numQs: 52  Assembler num freeQs: 52
[2026-01-21 12:41:14.913] [debug] Tracking: t= 7.272 (acc=1.0e-05 tol=1.0e-06 normerr=0.0, maxerr=4.49040e-06, cost=1.50901e-05)
[2026-01-21 12:41:14.914] [debug] UNASSEMBLED(track) CONFIGURATION (normerr=0.0, maxerr=4.49040e-06, cost=1.95132e-05)
[2026-01-21 12:41:14.915] [debug] Model numQs: 52  Assembler num freeQs: 52
[2026-01-21 12:41:14.918] [debug] Tracking: t= 7.276 (acc=1.0e-05 tol=1.0e-06 normerr=0.0, maxerr=5.83287e-06, cost=1.50378e-05)
[2026-01-21 12:41:14.919] [debug] UNASSEMBLED(track) CONFIGURATION (normerr=0.0, maxerr=5.83287e-06, cost=2.03415e-05)
[2026-01-21 12:41:14.919] [debug] Model numQs: 52  Assembler num freeQs: 52
[2026-01-21 12:41:14.922] [debug] Tracking: t= 7.28 (acc=1.0e-05 tol=1.0e-06 normerr=0.0, maxerr=6.09449e-06, cost=1.57874e-05)
[2026-01-21 12:41:14.922] [debug] UNASSEMBLED(track) CONFIGURATION (normerr=0.0, maxerr=6.09449e-06, cost=2.19903e-05)
[2026-01-21 12:41:14.922] [debug] Model numQs: 52  Assembler num freeQs: 52
[2026-01-21 12:41:14.925] [debug] Tracking: t= 7.284 (acc=1.0e-05 tol=1.0e-06 normerr=0.0, maxerr=9.71207e-06, cost=1.7427e-05)
[2026-01-21 12:41:14.926] [debug] UNASSEMBLED(track) CONFIGURATION (normerr=0.0, maxerr=9.71207e-06, cost=2.41259e-05)
[2026-01-21 12:41:14.926] [debug] Model numQs: 52  Assembler num freeQs: 52
[2026-01-21 12:41:14.937] [debug] Tracking: t= 7.288 (acc=1.0e-05 tol=1.0e-06 normerr=0.0, maxerr=5.71799e-06, cost=1.59099e-05)
[2026-01-21 12:41:14.938] [debug] UNASSEMBLED(track) CONFIGURATION (normerr=0.0, maxerr=5.71799e-06, cost=2.14141e-05)
[2026-01-21 12:41:14.938] [debug] Model numQs: 52  Assembler num freeQs: 52
[2026-01-21 12:41:14.942] [debug] Tracking: t= 7.292 (acc=1.0e-05 tol=1.0e-06 normerr=0.0, maxerr=7.68707e-06, cost=1.68445e-05)
[2026-01-21 12:41:14.942] [debug] UNASSEMBLED(track) CONFIGURATION (normerr=0.0, maxerr=7.68707e-06, cost=2.35265e-05)
[2026-01-21 12:41:14.942] [debug] Model numQs: 52  Assembler num freeQs: 52
[2026-01-21 12:41:14.946] [debug] Tracking: t= 7.296 (acc=1.0e-05 tol=1.0e-06 normerr=0.0, maxerr=7.25192e-06, cost=1.86793e-05)
[2026-01-21 12:41:14.947] [debug] UNASSEMBLED(track) CONFIGURATION (normerr=0.0, maxerr=7.25192e-06, cost=2.67723e-05)
[2026-01-21 12:41:14.947] [debug] Model numQs: 52  Assembler num freeQs: 52
[2026-01-21 12:41:14.955] [debug] Tracking: t= 7.3 (acc=1.0e-05 tol=1.0e-06 normerr=0.0, maxerr=6.25733e-06, cost=1.65245e-05)
[2026-01-21 12:41:14.956] [debug] UNASSEMBLED(track) CONFIGURATION (normerr=0.0, maxerr=6.25733e-06, cost=2.28488e-05)
[2026-01-21 12:41:14.956] [debug] Model numQs: 52  Assembler num freeQs: 52
[2026-01-21 12:41:14.958] [debug] Tracking: t= 7.30400 (acc=1.0e-05 tol=1.0e-06 normerr=0.0, maxerr=6.80884e-06, cost=1.76348e-05)
[2026-01-21 12:41:14.958] [debug] UNASSEMBLED(track) CONFIGURATION (normerr=0.0, maxerr=6.80884e-06, cost=2.49908e-05)
[2026-01-21 12:41:14.958] [debug] Model numQs: 52  Assembler num freeQs: 52
[2026-01-21 12:41:14.961] [debug] Tracking: t= 7.30800 (acc=1.0e-05 tol=1.0e-06 normerr=0.0, maxerr=7.04428e-06, cost=1.973e-05)
[2026-01-21 12:41:14.962] [debug] UNASSEMBLED(track) CONFIGURATION (normerr=0.0, maxerr=7.04428e-06, cost=2.6982e-05)
[2026-01-21 12:41:14.962] [debug] Model numQs: 52  Assembler num freeQs: 52
[2026-01-21 12:41:14.973] [debug] Tracking: t= 7.312 (acc=1.0e-05 tol=1.0e-06 normerr=0.0, maxerr=5.28121e-06, cost=1.69376e-05)
[2026-01-21 12:41:14.974] [debug] UNASSEMBLED(track) CONFIGURATION (normerr=0.0, maxerr=5.28121e-06, cost=2.20323e-05)
[2026-01-21 12:41:14.974] [debug] Model numQs: 52  Assembler num freeQs: 52
[2026-01-21 12:41:14.980] [debug] Tracking: t= 7.316 (acc=1.0e-05 tol=1.0e-06 normerr=0.0, maxerr=7.62761e-06, cost=1.70536e-05)
[2026-01-21 12:41:14.980] [debug] UNASSEMBLED(track) CONFIGURATION (normerr=0.0, maxerr=7.62761e-06, cost=2.30887e-05)
[2026-01-21 12:41:14.980] [debug] Model numQs: 52  Assembler num freeQs: 52
[2026-01-21 12:41:14.984] [debug] Tracking: t= 7.32 (acc=1.0e-05 tol=1.0e-06 normerr=0.0, maxerr=9.45784e-06, cost=1.82706e-05)
[2026-01-21 12:41:14.985] [debug] UNASSEMBLED(track) CONFIGURATION (normerr=0.0, maxerr=9.45784e-06, cost=2.54831e-05)
[2026-01-21 12:41:14.985] [debug] Model numQs: 52  Assembler num freeQs: 52
[2026-01-21 12:41:14.995] [debug] Tracking: t= 7.324 (acc=1.0e-05 tol=1.0e-06 normerr=0.0, maxerr=7.31020e-06, cost=1.68508e-05)
[2026-01-21 12:41:14.995] [debug] UNASSEMBLED(track) CONFIGURATION (normerr=0.0, maxerr=7.31020e-06, cost=2.25616e-05)
[2026-01-21 12:41:14.995] [debug] Model numQs: 52  Assembler num freeQs: 52
[2026-01-21 12:41:14.999] [debug] Tracking: t= 7.328 (acc=1.0e-05 tol=1.0e-06 normerr=0.0, maxerr=9.01939e-06, cost=1.73888e-05)
[2026-01-21 12:41:15.000] [debug] UNASSEMBLED(track) CONFIGURATION (normerr=0.0, maxerr=9.01939e-06, cost=2.43604e-05)
[2026-01-21 12:41:15.000] [debug] Model numQs: 52  Assembler num freeQs: 52
[2026-01-21 12:41:15.004] [debug] Tracking: t= 7.332 (acc=1.0e-05 tol=1.0e-06 normerr=0.0, maxerr=1.03272e-05, cost=1.92223e-05)
[2026-01-21 12:41:15.004] [debug] UNASSEMBLED(track) CONFIGURATION (normerr=0.0, maxerr=1.03272e-05, cost=2.75753e-05)
[2026-01-21 12:41:15.004] [debug] Model numQs: 52  Assembler num freeQs: 52
[2026-01-21 12:41:15.019] [debug] Tracking: t= 7.336 (acc=1.0e-05 tol=1.0e-06 normerr=0.0, maxerr=7.86184e-06, cost=1.74338e-05)
[2026-01-21 12:41:15.020] [debug] UNASSEMBLED(track) CONFIGURATION (normerr=0.0, maxerr=7.86184e-06, cost=2.36126e-05)
[2026-01-21 12:41:15.020] [debug] Model numQs: 52  Assembler num freeQs: 52
[2026-01-21 12:41:15.023] [debug] Tracking: t= 7.34 (acc=1.0e-05 tol=1.0e-06 normerr=0.0, maxerr=9.14937e-06, cost=1.83705e-05)
[2026-01-21 12:41:15.024] [debug] UNASSEMBLED(track) CONFIGURATION (normerr=0.0, maxerr=9.14937e-06, cost=2.41434e-05)
[2026-01-21 12:41:15.024] [debug] Model numQs: 52  Assembler num freeQs: 52
[2026-01-21 12:41:15.028] [debug] Tracking: t= 7.344 (acc=1.0e-05 tol=1.0e-06 normerr=0.0, maxerr=1.03124e-05, cost=1.95421e-05)
[2026-01-21 12:41:15.029] [debug] UNASSEMBLED(track) CONFIGURATION (normerr=0.0, maxerr=1.03124e-05, cost=2.75185e-05)
[2026-01-21 12:41:15.029] [debug] Model numQs: 52  Assembler num freeQs: 52
[2026-01-21 12:41:15.045] [debug] Tracking: t= 7.348 (acc=1.0e-05 tol=1.0e-06 normerr=0.0, maxerr=8.28752e-06, cost=1.70564e-05)
[2026-01-21 12:41:15.046] [debug] UNASSEMBLED(track) CONFIGURATION (normerr=0.0, maxerr=8.28752e-06, cost=2.42842e-05)
[2026-01-21 12:41:15.046] [debug] Model numQs: 52  Assembler num freeQs: 52
[2026-01-21 12:41:15.050] [debug] Tracking: t= 7.352 (acc=1.0e-05 tol=1.0e-06 normerr=0.0, maxerr=8.97274e-06, cost=1.868e-05)
[2026-01-21 12:41:15.051] [debug] UNASSEMBLED(track) CONFIGURATION (normerr=0.0, maxerr=8.97274e-06, cost=2.58478e-05)
[2026-01-21 12:41:15.051] [debug] Model numQs: 52  Assembler num freeQs: 52
[2026-01-21 12:41:15.053] [debug] Tracking: t= 7.356 (acc=1.0e-05 tol=1.0e-06 normerr=0.0, maxerr=9.11262e-06, cost=2.03088e-05)
[2026-01-21 12:41:15.054] [debug] UNASSEMBLED(track) CONFIGURATION (normerr=0.0, maxerr=9.11262e-06, cost=3.27948e-05)
[2026-01-21 12:41:15.054] [debug] Model numQs: 52  Assembler num freeQs: 52
[2026-01-21 12:41:15.068] [debug] Tracking: t= 7.36 (acc=1.0e-05 tol=1.0e-06 normerr=0.0, maxerr=6.00211e-06, cost=1.67624e-05)
[2026-01-21 12:41:15.069] [debug] UNASSEMBLED(track) CONFIGURATION (normerr=0.0, maxerr=6.00211e-06, cost=2.66352e-05)
[2026-01-21 12:41:15.069] [debug] Model numQs: 52  Assembler num freeQs: 52
[2026-01-21 12:41:15.100] [debug] Tracking: t= 7.364 (acc=1.0e-05 tol=1.0e-06 normerr=0.0, maxerr=6.37914e-06, cost=1.33307e-05)
[2026-01-21 12:41:15.101] [debug] UNASSEMBLED(track) CONFIGURATION (normerr=0.0, maxerr=6.37914e-06, cost=2.06001e-05)
[2026-01-21 12:41:15.101] [debug] Model numQs: 52  Assembler num freeQs: 52
[2026-01-21 12:41:15.106] [debug] Tracking: t= 7.368 (acc=1.0e-05 tol=1.0e-06 normerr=0.0, maxerr=5.97451e-06, cost=1.42835e-05)
[2026-01-21 12:41:15.107] [debug] UNASSEMBLED(track) CONFIGURATION (normerr=0.0, maxerr=5.97451e-06, cost=2.40420e-05)
[2026-01-21 12:41:15.107] [debug] Model numQs: 52  Assembler num freeQs: 52
[2026-01-21 12:41:15.113] [debug] Tracking: t= 7.372 (acc=1.0e-05 tol=1.0e-06 normerr=0.0, maxerr=5.24525e-06, cost=1.74256e-05)
[2026-01-21 12:41:15.114] [debug] UNASSEMBLED(track) CONFIGURATION (normerr=0.0, maxerr=5.24525e-06, cost=2.97673e-05)
[2026-01-21 12:41:15.114] [debug] Model numQs: 52  Assembler num freeQs: 52
[2026-01-21 12:41:15.121] [debug] Tracking: t= 7.376 (acc=1.0e-05 tol=1.0e-06 normerr=0.0, maxerr=4.82438e-06, cost=2.28855e-05)
[2026-01-21 12:41:15.122] [debug] UNASSEMBLED(track) CONFIGURATION (normerr=0.0, maxerr=4.82438e-06, cost=3.84459e-05)
[2026-01-21 12:41:15.122] [debug] Model numQs: 52  Assembler num freeQs: 52
[2026-01-21 12:41:15.161] [debug] Tracking: t= 7.38 (acc=1.0e-05 tol=1.0e-06 normerr=0.0, maxerr=6.04356e-06, cost=1.47119e-05)
[2026-01-21 12:41:15.162] [debug] UNASSEMBLED(track) CONFIGURATION (normerr=0.0, maxerr=6.04356e-06, cost=2.39070e-05)
[2026-01-21 12:41:15.162] [debug] Model numQs: 52  Assembler num freeQs: 52
[2026-01-21 12:41:15.167] [debug] Tracking: t= 7.384 (acc=1.0e-05 tol=1.0e-06 normerr=0.0, maxerr=4.48307e-06, cost=1.70827e-05)
[2026-01-21 12:41:15.168] [debug] UNASSEMBLED(track) CONFIGURATION (normerr=0.0, maxerr=4.48307e-06, cost=2.96157e-05)
[2026-01-21 12:41:15.168] [debug] Model numQs: 52  Assembler num freeQs: 52
[2026-01-21 12:41:15.198] [debug] Tracking: t= 7.388 (acc=1.0e-05 tol=1.0e-06 normerr=0.0, maxerr=6.10117e-06, cost=1.35096e-05)
[2026-01-21 12:41:15.199] [debug] UNASSEMBLED(track) CONFIGURATION (normerr=0.0, maxerr=6.10117e-06, cost=2.2479e-05)
[2026-01-21 12:41:15.199] [debug] Model numQs: 52  Assembler num freeQs: 52
[2026-01-21 12:41:15.203] [debug] Tracking: t= 7.392 (acc=1.0e-05 tol=1.0e-06 normerr=0.0, maxerr=4.41040e-06, cost=1.45112e-05)
[2026-01-21 12:41:15.204] [debug] UNASSEMBLED(track) CONFIGURATION (normerr=0.0, maxerr=4.41040e-06, cost=2.69863e-05)
[2026-01-21 12:41:15.204] [debug] Model numQs: 52  Assembler num freeQs: 52
[2026-01-21 12:41:15.207] [debug] Tracking: t= 7.396 (acc=1.0e-05 tol=1.0e-06 normerr=0.0, maxerr=3.76782e-06, cost=1.87438e-05)
[2026-01-21 12:41:15.208] [debug] UNASSEMBLED(track) CONFIGURATION (normerr=0.0, maxerr=3.76782e-06, cost=3.49544e-05)
[2026-01-21 12:41:15.208] [debug] Model numQs: 52  Assembler num freeQs: 52
[2026-01-21 12:41:15.241] [debug] Tracking: t= 7.4 (acc=1.0e-05 tol=1.0e-06 normerr=0.0, maxerr=4.37911e-06, cost=1.40793e-05)
[2026-01-21 12:41:15.241] [debug] UNASSEMBLED(track) CONFIGURATION (normerr=0.0, maxerr=4.37911e-06, cost=2.37229e-05)
[2026-01-21 12:41:15.241] [debug] Model numQs: 52  Assembler num freeQs: 52
[2026-01-21 12:41:15.247] [debug] Tracking: t= 7.40400 (acc=1.0e-05 tol=1.0e-06 normerr=0.0, maxerr=3.41429e-06, cost=1.61585e-05)
[2026-01-21 12:41:15.249] [debug] UNASSEMBLED(track) CONFIGURATION (normerr=0.0, maxerr=3.41429e-06, cost=3.07194e-05)
[2026-01-21 12:41:15.249] [debug] Model numQs: 52  Assembler num freeQs: 52
[2026-01-21 12:41:15.254] [debug] Tracking: t= 7.40800 (acc=1.0e-05 tol=1.0e-06 normerr=0.0, maxerr=2.51269e-06, cost=2.16963e-05)
[2026-01-21 12:41:15.255] [debug] UNASSEMBLED(track) CONFIGURATION (normerr=0.0, maxerr=2.51269e-06, cost=4.23163e-05)
[2026-01-21 12:41:15.255] [debug] Model numQs: 52  Assembler num freeQs: 52
[2026-01-21 12:41:15.287] [debug] Tracking: t= 7.412 (acc=1.0e-05 tol=1.0e-06 normerr=0.0, maxerr=4.76737e-06, cost=1.57645e-05)
[2026-01-21 12:41:15.287] [debug] UNASSEMBLED(track) CONFIGURATION (normerr=0.0, maxerr=4.76737e-06, cost=2.75109e-05)
[2026-01-21 12:41:15.287] [debug] Model numQs: 52  Assembler num freeQs: 52
[2026-01-21 12:41:15.292] [debug] Tracking: t= 7.416 (acc=1.0e-05 tol=1.0e-06 normerr=0.0, maxerr=1.95642e-06, cost=1.80405e-05)
[2026-01-21 12:41:15.293] [debug] UNASSEMBLED(track) CONFIGURATION (normerr=0.0, maxerr=1.95642e-06, cost=3.50351e-05)
[2026-01-21 12:41:15.293] [debug] Model numQs: 52  Assembler num freeQs: 52
[2026-01-21 12:41:15.316] [debug] Tracking: t= 7.42 (acc=1.0e-05 tol=1.0e-06 normerr=0.0, maxerr=8.5283e-06, cost=1.6243e-05)
[2026-01-21 12:41:15.317] [debug] UNASSEMBLED(track) CONFIGURATION (normerr=0.0, maxerr=8.5283e-06, cost=2.64473e-05)
[2026-01-21 12:41:15.317] [debug] Model numQs: 52  Assembler num freeQs: 52
[2026-01-21 12:41:15.321] [debug] Tracking: t= 7.424 (acc=1.0e-05 tol=1.0e-06 normerr=0.0, maxerr=1.84979e-06, cost=1.74974e-05)
[2026-01-21 12:41:15.321] [debug] UNASSEMBLED(track) CONFIGURATION (normerr=0.0, maxerr=1.84979e-06, cost=3.02805e-05)
[2026-01-21 12:41:15.321] [debug] Model numQs: 52  Assembler num freeQs: 52
[2026-01-21 12:41:15.332] [debug] Tracking: t= 7.428 (acc=1.0e-05 tol=1.0e-06 normerr=0.0, maxerr=1.63819e-06, cost=1.77293e-05)
[2026-01-21 12:41:15.334] [debug] UNASSEMBLED(track) CONFIGURATION (normerr=0.0, maxerr=1.63819e-06, cost=3.11614e-05)
[2026-01-21 12:41:15.334] [debug] Model numQs: 52  Assembler num freeQs: 52
[2026-01-21 12:41:15.337] [debug] Tracking: t= 7.432 (acc=1.0e-05 tol=1.0e-06 normerr=0.0, maxerr=2.11119e-06, cost=2.1623e-05)
[2026-01-21 12:41:15.338] [debug] UNASSEMBLED(track) CONFIGURATION (normerr=0.0, maxerr=2.11119e-06, cost=3.85493e-05)
[2026-01-21 12:41:15.338] [debug] Model numQs: 52  Assembler num freeQs: 52
[2026-01-21 12:41:15.372] [debug] Tracking: t= 7.436 (acc=1.0e-05 tol=1.0e-06 normerr=0.0, maxerr=5.71954e-06, cost=1.54317e-05)
[2026-01-21 12:41:15.373] [debug] UNASSEMBLED(track) CONFIGURATION (normerr=0.0, maxerr=5.71954e-06, cost=2.81584e-05)
[2026-01-21 12:41:15.373] [debug] Model numQs: 52  Assembler num freeQs: 52
[2026-01-21 12:41:15.378] [debug] Tracking: t= 7.44 (acc=1.0e-05 tol=1.0e-06 normerr=0.0, maxerr=1.60523e-06, cost=1.75438e-05)
[2026-01-21 12:41:15.379] [debug] UNASSEMBLED(track) CONFIGURATION (normerr=0.0, maxerr=1.60523e-06, cost=3.39357e-05)
[2026-01-21 12:41:15.379] [debug] Model numQs: 52  Assembler num freeQs: 52
[2026-01-21 12:41:15.394] [debug] Tracking: t= 7.444 (acc=1.0e-05 tol=1.0e-06 normerr=0.0, maxerr=9.94352e-07, cost=1.83786e-05)
[2026-01-21 12:41:15.395] [debug] UNASSEMBLED(track) CONFIGURATION (normerr=0.0, maxerr=9.94352e-07, cost=3.54428e-05)
[2026-01-21 12:41:15.395] [debug] Model numQs: 52  Assembler num freeQs: 52
[2026-01-21 12:41:15.405] [debug] Tracking: t= 7.448 (acc=1.0e-05 tol=1.0e-06 normerr=0.0, maxerr=4.80896e-06, cost=2.39063e-05)
[2026-01-21 12:41:15.405] [debug] UNASSEMBLED(track) CONFIGURATION (normerr=0.0, maxerr=4.80896e-06, cost=4.14165e-05)
[2026-01-21 12:41:15.406] [debug] Model numQs: 52  Assembler num freeQs: 52
[2026-01-21 12:41:15.437] [debug] Tracking: t= 7.452 (acc=1.0e-05 tol=1.0e-06 normerr=0.0, maxerr=3.34598e-06, cost=1.94608e-05)
[2026-01-21 12:41:15.438] [debug] UNASSEMBLED(track) CONFIGURATION (normerr=0.0, maxerr=3.34598e-06, cost=3.23707e-05)
[2026-01-21 12:41:15.438] [debug] Model numQs: 52  Assembler num freeQs: 52
[2026-01-21 12:41:15.446] [debug] Tracking: t= 7.456 (acc=1.0e-05 tol=1.0e-06 normerr=0.0, maxerr=1.63582e-06, cost=2.13587e-05)
[2026-01-21 12:41:15.447] [debug] UNASSEMBLED(track) CONFIGURATION (normerr=0.0, maxerr=1.63582e-06, cost=3.6789e-05)
[2026-01-21 12:41:15.447] [debug] Model numQs: 52  Assembler num freeQs: 52
[2026-01-21 12:41:15.468] [debug] Tracking: t= 7.46 (acc=1.0e-05 tol=1.0e-06 normerr=0.0, maxerr=6.83215e-06, cost=1.95333e-05)
[2026-01-21 12:41:15.468] [debug] UNASSEMBLED(track) CONFIGURATION (normerr=0.0, maxerr=6.83215e-06, cost=3.26732e-05)
[2026-01-21 12:41:15.469] [debug] Model numQs: 52  Assembler num freeQs: 52
[2026-01-21 12:41:15.477] [debug] Tracking: t= 7.464 (acc=1.0e-05 tol=1.0e-06 normerr=0.0, maxerr=1.42773e-06, cost=2.14264e-05)
[2026-01-21 12:41:15.478] [debug] UNASSEMBLED(track) CONFIGURATION (normerr=0.0, maxerr=1.42773e-06, cost=3.62050e-05)
[2026-01-21 12:41:15.478] [debug] Model numQs: 52  Assembler num freeQs: 52
[2026-01-21 12:41:15.486] [debug] Tracking: t= 7.468 (acc=1.0e-05 tol=1.0e-06 normerr=0.0, maxerr=5.44388e-06, cost=2.47566e-05)
[2026-01-21 12:41:15.487] [debug] UNASSEMBLED(track) CONFIGURATION (normerr=0.0, maxerr=5.44388e-06, cost=4.10592e-05)
[2026-01-21 12:41:15.487] [debug] Model numQs: 52  Assembler num freeQs: 52
[2026-01-21 12:41:15.507] [debug] Tracking: t= 7.472 (acc=1.0e-05 tol=1.0e-06 normerr=0.0, maxerr=2.23466e-06, cost=2.18152e-05)
[2026-01-21 12:41:15.508] [debug] UNASSEMBLED(track) CONFIGURATION (normerr=0.0, maxerr=2.23466e-06, cost=3.51547e-05)
[2026-01-21 12:41:15.508] [debug] Model numQs: 52  Assembler num freeQs: 52
[2026-01-21 12:41:15.525] [debug] Tracking: t= 7.476 (acc=1.0e-05 tol=1.0e-06 normerr=0.0, maxerr=2.35623e-06, cost=2.01515e-05)
[2026-01-21 12:41:15.526] [debug] UNASSEMBLED(track) CONFIGURATION (normerr=0.0, maxerr=2.35623e-06, cost=3.49445e-05)
[2026-01-21 12:41:15.527] [debug] Model numQs: 52  Assembler num freeQs: 52
[2026-01-21 12:41:15.545] [debug] Tracking: t= 7.48 (acc=1.0e-05 tol=1.0e-06 normerr=0.0, maxerr=1.85038e-06, cost=1.94971e-05)
[2026-01-21 12:41:15.546] [debug] UNASSEMBLED(track) CONFIGURATION (normerr=0.0, maxerr=1.85038e-06, cost=3.55366e-05)
[2026-01-21 12:41:15.546] [debug] Model numQs: 52  Assembler num freeQs: 52
[2026-01-21 12:41:15.555] [debug] Tracking: t= 7.484 (acc=1.0e-05 tol=1.0e-06 normerr=0.0, maxerr=3.91070e-06, cost=2.10300e-05)
[2026-01-21 12:41:15.556] [debug] UNASSEMBLED(track) CONFIGURATION (normerr=0.0, maxerr=3.91070e-06, cost=6.01333e-05)
[2026-01-21 12:41:15.556] [debug] Model numQs: 52  Assembler num freeQs: 52
[2026-01-21 12:41:15.592] [debug] Tracking: t= 7.488 (acc=1.0e-05 tol=1.0e-06 normerr=0.0, maxerr=2.17593e-06, cost=2.34257e-05)
[2026-01-21 12:41:15.593] [debug] UNASSEMBLED(track) CONFIGURATION (normerr=0.0, maxerr=2.17593e-06, cost=5.31997e-05)
[2026-01-21 12:41:15.593] [debug] Model numQs: 52  Assembler num freeQs: 52
[2026-01-21 12:41:15.601] [debug] Tracking: t= 7.492 (acc=1.0e-05 tol=1.0e-06 normerr=0.0, maxerr=2.02954e-06, cost=3.23803e-05)
[2026-01-21 12:41:15.601] [debug] UNASSEMBLED(track) CONFIGURATION (normerr=0.0, maxerr=2.02954e-06, cost=4.88784e-05)
[2026-01-21 12:41:15.601] [debug] Model numQs: 52  Assembler num freeQs: 52
[2026-01-21 12:41:15.607] [debug] Tracking: t= 7.496 (acc=1.0e-05 tol=1.0e-06 normerr=0.0, maxerr=4.83835e-06, cost=3.42872e-05)
[2026-01-21 12:41:15.607] [debug] UNASSEMBLED(track) CONFIGURATION (normerr=0.0, maxerr=4.83835e-06, cost=4.75516e-05)
[2026-01-21 12:41:15.607] [debug] Model numQs: 52  Assembler num freeQs: 52
[2026-01-21 12:41:15.621] [debug] Tracking: t= 7.5 (acc=1.0e-05 tol=1.0e-06 normerr=0.0, maxerr=1.21919e-06, cost=3.02851e-05)
[2026-01-21 12:41:15.621] [debug] UNASSEMBLED(track) CONFIGURATION (normerr=0.0, maxerr=1.21919e-06, cost=3.833e-05)
[2026-01-21 12:41:15.622] [debug] Model numQs: 52  Assembler num freeQs: 52
[2026-01-21 12:41:15.626] [debug] Tracking: t= 7.50400 (acc=1.0e-05 tol=1.0e-06 normerr=0.0, maxerr=3.26589e-06, cost=2.60304e-05)
[2026-01-21 12:41:15.627] [debug] UNASSEMBLED(track) CONFIGURATION (normerr=0.0, maxerr=3.26589e-06, cost=3.36821e-05)
[2026-01-21 12:41:15.627] [debug] Model numQs: 52  Assembler num freeQs: 52
[2026-01-21 12:41:15.635] [debug] Tracking: t= 7.50800 (acc=1.0e-05 tol=1.0e-06 normerr=0.0, maxerr=5.33593e-06, cost=2.2424e-05)
[2026-01-21 12:41:15.636] [debug] UNASSEMBLED(track) CONFIGURATION (normerr=0.0, maxerr=5.33593e-06, cost=3.69677e-05)
[2026-01-21 12:41:15.636] [debug] Model numQs: 52  Assembler num freeQs: 52
[2026-01-21 12:41:15.648] [debug] Tracking: t= 7.512 (acc=1.0e-05 tol=1.0e-06 normerr=0.0, maxerr=2.12409e-06, cost=1.74895e-05)
[2026-01-21 12:41:15.649] [debug] UNASSEMBLED(track) CONFIGURATION (normerr=0.0, maxerr=2.12409e-06, cost=3.40905e-05)
[2026-01-21 12:41:15.649] [debug] Model numQs: 52  Assembler num freeQs: 52
[2026-01-21 12:41:15.654] [debug] Tracking: t= 7.516 (acc=1.0e-05 tol=1.0e-06 normerr=0.0, maxerr=2.91485e-06, cost=1.7636e-05)
[2026-01-21 12:41:15.655] [debug] UNASSEMBLED(track) CONFIGURATION (normerr=0.0, maxerr=2.91485e-06, cost=3.44904e-05)
[2026-01-21 12:41:15.655] [debug] Model numQs: 52  Assembler num freeQs: 52
[2026-01-21 12:41:15.666] [debug] Tracking: t= 7.52 (acc=1.0e-05 tol=1.0e-06 normerr=0.0, maxerr=2.48128e-06, cost=1.57643e-05)
[2026-01-21 12:41:15.667] [debug] UNASSEMBLED(track) CONFIGURATION (normerr=0.0, maxerr=2.48128e-06, cost=3.14729e-05)
[2026-01-21 12:41:15.667] [debug] Model numQs: 52  Assembler num freeQs: 52
[2026-01-21 12:41:15.671] [debug] Tracking: t= 7.524 (acc=1.0e-05 tol=1.0e-06 normerr=0.0, maxerr=2.40801e-06, cost=1.53813e-05)
[2026-01-21 12:41:15.672] [debug] UNASSEMBLED(track) CONFIGURATION (normerr=0.0, maxerr=2.40801e-06, cost=3.24812e-05)
[2026-01-21 12:41:15.672] [debug] Model numQs: 52  Assembler num freeQs: 52
[2026-01-21 12:41:15.677] [debug] Tracking: t= 7.528 (acc=1.0e-05 tol=1.0e-06 normerr=0.0, maxerr=3.56083e-06, cost=1.57721e-05)
[2026-01-21 12:41:15.678] [debug] UNASSEMBLED(track) CONFIGURATION (normerr=0.0, maxerr=3.56083e-06, cost=3.15633e-05)
[2026-01-21 12:41:15.678] [debug] Model numQs: 52  Assembler num freeQs: 52
[2026-01-21 12:41:15.685] [debug] Tracking: t= 7.532 (acc=1.0e-05 tol=1.0e-06 normerr=0.0, maxerr=5.2652e-06, cost=1.60411e-05)
[2026-01-21 12:41:15.686] [debug] UNASSEMBLED(track) CONFIGURATION (normerr=0.0, maxerr=5.2652e-06, cost=3.29867e-05)
[2026-01-21 12:41:15.686] [debug] Model numQs: 52  Assembler num freeQs: 52
[2026-01-21 12:41:15.698] [debug] Tracking: t= 7.536 (acc=1.0e-05 tol=1.0e-06 normerr=0.0, maxerr=1.63458e-06, cost=1.27127e-05)
[2026-01-21 12:41:15.699] [debug] UNASSEMBLED(track) CONFIGURATION (normerr=0.0, maxerr=1.63458e-06, cost=2.89843e-05)
[2026-01-21 12:41:15.699] [debug] Model numQs: 52  Assembler num freeQs: 52
[2026-01-21 12:41:15.703] [debug] Tracking: t= 7.54 (acc=1.0e-05 tol=1.0e-06 normerr=0.0, maxerr=1.57125e-06, cost=1.27491e-05)
[2026-01-21 12:41:15.703] [debug] UNASSEMBLED(track) CONFIGURATION (normerr=0.0, maxerr=1.57125e-06, cost=3.039e-05)
[2026-01-21 12:41:15.703] [debug] Model numQs: 52  Assembler num freeQs: 52
[2026-01-21 12:41:15.718] [debug] Tracking: t= 7.544 (acc=1.0e-05 tol=1.0e-06 normerr=0.0, maxerr=2.33809e-06, cost=1.04677e-05)
[2026-01-21 12:41:15.719] [debug] UNASSEMBLED(track) CONFIGURATION (normerr=0.0, maxerr=2.33809e-06, cost=2.78056e-05)
[2026-01-21 12:41:15.719] [debug] Model numQs: 52  Assembler num freeQs: 52
[2026-01-21 12:41:15.722] [debug] Tracking: t= 7.548 (acc=1.0e-05 tol=1.0e-06 normerr=0.0, maxerr=9.66211e-07, cost=1.03795e-05)
[2026-01-21 12:41:15.723] [debug] UNASSEMBLED(track) CONFIGURATION (normerr=0.0, maxerr=9.66211e-07, cost=2.82176e-05)
[2026-01-21 12:41:15.723] [debug] Model numQs: 52  Assembler num freeQs: 52
[2026-01-21 12:41:15.726] [debug] Tracking: t= 7.552 (acc=1.0e-05 tol=1.0e-06 normerr=0.0, maxerr=2.6746e-06, cost=1.04855e-05)
[2026-01-21 12:41:15.726] [debug] UNASSEMBLED(track) CONFIGURATION (normerr=0.0, maxerr=2.6746e-06, cost=2.89495e-05)
[2026-01-21 12:41:15.726] [debug] Model numQs: 52  Assembler num freeQs: 52
[2026-01-21 12:41:15.737] [debug] Tracking: t= 7.556 (acc=1.0e-05 tol=1.0e-06 normerr=0.0, maxerr=1.43023e-06, cost=9.76072e-06)
[2026-01-21 12:41:15.737] [debug] UNASSEMBLED(track) CONFIGURATION (normerr=0.0, maxerr=1.43023e-06, cost=2.83926e-05)
[2026-01-21 12:41:15.737] [debug] Model numQs: 52  Assembler num freeQs: 52
[2026-01-21 12:41:15.740] [debug] Tracking: t= 7.56 (acc=1.0e-05 tol=1.0e-06 normerr=0.0, maxerr=1.92426e-06, cost=1.01041e-05)
[2026-01-21 12:41:15.740] [debug] UNASSEMBLED(track) CONFIGURATION (normerr=0.0, maxerr=1.92426e-06, cost=2.93784e-05)
[2026-01-21 12:41:15.740] [debug] Model numQs: 52  Assembler num freeQs: 52
[2026-01-21 12:41:15.743] [debug] Tracking: t= 7.564 (acc=1.0e-05 tol=1.0e-06 normerr=0.0, maxerr=1.0195e-06, cost=1.04182e-05)
[2026-01-21 12:41:15.743] [debug] UNASSEMBLED(track) CONFIGURATION (normerr=0.0, maxerr=1.0195e-06, cost=3.00593e-05)
[2026-01-21 12:41:15.743] [debug] Model numQs: 52  Assembler num freeQs: 52
[2026-01-21 12:41:15.747] [debug] Tracking: t= 7.568 (acc=1.0e-05 tol=1.0e-06 normerr=0.0, maxerr=9.53101e-07, cost=1.11791e-05)
[2026-01-21 12:41:15.748] [debug] UNASSEMBLED(track) CONFIGURATION (normerr=0.0, maxerr=9.53101e-07, cost=3.09208e-05)
[2026-01-21 12:41:15.748] [debug] Model numQs: 52  Assembler num freeQs: 52
[2026-01-21 12:41:15.750] [debug] Tracking: t= 7.572 (acc=1.0e-05 tol=1.0e-06 normerr=0.0, maxerr=1.0594e-06, cost=1.20852e-05)
[2026-01-21 12:41:15.751] [debug] UNASSEMBLED(track) CONFIGURATION (normerr=0.0, maxerr=1.0594e-06, cost=3.2874e-05)
[2026-01-21 12:41:15.751] [debug] Model numQs: 52  Assembler num freeQs: 52
[2026-01-21 12:41:15.754] [debug] Tracking: t= 7.576 (acc=1.0e-05 tol=1.0e-06 normerr=0.0, maxerr=1.12291e-06, cost=1.3386e-05)
[2026-01-21 12:41:15.755] [debug] UNASSEMBLED(track) CONFIGURATION (normerr=0.0, maxerr=1.12291e-06, cost=3.48651e-05)
[2026-01-21 12:41:15.755] [debug] Model numQs: 52  Assembler num freeQs: 52
[2026-01-21 12:41:15.764] [debug] Tracking: t= 7.58 (acc=1.0e-05 tol=1.0e-06 normerr=0.0, maxerr=1.99787e-06, cost=8.97394e-06)
[2026-01-21 12:41:15.765] [debug] UNASSEMBLED(track) CONFIGURATION (normerr=0.0, maxerr=1.99787e-06, cost=3.04171e-05)
[2026-01-21 12:41:15.765] [debug] Model numQs: 52  Assembler num freeQs: 52
[2026-01-21 12:41:15.768] [debug] Tracking: t= 7.584 (acc=1.0e-05 tol=1.0e-06 normerr=0.0, maxerr=1.92456e-06, cost=9.34019e-06)
[2026-01-21 12:41:15.768] [debug] UNASSEMBLED(track) CONFIGURATION (normerr=0.0, maxerr=1.92456e-06, cost=3.31457e-05)
[2026-01-21 12:41:15.768] [debug] Model numQs: 52  Assembler num freeQs: 52
[2026-01-21 12:41:15.773] [debug] Tracking: t= 7.588 (acc=1.0e-05 tol=1.0e-06 normerr=0.0, maxerr=1.36677e-06, cost=1.05181e-05)
[2026-01-21 12:41:15.774] [debug] UNASSEMBLED(track) CONFIGURATION (normerr=0.0, maxerr=1.36677e-06, cost=3.19987e-05)
[2026-01-21 12:41:15.774] [debug] Model numQs: 52  Assembler num freeQs: 52
[2026-01-21 12:41:15.777] [debug] Tracking: t= 7.592 (acc=1.0e-05 tol=1.0e-06 normerr=0.0, maxerr=1.52133e-06, cost=1.12496e-05)
[2026-01-21 12:41:15.778] [debug] UNASSEMBLED(track) CONFIGURATION (normerr=0.0, maxerr=1.52133e-06, cost=3.32771e-05)
[2026-01-21 12:41:15.778] [debug] Model numQs: 52  Assembler num freeQs: 52
[2026-01-21 12:41:15.792] [debug] Tracking: t= 7.596 (acc=1.0e-05 tol=1.0e-06 normerr=0.0, maxerr=2.46737e-06, cost=8.29758e-06)
[2026-01-21 12:41:15.792] [debug] UNASSEMBLED(track) CONFIGURATION (normerr=0.0, maxerr=2.46737e-06, cost=3.04696e-05)
[2026-01-21 12:41:15.792] [debug] Model numQs: 52  Assembler num freeQs: 52
[2026-01-21 12:41:15.801] [debug] Tracking: t= 7.6 (acc=1.0e-05 tol=1.0e-06 normerr=0.0, maxerr=1.80077e-06, cost=8.15494e-06)
[2026-01-21 12:41:15.802] [debug] UNASSEMBLED(track) CONFIGURATION (normerr=0.0, maxerr=1.80077e-06, cost=3.08829e-05)
[2026-01-21 12:41:15.802] [debug] Model numQs: 52  Assembler num freeQs: 52
[2026-01-21 12:41:15.810] [debug] Tracking: t= 7.60400 (acc=1.0e-05 tol=1.0e-06 normerr=0.0, maxerr=3.43962e-06, cost=9.31496e-06)
[2026-01-21 12:41:15.811] [debug] UNASSEMBLED(track) CONFIGURATION (normerr=0.0, maxerr=3.43962e-06, cost=3.23954e-05)
[2026-01-21 12:41:15.811] [debug] Model numQs: 52  Assembler num freeQs: 52
[2026-01-21 12:41:15.823] [debug] Tracking: t= 7.60800 (acc=1.0e-05 tol=1.0e-06 normerr=0.0, maxerr=2.40581e-06, cost=8.85017e-06)
[2026-01-21 12:41:15.824] [debug] UNASSEMBLED(track) CONFIGURATION (normerr=0.0, maxerr=2.40581e-06, cost=3.09675e-05)
[2026-01-21 12:41:15.824] [debug] Model numQs: 52  Assembler num freeQs: 52
[2026-01-21 12:41:15.827] [debug] Tracking: t= 7.612 (acc=1.0e-05 tol=1.0e-06 normerr=0.0, maxerr=2.59705e-06, cost=9.62551e-06)
[2026-01-21 12:41:15.828] [debug] UNASSEMBLED(track) CONFIGURATION (normerr=0.0, maxerr=2.59705e-06, cost=3.26508e-05)
[2026-01-21 12:41:15.828] [debug] Model numQs: 52  Assembler num freeQs: 52
[2026-01-21 12:41:15.831] [debug] Tracking: t= 7.616 (acc=1.0e-05 tol=1.0e-06 normerr=0.0, maxerr=5.06769e-06, cost=1.08394e-05)
[2026-01-21 12:41:15.832] [debug] UNASSEMBLED(track) CONFIGURATION (normerr=0.0, maxerr=5.06769e-06, cost=3.47047e-05)
[2026-01-21 12:41:15.832] [debug] Model numQs: 52  Assembler num freeQs: 52
[2026-01-21 12:41:15.835] [debug] Tracking: t= 7.62 (acc=1.0e-05 tol=1.0e-06 normerr=0.0, maxerr=7.4724e-06, cost=1.21974e-05)
[2026-01-21 12:41:15.836] [debug] UNASSEMBLED(track) CONFIGURATION (normerr=0.0, maxerr=7.4724e-06, cost=3.72252e-05)
[2026-01-21 12:41:15.836] [debug] Model numQs: 52  Assembler num freeQs: 52
[2026-01-21 12:41:15.848] [debug] Tracking: t= 7.624 (acc=1.0e-05 tol=1.0e-06 normerr=0.0, maxerr=2.55733e-06, cost=8.9726e-06)
[2026-01-21 12:41:15.848] [debug] UNASSEMBLED(track) CONFIGURATION (normerr=0.0, maxerr=2.55733e-06, cost=3.25619e-05)
[2026-01-21 12:41:15.848] [debug] Model numQs: 52  Assembler num freeQs: 52
[2026-01-21 12:41:15.852] [debug] Tracking: t= 7.628 (acc=1.0e-05 tol=1.0e-06 normerr=0.0, maxerr=3.58243e-06, cost=9.55016e-06)
[2026-01-21 12:41:15.852] [debug] UNASSEMBLED(track) CONFIGURATION (normerr=0.0, maxerr=3.58243e-06, cost=3.4932e-05)
[2026-01-21 12:41:15.852] [debug] Model numQs: 52  Assembler num freeQs: 52
[2026-01-21 12:41:15.855] [debug] Tracking: t= 7.632 (acc=1.0e-05 tol=1.0e-06 normerr=0.0, maxerr=6.16466e-06, cost=1.15808e-05)
[2026-01-21 12:41:15.856] [debug] UNASSEMBLED(track) CONFIGURATION (normerr=0.0, maxerr=6.16466e-06, cost=3.90321e-05)
[2026-01-21 12:41:15.856] [debug] Model numQs: 52  Assembler num freeQs: 52
[2026-01-21 12:41:15.867] [debug] Tracking: t= 7.636 (acc=1.0e-05 tol=1.0e-06 normerr=0.0, maxerr=3.05381e-06, cost=1.07964e-05)
[2026-01-21 12:41:15.868] [debug] UNASSEMBLED(track) CONFIGURATION (normerr=0.0, maxerr=3.05381e-06, cost=3.54726e-05)
[2026-01-21 12:41:15.868] [debug] Model numQs: 52  Assembler num freeQs: 52
[2026-01-21 12:41:15.871] [debug] Tracking: t= 7.64 (acc=1.0e-05 tol=1.0e-06 normerr=0.0, maxerr=4.76665e-06, cost=1.20267e-05)
[2026-01-21 12:41:15.872] [debug] UNASSEMBLED(track) CONFIGURATION (normerr=0.0, maxerr=4.76665e-06, cost=3.73412e-05)
[2026-01-21 12:41:15.872] [debug] Model numQs: 52  Assembler num freeQs: 52
[2026-01-21 12:41:15.875] [debug] Tracking: t= 7.644 (acc=1.0e-05 tol=1.0e-06 normerr=0.0, maxerr=7.27196e-06, cost=1.42991e-05)
[2026-01-21 12:41:15.875] [debug] UNASSEMBLED(track) CONFIGURATION (normerr=0.0, maxerr=7.27196e-06, cost=4.0675e-05)
[2026-01-21 12:41:15.875] [debug] Model numQs: 52  Assembler num freeQs: 52
[2026-01-21 12:41:15.893] [debug] Tracking: t= 7.648 (acc=1.0e-05 tol=1.0e-06 normerr=0.0, maxerr=3.29404e-06, cost=1.15598e-05)
[2026-01-21 12:41:15.894] [debug] UNASSEMBLED(track) CONFIGURATION (normerr=0.0, maxerr=3.29404e-06, cost=3.57423e-05)
[2026-01-21 12:41:15.894] [debug] Model numQs: 52  Assembler num freeQs: 52
[2026-01-21 12:41:15.897] [debug] Tracking: t= 7.652 (acc=1.0e-05 tol=1.0e-06 normerr=0.0, maxerr=4.81287e-06, cost=1.24219e-05)
[2026-01-21 12:41:15.898] [debug] UNASSEMBLED(track) CONFIGURATION (normerr=0.0, maxerr=4.81287e-06, cost=3.80309e-05)
[2026-01-21 12:41:15.898] [debug] Model numQs: 52  Assembler num freeQs: 52
[2026-01-21 12:41:15.909] [debug] Tracking: t= 7.656 (acc=1.0e-05 tol=1.0e-06 normerr=0.0, maxerr=2.05101e-06, cost=1.12957e-05)
[2026-01-21 12:41:15.909] [debug] UNASSEMBLED(track) CONFIGURATION (normerr=0.0, maxerr=2.05101e-06, cost=3.5177e-05)
[2026-01-21 12:41:15.910] [debug] Model numQs: 52  Assembler num freeQs: 52
[2026-01-21 12:41:15.917] [debug] Tracking: t= 7.66 (acc=1.0e-05 tol=1.0e-06 normerr=0.0, maxerr=4.61231e-06, cost=1.20760e-05)
[2026-01-21 12:41:15.918] [debug] UNASSEMBLED(track) CONFIGURATION (normerr=0.0, maxerr=4.61231e-06, cost=3.73649e-05)
[2026-01-21 12:41:15.918] [debug] Model numQs: 52  Assembler num freeQs: 52
[2026-01-21 12:41:15.922] [debug] Tracking: t= 7.664 (acc=1.0e-05 tol=1.0e-06 normerr=0.0, maxerr=7.37762e-06, cost=1.42214e-05)
[2026-01-21 12:41:15.923] [debug] UNASSEMBLED(track) CONFIGURATION (normerr=0.0, maxerr=7.37762e-06, cost=4.08613e-05)
[2026-01-21 12:41:15.923] [debug] Model numQs: 52  Assembler num freeQs: 52
[2026-01-21 12:41:15.931] [debug] Tracking: t= 7.668 (acc=1.0e-05 tol=1.0e-06 normerr=0.0, maxerr=1.06867e-05, cost=1.75768e-05)
[2026-01-21 12:41:15.931] [debug] UNASSEMBLED(track) CONFIGURATION (normerr=0.0, maxerr=1.06867e-05, cost=4.53445e-05)
[2026-01-21 12:41:15.931] [debug] Model numQs: 52  Assembler num freeQs: 52
[2026-01-21 12:41:15.947] [debug] Tracking: t= 7.672 (acc=1.0e-05 tol=1.0e-06 normerr=0.0, maxerr=4.53058e-06, cost=1.41041e-05)
[2026-01-21 12:41:15.948] [debug] UNASSEMBLED(track) CONFIGURATION (normerr=0.0, maxerr=4.53058e-06, cost=3.87994e-05)
[2026-01-21 12:41:15.948] [debug] Model numQs: 52  Assembler num freeQs: 52
[2026-01-21 12:41:15.957] [debug] Tracking: t= 7.676 (acc=1.0e-05 tol=1.0e-06 normerr=0.0, maxerr=4.62698e-06, cost=1.33573e-05)
[2026-01-21 12:41:15.958] [debug] UNASSEMBLED(track) CONFIGURATION (normerr=0.0, maxerr=4.62698e-06, cost=3.87377e-05)
[2026-01-21 12:41:15.958] [debug] Model numQs: 52  Assembler num freeQs: 52
[2026-01-21 12:41:15.967] [debug] Tracking: t= 7.68 (acc=1.0e-05 tol=1.0e-06 normerr=0.0, maxerr=5.42328e-06, cost=1.34322e-05)
[2026-01-21 12:41:15.967] [debug] UNASSEMBLED(track) CONFIGURATION (normerr=0.0, maxerr=5.42328e-06, cost=3.85777e-05)
[2026-01-21 12:41:15.967] [debug] Model numQs: 52  Assembler num freeQs: 52
[2026-01-21 12:41:15.971] [debug] Tracking: t= 7.684 (acc=1.0e-05 tol=1.0e-06 normerr=0.0, maxerr=8.39391e-06, cost=1.57311e-05)
[2026-01-21 12:41:15.972] [debug] UNASSEMBLED(track) CONFIGURATION (normerr=0.0, maxerr=8.39391e-06, cost=4.23612e-05)
[2026-01-21 12:41:15.972] [debug] Model numQs: 52  Assembler num freeQs: 52
[2026-01-21 12:41:15.985] [debug] Tracking: t= 7.688 (acc=1.0e-05 tol=1.0e-06 normerr=0.0, maxerr=3.46695e-06, cost=1.37711e-05)
[2026-01-21 12:41:15.986] [debug] UNASSEMBLED(track) CONFIGURATION (normerr=0.0, maxerr=3.46695e-06, cost=3.74763e-05)
[2026-01-21 12:41:15.986] [debug] Model numQs: 52  Assembler num freeQs: 52
[2026-01-21 12:41:15.989] [debug] Tracking: t= 7.692 (acc=1.0e-05 tol=1.0e-06 normerr=0.0, maxerr=6.85322e-06, cost=1.50468e-05)
[2026-01-21 12:41:15.990] [debug] UNASSEMBLED(track) CONFIGURATION (normerr=0.0, maxerr=6.85322e-06, cost=4.02597e-05)
[2026-01-21 12:41:15.990] [debug] Model numQs: 52  Assembler num freeQs: 52
[2026-01-21 12:41:15.993] [debug] Tracking: t= 7.696 (acc=1.0e-05 tol=1.0e-06 normerr=0.0, maxerr=1.04623e-05, cost=1.7896e-05)
[2026-01-21 12:41:15.994] [debug] UNASSEMBLED(track) CONFIGURATION (normerr=0.0, maxerr=1.04623e-05, cost=4.40584e-05)
[2026-01-21 12:41:15.994] [debug] Model numQs: 52  Assembler num freeQs: 52
[2026-01-21 12:41:16.014] [debug] Tracking: t= 7.7 (acc=1.0e-05 tol=1.0e-06 normerr=0.0, maxerr=6.06485e-06, cost=1.55297e-05)
[2026-01-21 12:41:16.015] [debug] UNASSEMBLED(track) CONFIGURATION (normerr=0.0, maxerr=6.06485e-06, cost=3.90005e-05)
[2026-01-21 12:41:16.015] [debug] Model numQs: 52  Assembler num freeQs: 52
[2026-01-21 12:41:16.019] [debug] Tracking: t= 7.70400 (acc=1.0e-05 tol=1.0e-06 normerr=0.0, maxerr=8.50600e-06, cost=1.70346e-05)
[2026-01-21 12:41:16.019] [debug] UNASSEMBLED(track) CONFIGURATION (normerr=0.0, maxerr=8.50600e-06, cost=4.34201e-05)
[2026-01-21 12:41:16.019] [debug] Model numQs: 52  Assembler num freeQs: 52
[2026-01-21 12:41:16.022] [debug] Tracking: t= 7.70800 (acc=1.0e-05 tol=1.0e-06 normerr=0.0, maxerr=1.22643e-05, cost=2.07945e-05)
[2026-01-21 12:41:16.022] [debug] UNASSEMBLED(track) CONFIGURATION (normerr=0.0, maxerr=1.22643e-05, cost=4.78803e-05)
[2026-01-21 12:41:16.022] [debug] Model numQs: 52  Assembler num freeQs: 52
[2026-01-21 12:41:16.123] [debug] Tracking: t= 7.712 (acc=1.0e-05 tol=1.0e-06 normerr=0.0, maxerr=3.98438e-06, cost=1.30175e-05)
[2026-01-21 12:41:16.124] [debug] UNASSEMBLED(track) CONFIGURATION (normerr=0.0, maxerr=3.98438e-06, cost=3.56008e-05)
[2026-01-21 12:41:16.124] [debug] Model numQs: 52  Assembler num freeQs: 52
[2026-01-21 12:41:16.142] [debug] Tracking: t= 7.716 (acc=1.0e-05 tol=1.0e-06 normerr=0.0, maxerr=7.30677e-06, cost=1.41717e-05)
[2026-01-21 12:41:16.144] [debug] UNASSEMBLED(track) CONFIGURATION (normerr=0.0, maxerr=7.30677e-06, cost=3.82016e-05)
[2026-01-21 12:41:16.144] [debug] Model numQs: 52  Assembler num freeQs: 52
[2026-01-21 12:41:16.156] [debug] Tracking: t= 7.72 (acc=1.0e-05 tol=1.0e-06 normerr=0.0, maxerr=1.0832e-05, cost=1.69080e-05)
[2026-01-21 12:41:16.158] [debug] UNASSEMBLED(track) CONFIGURATION (normerr=0.0, maxerr=1.0832e-05, cost=4.22797e-05)
[2026-01-21 12:41:16.158] [debug] Model numQs: 52  Assembler num freeQs: 52
[2026-01-21 12:41:16.189] [debug] Tracking: t= 7.724 (acc=1.0e-05 tol=1.0e-06 normerr=0.0, maxerr=7.42711e-06, cost=1.50237e-05)
[2026-01-21 12:41:16.190] [debug] UNASSEMBLED(track) CONFIGURATION (normerr=0.0, maxerr=7.42711e-06, cost=3.774e-05)
[2026-01-21 12:41:16.190] [debug] Model numQs: 52  Assembler num freeQs: 52
[2026-01-21 12:41:16.195] [debug] Tracking: t= 7.728 (acc=1.0e-05 tol=1.0e-06 normerr=0.0, maxerr=1.06392e-05, cost=1.68969e-05)
[2026-01-21 12:41:16.196] [debug] UNASSEMBLED(track) CONFIGURATION (normerr=0.0, maxerr=1.06392e-05, cost=4.06319e-05)
[2026-01-21 12:41:16.196] [debug] Model numQs: 52  Assembler num freeQs: 52
[2026-01-21 12:41:16.213] [debug] Tracking: t= 7.732 (acc=1.0e-05 tol=1.0e-06 normerr=0.0, maxerr=5.95033e-06, cost=1.54529e-05)
[2026-01-21 12:41:16.214] [debug] UNASSEMBLED(track) CONFIGURATION (normerr=0.0, maxerr=5.95033e-06, cost=3.72721e-05)
[2026-01-21 12:41:16.215] [debug] Model numQs: 52  Assembler num freeQs: 52
[2026-01-21 12:41:16.220] [debug] Tracking: t= 7.736 (acc=1.0e-05 tol=1.0e-06 normerr=0.0, maxerr=9.74967e-06, cost=1.70275e-05)
[2026-01-21 12:41:16.221] [debug] UNASSEMBLED(track) CONFIGURATION (normerr=0.0, maxerr=9.74967e-06, cost=4.0129e-05)
[2026-01-21 12:41:16.221] [debug] Model numQs: 52  Assembler num freeQs: 52
[2026-01-21 12:41:16.262] [debug] Tracking: t= 7.74 (acc=1.0e-05 tol=1.0e-06 normerr=0.0, maxerr=4.49728e-06, cost=1.47456e-05)
[2026-01-21 12:41:16.263] [debug] UNASSEMBLED(track) CONFIGURATION (normerr=0.0, maxerr=4.49728e-06, cost=3.4614e-05)
[2026-01-21 12:41:16.263] [debug] Model numQs: 52  Assembler num freeQs: 52
[2026-01-21 12:41:16.269] [debug] Tracking: t= 7.744 (acc=1.0e-05 tol=1.0e-06 normerr=0.0, maxerr=8.10388e-06, cost=1.55202e-05)
[2026-01-21 12:41:16.270] [debug] UNASSEMBLED(track) CONFIGURATION (normerr=0.0, maxerr=8.10388e-06, cost=3.72245e-05)
[2026-01-21 12:41:16.270] [debug] Model numQs: 52  Assembler num freeQs: 52
[2026-01-21 12:41:16.274] [debug] Tracking: t= 7.748 (acc=1.0e-05 tol=1.0e-06 normerr=0.0, maxerr=1.08404e-05, cost=1.80059e-05)
[2026-01-21 12:41:16.275] [debug] UNASSEMBLED(track) CONFIGURATION (normerr=0.0, maxerr=1.08404e-05, cost=4.09674e-05)
[2026-01-21 12:41:16.275] [debug] Model numQs: 52  Assembler num freeQs: 52
[2026-01-21 12:41:16.291] [debug] Tracking: t= 7.752 (acc=1.0e-05 tol=1.0e-06 normerr=0.0, maxerr=7.96654e-06, cost=1.78231e-05)
[2026-01-21 12:41:16.292] [debug] UNASSEMBLED(track) CONFIGURATION (normerr=0.0, maxerr=7.96654e-06, cost=3.81758e-05)
[2026-01-21 12:41:16.292] [debug] Model numQs: 52  Assembler num freeQs: 52
[2026-01-21 12:41:16.301] [debug] Tracking: t= 7.756 (acc=1.0e-05 tol=1.0e-06 normerr=0.0, maxerr=1.20324e-05, cost=2.00450e-05)
[2026-01-21 12:41:16.302] [debug] UNASSEMBLED(track) CONFIGURATION (normerr=0.0, maxerr=1.20324e-05, cost=4.11778e-05)
[2026-01-21 12:41:16.302] [debug] Model numQs: 52  Assembler num freeQs: 52
[2026-01-21 12:41:16.356] [debug] Tracking: t= 7.76 (acc=1.0e-05 tol=1.0e-06 normerr=0.0, maxerr=4.80533e-06, cost=1.50852e-05)
[2026-01-21 12:41:16.357] [debug] UNASSEMBLED(track) CONFIGURATION (normerr=0.0, maxerr=4.80533e-06, cost=3.25791e-05)
[2026-01-21 12:41:16.357] [debug] Model numQs: 52  Assembler num freeQs: 52
[2026-01-21 12:41:16.365] [debug] Tracking: t= 7.764 (acc=1.0e-05 tol=1.0e-06 normerr=0.0, maxerr=7.90251e-06, cost=1.53785e-05)
[2026-01-21 12:41:16.367] [debug] UNASSEMBLED(track) CONFIGURATION (normerr=0.0, maxerr=7.90251e-06, cost=3.41945e-05)
[2026-01-21 12:41:16.367] [debug] Model numQs: 52  Assembler num freeQs: 52
[2026-01-21 12:41:16.374] [debug] Tracking: t= 7.768 (acc=1.0e-05 tol=1.0e-06 normerr=0.0, maxerr=9.85334e-06, cost=1.71407e-05)
[2026-01-21 12:41:16.375] [debug] UNASSEMBLED(track) CONFIGURATION (normerr=0.0, maxerr=9.85334e-06, cost=3.69752e-05)
[2026-01-21 12:41:16.375] [debug] Model numQs: 52  Assembler num freeQs: 52
[2026-01-21 12:41:16.398] [debug] Tracking: t= 7.772 (acc=1.0e-05 tol=1.0e-06 normerr=0.0, maxerr=5.99782e-06, cost=1.54631e-05)
[2026-01-21 12:41:16.399] [debug] UNASSEMBLED(track) CONFIGURATION (normerr=0.0, maxerr=5.99782e-06, cost=3.28879e-05)
[2026-01-21 12:41:16.399] [debug] Model numQs: 52  Assembler num freeQs: 52
[2026-01-21 12:41:16.402] [debug] Tracking: t= 7.776 (acc=1.0e-05 tol=1.0e-06 normerr=0.0, maxerr=8.34363e-06, cost=1.68214e-05)
[2026-01-21 12:41:16.403] [debug] UNASSEMBLED(track) CONFIGURATION (normerr=0.0, maxerr=8.34363e-06, cost=3.63466e-05)
[2026-01-21 12:41:16.403] [debug] Model numQs: 52  Assembler num freeQs: 52
[2026-01-21 12:41:16.408] [debug] Tracking: t= 7.78 (acc=1.0e-05 tol=1.0e-06 normerr=0.0, maxerr=1.10858e-05, cost=2.02981e-05)
[2026-01-21 12:41:16.409] [debug] UNASSEMBLED(track) CONFIGURATION (normerr=0.0, maxerr=1.10858e-05, cost=3.88888e-05)
[2026-01-21 12:41:16.409] [debug] Model numQs: 52  Assembler num freeQs: 52
[2026-01-21 12:41:16.462] [debug] Tracking: t= 7.784 (acc=1.0e-05 tol=1.0e-06 normerr=0.0, maxerr=5.33813e-06, cost=1.47068e-05)
[2026-01-21 12:41:16.463] [debug] UNASSEMBLED(track) CONFIGURATION (normerr=0.0, maxerr=5.33813e-06, cost=2.94708e-05)
[2026-01-21 12:41:16.463] [debug] Model numQs: 52  Assembler num freeQs: 52
[2026-01-21 12:41:16.466] [debug] Tracking: t= 7.788 (acc=1.0e-05 tol=1.0e-06 normerr=0.0, maxerr=6.8654e-06, cost=1.49148e-05)
[2026-01-21 12:41:16.467] [debug] UNASSEMBLED(track) CONFIGURATION (normerr=0.0, maxerr=6.8654e-06, cost=3.03361e-05)
[2026-01-21 12:41:16.467] [debug] Model numQs: 52  Assembler num freeQs: 52
[2026-01-21 12:41:16.470] [debug] Tracking: t= 7.792 (acc=1.0e-05 tol=1.0e-06 normerr=0.0, maxerr=6.829e-06, cost=1.60915e-05)
[2026-01-21 12:41:16.471] [debug] UNASSEMBLED(track) CONFIGURATION (normerr=0.0, maxerr=6.829e-06, cost=3.21131e-05)
[2026-01-21 12:41:16.471] [debug] Model numQs: 52  Assembler num freeQs: 52
[2026-01-21 12:41:16.477] [debug] Tracking: t= 7.796 (acc=1.0e-05 tol=1.0e-06 normerr=0.0, maxerr=7.1663e-06, cost=1.82693e-05)
[2026-01-21 12:41:16.478] [debug] UNASSEMBLED(track) CONFIGURATION (normerr=0.0, maxerr=7.1663e-06, cost=3.40128e-05)
[2026-01-21 12:41:16.478] [debug] Model numQs: 52  Assembler num freeQs: 52
[2026-01-21 12:41:16.491] [debug] Tracking: t= 7.8 (acc=1.0e-05 tol=1.0e-06 normerr=0.0, maxerr=6.19789e-06, cost=1.71537e-05)
[2026-01-21 12:41:16.492] [debug] UNASSEMBLED(track) CONFIGURATION (normerr=0.0, maxerr=6.19789e-06, cost=3.06354e-05)
[2026-01-21 12:41:16.492] [debug] Model numQs: 52  Assembler num freeQs: 52
[2026-01-21 12:41:16.496] [debug] Tracking: t= 7.80400 (acc=1.0e-05 tol=1.0e-06 normerr=0.0, maxerr=6.63811e-06, cost=1.84216e-05)
[2026-01-21 12:41:16.497] [debug] UNASSEMBLED(track) CONFIGURATION (normerr=0.0, maxerr=6.63811e-06, cost=3.1485e-05)
[2026-01-21 12:41:16.497] [debug] Model numQs: 52  Assembler num freeQs: 52
[2026-01-21 12:41:16.503] [debug] Tracking: t= 7.80800 (acc=1.0e-05 tol=1.0e-06 normerr=0.0, maxerr=6.847e-06, cost=2.01885e-05)
[2026-01-21 12:41:16.503] [debug] UNASSEMBLED(track) CONFIGURATION (normerr=0.0, maxerr=6.847e-06, cost=3.25318e-05)
[2026-01-21 12:41:16.503] [debug] Model numQs: 52  Assembler num freeQs: 52
[2026-01-21 12:41:16.508] [debug] Tracking: t= 7.812 (acc=1.0e-05 tol=1.0e-06 normerr=0.0, maxerr=7.06825e-06, cost=2.20439e-05)
[2026-01-21 12:41:16.508] [debug] UNASSEMBLED(track) CONFIGURATION (normerr=0.0, maxerr=7.06825e-06, cost=3.33408e-05)
[2026-01-21 12:41:16.508] [debug] Model numQs: 52  Assembler num freeQs: 52
[2026-01-21 12:41:16.526] [debug] Tracking: t= 7.816 (acc=1.0e-05 tol=1.0e-06 normerr=0.0, maxerr=3.91791e-06, cost=1.87685e-05)
[2026-01-21 12:41:16.527] [debug] UNASSEMBLED(track) CONFIGURATION (normerr=0.0, maxerr=3.91791e-06, cost=2.7981e-05)
[2026-01-21 12:41:16.527] [debug] Model numQs: 52  Assembler num freeQs: 52
[2026-01-21 12:41:16.532] [debug] Tracking: t= 7.82 (acc=1.0e-05 tol=1.0e-06 normerr=0.0, maxerr=3.47147e-06, cost=1.92055e-05)
[2026-01-21 12:41:16.532] [debug] UNASSEMBLED(track) CONFIGURATION (normerr=0.0, maxerr=3.47147e-06, cost=2.75719e-05)
[2026-01-21 12:41:16.533] [debug] Model numQs: 52  Assembler num freeQs: 52
[2026-01-21 12:41:16.539] [debug] Tracking: t= 7.824 (acc=1.0e-05 tol=1.0e-06 normerr=0.0, maxerr=3.73038e-06, cost=1.95463e-05)
[2026-01-21 12:41:16.539] [debug] UNASSEMBLED(track) CONFIGURATION (normerr=0.0, maxerr=3.73038e-06, cost=2.6938e-05)
[2026-01-21 12:41:16.539] [debug] Model numQs: 52  Assembler num freeQs: 52
[2026-01-21 12:41:16.543] [debug] Tracking: t= 7.828 (acc=1.0e-05 tol=1.0e-06 normerr=0.0, maxerr=4.23772e-06, cost=1.9887e-05)
[2026-01-21 12:41:16.544] [debug] UNASSEMBLED(track) CONFIGURATION (normerr=0.0, maxerr=4.23772e-06, cost=2.5322e-05)
[2026-01-21 12:41:16.544] [debug] Model numQs: 52  Assembler num freeQs: 52
[2026-01-21 12:41:16.549] [debug] Tracking: t= 7.832 (acc=1.0e-05 tol=1.0e-06 normerr=0.0, maxerr=4.15478e-06, cost=1.91271e-05)
[2026-01-21 12:41:16.550] [debug] UNASSEMBLED(track) CONFIGURATION (normerr=0.0, maxerr=4.15478e-06, cost=2.65163e-05)
[2026-01-21 12:41:16.550] [debug] Model numQs: 52  Assembler num freeQs: 52
[2026-01-21 12:41:16.556] [debug] Tracking: t= 7.836 (acc=1.0e-05 tol=1.0e-06 normerr=0.0, maxerr=4.26831e-06, cost=2.10118e-05)
[2026-01-21 12:41:16.557] [debug] UNASSEMBLED(track) CONFIGURATION (normerr=0.0, maxerr=4.26831e-06, cost=2.82069e-05)
[2026-01-21 12:41:16.557] [debug] Model numQs: 52  Assembler num freeQs: 52
[2026-01-21 12:41:16.562] [debug] Tracking: t= 7.84 (acc=1.0e-05 tol=1.0e-06 normerr=0.0, maxerr=2.85314e-06, cost=2.26888e-05)
[2026-01-21 12:41:16.563] [debug] UNASSEMBLED(track) CONFIGURATION (normerr=0.0, maxerr=2.85314e-06, cost=2.87348e-05)
[2026-01-21 12:41:16.563] [debug] Model numQs: 52  Assembler num freeQs: 52
[2026-01-21 12:41:16.572] [debug] Tracking: t= 7.844 (acc=1.0e-05 tol=1.0e-06 normerr=0.0, maxerr=3.78718e-06, cost=2.33559e-05)
[2026-01-21 12:41:16.573] [debug] UNASSEMBLED(track) CONFIGURATION (normerr=0.0, maxerr=3.78718e-06, cost=2.91531e-05)
[2026-01-21 12:41:16.573] [debug] Model numQs: 52  Assembler num freeQs: 52
[2026-01-21 12:41:16.590] [debug] Tracking: t= 7.848 (acc=1.0e-05 tol=1.0e-06 normerr=0.0, maxerr=2.89364e-06, cost=2.11971e-05)
[2026-01-21 12:41:16.591] [debug] UNASSEMBLED(track) CONFIGURATION (normerr=0.0, maxerr=2.89364e-06, cost=2.61525e-05)
[2026-01-21 12:41:16.591] [debug] Model numQs: 52  Assembler num freeQs: 52
[2026-01-21 12:41:16.597] [debug] Tracking: t= 7.852 (acc=1.0e-05 tol=1.0e-06 normerr=0.0, maxerr=2.96613e-06, cost=2.12642e-05)
[2026-01-21 12:41:16.598] [debug] UNASSEMBLED(track) CONFIGURATION (normerr=0.0, maxerr=2.96613e-06, cost=2.63124e-05)
[2026-01-21 12:41:16.598] [debug] Model numQs: 52  Assembler num freeQs: 52
[2026-01-21 12:41:16.604] [debug] Tracking: t= 7.856 (acc=1.0e-05 tol=1.0e-06 normerr=0.0, maxerr=5.61185e-06, cost=2.15633e-05)
[2026-01-21 12:41:16.604] [debug] UNASSEMBLED(track) CONFIGURATION (normerr=0.0, maxerr=5.61185e-06, cost=2.65875e-05)
[2026-01-21 12:41:16.604] [debug] Model numQs: 52  Assembler num freeQs: 52
[2026-01-21 12:41:16.607] [debug] Tracking: t= 7.86 (acc=1.0e-05 tol=1.0e-06 normerr=0.0, maxerr=4.78612e-06, cost=2.20965e-05)
[2026-01-21 12:41:16.608] [debug] UNASSEMBLED(track) CONFIGURATION (normerr=0.0, maxerr=4.78612e-06, cost=2.76069e-05)
[2026-01-21 12:41:16.608] [debug] Model numQs: 52  Assembler num freeQs: 52
[2026-01-21 12:41:16.612] [debug] Tracking: t= 7.864 (acc=1.0e-05 tol=1.0e-06 normerr=0.0, maxerr=3.49924e-06, cost=2.28141e-05)
[2026-01-21 12:41:16.612] [debug] UNASSEMBLED(track) CONFIGURATION (normerr=0.0, maxerr=3.49924e-06, cost=2.81633e-05)
[2026-01-21 12:41:16.613] [debug] Model numQs: 52  Assembler num freeQs: 52
[2026-01-21 12:41:16.624] [debug] Tracking: t= 7.868 (acc=1.0e-05 tol=1.0e-06 normerr=0.0, maxerr=3.04648e-06, cost=2.10365e-05)
[2026-01-21 12:41:16.625] [debug] UNASSEMBLED(track) CONFIGURATION (normerr=0.0, maxerr=3.04648e-06, cost=2.55602e-05)
[2026-01-21 12:41:16.625] [debug] Model numQs: 52  Assembler num freeQs: 52
[2026-01-21 12:41:16.630] [debug] Tracking: t= 7.872 (acc=1.0e-05 tol=1.0e-06 normerr=0.0, maxerr=3.09707e-06, cost=2.11418e-05)
[2026-01-21 12:41:16.631] [debug] UNASSEMBLED(track) CONFIGURATION (normerr=0.0, maxerr=3.09707e-06, cost=2.59511e-05)
[2026-01-21 12:41:16.631] [debug] Model numQs: 52  Assembler num freeQs: 52
[2026-01-21 12:41:16.634] [debug] Tracking: t= 7.876 (acc=1.0e-05 tol=1.0e-06 normerr=0.0, maxerr=3.17414e-06, cost=2.1692e-05)
[2026-01-21 12:41:16.634] [debug] UNASSEMBLED(track) CONFIGURATION (normerr=0.0, maxerr=3.17414e-06, cost=2.65708e-05)
[2026-01-21 12:41:16.635] [debug] Model numQs: 52  Assembler num freeQs: 52
[2026-01-21 12:41:16.638] [debug] Tracking: t= 7.88 (acc=1.0e-05 tol=1.0e-06 normerr=0.0, maxerr=3.7941e-06, cost=2.22725e-05)
[2026-01-21 12:41:16.639] [debug] UNASSEMBLED(track) CONFIGURATION (normerr=0.0, maxerr=3.7941e-06, cost=2.71582e-05)
[2026-01-21 12:41:16.639] [debug] Model numQs: 52  Assembler num freeQs: 52
[2026-01-21 12:41:16.646] [debug] Tracking: t= 7.884 (acc=1.0e-05 tol=1.0e-06 normerr=0.0, maxerr=3.92631e-06, cost=2.2773e-05)
[2026-01-21 12:41:16.647] [debug] UNASSEMBLED(track) CONFIGURATION (normerr=0.0, maxerr=3.92631e-06, cost=2.80086e-05)
[2026-01-21 12:41:16.647] [debug] Model numQs: 52  Assembler num freeQs: 52
[2026-01-21 12:41:16.662] [debug] Tracking: t= 7.888 (acc=1.0e-05 tol=1.0e-06 normerr=0.0, maxerr=2.84847e-06, cost=2.00585e-05)
[2026-01-21 12:41:16.663] [debug] UNASSEMBLED(track) CONFIGURATION (normerr=0.0, maxerr=2.84847e-06, cost=2.43689e-05)
[2026-01-21 12:41:16.663] [debug] Model numQs: 52  Assembler num freeQs: 52
[2026-01-21 12:41:16.667] [debug] Tracking: t= 7.892 (acc=1.0e-05 tol=1.0e-06 normerr=0.0, maxerr=3.10013e-06, cost=2.01087e-05)
[2026-01-21 12:41:16.668] [debug] UNASSEMBLED(track) CONFIGURATION (normerr=0.0, maxerr=3.10013e-06, cost=2.46196e-05)
[2026-01-21 12:41:16.668] [debug] Model numQs: 52  Assembler num freeQs: 52
[2026-01-21 12:41:16.674] [debug] Tracking: t= 7.896 (acc=1.0e-05 tol=1.0e-06 normerr=0.0, maxerr=3.46868e-06, cost=2.05685e-05)
[2026-01-21 12:41:16.675] [debug] UNASSEMBLED(track) CONFIGURATION (normerr=0.0, maxerr=3.46868e-06, cost=2.52468e-05)
[2026-01-21 12:41:16.675] [debug] Model numQs: 52  Assembler num freeQs: 52
[2026-01-21 12:41:16.678] [debug] Tracking: t= 7.9 (acc=1.0e-05 tol=1.0e-06 normerr=0.0, maxerr=3.07842e-06, cost=2.12275e-05)
[2026-01-21 12:41:16.804] [info] InverseKinematicsTool completed 316 frames in 3 second(s)
[2026-01-21 12:41:16.862] [info] COMAKInverseKinematics complete.
[2026-01-21 12:41:16.862] [info] Printed results to: D:\mayra\Descargas\UPF_COMAK-master\UPF_COMAK-master\COMAK\matlab_scripts\..\results\HOLOA_004\comak_inverse_kinematics
[2026-01-21 12:41:17.253] [info] Set log level to Debug.
[2026-01-21 12:41:19.057] [info] Loaded model lenhart2015-scaled from file D:\mayra\Descargas\UPF_COMAK-master\UPF_COMAK-master\COMAK\data\HOLOA_004\model\model_HOLOA_004.osim
[2026-01-21 12:41:28.796] [info] Adding force object set from ../data/lenhart2015_reserve_actuators.xml
[2026-01-21 12:41:28.851] [debug] Object.registerType: CoordinateActuator.
[2026-01-21 12:41:28.862] [debug] Object.registerType: replacing registered object of type CoordinateActuator with a new default object of the same type.
[2026-01-21 12:41:28.991] [info] Prescribed Coordinates:
[2026-01-21 12:41:28.991] [info] -----------------------
[2026-01-21 12:41:28.991] [info] pelvis_tx
[2026-01-21 12:41:28.991] [info] pelvis_ty
[2026-01-21 12:41:28.991] [info] pelvis_tz
[2026-01-21 12:41:28.992] [info] pelvis_tilt
[2026-01-21 12:41:28.992] [info] pelvis_list
[2026-01-21 12:41:28.992] [info] pelvis_rot
[2026-01-21 12:41:28.992] [info] subt_angle_r
[2026-01-21 12:41:28.992] [info] mtp_angle_r
[2026-01-21 12:41:28.992] [info] hip_flex_l
[2026-01-21 12:41:28.992] [info] hip_add_l
[2026-01-21 12:41:28.992] [info] hip_rot_l
[2026-01-21 12:41:28.992] [info] pf_l_r3
[2026-01-21 12:41:28.992] [info] pf_l_tx
[2026-01-21 12:41:28.992] [info] pf_l_ty
[2026-01-21 12:41:28.992] [info] knee_flex_l
[2026-01-21 12:41:28.992] [info] ankle_flex_l
[2026-01-21 12:41:28.992] [info] subt_angle_l
[2026-01-21 12:41:28.992] [info] mtp_angle_l
[2026-01-21 12:41:28.992] [info] lumbar_ext
[2026-01-21 12:41:28.992] [info] lumbar_latbend
[2026-01-21 12:41:28.992] [info] lumbar_rot
[2026-01-21 12:41:28.992] [info] neck_ext
[2026-01-21 12:41:28.992] [info] neck_latbend
[2026-01-21 12:41:28.992] [info] neck_rot
[2026-01-21 12:41:28.992] [info] arm_add_r
[2026-01-21 12:41:28.992] [info] arm_flex_r
[2026-01-21 12:41:28.992] [info] arm_rot_r
[2026-01-21 12:41:28.992] [info] elbow_flex_r
[2026-01-21 12:41:28.992] [info] pro_sup_r
[2026-01-21 12:41:28.992] [info] wrist_flex_r
[2026-01-21 12:41:28.992] [info] arm_add_l
[2026-01-21 12:41:28.992] [info] arm_flex_l
[2026-01-21 12:41:28.992] [info] arm_rot_l
[2026-01-21 12:41:28.993] [info] elbow_flex_l
[2026-01-21 12:41:28.993] [info] pro_sup_l
[2026-01-21 12:41:28.993] [info] wrist_flex_l
[2026-01-21 12:41:28.993] [info] Primary Coordinates:
[2026-01-21 12:41:28.999] [info] --------------------
[2026-01-21 12:41:28.999] [info] hip_flex_r
[2026-01-21 12:41:28.999] [info] hip_add_r
[2026-01-21 12:41:28.999] [info] hip_rot_r
[2026-01-21 12:41:28.999] [info] knee_flex_r
[2026-01-21 12:41:28.999] [info] ankle_flex_r
[2026-01-21 12:41:28.999] [info] Secondary Coordinates:
[2026-01-21 12:41:28.999] [info] ----------------------
[2026-01-21 12:41:28.999] [info] knee_add_r
[2026-01-21 12:41:28.999] [info] knee_rot_r
[2026-01-21 12:41:28.999] [info] knee_tx_r
[2026-01-21 12:41:28.999] [info] knee_ty_r
[2026-01-21 12:41:28.999] [info] knee_tz_r
[2026-01-21 12:41:28.999] [info] pf_flex_r
[2026-01-21 12:41:28.999] [info] pf_rot_r
[2026-01-21 12:41:28.999] [info] pf_tilt_r
[2026-01-21 12:41:28.999] [info] pf_tx_r
[2026-01-21 12:41:28.999] [info] pf_ty_r
[2026-01-21 12:41:28.999] [info] pf_tz_r
[2026-01-21 12:41:29.000] [warning] The following CoordinateActuators are  acting on a prescribed coordinate. These actuators will be disabled because they will do nothing while adding extra variables to the optimization.
[2026-01-21 12:41:29.007] [warning] /forceset/pelvis_tilt_reserve (pelvis_tilt).
[2026-01-21 12:41:29.007] [warning] /forceset/pelvis_list_reserve (pelvis_list).
[2026-01-21 12:41:29.007] [warning] /forceset/pelvis_rot_reserve (pelvis_rot).
[2026-01-21 12:41:29.007] [warning] /forceset/pelvis_tx_reserve (pelvis_tx).
[2026-01-21 12:41:29.007] [warning] /forceset/pelvis_ty_reserve (pelvis_ty).
[2026-01-21 12:41:29.007] [warning] /forceset/pelvis_tz_reserve (pelvis_tz).
[2026-01-21 12:41:29.007] [warning] /forceset/subt_angle_r_reserve (subt_angle_r).
[2026-01-21 12:41:29.007] [warning] /forceset/mtp_angle_r_reserve (mtp_angle_r).
[2026-01-21 12:41:29.007] [warning] /forceset/hip_flex_l_reserve (hip_flex_l).
[2026-01-21 12:41:29.007] [warning] /forceset/hip_add_l_reserve (hip_add_l).
[2026-01-21 12:41:29.007] [warning] /forceset/hip_rot_l_reserve (hip_rot_l).
[2026-01-21 12:41:29.007] [warning] /forceset/pf_l_r3_reserve (pf_l_r3).
[2026-01-21 12:41:29.007] [warning] /forceset/pf_l_tx_reserve (pf_l_tx).
[2026-01-21 12:41:29.007] [warning] /forceset/pf_l_ty_reserve (pf_l_ty).
[2026-01-21 12:41:29.007] [warning] /forceset/knee_flex_l_reserve (knee_flex_l).
[2026-01-21 12:41:29.008] [warning] /forceset/ankle_flex_l_reserve (ankle_flex_l).
[2026-01-21 12:41:29.008] [warning] /forceset/subt_angle_l_reserve (subt_angle_l).
[2026-01-21 12:41:29.008] [warning] /forceset/mtp_angle_l_reserve (mtp_angle_l).
[2026-01-21 12:41:29.008] [warning] /forceset/lumbar_ext_reserve (lumbar_ext).
[2026-01-21 12:41:29.008] [warning] /forceset/lumbar_latbend_reserve (lumbar_latbend).
[2026-01-21 12:41:29.008] [warning] /forceset/lumbar_rot_reserve (lumbar_rot).
[2026-01-21 12:41:29.008] [warning] /forceset/neck_ext_reserve (neck_ext).
[2026-01-21 12:41:29.008] [warning] /forceset/neck_latbend_reserve (neck_latbend).
[2026-01-21 12:41:29.008] [warning] /forceset/neck_rot_reserve (neck_rot).
[2026-01-21 12:41:29.008] [warning] /forceset/arm_add_r_reserve (arm_add_r).
[2026-01-21 12:41:29.008] [warning] /forceset/arm_flex_r_reserve (arm_flex_r).
[2026-01-21 12:41:29.008] [warning] /forceset/arm_rot_r_reserve (arm_rot_r).
[2026-01-21 12:41:29.008] [warning] /forceset/elbow_flex_r_reserve (elbow_flex_r).
[2026-01-21 12:41:29.008] [warning] /forceset/pro_sup_r_reserve (pro_sup_r).
[2026-01-21 12:41:29.008] [warning] /forceset/wrist_flex_r_reserve (wrist_flex_r).
[2026-01-21 12:41:29.008] [warning] /forceset/arm_add_l_reserve (arm_add_l).
[2026-01-21 12:41:29.008] [warning] /forceset/arm_flex_l_reserve (arm_flex_l).
[2026-01-21 12:41:29.008] [warning] /forceset/arm_rot_l_reserve (arm_rot_l).
[2026-01-21 12:41:29.008] [warning] /forceset/elbow_flex_l_reserve (elbow_flex_l).
[2026-01-21 12:41:29.008] [warning] /forceset/pro_sup_l_reserve (pro_sup_l).
[2026-01-21 12:41:29.008] [warning] /forceset/wrist_flex_l_reserve (wrist_flex_l).
[2026-01-21 12:41:29.009] [debug] Muscle Properties
[2026-01-21 12:41:29.009] [debug] name            Fmax            Volume         
[2026-01-21 12:41:29.009] [debug] addbrev_r       303.7           9.07956e-05    
[2026-01-21 12:41:29.009] [debug] addlong_r       399.5           0.000117496    
[2026-01-21 12:41:29.009] [debug] addmagProx_r    324.2           0.000103704    
[2026-01-21 12:41:29.009] [debug] addmagMid_r     324.2           0.000120801    
[2026-01-21 12:41:29.009] [debug] addmagDist_r    324.2           0.000149819    
[2026-01-21 12:41:29.009] [debug] addmagIsch_r    324.2           0.000131521    
[2026-01-21 12:41:29.009] [debug] bflh_r          705.2           0.000181788    
[2026-01-21 12:41:29.009] [debug] bfsh_r          631.6           0.000187373    
[2026-01-21 12:41:29.009] [debug] edl_r           345.4           6.89546e-05    
[2026-01-21 12:41:29.009] [debug] ehl_r           165.0           3.55544e-05    
[2026-01-21 12:41:29.009] [debug] fdl_r           274.4           3.52555e-05    
[2026-01-21 12:41:29.009] [debug] fhl_r           436.8           6.63133e-05    
[2026-01-21 12:41:29.009] [debug] gaslat_r        606.4           0.000102143    
[2026-01-21 12:41:29.010] [debug] gasmed_r        1308.0          0.000190831    
[2026-01-21 12:41:29.010] [debug] gem_r           218.0           1.60864e-05    
[2026-01-21 12:41:29.010] [debug] glmax1_r        1092.2          0.000482032    
[2026-01-21 12:41:29.010] [debug] glmax2_r        1561.0          0.000726901    
[2026-01-21 12:41:29.010] [debug] glmax3_r        1058.2          0.000521813    
[2026-01-21 12:41:29.010] [debug] glmed1_r        1762.2          0.000382467    
[2026-01-21 12:41:29.010] [debug] glmed2_r        1033.0          0.000224512    
[2026-01-21 12:41:29.010] [debug] glmed3_r        1404.0          0.000313913    
[2026-01-21 12:41:29.010] [debug] glmin1_r        720.0           0.000140447    
[2026-01-21 12:41:29.010] [debug] glmin2_r        760.0           0.000121108    
[2026-01-21 12:41:29.010] [debug] glmin3_r        860.0           9.41453e-05    
[2026-01-21 12:41:29.010] [debug] grac_r          137.3           8.28781e-05    
[2026-01-21 12:41:29.010] [debug] iliacus_r       2487.6          0.000796660    
[2026-01-21 12:41:29.010] [debug] pect_r          177.0           5.05969e-05    
[2026-01-21 12:41:29.010] [debug] perbrev_r       305.9           4.00076e-05    
[2026-01-21 12:41:29.010] [debug] perlong_r       653.3           9.56057e-05    
[2026-01-21 12:41:29.010] [debug] pertert_r       90.0            2.04822e-05    
[2026-01-21 12:41:29.010] [debug] piri_r          296.0           2.43239e-05    
[2026-01-21 12:41:29.010] [debug] psoas_r         1916.0          0.000674963    
[2026-01-21 12:41:29.010] [debug] quadfem_r       508.0           8.75791e-05    
[2026-01-21 12:41:29.010] [debug] recfem_r        848.8           0.000172105    
[2026-01-21 12:41:29.010] [debug] sart_r          113.5           0.000125342    
[2026-01-21 12:41:29.010] [debug] semimem_r       1162.7          0.000211556    
[2026-01-21 12:41:29.010] [debug] semiten_r       301.9           0.000154823    
[2026-01-21 12:41:29.010] [debug] soleus_r        3585.9          0.000454526    
[2026-01-21 12:41:29.010] [debug] tfl_r           155.0           4.01732e-05    
[2026-01-21 12:41:29.010] [debug] tibant_r        673.7           0.000132555    
[2026-01-21 12:41:29.010] [debug] tibpost_r       905.6           9.86133e-05    
[2026-01-21 12:41:29.010] [debug] vasint_r        1024.2          0.000266587    
[2026-01-21 12:41:29.010] [debug] vaslat_r        2255.4          0.000589775    
[2026-01-21 12:41:29.010] [debug] vasmed_r        1443.7          0.000367169    
[2026-01-21 12:41:29.011] [debug] IPOPT Parameter Names:
[2026-01-21 12:41:29.011] [debug] 0 	 addbrev_r
[2026-01-21 12:41:29.011] [debug] 1 	 addlong_r
[2026-01-21 12:41:29.011] [debug] 2 	 addmagProx_r
[2026-01-21 12:41:29.011] [debug] 3 	 addmagMid_r
[2026-01-21 12:41:29.011] [debug] 4 	 addmagDist_r
[2026-01-21 12:41:29.011] [debug] 5 	 addmagIsch_r
[2026-01-21 12:41:29.011] [debug] 6 	 bflh_r
[2026-01-21 12:41:29.011] [debug] 7 	 bfsh_r
[2026-01-21 12:41:29.011] [debug] 8 	 edl_r
[2026-01-21 12:41:29.011] [debug] 9 	 ehl_r
[2026-01-21 12:41:29.011] [debug] 10 	 fdl_r
[2026-01-21 12:41:29.011] [debug] 11 	 fhl_r
[2026-01-21 12:41:29.011] [debug] 12 	 gaslat_r
[2026-01-21 12:41:29.011] [debug] 13 	 gasmed_r
[2026-01-21 12:41:29.011] [debug] 14 	 gem_r
[2026-01-21 12:41:29.011] [debug] 15 	 glmax1_r
[2026-01-21 12:41:29.011] [debug] 16 	 glmax2_r
[2026-01-21 12:41:29.011] [debug] 17 	 glmax3_r
[2026-01-21 12:41:29.011] [debug] 18 	 glmed1_r
[2026-01-21 12:41:29.011] [debug] 19 	 glmed2_r
[2026-01-21 12:41:29.011] [debug] 20 	 glmed3_r
[2026-01-21 12:41:29.011] [debug] 21 	 glmin1_r
[2026-01-21 12:41:29.011] [debug] 22 	 glmin2_r
[2026-01-21 12:41:29.011] [debug] 23 	 glmin3_r
[2026-01-21 12:41:29.011] [debug] 24 	 grac_r
[2026-01-21 12:41:29.011] [debug] 25 	 iliacus_r
[2026-01-21 12:41:29.011] [debug] 26 	 pect_r
[2026-01-21 12:41:29.011] [debug] 27 	 perbrev_r
[2026-01-21 12:41:29.011] [debug] 28 	 perlong_r
[2026-01-21 12:41:29.011] [debug] 29 	 pertert_r
[2026-01-21 12:41:29.011] [debug] 30 	 piri_r
[2026-01-21 12:41:29.011] [debug] 31 	 psoas_r
[2026-01-21 12:41:29.011] [debug] 32 	 quadfem_r
[2026-01-21 12:41:29.011] [debug] 33 	 recfem_r
[2026-01-21 12:41:29.011] [debug] 34 	 sart_r
[2026-01-21 12:41:29.011] [debug] 35 	 semimem_r
[2026-01-21 12:41:29.011] [debug] 36 	 semiten_r
[2026-01-21 12:41:29.011] [debug] 37 	 soleus_r
[2026-01-21 12:41:29.011] [debug] 38 	 tfl_r
[2026-01-21 12:41:29.011] [debug] 39 	 tibant_r
[2026-01-21 12:41:29.011] [debug] 40 	 tibpost_r
[2026-01-21 12:41:29.011] [debug] 41 	 vasint_r
[2026-01-21 12:41:29.011] [debug] 42 	 vaslat_r
[2026-01-21 12:41:29.011] [debug] 43 	 vasmed_r
[2026-01-21 12:41:29.011] [debug] 44 	 pelvis_tilt_reserve
[2026-01-21 12:41:29.011] [debug] 45 	 pelvis_list_reserve
[2026-01-21 12:41:29.011] [debug] 46 	 pelvis_rot_reserve
[2026-01-21 12:41:29.011] [debug] 47 	 pelvis_tx_reserve
[2026-01-21 12:41:29.011] [debug] 48 	 pelvis_ty_reserve
[2026-01-21 12:41:29.011] [debug] 49 	 pelvis_tz_reserve
[2026-01-21 12:41:29.011] [debug] 50 	 hip_flex_r_reserve
[2026-01-21 12:41:29.011] [debug] 51 	 hip_add_r_reserve
[2026-01-21 12:41:29.011] [debug] 52 	 hip_rot_r_reserve
[2026-01-21 12:41:29.011] [debug] 53 	 pf_flex_r_reserve
[2026-01-21 12:41:29.011] [debug] 54 	 pf_rot_r_reserve
[2026-01-21 12:41:29.011] [debug] 55 	 pf_tilt_r_reserve
[2026-01-21 12:41:29.011] [debug] 56 	 pf_tx_r_reserve
[2026-01-21 12:41:29.011] [debug] 57 	 pf_ty_r_reserve
[2026-01-21 12:41:29.011] [debug] 58 	 pf_tz_r_reserve
[2026-01-21 12:41:29.011] [debug] 59 	 knee_flex_r_reserve
[2026-01-21 12:41:29.011] [debug] 60 	 knee_add_r
[2026-01-21 12:41:29.011] [debug] 61 	 knee_rot_r
[2026-01-21 12:41:29.011] [debug] 62 	 knee_tx_r
[2026-01-21 12:41:29.011] [debug] 63 	 knee_ty_r
[2026-01-21 12:41:29.011] [debug] 64 	 knee_tz_r
[2026-01-21 12:41:29.011] [debug] 65 	 pf_flex_r
[2026-01-21 12:41:29.011] [debug] 66 	 pf_rot_r
[2026-01-21 12:41:29.011] [debug] 67 	 pf_tilt_r
[2026-01-21 12:41:29.012] [debug] 68 	 pf_tx_r
[2026-01-21 12:41:29.012] [debug] 69 	 pf_ty_r
[2026-01-21 12:41:29.012] [debug] 70 	 pf_tz_r
[2026-01-21 12:41:29.012] [debug] IPOPT Constraint Names
[2026-01-21 12:41:29.012] [debug] 0 	 hip_flex_r
[2026-01-21 12:41:29.012] [debug] 1 	 hip_add_r
[2026-01-21 12:41:29.012] [debug] 2 	 hip_rot_r
[2026-01-21 12:41:29.012] [debug] 3 	 pf_flex_r
[2026-01-21 12:41:29.012] [debug] 4 	 pf_rot_r
[2026-01-21 12:41:29.012] [debug] 5 	 pf_tilt_r
[2026-01-21 12:41:29.012] [debug] 6 	 pf_tx_r
[2026-01-21 12:41:29.012] [debug] 7 	 pf_ty_r
[2026-01-21 12:41:29.012] [debug] 8 	 pf_tz_r
[2026-01-21 12:41:29.012] [debug] 9 	 knee_flex_r
[2026-01-21 12:41:29.012] [debug] 10 	 knee_add_r
[2026-01-21 12:41:29.012] [debug] 11 	 knee_rot_r
[2026-01-21 12:41:29.012] [debug] 12 	 knee_tx_r
[2026-01-21 12:41:29.012] [debug] 13 	 knee_ty_r
[2026-01-21 12:41:29.012] [debug] 14 	 knee_tz_r
[2026-01-21 12:41:29.012] [debug] 15 	 ankle_flex_r
[2026-01-21 12:41:29.013] [info] Storage: read data file = ../results/HOLOA_004/comak_inverse_kinematics/walking_004_ik.mot (nr=316 nc=53)
[2026-01-21 12:41:29.324] [debug] Muscles              muscle_weight        desired_act          lower_bound          upper_bound         
[2026-01-21 12:41:29.324] [debug] addbrev_r            1.0                  0.0                  0.01                 1.0                 
[2026-01-21 12:41:29.324] [debug] addlong_r            1.0                  0.0                  0.01                 1.0                 
[2026-01-21 12:41:29.324] [debug] addmagProx_r         1.0                  0.0                  0.01                 1.0                 
[2026-01-21 12:41:29.324] [debug] addmagMid_r          1.0                  0.0                  0.01                 1.0                 
[2026-01-21 12:41:29.324] [debug] addmagDist_r         1.0                  0.0                  0.01                 1.0                 
[2026-01-21 12:41:29.324] [debug] addmagIsch_r         1.0                  0.0                  0.01                 1.0                 
[2026-01-21 12:41:29.324] [debug] bflh_r               1.0                  0.0                  0.01                 1.0                 
[2026-01-21 12:41:29.324] [debug] bfsh_r               1.0                  0.0                  0.01                 1.0                 
[2026-01-21 12:41:29.324] [debug] edl_r                1.0                  0.0                  0.01                 1.0                 
[2026-01-21 12:41:29.324] [debug] ehl_r                1.0                  0.0                  0.01                 1.0                 
[2026-01-21 12:41:29.324] [debug] fdl_r                1.0                  0.0                  0.01                 1.0                 
[2026-01-21 12:41:29.324] [debug] fhl_r                1.0                  0.0                  0.01                 1.0                 
[2026-01-21 12:41:29.324] [debug] gaslat_r             1.0                  0.0                  0.01                 1.0                 
[2026-01-21 12:41:29.324] [debug] gasmed_r             1.0                  0.0                  0.01                 1.0                 
[2026-01-21 12:41:29.324] [debug] gem_r                1.0                  0.0                  0.01                 1.0                 
[2026-01-21 12:41:29.324] [debug] glmax1_r             1.0                  0.0                  0.01                 1.0                 
[2026-01-21 12:41:29.324] [debug] glmax2_r             1.0                  0.0                  0.01                 1.0                 
[2026-01-21 12:41:29.324] [debug] glmax3_r             1.0                  0.0                  0.01                 1.0                 
[2026-01-21 12:41:29.324] [debug] glmed1_r             1.0                  0.0                  0.01                 1.0                 
[2026-01-21 12:41:29.324] [debug] glmed2_r             1.0                  0.0                  0.01                 1.0                 
[2026-01-21 12:41:29.324] [debug] glmed3_r             1.0                  0.0                  0.01                 1.0                 
[2026-01-21 12:41:29.324] [debug] glmin1_r             1.0                  0.0                  0.01                 1.0                 
[2026-01-21 12:41:29.324] [debug] glmin2_r             1.0                  0.0                  0.01                 1.0                 
[2026-01-21 12:41:29.324] [debug] glmin3_r             1.0                  0.0                  0.01                 1.0                 
[2026-01-21 12:41:29.324] [debug] grac_r               1.0                  0.0                  0.01                 1.0                 
[2026-01-21 12:41:29.324] [debug] iliacus_r            1.0                  0.0                  0.01                 1.0                 
[2026-01-21 12:41:29.324] [debug] pect_r               1.0                  0.0                  0.01                 1.0                 
[2026-01-21 12:41:29.324] [debug] perbrev_r            1.0                  0.0                  0.01                 1.0                 
[2026-01-21 12:41:29.324] [debug] perlong_r            1.0                  0.0                  0.01                 1.0                 
[2026-01-21 12:41:29.325] [debug] pertert_r            1.0                  0.0                  0.01                 1.0                 
[2026-01-21 12:41:29.325] [debug] piri_r               1.0                  0.0                  0.01                 1.0                 
[2026-01-21 12:41:29.325] [debug] psoas_r              1.0                  0.0                  0.01                 1.0                 
[2026-01-21 12:41:29.325] [debug] quadfem_r            1.0                  0.0                  0.01                 1.0                 
[2026-01-21 12:41:29.325] [debug] recfem_r             1.0                  0.0                  0.01                 1.0                 
[2026-01-21 12:41:29.325] [debug] sart_r               1.0                  0.0                  0.01                 1.0                 
[2026-01-21 12:41:29.325] [debug] semimem_r            1.0                  0.0                  0.01                 1.0                 
[2026-01-21 12:41:29.325] [debug] semiten_r            1.0                  0.0                  0.01                 1.0                 
[2026-01-21 12:41:29.325] [debug] soleus_r             1.0                  0.0                  0.01                 1.0                 
[2026-01-21 12:41:29.325] [debug] tfl_r                1.0                  0.0                  0.01                 1.0                 
[2026-01-21 12:41:29.325] [debug] tibant_r             1.0                  0.0                  0.01                 1.0                 
[2026-01-21 12:41:29.325] [debug] tibpost_r            1.0                  0.0                  0.01                 1.0                 
[2026-01-21 12:41:29.325] [debug] vasint_r             1.0                  0.0                  0.01                 1.0                 
[2026-01-21 12:41:29.325] [debug] vaslat_r             1.0                  0.0                  0.01                 1.0                 
[2026-01-21 12:41:29.325] [debug] vasmed_r             1.0                  0.0                  0.01                 1.0                 
[2026-01-21 12:41:29.523] [info] --------------------------------------------------------------------------------
[2026-01-21 12:41:29.523] [info] Performing forward simulation to equilibriate secondary kinematics
[2026-01-21 12:41:29.523] [info] --------------------------------------------------------------------------------
[2026-01-21 12:41:31.896] [info] Time: 0.01
[2026-01-21 12:41:31.897] [info] Secondary Coord      Value           Value Change (Delta)
[2026-01-21 12:41:31.897] [info] knee_add_r           0.0146308       0.00129190     
[2026-01-21 12:41:31.897] [info] knee_rot_r           0.0280978       0.000450384    
[2026-01-21 12:41:31.897] [info] knee_tx_r            0.00380724      2.50822e-05    
[2026-01-21 12:41:31.897] [info] knee_ty_r            0.000762668     0.000326700    
[2026-01-21 12:41:31.897] [info] knee_tz_r            -0.00128210     1.94702e-05    
[2026-01-21 12:41:31.897] [info] pf_flex_r            0.19281         0.00136095     
[2026-01-21 12:41:31.897] [info] pf_rot_r             0.00776743      0.000776408    
[2026-01-21 12:41:31.897] [info] pf_tilt_r            -0.0167703      0.000556110    
[2026-01-21 12:41:31.897] [info] pf_tx_r              0.0511418       0.000198541    
[2026-01-21 12:41:31.897] [info] pf_ty_r              -0.00443950     0.000909825    
[2026-01-21 12:41:31.897] [info] pf_tz_r              0.00449914      9.66976e-05    
[2026-01-21 12:41:32.153] [info] Time: 0.02
[2026-01-21 12:41:32.153] [info] Secondary Coord      Value           Value Change (Delta)
[2026-01-21 12:41:32.153] [info] knee_add_r           0.0158917       0.00126092     
[2026-01-21 12:41:32.153] [info] knee_rot_r           0.0282082       0.000110410    
[2026-01-21 12:41:32.153] [info] knee_tx_r            0.00372774      7.95020e-05    
[2026-01-21 12:41:32.153] [info] knee_ty_r            0.000447405     0.000315263    
[2026-01-21 12:41:32.153] [info] knee_tz_r            -0.00114750     0.000134596    
[2026-01-21 12:41:32.153] [info] pf_flex_r            0.193999        0.00118931     
[2026-01-21 12:41:32.153] [info] pf_rot_r             0.00842464      0.000657206    
[2026-01-21 12:41:32.153] [info] pf_tilt_r            -0.0163494      0.000420938    
[2026-01-21 12:41:32.153] [info] pf_tx_r              0.0509963       0.000145514    
[2026-01-21 12:41:32.153] [info] pf_ty_r              -0.00490894     0.000469445    
[2026-01-21 12:41:32.153] [info] pf_tz_r              0.00444599      5.3153e-05     
[2026-01-21 12:41:32.471] [info] Time: 0.03
[2026-01-21 12:41:32.471] [info] Secondary Coord      Value           Value Change (Delta)
[2026-01-21 12:41:32.472] [info] knee_add_r           0.0164332       0.000541527    
[2026-01-21 12:41:32.472] [info] knee_rot_r           0.0282417       3.3498e-05     
[2026-01-21 12:41:32.472] [info] knee_tx_r            0.00367523      5.25082e-05    
[2026-01-21 12:41:32.472] [info] knee_ty_r            0.000682486     0.000235081    
[2026-01-21 12:41:32.472] [info] knee_tz_r            -0.00113103     1.64722e-05    
[2026-01-21 12:41:32.472] [info] pf_flex_r            0.195469        0.00146932     
[2026-01-21 12:41:32.472] [info] pf_rot_r             0.00918320      0.000758563    
[2026-01-21 12:41:32.472] [info] pf_tilt_r            -0.0159736      0.000375811    
[2026-01-21 12:41:32.472] [info] pf_tx_r              0.0511349       0.000138671    
[2026-01-21 12:41:32.472] [info] pf_ty_r              -0.00463812     0.000270822    
[2026-01-21 12:41:32.472] [info] pf_tz_r              0.00447348      2.74876e-05    
[2026-01-21 12:41:32.697] [info] Time: 0.04
[2026-01-21 12:41:32.697] [info] Secondary Coord      Value           Value Change (Delta)
[2026-01-21 12:41:32.697] [info] knee_add_r           0.0165522       0.000118949    
[2026-01-21 12:41:32.697] [info] knee_rot_r           0.0283163       7.46139e-05    
[2026-01-21 12:41:32.697] [info] knee_tx_r            0.00364467      3.05566e-05    
[2026-01-21 12:41:32.697] [info] knee_ty_r            0.000654226     2.82601e-05    
[2026-01-21 12:41:32.697] [info] knee_tz_r            -0.00114001     8.97778e-06    
[2026-01-21 12:41:32.697] [info] pf_flex_r            0.196579        0.00111067     
[2026-01-21 12:41:32.697] [info] pf_rot_r             0.00977188      0.000588678    
[2026-01-21 12:41:32.697] [info] pf_tilt_r            -0.0156889      0.000284692    
[2026-01-21 12:41:32.697] [info] pf_tx_r              0.0510790       5.5976e-05     
[2026-01-21 12:41:32.697] [info] pf_ty_r              -0.00503430     0.000396174    
[2026-01-21 12:41:32.697] [info] pf_tz_r              0.00448020      6.72322e-06    
[2026-01-21 12:41:32.961] [info] Time: 0.05
[2026-01-21 12:41:32.961] [info] Secondary Coord      Value           Value Change (Delta)
[2026-01-21 12:41:32.961] [info] knee_add_r           0.0164513       0.000100818    
[2026-01-21 12:41:32.961] [info] knee_rot_r           0.0283165       1.47877e-07    
[2026-01-21 12:41:32.962] [info] knee_tx_r            0.00362501      1.96604e-05    
[2026-01-21 12:41:32.962] [info] knee_ty_r            0.000638084     1.6142e-05     
[2026-01-21 12:41:32.962] [info] knee_tz_r            -0.00112933     1.0681e-05     
[2026-01-21 12:41:32.962] [info] pf_flex_r            0.198551        0.00197134     
[2026-01-21 12:41:32.962] [info] pf_rot_r             0.0105511       0.000779180    
[2026-01-21 12:41:32.962] [info] pf_tilt_r            -0.0154929      0.000196040    
[2026-01-21 12:41:32.962] [info] pf_tx_r              0.0510122       6.68011e-05    
[2026-01-21 12:41:32.962] [info] pf_ty_r              -0.00515519     0.000120892    
[2026-01-21 12:41:32.962] [info] pf_tz_r              0.00444796      3.22441e-05    
[2026-01-21 12:41:35.091] [info] Time: 0.06
[2026-01-21 12:41:35.091] [info] Secondary Coord      Value           Value Change (Delta)
[2026-01-21 12:41:35.091] [info] knee_add_r           0.0160150       0.000436341    
[2026-01-21 12:41:35.091] [info] knee_rot_r           0.0282825       3.39806e-05    
[2026-01-21 12:41:35.091] [info] knee_tx_r            0.00361862      6.39502e-06    
[2026-01-21 12:41:35.091] [info] knee_ty_r            0.000725493     8.74086e-05    
[2026-01-21 12:41:35.091] [info] knee_tz_r            -0.00115646     2.71367e-05    
[2026-01-21 12:41:35.091] [info] pf_flex_r            0.19982         0.00126970     
[2026-01-21 12:41:35.091] [info] pf_rot_r             0.0111022       0.000551175    
[2026-01-21 12:41:35.091] [info] pf_tilt_r            -0.0152512      0.000241691    
[2026-01-21 12:41:35.091] [info] pf_tx_r              0.0510329       2.07478e-05    
[2026-01-21 12:41:35.091] [info] pf_ty_r              -0.00479586     0.000359323    
[2026-01-21 12:41:35.091] [info] pf_tz_r              0.00452054      7.2582e-05     
[2026-01-21 12:41:35.379] [info] Time: 0.07
[2026-01-21 12:41:35.379] [info] Secondary Coord      Value           Value Change (Delta)
[2026-01-21 12:41:35.380] [info] knee_add_r           0.0155108       0.000504216    
[2026-01-21 12:41:35.380] [info] knee_rot_r           0.0281891       9.33788e-05    
[2026-01-21 12:41:35.380] [info] knee_tx_r            0.00360820      1.04218e-05    
[2026-01-21 12:41:35.380] [info] knee_ty_r            0.000532634     0.000192858    
[2026-01-21 12:41:35.380] [info] knee_tz_r            -0.00115294     3.52856e-06    
[2026-01-21 12:41:35.380] [info] pf_flex_r            0.201173        0.00135300     
[2026-01-21 12:41:35.380] [info] pf_rot_r             0.0116414       0.000539196    
[2026-01-21 12:41:35.380] [info] pf_tilt_r            -0.0150015      0.000249722    
[2026-01-21 12:41:35.380] [info] pf_tx_r              0.0509809       5.20109e-05    
[2026-01-21 12:41:35.380] [info] pf_ty_r              -0.00485971     6.38425e-05    
[2026-01-21 12:41:35.380] [info] pf_tz_r              0.00446985      5.06905e-05    
[2026-01-21 12:41:35.913] [info] Time: 0.08
[2026-01-21 12:41:35.913] [info] Secondary Coord      Value           Value Change (Delta)
[2026-01-21 12:41:35.913] [info] knee_add_r           0.0148025       0.000708258    
[2026-01-21 12:41:35.913] [info] knee_rot_r           0.0280797       0.000109399    
[2026-01-21 12:41:35.914] [info] knee_tx_r            0.00362415      1.5951e-05     
[2026-01-21 12:41:35.914] [info] knee_ty_r            0.000668607     0.000135973    
[2026-01-21 12:41:35.914] [info] knee_tz_r            -0.00118625     3.33091e-05    
[2026-01-21 12:41:35.914] [info] pf_flex_r            0.202209        0.00103548     
[2026-01-21 12:41:35.914] [info] pf_rot_r             0.0120652       0.000423775    
[2026-01-21 12:41:35.914] [info] pf_tilt_r            -0.014785       0.000216489    
[2026-01-21 12:41:35.914] [info] pf_tx_r              0.0511926       0.000211744    
[2026-01-21 12:41:35.914] [info] pf_ty_r              -0.00454305     0.000316654    
[2026-01-21 12:41:35.914] [info] pf_tz_r              0.00450712      3.72739e-05    
[2026-01-21 12:41:36.217] [info] Time: 0.09
[2026-01-21 12:41:36.217] [info] Secondary Coord      Value           Value Change (Delta)
[2026-01-21 12:41:36.217] [info] knee_add_r           0.0140429       0.000759641    
[2026-01-21 12:41:36.217] [info] knee_rot_r           0.0280347       4.50393e-05    
[2026-01-21 12:41:36.217] [info] knee_tx_r            0.00364020      1.60494e-05    
[2026-01-21 12:41:36.217] [info] knee_ty_r            0.000579869     8.87374e-05    
[2026-01-21 12:41:36.217] [info] knee_tz_r            -0.00122194     3.56957e-05    
[2026-01-21 12:41:36.217] [info] pf_flex_r            0.203310        0.00110158     
[2026-01-21 12:41:36.217] [info] pf_rot_r             0.0124313       0.000366142    
[2026-01-21 12:41:36.217] [info] pf_tilt_r            -0.0146856      9.93356e-05    
[2026-01-21 12:41:36.217] [info] pf_tx_r              0.0510939       9.87269e-05    
[2026-01-21 12:41:36.217] [info] pf_ty_r              -0.00479220     0.000249145    
[2026-01-21 12:41:36.217] [info] pf_tz_r              0.00447219      3.49268e-05    
[2026-01-21 12:41:36.619] [info] Time: 0.1
[2026-01-21 12:41:36.619] [info] Secondary Coord      Value           Value Change (Delta)
[2026-01-21 12:41:36.619] [info] knee_add_r           0.0132801       0.000762830    
[2026-01-21 12:41:36.619] [info] knee_rot_r           0.0279902       4.45081e-05    
[2026-01-21 12:41:36.619] [info] knee_tx_r            0.00365379      1.3594e-05     
[2026-01-21 12:41:36.619] [info] knee_ty_r            0.000640053     6.01833e-05    
[2026-01-21 12:41:36.619] [info] knee_tz_r            -0.00126422     4.22797e-05    
[2026-01-21 12:41:36.619] [info] pf_flex_r            0.204625        0.00131442     
[2026-01-21 12:41:36.619] [info] pf_rot_r             0.012821        0.000389675    
[2026-01-21 12:41:36.619] [info] pf_tilt_r            -0.0144936      0.000192059    
[2026-01-21 12:41:36.619] [info] pf_tx_r              0.0510156       7.83082e-05    
[2026-01-21 12:41:36.619] [info] pf_ty_r              -0.00479350     1.30707e-06    
[2026-01-21 12:41:36.619] [info] pf_tz_r              0.00451685      4.46602e-05    
[2026-01-21 12:41:36.866] [info] Time: 0.11
[2026-01-21 12:41:36.866] [info] Secondary Coord      Value           Value Change (Delta)
[2026-01-21 12:41:36.866] [info] knee_add_r           0.012552        0.000728059    
[2026-01-21 12:41:36.866] [info] knee_rot_r           0.0279662       2.39655e-05    
[2026-01-21 12:41:36.866] [info] knee_tx_r            0.00364958      4.20593e-06    
[2026-01-21 12:41:36.866] [info] knee_ty_r            0.000654924     1.48715e-05    
[2026-01-21 12:41:36.866] [info] knee_tz_r            -0.00131133     4.71125e-05    
[2026-01-21 12:41:36.866] [info] pf_flex_r            0.205772        0.00114724     
[2026-01-21 12:41:36.866] [info] pf_rot_r             0.0131159       0.000294890    
[2026-01-21 12:41:36.866] [info] pf_tilt_r            -0.0143664      0.000127156    
[2026-01-21 12:41:36.866] [info] pf_tx_r              0.0511878       0.000172202    
[2026-01-21 12:41:36.866] [info] pf_ty_r              -0.00487744     8.3931e-05     
[2026-01-21 12:41:36.866] [info] pf_tz_r              0.00447860      3.82579e-05    
[2026-01-21 12:41:38.553] [info] Time: 0.12
[2026-01-21 12:41:38.553] [info] Secondary Coord      Value           Value Change (Delta)
[2026-01-21 12:41:38.553] [info] knee_add_r           0.011953        0.000598961    
[2026-01-21 12:41:38.553] [info] knee_rot_r           0.0279467       1.94899e-05    
[2026-01-21 12:41:38.553] [info] knee_tx_r            0.00363023      1.93531e-05    
[2026-01-21 12:41:38.553] [info] knee_ty_r            0.000613742     4.11818e-05    
[2026-01-21 12:41:38.553] [info] knee_tz_r            -0.00134257     3.12367e-05    
[2026-01-21 12:41:38.553] [info] pf_flex_r            0.207231        0.00145871     
[2026-01-21 12:41:38.553] [info] pf_rot_r             0.0134289       0.000312963    
[2026-01-21 12:41:38.553] [info] pf_tilt_r            -0.0143411      2.52911e-05    
[2026-01-21 12:41:38.553] [info] pf_tx_r              0.0510505       0.000137347    
[2026-01-21 12:41:38.553] [info] pf_ty_r              -0.00491120     3.37663e-05    
[2026-01-21 12:41:38.553] [info] pf_tz_r              0.00450667      2.80699e-05    
[2026-01-21 12:41:38.754] [info] Time: 0.13
[2026-01-21 12:41:38.754] [info] Secondary Coord      Value           Value Change (Delta)
[2026-01-21 12:41:38.754] [info] knee_add_r           0.0114376       0.000515394    
[2026-01-21 12:41:38.754] [info] knee_rot_r           0.0279175       2.92449e-05    
[2026-01-21 12:41:38.754] [info] knee_tx_r            0.00360260      2.76346e-05    
[2026-01-21 12:41:38.754] [info] knee_ty_r            0.000652686     3.89437e-05    
[2026-01-21 12:41:38.754] [info] knee_tz_r            -0.00137851     3.59388e-05    
[2026-01-21 12:41:38.754] [info] pf_flex_r            0.208265        0.00103394     
[2026-01-21 12:41:38.754] [info] pf_rot_r             0.0136656       0.000236709    
[2026-01-21 12:41:38.754] [info] pf_tilt_r            -0.0141391      0.000202040    
[2026-01-21 12:41:38.754] [info] pf_tx_r              0.0510387       1.18014e-05    
[2026-01-21 12:41:38.754] [info] pf_ty_r              -0.00474135     0.000169853    
[2026-01-21 12:41:38.754] [info] pf_tz_r              0.00451089      4.2261e-06     
[2026-01-21 12:41:38.974] [info] Time: 0.14
[2026-01-21 12:41:38.974] [info] Secondary Coord      Value           Value Change (Delta)
[2026-01-21 12:41:38.974] [info] knee_add_r           0.0110830       0.000354661    
[2026-01-21 12:41:38.974] [info] knee_rot_r           0.0278949       2.26255e-05    
[2026-01-21 12:41:38.974] [info] knee_tx_r            0.00356535      3.72488e-05    
[2026-01-21 12:41:38.974] [info] knee_ty_r            0.000587275     6.54114e-05    
[2026-01-21 12:41:38.974] [info] knee_tz_r            -0.00139457     1.60570e-05    
[2026-01-21 12:41:38.974] [info] pf_flex_r            0.209410        0.00114548     
[2026-01-21 12:41:38.974] [info] pf_rot_r             0.0138886       0.000223049    
[2026-01-21 12:41:38.974] [info] pf_tilt_r            -0.0140672      7.19309e-05    
[2026-01-21 12:41:38.974] [info] pf_tx_r              0.0512307       0.000192068    
[2026-01-21 12:41:38.974] [info] pf_ty_r              -0.00480587     6.45184e-05    
[2026-01-21 12:41:38.974] [info] pf_tz_r              0.00449095      1.99433e-05    
[2026-01-21 12:41:39.187] [info] Time: 0.15
[2026-01-21 12:41:39.187] [info] Secondary Coord      Value           Value Change (Delta)
[2026-01-21 12:41:39.187] [info] knee_add_r           0.0108019       0.000281135    
[2026-01-21 12:41:39.188] [info] knee_rot_r           0.0278931       1.72953e-06    
[2026-01-21 12:41:39.188] [info] knee_tx_r            0.00353947      2.58787e-05    
[2026-01-21 12:41:39.188] [info] knee_ty_r            0.000626660     3.93856e-05    
[2026-01-21 12:41:39.188] [info] knee_tz_r            -0.00141758     2.30103e-05    
[2026-01-21 12:41:39.188] [info] pf_flex_r            0.210531        0.00112078     
[2026-01-21 12:41:39.188] [info] pf_rot_r             0.0140760       0.000187392    
[2026-01-21 12:41:39.188] [info] pf_tilt_r            -0.0140589      8.24117e-06    
[2026-01-21 12:41:39.188] [info] pf_tx_r              0.0510604       0.000170276    
[2026-01-21 12:41:39.188] [info] pf_ty_r              -0.00467964     0.000126227    
[2026-01-21 12:41:39.188] [info] pf_tz_r              0.00451535      2.43974e-05    
[2026-01-21 12:41:39.426] [info] Time: 0.16
[2026-01-21 12:41:39.426] [info] Secondary Coord      Value           Value Change (Delta)
[2026-01-21 12:41:39.426] [info] knee_add_r           0.0106332       0.000168624    
[2026-01-21 12:41:39.426] [info] knee_rot_r           0.0279103       1.71459e-05    
[2026-01-21 12:41:39.426] [info] knee_tx_r            0.00351669      2.27795e-05    
[2026-01-21 12:41:39.426] [info] knee_ty_r            0.000611100     1.55602e-05    
[2026-01-21 12:41:39.426] [info] knee_tz_r            -0.00143263     1.50577e-05    
[2026-01-21 12:41:39.426] [info] pf_flex_r            0.211397        0.000866451    
[2026-01-21 12:41:39.426] [info] pf_rot_r             0.0142565       0.000180479    
[2026-01-21 12:41:39.426] [info] pf_tilt_r            -0.0138454      0.000213545    
[2026-01-21 12:41:39.426] [info] pf_tx_r              0.0510384       2.20177e-05    
[2026-01-21 12:41:39.426] [info] pf_ty_r              -0.00474654     6.69041e-05    
[2026-01-21 12:41:39.426] [info] pf_tz_r              0.00452930      1.39546e-05    
[2026-01-21 12:41:39.524] [debug] Initial Secondary Coordinate Values:
[2026-01-21 12:41:39.524] [debug] knee_add_r :	 0.0106332
[2026-01-21 12:41:39.524] [debug] knee_rot_r :	 0.0279103
[2026-01-21 12:41:39.525] [debug] knee_tx_r :	 0.00351669
[2026-01-21 12:41:39.525] [debug] knee_ty_r :	 0.000611100
[2026-01-21 12:41:39.525] [debug] knee_tz_r :	 -0.00143263
[2026-01-21 12:41:39.525] [debug] pf_flex_r :	 0.211397
[2026-01-21 12:41:39.525] [debug] pf_rot_r :	 0.0142565
[2026-01-21 12:41:39.525] [debug] pf_tilt_r :	 -0.0138454
[2026-01-21 12:41:39.525] [debug] pf_tx_r :	 0.0510384
[2026-01-21 12:41:39.525] [debug] pf_ty_r :	 -0.00474654
[2026-01-21 12:41:39.525] [debug] pf_tz_r :	 0.00452930
[2026-01-21 12:41:39.943] [info] Storage: read data file = W14_HOLOA_ID_04.mot (nr=1364 nc=19)
[2026-01-21 12:41:39.974] [info] ExternalForce::FP1 Data source being set to C:\Users\mayra\OneDrive - Universitat Pompeu Fabra\PhD_Mayra\datos_holoa_motion\W14_HOLOA_ID_04.mot
[2026-01-21 12:41:39.974] [info] ExternalForce::FP2 Data source being set to C:\Users\mayra\OneDrive - Universitat Pompeu Fabra\PhD_Mayra\datos_holoa_motion\W14_HOLOA_ID_04.mot
[2026-01-21 12:41:40.050] [info] 
Performing COMAK...

[2026-01-21 12:41:40.052] [info] Frame: 1 / 2
[2026-01-21 12:41:40.052] [info] Time: 6.65
[2026-01-21 12:41:40.055] [debug] Optimized Muscles:
[2026-01-21 12:41:40.055] [debug] name                 activation           force               
[2026-01-21 12:41:40.055] [debug] addbrev_r            0.02                 6.074               
[2026-01-21 12:41:40.055] [debug] addlong_r            0.02                 7.99                
[2026-01-21 12:41:40.055] [debug] addmagProx_r         0.02                 6.484               
[2026-01-21 12:41:40.055] [debug] addmagMid_r          0.02                 6.484               
[2026-01-21 12:41:40.055] [debug] addmagDist_r         0.02                 6.484               
[2026-01-21 12:41:40.055] [debug] addmagIsch_r         0.02                 6.484               
[2026-01-21 12:41:40.055] [debug] bflh_r               0.02                 14.1040             
[2026-01-21 12:41:40.055] [debug] bfsh_r               0.02                 12.632              
[2026-01-21 12:41:40.055] [debug] edl_r                0.02                 6.90800             
[2026-01-21 12:41:40.055] [debug] ehl_r                0.02                 3.3                 
[2026-01-21 12:41:40.055] [debug] fdl_r                0.02                 5.488               
[2026-01-21 12:41:40.055] [debug] fhl_r                0.02                 8.736               
[2026-01-21 12:41:40.055] [debug] gaslat_r             0.02                 12.128              
[2026-01-21 12:41:40.055] [debug] gasmed_r             0.02                 26.16               
[2026-01-21 12:41:40.055] [debug] gem_r                0.02                 4.36                
[2026-01-21 12:41:40.055] [debug] glmax1_r             0.02                 21.844              
[2026-01-21 12:41:40.055] [debug] glmax2_r             0.02                 31.22               
[2026-01-21 12:41:40.055] [debug] glmax3_r             0.02                 21.164              
[2026-01-21 12:41:40.055] [debug] glmed1_r             0.02                 35.244              
[2026-01-21 12:41:40.055] [debug] glmed2_r             0.02                 20.66               
[2026-01-21 12:41:40.055] [debug] glmed3_r             0.02                 28.08               
[2026-01-21 12:41:40.055] [debug] glmin1_r             0.02                 14.4                
[2026-01-21 12:41:40.055] [debug] glmin2_r             0.02                 15.2                
[2026-01-21 12:41:40.055] [debug] glmin3_r             0.02                 17.2                
[2026-01-21 12:41:40.055] [debug] grac_r               0.02                 2.746               
[2026-01-21 12:41:40.055] [debug] iliacus_r            0.02                 49.752              
[2026-01-21 12:41:40.055] [debug] pect_r               0.02                 3.54                
[2026-01-21 12:41:40.055] [debug] perbrev_r            0.02                 6.118               
[2026-01-21 12:41:40.055] [debug] perlong_r            0.02                 13.066              
[2026-01-21 12:41:40.055] [debug] pertert_r            0.02                 1.8                 
[2026-01-21 12:41:40.055] [debug] piri_r               0.02                 5.92                
[2026-01-21 12:41:40.055] [debug] psoas_r              0.02                 38.32               
[2026-01-21 12:41:40.055] [debug] quadfem_r            0.02                 10.16               
[2026-01-21 12:41:40.055] [debug] recfem_r             0.02                 16.976              
[2026-01-21 12:41:40.055] [debug] sart_r               0.02                 2.27                
[2026-01-21 12:41:40.055] [debug] semimem_r            0.02                 23.254              
[2026-01-21 12:41:40.055] [debug] semiten_r            0.02                 6.038               
[2026-01-21 12:41:40.055] [debug] soleus_r             0.02                 71.718              
[2026-01-21 12:41:40.055] [debug] tfl_r                0.02                 3.1                 
[2026-01-21 12:41:40.055] [debug] tibant_r             0.02                 13.474              
[2026-01-21 12:41:40.055] [debug] tibpost_r            0.02                 18.112              
[2026-01-21 12:41:40.055] [debug] vasint_r             0.02                 20.484              
[2026-01-21 12:41:40.055] [debug] vaslat_r             0.02                 45.1080             
[2026-01-21 12:41:40.055] [debug] vasmed_r             0.02                 28.874              
[2026-01-21 12:41:40.055] [debug] Optimized Non Muscle Actuators:
[2026-01-21 12:41:40.055] [debug] name                 activation           force               
[2026-01-21 12:41:40.055] [debug] pelvis_tilt_reserve  0.0                  0.0                 
[2026-01-21 12:41:40.055] [debug] pelvis_list_reserve  0.0                  0.0                 
[2026-01-21 12:41:40.055] [debug] pelvis_rot_reserve   0.0                  0.0                 
[2026-01-21 12:41:40.055] [debug] pelvis_tx_reserve    0.0                  0.0                 
[2026-01-21 12:41:40.055] [debug] pelvis_ty_reserve    0.0                  0.0                 
[2026-01-21 12:41:40.055] [debug] pelvis_tz_reserve    0.0                  0.0                 
[2026-01-21 12:41:40.055] [debug] hip_flex_r_reserve   0.0                  0.0                 
[2026-01-21 12:41:40.055] [debug] hip_add_r_reserve    0.0                  0.0                 
[2026-01-21 12:41:40.055] [debug] hip_rot_r_reserve    0.0                  0.0                 
[2026-01-21 12:41:40.055] [debug] pf_flex_r_reserve    0.0                  0.0                 
[2026-01-21 12:41:40.055] [debug] pf_rot_r_reserve     0.0                  0.0                 
[2026-01-21 12:41:40.055] [debug] pf_tilt_r_reserve    0.0                  0.0                 
[2026-01-21 12:41:40.055] [debug] pf_tx_r_reserve      0.0                  0.0                 
[2026-01-21 12:41:40.055] [debug] pf_ty_r_reserve      0.0                  0.0                 
[2026-01-21 12:41:40.055] [debug] pf_tz_r_reserve      0.0                  0.0                 
[2026-01-21 12:41:40.056] [debug] knee_flex_r_reserve  0.0                  0.0                 
[2026-01-21 12:41:40.056] [debug] Optimized Secondardy Coordinates:
[2026-01-21 12:41:40.056] [debug] name                 value               
[2026-01-21 12:41:40.056] [debug] 0.0106332            0.0                 
[2026-01-21 12:41:40.056] [debug] 0.0279103            0.0                 
[2026-01-21 12:41:40.056] [debug] 0.00351669           0.0                 
[2026-01-21 12:41:40.056] [debug] 0.000611100          0.0                 
[2026-01-21 12:41:40.056] [debug] -0.00143263          0.0                 
[2026-01-21 12:41:40.056] [debug] 0.211397             0.0                 
[2026-01-21 12:41:40.056] [debug] 0.0142565            0.0                 
[2026-01-21 12:41:40.056] [debug] -0.0138454           0.0                 
[2026-01-21 12:41:40.056] [debug] 0.0510384            0.0                 
[2026-01-21 12:41:40.056] [debug] -0.00474654          0.0                 
[2026-01-21 12:41:40.056] [debug] 0.00452930           0.0                 
[2026-01-21 12:41:40.208] [debug] 
Blankevoort1991Ligaments:
[2026-01-21 12:41:40.208] [debug] Name                 Total_Force Spring_Force Damping_Force Lengths    Strains   
[2026-01-21 12:41:40.209] [debug] MCLd1                0.0        0.0        0.0        0.0295458  -0.0391615
[2026-01-21 12:41:40.209] [debug] MCLd2                0.0        0.0        0.0        0.0302079  -0.0755933
[2026-01-21 12:41:40.209] [debug] MCLd3                0.0        0.0        0.0        0.0361423  -0.0263747
[2026-01-21 12:41:40.209] [debug] MCLd4                0.0        0.0        0.0        0.0328439  -0.0120428
[2026-01-21 12:41:40.209] [debug] MCLd5                0.0        0.0        0.0        0.036391   -0.0238405
[2026-01-21 12:41:40.209] [debug] MCLs1                5.43724    5.43709    0.000146278 0.0749322  0.0361234 
[2026-01-21 12:41:40.209] [debug] MCLs2                7.23544    7.23529    0.000151441 0.0935402  0.041671  
[2026-01-21 12:41:40.209] [debug] MCLs3                1.16547    1.16547    0.0        0.0725507  0.0167246 
[2026-01-21 12:41:40.209] [debug] MCLs4                2.13399    2.13399    0.0        0.084131   0.0226309 
[2026-01-21 12:41:40.209] [debug] MCLs5                5.56753    5.56753    0.0        0.0809939  0.0365542 
[2026-01-21 12:41:40.209] [debug] MCLs6                3.18624    3.18624    0.0        0.0761579  0.0276531 
[2026-01-21 12:41:40.209] [debug] ACLpl1               16.5867    16.5867    0.0        0.0263462  0.0492679 
[2026-01-21 12:41:40.209] [debug] ACLpl2               0.908928   0.908928   0.0        0.023255   0.0115332 
[2026-01-21 12:41:40.209] [debug] ACLpl3               0.0        0.0        0.0        0.0274207  -0.0182216
[2026-01-21 12:41:40.209] [debug] ACLpl4               0.0        0.0        0.0        0.0228614  -0.0979261
[2026-01-21 12:41:40.209] [debug] ACLpl5               0.247496   0.247496   0.0        0.0246078  0.00601821
[2026-01-21 12:41:40.209] [debug] ACLpl6               0.0        0.0        0.0        0.024638   -0.0186825
[2026-01-21 12:41:40.209] [debug] ACLam1               0.0        0.0        0.0        0.0311882  -0.0872913
[2026-01-21 12:41:40.209] [debug] ACLam2               0.0        0.0        0.0        0.0295955  -0.011791 
[2026-01-21 12:41:40.209] [debug] ACLam3               0.0        0.0        0.0        0.0290025  -0.0408015
[2026-01-21 12:41:40.209] [debug] ACLam4               0.0        0.0        0.0        0.0314131  -0.0916489
[2026-01-21 12:41:40.209] [debug] ACLam5               0.0        0.0        0.0        0.0307287  -0.0914614
[2026-01-21 12:41:40.209] [debug] ACLam6               0.0        0.0        0.0        0.0309414  -0.078791 
[2026-01-21 12:41:40.209] [debug] PCLal1               0.0        0.0        0.0        0.0327042  -0.0437207
[2026-01-21 12:41:40.209] [debug] PCLal2               0.0        0.0        0.0        0.0269444  -0.137727 
[2026-01-21 12:41:40.209] [debug] PCLal3               0.0        0.0        0.0        0.031453   -0.0336633
[2026-01-21 12:41:40.209] [debug] PCLal4               0.0        0.0        0.0        0.0307268  -0.0811786
[2026-01-21 12:41:40.209] [debug] PCLal5               0.0        0.0        0.0        0.0311089  -0.0683631
[2026-01-21 12:41:40.209] [debug] PCLpm1               0.0        0.0        0.0        0.0313414  -0.0872761
[2026-01-21 12:41:40.209] [debug] PCLpm2               0.0        0.0        0.0        0.0302588  -0.153032 
[2026-01-21 12:41:40.209] [debug] PCLpm3               0.0        0.0        0.0        0.0265147  -0.133519 
[2026-01-21 12:41:40.209] [debug] PCLpm4               0.0        0.0        0.0        0.0342763  -0.13556  
[2026-01-21 12:41:40.209] [debug] PCLpm5               0.0        0.0        0.0        0.0307756  -0.123133 
[2026-01-21 12:41:40.209] [debug] LCL1                 0.0467351  0.0467351  0.0        0.0493152  0.00305729
[2026-01-21 12:41:40.209] [debug] LCL2                 0.0620410  0.0620410  0.0        0.0559010  0.00352253
[2026-01-21 12:41:40.209] [debug] LCL3                 1.02243    1.02243    0.0        0.0540588  0.0142999 
[2026-01-21 12:41:40.209] [debug] LCL4                 1.57839    1.57839    0.0        0.0591976  0.0177673 
[2026-01-21 12:41:40.209] [debug] PT1                  26.7724    26.7642    0.00813660 0.0483227  0.0327195 
[2026-01-21 12:41:40.209] [debug] PT2                  21.8946    21.8867    0.00784906 0.0509982  0.0295883 
[2026-01-21 12:41:40.209] [debug] PT3                  7.23792    7.22997    0.00795067 0.0527613  0.0170058 
[2026-01-21 12:41:40.209] [debug] PT4                  10.0446    10.0347    0.00990638 0.0414636  0.0200346 
[2026-01-21 12:41:40.209] [debug] PT5                  6.5836     6.57492    0.00867805 0.0466857  0.0162172 
[2026-01-21 12:41:40.209] [debug] PT6                  24.2621    24.2533    0.00878602 0.0481927  0.031147  
[2026-01-21 12:41:40.209] [debug] lPFL1                0.0        0.0        0.0        0.0340145  -0.00357756
[2026-01-21 12:41:40.209] [debug] lPFL2                0.0        0.0        0.0        0.0319871  -0.125779 
[2026-01-21 12:41:40.209] [debug] lPFL3                0.0        0.0        0.0        0.0330568  -0.0200298
[2026-01-21 12:41:40.209] [debug] lPFL4                0.0        0.0        0.0        0.0298116  -0.0945465
[2026-01-21 12:41:40.209] [debug] lPFL5                0.0        0.0        0.0        0.0326553  -0.00817708
[2026-01-21 12:41:40.209] [debug] lPFL6                0.0        0.0        0.0        0.0325024  -0.0196752
[2026-01-21 12:41:40.209] [debug] lPFL7                0.0        0.0        0.0        0.0305250  -0.0877428
[2026-01-21 12:41:40.209] [debug] lPFL8                0.0        0.0        0.0        0.0301132  -0.104100 
[2026-01-21 12:41:40.209] [debug] mPFL1                0.0        0.0        0.0        0.0466121  -0.011948 
[2026-01-21 12:41:40.209] [debug] mPFL2                0.302927   0.302927   0.0        0.0496504  0.0155673 
[2026-01-21 12:41:40.209] [debug] mPFL3                1.01405    1.01405    0.0        0.0493438  0.0284823 
[2026-01-21 12:41:40.209] [debug] mPFL4                0.0        0.0        0.0        0.0440517  -0.0305937
[2026-01-21 12:41:40.209] [debug] mPFL5                0.00508378 0.00508378 0.0        0.0459174  0.00201669
[2026-01-21 12:41:40.209] [debug] mPFL6                0.874761   0.874761   0.0        0.0478363  0.0264539 
[2026-01-21 12:41:40.209] [debug] MCLp1                0.0        0.0        0.0        0.0268196  -0.0829183
[2026-01-21 12:41:40.209] [debug] MCLp2                0.0        0.0        0.0        0.0280272  -0.0631692
[2026-01-21 12:41:40.209] [debug] MCLp3                0.0        0.0        0.0        0.0268169  -0.0956093
[2026-01-21 12:41:40.209] [debug] MCLp4                0.0        0.0        0.0        0.0271353  -0.111274 
[2026-01-21 12:41:40.209] [debug] MCLp5                0.0        0.0        0.0        0.0272245  -0.0643827
[2026-01-21 12:41:40.210] [debug] PFL1                 0.0        0.0        0.0        0.0409609  -0.0643627
[2026-01-21 12:41:40.210] [debug] PFL2                 0.0        0.0        0.0        0.0366913  -0.170511 
[2026-01-21 12:41:40.210] [debug] PFL3                 0.0        0.0        0.0        0.0457084  -0.0696531
[2026-01-21 12:41:40.210] [debug] PFL4                 0.0        0.0        0.0        0.0413014  -0.167991 
[2026-01-21 12:41:40.210] [debug] PFL5                 0.0        0.0        0.0        0.0402808  -0.144403 
[2026-01-21 12:41:40.210] [debug] pCAP1                0.0        0.0        0.0        0.0473221  -0.106441 
[2026-01-21 12:41:40.210] [debug] pCAP2                0.0        0.0        0.0        0.0501011  -0.0816761
[2026-01-21 12:41:40.210] [debug] pCAP3                0.0        0.0        0.0        0.0656718  -0.0497253
[2026-01-21 12:41:40.210] [debug] pCAP4                0.0        0.0        0.0        0.0618866  -0.0485235
[2026-01-21 12:41:40.210] [debug] pCAP5                0.0        0.0        0.0        0.0473475  -0.105135 
[2026-01-21 12:41:40.210] [debug] pCAP6                0.0        0.0        0.0        0.0500731  -0.0830126
[2026-01-21 12:41:40.210] [debug] pCAP7                0.0        0.0        0.0        0.0473735  -0.103830 
[2026-01-21 12:41:40.210] [debug] pCAP8                0.0        0.0        0.0        0.0500465  -0.0843498
[2026-01-21 12:41:40.210] [debug] ITB1                 67.7438    67.7436    0.000234546 0.550382   0.0285118 
[2026-01-21 12:41:40.210] [debug] Smith2018ArticularContactForce: casting_mesh
[2026-01-21 12:41:40.210] [debug] Name                 Num_Contacting_Tri Contact_Force Contact_Moment Mean Pressure Max Pressure Mean Proximity Max Proximity
[2026-01-21 12:41:40.235] [debug] tf_contact           896        ~[28.1573,-232.845,1.69331] ~[-2.93986,-0.242115,-0.527945] 1.15664e+06 2.76375e+06 0.000331048 0.000833883
[2026-01-21 12:41:40.240] [debug] pf_contact           717        ~[111.311,-16.2424,-25.1297] ~[-0.0368527,-0.254657,-0.0715166] 720941.    2.01089e+06 0.000233943 0.000644613
[2026-01-21 12:41:40.240] [info] ------------------------------------------------------------------------------
[2026-01-21 12:41:40.240] [info] Frame: 1 	 Time: 6.65 	 Iteration: 1
[2026-01-21 12:41:40.240] [info] ------------------------------------------------------------------------------
[2026-01-21 12:41:40.244] [debug] Parameter Limits:    initial value   lower bound     upper bound    ,
[2026-01-21 12:41:40.244] [debug] ------------------------------------------
[2026-01-21 12:41:40.244] [debug] 0   addbrev_r         0.02            0.01            1.0            
[2026-01-21 12:41:40.244] [debug] 1   addlong_r         0.02            0.01            1.0            
[2026-01-21 12:41:40.244] [debug] 2   addmagProx_r      0.02            0.01            1.0            
[2026-01-21 12:41:40.244] [debug] 3   addmagMid_r       0.02            0.01            1.0            
[2026-01-21 12:41:40.244] [debug] 4   addmagDist_r      0.02            0.01            1.0            
[2026-01-21 12:41:40.244] [debug] 5   addmagIsch_r      0.02            0.01            1.0            
[2026-01-21 12:41:40.244] [debug] 6   bflh_r            0.02            0.01            1.0            
[2026-01-21 12:41:40.244] [debug] 7   bfsh_r            0.02            0.01            1.0            
[2026-01-21 12:41:40.244] [debug] 8   edl_r             0.02            0.01            1.0            
[2026-01-21 12:41:40.244] [debug] 9   ehl_r             0.02            0.01            1.0            
[2026-01-21 12:41:40.244] [debug] 10  fdl_r             0.02            0.01            1.0            
[2026-01-21 12:41:40.244] [debug] 11  fhl_r             0.02            0.01            1.0            
[2026-01-21 12:41:40.244] [debug] 12  gaslat_r          0.02            0.01            1.0            
[2026-01-21 12:41:40.244] [debug] 13  gasmed_r          0.02            0.01            1.0            
[2026-01-21 12:41:40.244] [debug] 14  gem_r             0.02            0.01            1.0            
[2026-01-21 12:41:40.244] [debug] 15  glmax1_r          0.02            0.01            1.0            
[2026-01-21 12:41:40.244] [debug] 16  glmax2_r          0.02            0.01            1.0            
[2026-01-21 12:41:40.244] [debug] 17  glmax3_r          0.02            0.01            1.0            
[2026-01-21 12:41:40.244] [debug] 18  glmed1_r          0.02            0.01            1.0            
[2026-01-21 12:41:40.244] [debug] 19  glmed2_r          0.02            0.01            1.0            
[2026-01-21 12:41:40.244] [debug] 20  glmed3_r          0.02            0.01            1.0            
[2026-01-21 12:41:40.244] [debug] 21  glmin1_r          0.02            0.01            1.0            
[2026-01-21 12:41:40.244] [debug] 22  glmin2_r          0.02            0.01            1.0            
[2026-01-21 12:41:40.244] [debug] 23  glmin3_r          0.02            0.01            1.0            
[2026-01-21 12:41:40.244] [debug] 24  grac_r            0.02            0.01            1.0            
[2026-01-21 12:41:40.244] [debug] 25  iliacus_r         0.02            0.01            1.0            
[2026-01-21 12:41:40.244] [debug] 26  pect_r            0.02            0.01            1.0            
[2026-01-21 12:41:40.244] [debug] 27  perbrev_r         0.02            0.01            1.0            
[2026-01-21 12:41:40.244] [debug] 28  perlong_r         0.02            0.01            1.0            
[2026-01-21 12:41:40.244] [debug] 29  pertert_r         0.02            0.01            1.0            
[2026-01-21 12:41:40.244] [debug] 30  piri_r            0.02            0.01            1.0            
[2026-01-21 12:41:40.244] [debug] 31  psoas_r           0.02            0.01            1.0            
[2026-01-21 12:41:40.244] [debug] 32  quadfem_r         0.02            0.01            1.0            
[2026-01-21 12:41:40.244] [debug] 33  recfem_r          0.02            0.01            1.0            
[2026-01-21 12:41:40.244] [debug] 34  sart_r            0.02            0.01            1.0            
[2026-01-21 12:41:40.244] [debug] 35  semimem_r         0.02            0.01            1.0            
[2026-01-21 12:41:40.244] [debug] 36  semiten_r         0.02            0.01            1.0            
[2026-01-21 12:41:40.244] [debug] 37  soleus_r          0.02            0.01            1.0            
[2026-01-21 12:41:40.244] [debug] 38  tfl_r             0.02            0.01            1.0            
[2026-01-21 12:41:40.244] [debug] 39  tibant_r          0.02            0.01            1.0            
[2026-01-21 12:41:40.244] [debug] 40  tibpost_r         0.02            0.01            1.0            
[2026-01-21 12:41:40.244] [debug] 41  vasint_r          0.02            0.01            1.0            
[2026-01-21 12:41:40.244] [debug] 42  vaslat_r          0.02            0.01            1.0            
[2026-01-21 12:41:40.244] [debug] 43  vasmed_r          0.02            0.01            1.0            
[2026-01-21 12:41:40.244] [debug] 44  pelvis_tilt_reserve 0.0             -1000.0         1000.0         
[2026-01-21 12:41:40.244] [debug] 45  pelvis_list_reserve 0.0             -1000.0         1000.0         
[2026-01-21 12:41:40.244] [debug] 46  pelvis_rot_reserve 0.0             -1000.0         1000.0         
[2026-01-21 12:41:40.244] [debug] 47  pelvis_tx_reserve 0.0             -1000.0         1000.0         
[2026-01-21 12:41:40.244] [debug] 48  pelvis_ty_reserve 0.0             -1000.0         1000.0         
[2026-01-21 12:41:40.244] [debug] 49  pelvis_tz_reserve 0.0             -1000.0         1000.0         
[2026-01-21 12:41:40.244] [debug] 50  hip_flex_r_reserve 0.0             -1000.0         1000.0         
[2026-01-21 12:41:40.244] [debug] 51  hip_add_r_reserve 0.0             -1000.0         1000.0         
[2026-01-21 12:41:40.244] [debug] 52  hip_rot_r_reserve 0.0             -1000.0         1000.0         
[2026-01-21 12:41:40.244] [debug] 53  pf_flex_r_reserve 0.0             -1000.0         1000.0         
[2026-01-21 12:41:40.244] [debug] 54  pf_rot_r_reserve  0.0             -1000.0         1000.0         
[2026-01-21 12:41:40.244] [debug] 55  pf_tilt_r_reserve 0.0             -1000.0         1000.0         
[2026-01-21 12:41:40.244] [debug] 56  pf_tx_r_reserve   0.0             -1000.0         1000.0         
[2026-01-21 12:41:40.244] [debug] 57  pf_ty_r_reserve   0.0             -1000.0         1000.0         
[2026-01-21 12:41:40.244] [debug] 58  pf_tz_r_reserve   0.0             -1000.0         1000.0         
[2026-01-21 12:41:40.244] [debug] 59  knee_flex_r_reserve 0.0             -1000.0         1000.0         
[2026-01-21 12:41:40.244] [debug] 60  knee_add_r        0.0             -0.01           0.01           
[2026-01-21 12:41:40.244] [debug] 61  knee_rot_r        0.0             -0.01           0.01           
[2026-01-21 12:41:40.244] [debug] 62  knee_tx_r         0.0             -0.05           0.05           
[2026-01-21 12:41:40.244] [debug] 63  knee_ty_r         0.0             -0.05           0.05           
[2026-01-21 12:41:40.244] [debug] 64  knee_tz_r         0.0             -0.05           0.05           
[2026-01-21 12:41:40.244] [debug] 65  pf_flex_r         0.0             -0.01           0.01           
[2026-01-21 12:41:40.244] [debug] 66  pf_rot_r          0.0             -0.01           0.01           
[2026-01-21 12:41:40.244] [debug] 67  pf_tilt_r         0.0             -0.01           0.01           
[2026-01-21 12:41:40.244] [debug] 68  pf_tx_r           0.0             -0.00500000     0.00500000     
[2026-01-21 12:41:40.244] [debug] 69  pf_ty_r           0.0             -0.00500000     0.00500000     
[2026-01-21 12:41:40.244] [debug] 70  pf_tz_r           0.0             -0.00500000     0.00500000     
[2026-01-21 12:41:40.953] [debug] Num Parameters: 71
[2026-01-21 12:41:40.953] [debug] Num Constraints: 16
[2026-01-21 12:41:40.953] [debug] Num Actuators: 60
[2026-01-21 12:41:40.953] [debug] Num Coordinates: 52
[2026-01-21 12:41:40.953] [debug] Num Secondary Coordinates: 11
[2026-01-21 12:41:40.953] [debug] Num Primary Coordinates: 5
[2026-01-21 12:41:41.520] [debug] Optimized Muscles:
[2026-01-21 12:41:41.520] [debug] name                 activation           force               
[2026-01-21 12:41:41.520] [debug] addbrev_r            0.0109031            3.31126             
[2026-01-21 12:41:41.520] [debug] addlong_r            0.0104397            4.17068             
[2026-01-21 12:41:41.520] [debug] addmagProx_r         0.0115634            3.74887             
[2026-01-21 12:41:41.520] [debug] addmagMid_r          0.0202719            6.57217             
[2026-01-21 12:41:41.520] [debug] addmagDist_r         0.0373046            12.0941             
[2026-01-21 12:41:41.521] [debug] addmagIsch_r         0.0551884            17.8921             
[2026-01-21 12:41:41.521] [debug] bflh_r               0.326245             230.068             
[2026-01-21 12:41:41.521] [debug] bfsh_r               0.0924571            58.3959             
[2026-01-21 12:41:41.521] [debug] edl_r                0.11862              40.9714             
[2026-01-21 12:41:41.521] [debug] ehl_r                0.12465              20.5673             
[2026-01-21 12:41:41.521] [debug] fdl_r                0.0126533            3.47208             
[2026-01-21 12:41:41.521] [debug] fhl_r                0.0109045            4.76308             
[2026-01-21 12:41:41.521] [debug] gaslat_r             0.0101884            6.17823             
[2026-01-21 12:41:41.521] [debug] gasmed_r             0.0100620            13.1611             
[2026-01-21 12:41:41.521] [debug] gem_r                0.111104             24.2207             
[2026-01-21 12:41:41.521] [debug] glmax1_r             0.039967             43.6519             
[2026-01-21 12:41:41.521] [debug] glmax2_r             0.0458139            71.5156             
[2026-01-21 12:41:41.521] [debug] glmax3_r             0.0561561            59.4244             
[2026-01-21 12:41:41.521] [debug] glmed1_r             0.0111175            19.5912             
[2026-01-21 12:41:41.521] [debug] glmed2_r             0.0395049            40.8085             
[2026-01-21 12:41:41.521] [debug] glmed3_r             0.0591973            83.113              
[2026-01-21 12:41:41.521] [debug] glmin1_r             0.011232             8.08702             
[2026-01-21 12:41:41.521] [debug] glmin2_r             0.0141833            10.7793             
[2026-01-21 12:41:41.521] [debug] glmin3_r             0.0478871            41.1829             
[2026-01-21 12:41:41.521] [debug] grac_r               0.0373561            5.12899             
[2026-01-21 12:41:41.521] [debug] iliacus_r            0.0100805            25.0761             
[2026-01-21 12:41:41.521] [debug] pect_r               0.0114635            2.02904             
[2026-01-21 12:41:41.521] [debug] perbrev_r            0.0128122            3.91926             
[2026-01-21 12:41:41.521] [debug] perlong_r            0.0108144            7.06502             
[2026-01-21 12:41:41.521] [debug] pertert_r            0.0658401            5.92561             
[2026-01-21 12:41:41.521] [debug] piri_r               0.0984867            29.1521             
[2026-01-21 12:41:41.521] [debug] psoas_r              0.0101332            19.4152             
[2026-01-21 12:41:41.521] [debug] quadfem_r            0.0979877            49.7778             
[2026-01-21 12:41:41.521] [debug] recfem_r             0.0100226            8.50716             
[2026-01-21 12:41:41.521] [debug] sart_r               0.0106378            1.20740             
[2026-01-21 12:41:41.521] [debug] semimem_r            0.313564             364.581             
[2026-01-21 12:41:41.521] [debug] semiten_r            0.145885             44.0427             
[2026-01-21 12:41:41.521] [debug] soleus_r             0.0100361            35.9883             
[2026-01-21 12:41:41.521] [debug] tfl_r                0.0103041            1.59714             
[2026-01-21 12:41:41.521] [debug] tibant_r             0.144877             97.6035             
[2026-01-21 12:41:41.521] [debug] tibpost_r            0.0107673            9.75089             
[2026-01-21 12:41:41.521] [debug] vasint_r             0.0100211            10.2636             
[2026-01-21 12:41:41.521] [debug] vaslat_r             0.0100099            22.5764             
[2026-01-21 12:41:41.521] [debug] vasmed_r             0.0100153            14.459              
[2026-01-21 12:41:41.521] [debug] Optimized Non Muscle Actuators:
[2026-01-21 12:41:41.521] [debug] name                 activation           force               
[2026-01-21 12:41:41.521] [debug] pelvis_tilt_reserve  -4.64205e-07         -4.64205e-07        
[2026-01-21 12:41:41.521] [debug] pelvis_list_reserve  -2.16904e-08         -2.16904e-08        
[2026-01-21 12:41:41.521] [debug] pelvis_rot_reserve   -2.04943e-07         -2.04943e-07        
[2026-01-21 12:41:41.521] [debug] pelvis_tx_reserve    4.99467e-08          4.99467e-08         
[2026-01-21 12:41:41.521] [debug] pelvis_ty_reserve    -2.84628e-08         -2.84628e-08        
[2026-01-21 12:41:41.521] [debug] pelvis_tz_reserve    3.24197e-08          3.24197e-08         
[2026-01-21 12:41:41.521] [debug] hip_flex_r_reserve   -4.30247e-08         -4.30247e-08        
[2026-01-21 12:41:41.521] [debug] hip_add_r_reserve    -2.06897e-07         -2.06897e-07        
[2026-01-21 12:41:41.521] [debug] hip_rot_r_reserve    -3.33537e-08         -3.33537e-08        
[2026-01-21 12:41:41.521] [debug] pf_flex_r_reserve    2.82147e-06          2.82147e-06         
[2026-01-21 12:41:41.521] [debug] pf_rot_r_reserve     -3.39361e-07         -3.39361e-07        
[2026-01-21 12:41:41.521] [debug] pf_tilt_r_reserve    -1.34157e-07         -1.34157e-07        
[2026-01-21 12:41:41.521] [debug] pf_tx_r_reserve      -1.41708e-08         -1.41708e-08        
[2026-01-21 12:41:41.521] [debug] pf_ty_r_reserve      -5.06684e-08         -5.06684e-08        
[2026-01-21 12:41:41.521] [debug] pf_tz_r_reserve      -3.96050e-08         -3.96050e-08        
[2026-01-21 12:41:41.521] [debug] knee_flex_r_reserve  8.17644e-07          8.17644e-07         
[2026-01-21 12:41:41.521] [debug] Optimized Secondardy Coordinates:
[2026-01-21 12:41:41.521] [debug] name                 value               
[2026-01-21 12:41:41.521] [debug] 0.0206100            0.00997675          
[2026-01-21 12:41:41.521] [debug] 0.029761             0.00185075          
[2026-01-21 12:41:41.521] [debug] 0.00271466           -0.000802034        
[2026-01-21 12:41:41.521] [debug] 0.00188022           0.00126912          
[2026-01-21 12:41:41.521] [debug] -0.00102736          0.000405273         
[2026-01-21 12:41:41.521] [debug] 0.211835             0.000437927         
[2026-01-21 12:41:41.521] [debug] 0.0144999            0.000243432         
[2026-01-21 12:41:41.521] [debug] -0.0138553           -9.89684e-06        
[2026-01-21 12:41:41.521] [debug] 0.0511884            0.000149966         
[2026-01-21 12:41:41.521] [debug] -0.00471706          2.94813e-05         
[2026-01-21 12:41:41.521] [debug] 0.00440937           -0.000119936        
[2026-01-21 12:41:41.521] [debug] 
Blankevoort1991Ligaments:
[2026-01-21 12:41:41.521] [debug] Name                 Total_Force Spring_Force Damping_Force Lengths    Strains   
[2026-01-21 12:41:41.522] [debug] MCLd1                0.0        0.0        0.0        0.0281424  -0.0848009
[2026-01-21 12:41:41.522] [debug] MCLd2                0.0        0.0        0.0        0.0287877  -0.119055 
[2026-01-21 12:41:41.522] [debug] MCLd3                0.0        0.0        0.0        0.034718   -0.0647454
[2026-01-21 12:41:41.522] [debug] MCLd4                0.0        0.0        0.0        0.0314277  -0.0546431
[2026-01-21 12:41:41.522] [debug] MCLd5                0.0        0.0        0.0        0.0349817  -0.0616459
[2026-01-21 12:41:41.522] [debug] MCLs1                1.01752    1.01752    0.0        0.0734499  0.0156271 
[2026-01-21 12:41:41.522] [debug] MCLs2                2.55025    2.55025    0.0        0.0920198  0.0247399 
[2026-01-21 12:41:41.522] [debug] MCLs3                0.0        0.0        0.0        0.0711355  -0.00310850
[2026-01-21 12:41:41.522] [debug] MCLs4                0.110189   0.110189   0.0        0.0826923  0.00514251
[2026-01-21 12:41:41.522] [debug] MCLs5                1.2882     1.2882     0.0        0.0795115  0.0175831 
[2026-01-21 12:41:41.522] [debug] MCLs6                0.264141   0.264141   0.0        0.0746987  0.00796202
[2026-01-21 12:41:41.522] [debug] ACLpl1               0.0        0.0        0.0        0.0248786  -0.00917933
[2026-01-21 12:41:41.522] [debug] ACLpl2               0.0        0.0        0.0        0.0217827  -0.0525118
[2026-01-21 12:41:41.522] [debug] ACLpl3               0.0        0.0        0.0        0.0259352  -0.0714082
[2026-01-21 12:41:41.522] [debug] ACLpl4               0.0        0.0        0.0        0.0213855  -0.156166 
[2026-01-21 12:41:41.522] [debug] ACLpl5               0.0        0.0        0.0        0.0231314  -0.0543422
[2026-01-21 12:41:41.522] [debug] ACLpl6               0.0        0.0        0.0        0.0231629  -0.0774356
[2026-01-21 12:41:41.522] [debug] ACLam1               0.0        0.0        0.0        0.0296767  -0.131525 
[2026-01-21 12:41:41.522] [debug] ACLam2               0.0        0.0        0.0        0.0281014  -0.0616784
[2026-01-21 12:41:41.522] [debug] ACLam3               0.0        0.0        0.0        0.0275149  -0.0900025
[2026-01-21 12:41:41.522] [debug] ACLam4               0.0        0.0        0.0        0.0299067  -0.135206 
[2026-01-21 12:41:41.522] [debug] ACLam5               0.0        0.0        0.0        0.0292232  -0.135972 
[2026-01-21 12:41:41.522] [debug] ACLam6               0.0        0.0        0.0        0.0294397  -0.1235   
[2026-01-21 12:41:41.522] [debug] PCLal1               0.0        0.0        0.0        0.0323923  -0.0528387
[2026-01-21 12:41:41.522] [debug] PCLal2               0.0        0.0        0.0        0.0268699  -0.140110 
[2026-01-21 12:41:41.522] [debug] PCLal3               0.0        0.0        0.0        0.0311763  -0.0421635
[2026-01-21 12:41:41.522] [debug] PCLal4               0.0        0.0        0.0        0.0304797  -0.0885674
[2026-01-21 12:41:41.522] [debug] PCLal5               0.0        0.0        0.0        0.0308768  -0.0753147
[2026-01-21 12:41:41.522] [debug] PCLpm1               0.0        0.0        0.0        0.031137   -0.0932293
[2026-01-21 12:41:41.522] [debug] PCLpm2               0.0        0.0        0.0        0.0301663  -0.15562  
[2026-01-21 12:41:41.522] [debug] PCLpm3               0.0        0.0        0.0        0.0262544  -0.142028 
[2026-01-21 12:41:41.522] [debug] PCLpm4               0.0        0.0        0.0        0.0342627  -0.135902 
[2026-01-21 12:41:41.522] [debug] PCLpm5               0.0        0.0        0.0        0.0306878  -0.125634 
[2026-01-21 12:41:41.522] [debug] LCL1                 0.0        0.0        0.0        0.0488908  -0.00557604
[2026-01-21 12:41:41.522] [debug] LCL2                 0.0        0.0        0.0        0.0554874  -0.00390244
[2026-01-21 12:41:41.522] [debug] LCL3                 0.200714   0.200714   0.0        0.0536344  0.00633584
[2026-01-21 12:41:41.522] [debug] LCL4                 0.515909   0.515909   0.0        0.058755   0.0101578 
[2026-01-21 12:41:41.522] [debug] PT1                  18.4351    18.4283    0.00675706 0.0480621  0.0271502 
[2026-01-21 12:41:41.522] [debug] PT2                  12.1845    12.1787    0.00587261 0.0506259  0.0220714 
[2026-01-21 12:41:41.522] [debug] PT3                  2.63843    2.63222    0.00620868 0.0524114  0.0102610 
[2026-01-21 12:41:41.522] [debug] PT4                  4.83392    4.82547    0.00844285 0.0412139  0.0138931 
[2026-01-21 12:41:41.522] [debug] PT5                  2.39767    2.39061    0.00705817 0.0463899  0.00977877
[2026-01-21 12:41:41.522] [debug] PT6                  15.135     15.1279    0.00711749 0.0478867  0.0245991 
[2026-01-21 12:41:41.522] [debug] lPFL1                0.00382908 0.00376590 6.31834e-05 0.0341959  0.00173572
[2026-01-21 12:41:41.522] [debug] lPFL2                0.0        0.0        0.0        0.0321418  -0.121551 
[2026-01-21 12:41:41.522] [debug] lPFL3                0.0        0.0        0.0        0.0332264  -0.0150029
[2026-01-21 12:41:41.522] [debug] lPFL4                0.0        0.0        0.0        0.0299762  -0.0895476
[2026-01-21 12:41:41.522] [debug] lPFL5                0.0        0.0        0.0        0.0328273  -0.00295320
[2026-01-21 12:41:41.522] [debug] lPFL6                0.0        0.0        0.0        0.0326599  -0.0149233
[2026-01-21 12:41:41.522] [debug] lPFL7                0.0        0.0        0.0        0.0306957  -0.0826419
[2026-01-21 12:41:41.522] [debug] lPFL8                0.0        0.0        0.0        0.0302735  -0.0993287
[2026-01-21 12:41:41.522] [debug] mPFL1                0.0        0.0        0.0        0.0466715  -0.0106899
[2026-01-21 12:41:41.522] [debug] mPFL2                0.324073   0.323912   0.000161344 0.0496763  0.0160975 
[2026-01-21 12:41:41.522] [debug] mPFL3                1.09529    1.09495    0.000336560 0.0493973  0.0295966 
[2026-01-21 12:41:41.522] [debug] mPFL4                0.0        0.0        0.0        0.0441064  -0.0293896
[2026-01-21 12:41:41.522] [debug] mPFL5                0.0132353  0.0131623  7.30761e-05 0.0459737  0.00324497
[2026-01-21 12:41:41.522] [debug] mPFL6                0.939768   0.939477   0.000290762 0.0478811  0.027415  
[2026-01-21 12:41:41.522] [debug] MCLp1                0.0        0.0        0.0        0.026172   -0.105062 
[2026-01-21 12:41:41.522] [debug] MCLp2                0.0        0.0        0.0        0.0273398  -0.0861457
[2026-01-21 12:41:41.522] [debug] MCLp3                0.0        0.0        0.0        0.0261224  -0.119033 
[2026-01-21 12:41:41.523] [debug] MCLp4                0.0        0.0        0.0        0.0264157  -0.134842 
[2026-01-21 12:41:41.523] [debug] MCLp5                0.0        0.0        0.0        0.026551   -0.0875288
[2026-01-21 12:41:41.523] [debug] PFL1                 0.0        0.0        0.0        0.0408779  -0.0662589
[2026-01-21 12:41:41.523] [debug] PFL2                 0.0        0.0        0.0        0.0366708  -0.170974 
[2026-01-21 12:41:41.523] [debug] PFL3                 0.0        0.0        0.0        0.0457584  -0.0686355
[2026-01-21 12:41:41.523] [debug] PFL4                 0.0        0.0        0.0        0.0413786  -0.166437 
[2026-01-21 12:41:41.523] [debug] PFL5                 0.0        0.0        0.0        0.0403196  -0.143577 
[2026-01-21 12:41:41.523] [debug] pCAP1                0.0        0.0        0.0        0.045998   -0.131442 
[2026-01-21 12:41:41.523] [debug] pCAP2                0.0        0.0        0.0        0.0490952  -0.100113 
[2026-01-21 12:41:41.523] [debug] pCAP3                0.0        0.0        0.0        0.0649348  -0.0603895
[2026-01-21 12:41:41.523] [debug] pCAP4                0.0        0.0        0.0        0.0608246  -0.0648517
[2026-01-21 12:41:41.523] [debug] pCAP5                0.0        0.0        0.0        0.0460633  -0.129406 
[2026-01-21 12:41:41.523] [debug] pCAP6                0.0        0.0        0.0        0.0490267  -0.102175 
[2026-01-21 12:41:41.523] [debug] pCAP7                0.0        0.0        0.0        0.0461292  -0.127369 
[2026-01-21 12:41:41.523] [debug] pCAP8                0.0        0.0        0.0        0.0489596  -0.104237 
[2026-01-21 12:41:41.523] [debug] ITB1                 59.4925    59.4925    0.0        0.549423   0.0267191 
[2026-01-21 12:41:41.523] [debug] Smith2018ArticularContactForce: casting_mesh
[2026-01-21 12:41:41.523] [debug] Name                 Num_Contacting_Tri Contact_Force Contact_Moment Mean Pressure Max Pressure Mean Proximity Max Proximity
[2026-01-21 12:41:41.529] [debug] tf_contact           2352       ~[232.436,-1980.25,96.4964] ~[1.05716,1.57658,1.39886] 3.69582e+06 6.98416e+06 0.000854843 0.00174918
[2026-01-21 12:41:41.534] [debug] pf_contact           537        ~[52.9337,-7.66782,-11.8586] ~[-0.0174118,-0.113168,-0.0411282] 458702.    1.47389e+06 0.000150553 0.000481547
[2026-01-21 12:41:41.534] [info] Optimized Acceleration Errors:
[2026-01-21 12:41:41.534] [info] Name                 Experimental         Simulated            Error               
[2026-01-21 12:41:41.535] [info] hip_flex_r           -7.3516              155.533              162.885             
[2026-01-21 12:41:41.535] [info] hip_add_r            3.21236              12.492               9.27969             
[2026-01-21 12:41:41.535] [info] hip_rot_r            1.13418              2.52385              1.38967             
[2026-01-21 12:41:41.535] [info] pf_flex_r            0.0                  1038.94              1038.94             
[2026-01-21 12:41:41.535] [info] pf_rot_r             0.0                  246.946              246.946             
[2026-01-21 12:41:41.535] [info] pf_tilt_r            0.0                  294.336              294.336             
[2026-01-21 12:41:41.535] [info] pf_tx_r              0.0                  -52.0121             52.0121             
[2026-01-21 12:41:41.535] [info] pf_ty_r              0.0                  -27.6905             27.6905             
[2026-01-21 12:41:41.535] [info] pf_tz_r              0.0                  10.7665              10.7665             
[2026-01-21 12:41:41.535] [info] knee_flex_r          -2.05701             449.587              451.644             
[2026-01-21 12:41:41.535] [info] knee_add_r           0.0                  16.1917              16.1917             
[2026-01-21 12:41:41.535] [info] knee_rot_r           0.0                  140.849              140.849             
[2026-01-21 12:41:41.535] [info] knee_tx_r            0.0                  -40.9631             40.9631             
[2026-01-21 12:41:41.535] [info] knee_ty_r            0.0                  -233.729             233.729             
[2026-01-21 12:41:41.535] [info] knee_tz_r            0.0                  26.6452              26.6452             
[2026-01-21 12:41:41.535] [info] ankle_flex_r         7.74722              1958.6               1950.86             
[2026-01-21 12:41:41.535] [info] Max udot Error: 1950.86 	 Max Error Coord: ankle_flex_r
[2026-01-21 12:41:41.536] [info] ------------------------------------------------------------------------------
[2026-01-21 12:41:41.536] [info] Frame: 1 	 Time: 6.65 	 Iteration: 2
[2026-01-21 12:41:41.536] [info] ------------------------------------------------------------------------------
[2026-01-21 12:41:41.539] [debug] Parameter Limits:    initial value   lower bound     upper bound    ,
[2026-01-21 12:41:41.539] [debug] ------------------------------------------
[2026-01-21 12:41:41.539] [debug] 0   addbrev_r         0.0109031       0.01            1.0            
[2026-01-21 12:41:41.539] [debug] 1   addlong_r         0.0104397       0.01            1.0            
[2026-01-21 12:41:41.539] [debug] 2   addmagProx_r      0.0115634       0.01            1.0            
[2026-01-21 12:41:41.539] [debug] 3   addmagMid_r       0.0202719       0.01            1.0            
[2026-01-21 12:41:41.539] [debug] 4   addmagDist_r      0.0373046       0.01            1.0            
[2026-01-21 12:41:41.539] [debug] 5   addmagIsch_r      0.0551884       0.01            1.0            
[2026-01-21 12:41:41.539] [debug] 6   bflh_r            0.326245        0.01            1.0            
[2026-01-21 12:41:41.539] [debug] 7   bfsh_r            0.0924571       0.01            1.0            
[2026-01-21 12:41:41.539] [debug] 8   edl_r             0.11862         0.01            1.0            
[2026-01-21 12:41:41.539] [debug] 9   ehl_r             0.12465         0.01            1.0            
[2026-01-21 12:41:41.539] [debug] 10  fdl_r             0.0126533       0.01            1.0            
[2026-01-21 12:41:41.539] [debug] 11  fhl_r             0.0109045       0.01            1.0            
[2026-01-21 12:41:41.539] [debug] 12  gaslat_r          0.0101884       0.01            1.0            
[2026-01-21 12:41:41.539] [debug] 13  gasmed_r          0.0100620       0.01            1.0            
[2026-01-21 12:41:41.539] [debug] 14  gem_r             0.111104        0.01            1.0            
[2026-01-21 12:41:41.539] [debug] 15  glmax1_r          0.039967        0.01            1.0            
[2026-01-21 12:41:41.539] [debug] 16  glmax2_r          0.0458139       0.01            1.0            
[2026-01-21 12:41:41.539] [debug] 17  glmax3_r          0.0561561       0.01            1.0            
[2026-01-21 12:41:41.539] [debug] 18  glmed1_r          0.0111175       0.01            1.0            
[2026-01-21 12:41:41.539] [debug] 19  glmed2_r          0.0395049       0.01            1.0            
[2026-01-21 12:41:41.539] [debug] 20  glmed3_r          0.0591973       0.01            1.0            
[2026-01-21 12:41:41.539] [debug] 21  glmin1_r          0.011232        0.01            1.0            
[2026-01-21 12:41:41.539] [debug] 22  glmin2_r          0.0141833       0.01            1.0            
[2026-01-21 12:41:41.539] [debug] 23  glmin3_r          0.0478871       0.01            1.0            
[2026-01-21 12:41:41.539] [debug] 24  grac_r            0.0373561       0.01            1.0            
[2026-01-21 12:41:41.539] [debug] 25  iliacus_r         0.0100805       0.01            1.0            
[2026-01-21 12:41:41.539] [debug] 26  pect_r            0.0114635       0.01            1.0            
[2026-01-21 12:41:41.539] [debug] 27  perbrev_r         0.0128122       0.01            1.0            
[2026-01-21 12:41:41.539] [debug] 28  perlong_r         0.0108144       0.01            1.0            
[2026-01-21 12:41:41.539] [debug] 29  pertert_r         0.0658401       0.01            1.0            
[2026-01-21 12:41:41.539] [debug] 30  piri_r            0.0984867       0.01            1.0            
[2026-01-21 12:41:41.539] [debug] 31  psoas_r           0.0101332       0.01            1.0            
[2026-01-21 12:41:41.539] [debug] 32  quadfem_r         0.0979877       0.01            1.0            
[2026-01-21 12:41:41.539] [debug] 33  recfem_r          0.0100226       0.01            1.0            
[2026-01-21 12:41:41.539] [debug] 34  sart_r            0.0106378       0.01            1.0            
[2026-01-21 12:41:41.539] [debug] 35  semimem_r         0.313564        0.01            1.0            
[2026-01-21 12:41:41.539] [debug] 36  semiten_r         0.145885        0.01            1.0            
[2026-01-21 12:41:41.539] [debug] 37  soleus_r          0.0100361       0.01            1.0            
[2026-01-21 12:41:41.539] [debug] 38  tfl_r             0.0103041       0.01            1.0            
[2026-01-21 12:41:41.539] [debug] 39  tibant_r          0.144877        0.01            1.0            
[2026-01-21 12:41:41.539] [debug] 40  tibpost_r         0.0107673       0.01            1.0            
[2026-01-21 12:41:41.539] [debug] 41  vasint_r          0.0100211       0.01            1.0            
[2026-01-21 12:41:41.539] [debug] 42  vaslat_r          0.0100099       0.01            1.0            
[2026-01-21 12:41:41.539] [debug] 43  vasmed_r          0.0100153       0.01            1.0            
[2026-01-21 12:41:41.539] [debug] 44  pelvis_tilt_reserve 0.0             -1000.0         1000.0         
[2026-01-21 12:41:41.539] [debug] 45  pelvis_list_reserve 0.0             -1000.0         1000.0         
[2026-01-21 12:41:41.539] [debug] 46  pelvis_rot_reserve 0.0             -1000.0         1000.0         
[2026-01-21 12:41:41.539] [debug] 47  pelvis_tx_reserve 0.0             -1000.0         1000.0         
[2026-01-21 12:41:41.539] [debug] 48  pelvis_ty_reserve 0.0             -1000.0         1000.0         
[2026-01-21 12:41:41.539] [debug] 49  pelvis_tz_reserve 0.0             -1000.0         1000.0         
[2026-01-21 12:41:41.539] [debug] 50  hip_flex_r_reserve 0.0             -1000.0         1000.0         
[2026-01-21 12:41:41.539] [debug] 51  hip_add_r_reserve 0.0             -1000.0         1000.0         
[2026-01-21 12:41:41.539] [debug] 52  hip_rot_r_reserve 0.0             -1000.0         1000.0         
[2026-01-21 12:41:41.539] [debug] 53  pf_flex_r_reserve 0.0             -1000.0         1000.0         
[2026-01-21 12:41:41.539] [debug] 54  pf_rot_r_reserve  0.0             -1000.0         1000.0         
[2026-01-21 12:41:41.539] [debug] 55  pf_tilt_r_reserve 0.0             -1000.0         1000.0         
[2026-01-21 12:41:41.539] [debug] 56  pf_tx_r_reserve   0.0             -1000.0         1000.0         
[2026-01-21 12:41:41.539] [debug] 57  pf_ty_r_reserve   0.0             -1000.0         1000.0         
[2026-01-21 12:41:41.539] [debug] 58  pf_tz_r_reserve   0.0             -1000.0         1000.0         
[2026-01-21 12:41:41.539] [debug] 59  knee_flex_r_reserve 0.0             -1000.0         1000.0         
[2026-01-21 12:41:41.539] [debug] 60  knee_add_r        0.0             -0.01           0.01           
[2026-01-21 12:41:41.539] [debug] 61  knee_rot_r        0.0             -0.01           0.01           
[2026-01-21 12:41:41.539] [debug] 62  knee_tx_r         0.0             -0.05           0.05           
[2026-01-21 12:41:41.539] [debug] 63  knee_ty_r         0.0             -0.05           0.05           
[2026-01-21 12:41:41.539] [debug] 64  knee_tz_r         0.0             -0.05           0.05           
[2026-01-21 12:41:41.539] [debug] 65  pf_flex_r         0.0             -0.01           0.01           
[2026-01-21 12:41:41.539] [debug] 66  pf_rot_r          0.0             -0.01           0.01           
[2026-01-21 12:41:41.539] [debug] 67  pf_tilt_r         0.0             -0.01           0.01           
[2026-01-21 12:41:41.539] [debug] 68  pf_tx_r           0.0             -0.00500000     0.00500000     
[2026-01-21 12:41:41.539] [debug] 69  pf_ty_r           0.0             -0.00500000     0.00500000     
[2026-01-21 12:41:41.539] [debug] 70  pf_tz_r           0.0             -0.00500000     0.00500000     
[2026-01-21 12:41:42.302] [debug] Num Parameters: 71
[2026-01-21 12:41:42.302] [debug] Num Constraints: 16
[2026-01-21 12:41:42.302] [debug] Num Actuators: 60
[2026-01-21 12:41:42.302] [debug] Num Coordinates: 52
[2026-01-21 12:41:42.302] [debug] Num Secondary Coordinates: 11
[2026-01-21 12:41:42.302] [debug] Num Primary Coordinates: 5
[2026-01-21 12:41:42.552] [debug] Optimized Muscles:
[2026-01-21 12:41:42.552] [debug] name                 activation           force               
[2026-01-21 12:41:42.553] [debug] addbrev_r            0.0108861            3.30611             
[2026-01-21 12:41:42.553] [debug] addlong_r            0.0104265            4.16537             
[2026-01-21 12:41:42.553] [debug] addmagProx_r         0.0115475            3.74372             
[2026-01-21 12:41:42.553] [debug] addmagMid_r          0.0220709            7.1554              
[2026-01-21 12:41:42.553] [debug] addmagDist_r         0.0405112            13.1337             
[2026-01-21 12:41:42.553] [debug] addmagIsch_r         0.0600880            19.4805             
[2026-01-21 12:41:42.553] [debug] bflh_r               0.25744              181.547             
[2026-01-21 12:41:42.553] [debug] bfsh_r               0.0100566            6.35174             
[2026-01-21 12:41:42.553] [debug] edl_r                0.116361             40.1912             
[2026-01-21 12:41:42.553] [debug] ehl_r                0.122118             20.1495             
[2026-01-21 12:41:42.553] [debug] fdl_r                0.0126855            3.48091             
[2026-01-21 12:41:42.553] [debug] fhl_r                0.0109189            4.76938             
[2026-01-21 12:41:42.553] [debug] gaslat_r             0.0100289            6.08154             
[2026-01-21 12:41:42.553] [debug] gasmed_r             0.0100141            13.0984             
[2026-01-21 12:41:42.553] [debug] gem_r                0.110271             24.0391             
[2026-01-21 12:41:42.553] [debug] glmax1_r             0.0426928            46.6291             
[2026-01-21 12:41:42.553] [debug] glmax2_r             0.0487988            76.175              
[2026-01-21 12:41:42.553] [debug] glmax3_r             0.0602045            63.7084             
[2026-01-21 12:41:42.553] [debug] glmed1_r             0.0114632            20.2004             
[2026-01-21 12:41:42.553] [debug] glmed2_r             0.0421924            43.5848             
[2026-01-21 12:41:42.553] [debug] glmed3_r             0.0616605            86.5714             
[2026-01-21 12:41:42.553] [debug] glmin1_r             0.0113177            8.14874             
[2026-01-21 12:41:42.553] [debug] glmin2_r             0.0149329            11.349              
[2026-01-21 12:41:42.553] [debug] glmin3_r             0.0506669            43.5736             
[2026-01-21 12:41:42.553] [debug] grac_r               0.0208196            2.85854             
[2026-01-21 12:41:42.553] [debug] iliacus_r            0.0100767            25.0667             
[2026-01-21 12:41:42.553] [debug] pect_r               0.0114148            2.02042             
[2026-01-21 12:41:42.553] [debug] perbrev_r            0.0128421            3.92841             
[2026-01-21 12:41:42.553] [debug] perlong_r            0.0108265            7.07293             
[2026-01-21 12:41:42.553] [debug] pertert_r            0.0647118            5.82406             
[2026-01-21 12:41:42.553] [debug] piri_r               0.100875             29.8591             
[2026-01-21 12:41:42.553] [debug] psoas_r              0.0101267            19.4028             
[2026-01-21 12:41:42.553] [debug] quadfem_r            0.101292             51.4566             
[2026-01-21 12:41:42.553] [debug] recfem_r             0.0100115            8.49775             
[2026-01-21 12:41:42.553] [debug] sart_r               0.0101550            1.15259             
[2026-01-21 12:41:42.553] [debug] semimem_r            0.315182             366.462             
[2026-01-21 12:41:42.553] [debug] semiten_r            0.150264             45.3647             
[2026-01-21 12:41:42.553] [debug] soleus_r             0.0100367            35.9907             
[2026-01-21 12:41:42.553] [debug] tfl_r                0.0102301            1.58566             
[2026-01-21 12:41:42.553] [debug] tibant_r             0.142071             95.7133             
[2026-01-21 12:41:42.553] [debug] tibpost_r            0.0107788            9.76132             
[2026-01-21 12:41:42.553] [debug] vasint_r             0.0100106            10.2528             
[2026-01-21 12:41:42.553] [debug] vaslat_r             0.0100051            22.5654             
[2026-01-21 12:41:42.553] [debug] vasmed_r             0.0100076            14.448              
[2026-01-21 12:41:42.553] [debug] Optimized Non Muscle Actuators:
[2026-01-21 12:41:42.553] [debug] name                 activation           force               
[2026-01-21 12:41:42.553] [debug] pelvis_tilt_reserve  -4.96553e-07         -4.96553e-07        
[2026-01-21 12:41:42.553] [debug] pelvis_list_reserve  -1.49879e-08         -1.49879e-08        
[2026-01-21 12:41:42.553] [debug] pelvis_rot_reserve   -1.96602e-07         -1.96602e-07        
[2026-01-21 12:41:42.553] [debug] pelvis_tx_reserve    1.23576e-07          1.23576e-07         
[2026-01-21 12:41:42.553] [debug] pelvis_ty_reserve    1.65236e-08          1.65236e-08         
[2026-01-21 12:41:42.553] [debug] pelvis_tz_reserve    6.87216e-08          6.87216e-08         
[2026-01-21 12:41:42.553] [debug] hip_flex_r_reserve   -1.3239e-07          -1.3239e-07         
[2026-01-21 12:41:42.553] [debug] hip_add_r_reserve    -4.32903e-07         -4.32903e-07        
[2026-01-21 12:41:42.553] [debug] hip_rot_r_reserve    -1.00352e-09         -1.00352e-09        
[2026-01-21 12:41:42.553] [debug] pf_flex_r_reserve    1.03434e-06          1.03434e-06         
[2026-01-21 12:41:42.553] [debug] pf_rot_r_reserve     3.30889e-07          3.30889e-07         
[2026-01-21 12:41:42.553] [debug] pf_tilt_r_reserve    -3.54574e-07         -3.54574e-07        
[2026-01-21 12:41:42.553] [debug] pf_tx_r_reserve      -5.49957e-07         -5.49957e-07        
[2026-01-21 12:41:42.553] [debug] pf_ty_r_reserve      -3.72711e-08         -3.72711e-08        
[2026-01-21 12:41:42.553] [debug] pf_tz_r_reserve      -1.12638e-08         -1.12638e-08        
[2026-01-21 12:41:42.553] [debug] knee_flex_r_reserve  8.06781e-07          8.06781e-07         
[2026-01-21 12:41:42.553] [debug] Optimized Secondardy Coordinates:
[2026-01-21 12:41:42.553] [debug] name                 value               
[2026-01-21 12:41:42.553] [debug] 0.0189305            -0.00167944         
[2026-01-21 12:41:42.553] [debug] 0.0293611            -0.000399980        
[2026-01-21 12:41:42.553] [debug] 0.00186111           -0.000853544        
[2026-01-21 12:41:42.553] [debug] 0.00157187           -0.000308352        
[2026-01-21 12:41:42.553] [debug] -0.00109845          -7.10849e-05        
[2026-01-21 12:41:42.553] [debug] 0.212035             0.000199790         
[2026-01-21 12:41:42.553] [debug] 0.0144369            -6.30282e-05        
[2026-01-21 12:41:42.553] [debug] -0.0136412           0.000214114         
[2026-01-21 12:41:42.553] [debug] 0.0509151            -0.000273285        
[2026-01-21 12:41:42.553] [debug] -0.00555573          -0.000838667        
[2026-01-21 12:41:42.553] [debug] 0.00443856           2.91941e-05         
[2026-01-21 12:41:42.554] [debug] 
Blankevoort1991Ligaments:
[2026-01-21 12:41:42.554] [debug] Name                 Total_Force Spring_Force Damping_Force Lengths    Strains   
[2026-01-21 12:41:42.554] [debug] MCLd1                0.0        0.0        0.0        0.0286653  -0.0677957
[2026-01-21 12:41:42.554] [debug] MCLd2                0.0        0.0        0.0        0.0292931  -0.103590 
[2026-01-21 12:41:42.554] [debug] MCLd3                0.0        0.0        0.0        0.0352205  -0.0512069
[2026-01-21 12:41:42.554] [debug] MCLd4                0.0        0.0        0.0        0.0319378  -0.0393013
[2026-01-21 12:41:42.554] [debug] MCLd5                0.0        0.0        0.0        0.0354953  -0.047869 
[2026-01-21 12:41:42.554] [debug] MCLs1                1.91668    1.91668    0.0        0.0738709  0.0214477 
[2026-01-21 12:41:42.554] [debug] MCLs2                3.51903    3.51903    0.0        0.0924079  0.0290615 
[2026-01-21 12:41:42.554] [debug] MCLs3                0.0647249  0.0647249  0.0        0.0716385  0.00394132
[2026-01-21 12:41:42.554] [debug] MCLs4                0.494486   0.494486   0.0        0.0831654  0.0108939 
[2026-01-21 12:41:42.554] [debug] MCLs5                2.22126    2.22126    0.0        0.0799417  0.0230890 
[2026-01-21 12:41:42.554] [debug] MCLs6                0.833291   0.833291   0.0        0.0751566  0.0141418 
[2026-01-21 12:41:42.554] [debug] ACLpl1               0.0        0.0        0.0        0.0248011  -0.0122668
[2026-01-21 12:41:42.554] [debug] ACLpl2               0.0        0.0        0.0        0.0216579  -0.0579396
[2026-01-21 12:41:42.554] [debug] ACLpl3               0.0        0.0        0.0        0.0258452  -0.0746306
[2026-01-21 12:41:42.554] [debug] ACLpl4               0.0        0.0        0.0        0.0212202  -0.162685 
[2026-01-21 12:41:42.554] [debug] ACLpl5               0.0        0.0        0.0        0.0230494  -0.0576926
[2026-01-21 12:41:42.554] [debug] ACLpl6               0.0        0.0        0.0        0.0230201  -0.0831219
[2026-01-21 12:41:42.554] [debug] ACLam1               0.0        0.0        0.0        0.029646   -0.132421 
[2026-01-21 12:41:42.554] [debug] ACLam2               0.0        0.0        0.0        0.0280196  -0.0644090
[2026-01-21 12:41:42.554] [debug] ACLam3               0.0        0.0        0.0        0.0275197  -0.0898414
[2026-01-21 12:41:42.554] [debug] ACLam4               0.0        0.0        0.0        0.0298116  -0.137957 
[2026-01-21 12:41:42.554] [debug] ACLam5               0.0        0.0        0.0        0.0291764  -0.137356 
[2026-01-21 12:41:42.554] [debug] ACLam6               0.0        0.0        0.0        0.029354   -0.126053 
[2026-01-21 12:41:42.554] [debug] PCLal1               0.0        0.0        0.0        0.0331323  -0.0312019
[2026-01-21 12:41:42.554] [debug] PCLal2               0.0        0.0        0.0        0.0277103  -0.113217 
[2026-01-21 12:41:42.554] [debug] PCLal3               0.0        0.0        0.0        0.0319588  -0.0181251
[2026-01-21 12:41:42.554] [debug] PCLal4               0.0        0.0        0.0        0.0313206  -0.0634204
[2026-01-21 12:41:42.554] [debug] PCLal5               0.0        0.0        0.0        0.0316933  -0.0508619
[2026-01-21 12:41:42.554] [debug] PCLpm1               0.0        0.0        0.0        0.0319907  -0.0683656
[2026-01-21 12:41:42.554] [debug] PCLpm2               0.0        0.0        0.0        0.0310513  -0.130850 
[2026-01-21 12:41:42.554] [debug] PCLpm3               0.0        0.0        0.0        0.0271124  -0.113987 
[2026-01-21 12:41:42.554] [debug] PCLpm4               0.0        0.0        0.0        0.0351388  -0.113808 
[2026-01-21 12:41:42.554] [debug] PCLpm5               0.0        0.0        0.0        0.0315665  -0.100597 
[2026-01-21 12:41:42.554] [debug] LCL1                 0.181063   0.180755   0.000307488 0.0494605  0.00601257
[2026-01-21 12:41:42.554] [debug] LCL2                 0.1869     0.18681    9.01962e-05 0.0560453  0.00611245
[2026-01-21 12:41:42.554] [debug] LCL3                 1.40143    1.40100    0.000434777 0.0541888  0.0167392 
[2026-01-21 12:41:42.554] [debug] LCL4                 1.88511    1.88499    0.000117985 0.0592935  0.0194164 
[2026-01-21 12:41:42.554] [debug] PT1                  16.2669    16.2604    0.00654841 0.047985   0.0255032 
[2026-01-21 12:41:42.554] [debug] PT2                  11.0569    11.0511    0.00582326 0.0505740  0.0210248 
[2026-01-21 12:41:42.554] [debug] PT3                  1.79572    1.78995    0.00577098 0.0523181  0.00846156
[2026-01-21 12:41:42.554] [debug] PT4                  4.35751    4.3489     0.00860365 0.0411853  0.0131892 
[2026-01-21 12:41:42.554] [debug] PT5                  1.58675    1.58036    0.00639379 0.0463060  0.00795074
[2026-01-21 12:41:42.554] [debug] PT6                  13.9879    13.9808    0.00711946 0.0478422  0.0236481 
[2026-01-21 12:41:42.554] [debug] lPFL1                0.0        0.0        0.0        0.0340480  -0.00259608
[2026-01-21 12:41:42.554] [debug] lPFL2                0.0        0.0        0.0        0.0322839  -0.117668 
[2026-01-21 12:41:42.554] [debug] lPFL3                0.0        0.0        0.0        0.0331679  -0.0167366
[2026-01-21 12:41:42.554] [debug] lPFL4                0.0        0.0        0.0        0.0299656  -0.0898683
[2026-01-21 12:41:42.554] [debug] lPFL5                0.0        0.0        0.0        0.0327462  -0.00541437
[2026-01-21 12:41:42.554] [debug] lPFL6                0.0        0.0        0.0        0.0327343  -0.0126794
[2026-01-21 12:41:42.554] [debug] lPFL7                0.0        0.0        0.0        0.0306290  -0.0846364
[2026-01-21 12:41:42.554] [debug] lPFL8                0.0        0.0        0.0        0.0303134  -0.0981435
[2026-01-21 12:41:42.554] [debug] mPFL1                0.0        0.0        0.0        0.0466788  -0.0105346
[2026-01-21 12:41:42.554] [debug] mPFL2                0.465707   0.464555   0.00115272 0.0498318  0.0192781 
[2026-01-21 12:41:42.554] [debug] mPFL3                1.20066    1.19987    0.000791567 0.0494637  0.0309822 
[2026-01-21 12:41:42.554] [debug] mPFL4                0.0        0.0        0.0        0.0442017  -0.0272927
[2026-01-21 12:41:42.554] [debug] mPFL5                0.0259561  0.0256264  0.000329704 0.0460325  0.00452782
[2026-01-21 12:41:42.555] [debug] mPFL6                1.11747    1.1164     0.00107283 0.0479962  0.0298851 
[2026-01-21 12:41:42.555] [debug] MCLp1                0.0        0.0        0.0        0.0269396  -0.0788155
[2026-01-21 12:41:42.555] [debug] MCLp2                0.0        0.0        0.0        0.0281287  -0.0597757
[2026-01-21 12:41:42.555] [debug] MCLp3                0.0        0.0        0.0        0.0269053  -0.0926294
[2026-01-21 12:41:42.555] [debug] MCLp4                0.0        0.0        0.0        0.0272045  -0.109007 
[2026-01-21 12:41:42.555] [debug] MCLp5                0.0        0.0        0.0        0.0273356  -0.0605650
[2026-01-21 12:41:42.555] [debug] PFL1                 0.0        0.0        0.0        0.0416494  -0.0486351
[2026-01-21 12:41:42.555] [debug] PFL2                 0.0        0.0        0.0        0.0374701  -0.152904 
[2026-01-21 12:41:42.555] [debug] PFL3                 0.0        0.0        0.0        0.0465617  -0.0522852
[2026-01-21 12:41:42.555] [debug] PFL4                 0.0        0.0        0.0        0.0421887  -0.150118 
[2026-01-21 12:41:42.555] [debug] PFL5                 0.0        0.0        0.0        0.0411272  -0.126423 
[2026-01-21 12:41:42.555] [debug] pCAP1                0.0        0.0        0.0        0.0464545  -0.122823 
[2026-01-21 12:41:42.555] [debug] pCAP2                0.0        0.0        0.0        0.0494423  -0.0937522
[2026-01-21 12:41:42.555] [debug] pCAP3                0.0        0.0        0.0        0.0651793  -0.0568507
[2026-01-21 12:41:42.555] [debug] pCAP4                0.0        0.0        0.0        0.0611926  -0.0591928
[2026-01-21 12:41:42.555] [debug] pCAP5                0.0        0.0        0.0        0.0465125  -0.120916 
[2026-01-21 12:41:42.555] [debug] pCAP6                0.0        0.0        0.0        0.0493807  -0.0956921
[2026-01-21 12:41:42.555] [debug] pCAP7                0.0        0.0        0.0        0.046571   -0.119011 
[2026-01-21 12:41:42.555] [debug] pCAP8                0.0        0.0        0.0        0.0493205  -0.0976324
[2026-01-21 12:41:42.555] [debug] ITB1                 61.3391    61.3391    0.0        0.549643   0.0271306 
[2026-01-21 12:41:42.555] [debug] Smith2018ArticularContactForce: casting_mesh
[2026-01-21 12:41:42.555] [debug] Name                 Num_Contacting_Tri Contact_Force Contact_Moment Mean Pressure Max Pressure Mean Proximity Max Proximity
[2026-01-21 12:41:42.563] [debug] tf_contact           1829       ~[122.764,-1059.59,51.1911] ~[-1.05294,0.829725,1.23106] 2.52747e+06 4.98643e+06 0.000620872 0.00133514
[2026-01-21 12:41:42.568] [debug] pf_contact           496        ~[41.9995,-7.0283,-9.00165] ~[-0.0195932,-0.113905,-0.0170297] 395853.    1.31656e+06 0.000127975 0.000424246
[2026-01-21 12:41:42.568] [info] Optimized Acceleration Errors:
[2026-01-21 12:41:42.568] [info] Name                 Experimental         Simulated            Error               
[2026-01-21 12:41:42.568] [info] hip_flex_r           -7.3516              12.494               19.8456             
[2026-01-21 12:41:42.568] [info] hip_add_r            3.21236              5.41458              2.20222             
[2026-01-21 12:41:42.568] [info] hip_rot_r            1.13418              -0.902402            2.03658             
[2026-01-21 12:41:42.568] [info] pf_flex_r            0.0                  155.669              155.669             
[2026-01-21 12:41:42.568] [info] pf_rot_r             0.0                  159.297              159.297             
[2026-01-21 12:41:42.568] [info] pf_tilt_r            0.0                  -3.89739             3.89739             
[2026-01-21 12:41:42.568] [info] pf_tx_r              0.0                  -12.3852             12.3852             
[2026-01-21 12:41:42.568] [info] pf_ty_r              0.0                  -0.402123            0.402123            
[2026-01-21 12:41:42.568] [info] pf_tz_r              0.0                  3.25917              3.25917             
[2026-01-21 12:41:42.568] [info] knee_flex_r          -2.05701             60.3578              62.4148             
[2026-01-21 12:41:42.568] [info] knee_add_r           0.0                  6.30260              6.30260             
[2026-01-21 12:41:42.568] [info] knee_rot_r           0.0                  34.7932              34.7932             
[2026-01-21 12:41:42.568] [info] knee_tx_r            0.0                  -2.7489              2.7489              
[2026-01-21 12:41:42.569] [info] knee_ty_r            0.0                  -31.0964             31.0964             
[2026-01-21 12:41:42.569] [info] knee_tz_r            0.0                  5.55358              5.55358             
[2026-01-21 12:41:42.569] [info] ankle_flex_r         7.74722              269.736              261.988             
[2026-01-21 12:41:42.569] [info] Max udot Error: 261.988 	 Max Error Coord: ankle_flex_r
[2026-01-21 12:41:42.569] [info] ------------------------------------------------------------------------------
[2026-01-21 12:41:42.569] [info] Frame: 1 	 Time: 6.65 	 Iteration: 3
[2026-01-21 12:41:42.569] [info] ------------------------------------------------------------------------------
[2026-01-21 12:41:42.573] [debug] Parameter Limits:    initial value   lower bound     upper bound    ,
[2026-01-21 12:41:42.573] [debug] ------------------------------------------
[2026-01-21 12:41:42.573] [debug] 0   addbrev_r         0.0108861       0.01            1.0            
[2026-01-21 12:41:42.573] [debug] 1   addlong_r         0.0104265       0.01            1.0            
[2026-01-21 12:41:42.573] [debug] 2   addmagProx_r      0.0115475       0.01            1.0            
[2026-01-21 12:41:42.573] [debug] 3   addmagMid_r       0.0220709       0.01            1.0            
[2026-01-21 12:41:42.573] [debug] 4   addmagDist_r      0.0405112       0.01            1.0            
[2026-01-21 12:41:42.573] [debug] 5   addmagIsch_r      0.0600880       0.01            1.0            
[2026-01-21 12:41:42.573] [debug] 6   bflh_r            0.25744         0.01            1.0            
[2026-01-21 12:41:42.573] [debug] 7   bfsh_r            0.0100566       0.01            1.0            
[2026-01-21 12:41:42.573] [debug] 8   edl_r             0.116361        0.01            1.0            
[2026-01-21 12:41:42.573] [debug] 9   ehl_r             0.122118        0.01            1.0            
[2026-01-21 12:41:42.573] [debug] 10  fdl_r             0.0126855       0.01            1.0            
[2026-01-21 12:41:42.573] [debug] 11  fhl_r             0.0109189       0.01            1.0            
[2026-01-21 12:41:42.573] [debug] 12  gaslat_r          0.0100289       0.01            1.0            
[2026-01-21 12:41:42.573] [debug] 13  gasmed_r          0.0100141       0.01            1.0            
[2026-01-21 12:41:42.573] [debug] 14  gem_r             0.110271        0.01            1.0            
[2026-01-21 12:41:42.573] [debug] 15  glmax1_r          0.0426928       0.01            1.0            
[2026-01-21 12:41:42.573] [debug] 16  glmax2_r          0.0487988       0.01            1.0            
[2026-01-21 12:41:42.573] [debug] 17  glmax3_r          0.0602045       0.01            1.0            
[2026-01-21 12:41:42.573] [debug] 18  glmed1_r          0.0114632       0.01            1.0            
[2026-01-21 12:41:42.573] [debug] 19  glmed2_r          0.0421924       0.01            1.0            
[2026-01-21 12:41:42.573] [debug] 20  glmed3_r          0.0616605       0.01            1.0            
[2026-01-21 12:41:42.573] [debug] 21  glmin1_r          0.0113177       0.01            1.0            
[2026-01-21 12:41:42.573] [debug] 22  glmin2_r          0.0149329       0.01            1.0            
[2026-01-21 12:41:42.573] [debug] 23  glmin3_r          0.0506669       0.01            1.0            
[2026-01-21 12:41:42.573] [debug] 24  grac_r            0.0208196       0.01            1.0            
[2026-01-21 12:41:42.573] [debug] 25  iliacus_r         0.0100767       0.01            1.0            
[2026-01-21 12:41:42.573] [debug] 26  pect_r            0.0114148       0.01            1.0            
[2026-01-21 12:41:42.573] [debug] 27  perbrev_r         0.0128421       0.01            1.0            
[2026-01-21 12:41:42.573] [debug] 28  perlong_r         0.0108265       0.01            1.0            
[2026-01-21 12:41:42.573] [debug] 29  pertert_r         0.0647118       0.01            1.0            
[2026-01-21 12:41:42.573] [debug] 30  piri_r            0.100875        0.01            1.0            
[2026-01-21 12:41:42.573] [debug] 31  psoas_r           0.0101267       0.01            1.0            
[2026-01-21 12:41:42.573] [debug] 32  quadfem_r         0.101292        0.01            1.0            
[2026-01-21 12:41:42.573] [debug] 33  recfem_r          0.0100115       0.01            1.0            
[2026-01-21 12:41:42.573] [debug] 34  sart_r            0.0101550       0.01            1.0            
[2026-01-21 12:41:42.573] [debug] 35  semimem_r         0.315182        0.01            1.0            
[2026-01-21 12:41:42.573] [debug] 36  semiten_r         0.150264        0.01            1.0            
[2026-01-21 12:41:42.573] [debug] 37  soleus_r          0.0100367       0.01            1.0            
[2026-01-21 12:41:42.573] [debug] 38  tfl_r             0.0102301       0.01            1.0            
[2026-01-21 12:41:42.573] [debug] 39  tibant_r          0.142071        0.01            1.0            
[2026-01-21 12:41:42.573] [debug] 40  tibpost_r         0.0107788       0.01            1.0            
[2026-01-21 12:41:42.573] [debug] 41  vasint_r          0.0100106       0.01            1.0            
[2026-01-21 12:41:42.573] [debug] 42  vaslat_r          0.0100051       0.01            1.0            
[2026-01-21 12:41:42.573] [debug] 43  vasmed_r          0.0100076       0.01            1.0            
[2026-01-21 12:41:42.573] [debug] 44  pelvis_tilt_reserve 0.0             -1000.0         1000.0         
[2026-01-21 12:41:42.573] [debug] 45  pelvis_list_reserve 0.0             -1000.0         1000.0         
[2026-01-21 12:41:42.573] [debug] 46  pelvis_rot_reserve 0.0             -1000.0         1000.0         
[2026-01-21 12:41:42.573] [debug] 47  pelvis_tx_reserve 0.0             -1000.0         1000.0         
[2026-01-21 12:41:42.573] [debug] 48  pelvis_ty_reserve 0.0             -1000.0         1000.0         
[2026-01-21 12:41:42.573] [debug] 49  pelvis_tz_reserve 0.0             -1000.0         1000.0         
[2026-01-21 12:41:42.574] [debug] 50  hip_flex_r_reserve 0.0             -1000.0         1000.0         
[2026-01-21 12:41:42.574] [debug] 51  hip_add_r_reserve 0.0             -1000.0         1000.0         
[2026-01-21 12:41:42.574] [debug] 52  hip_rot_r_reserve 0.0             -1000.0         1000.0         
[2026-01-21 12:41:42.574] [debug] 53  pf_flex_r_reserve 0.0             -1000.0         1000.0         
[2026-01-21 12:41:42.574] [debug] 54  pf_rot_r_reserve  0.0             -1000.0         1000.0         
[2026-01-21 12:41:42.574] [debug] 55  pf_tilt_r_reserve 0.0             -1000.0         1000.0         
[2026-01-21 12:41:42.574] [debug] 56  pf_tx_r_reserve   0.0             -1000.0         1000.0         
[2026-01-21 12:41:42.574] [debug] 57  pf_ty_r_reserve   0.0             -1000.0         1000.0         
[2026-01-21 12:41:42.574] [debug] 58  pf_tz_r_reserve   0.0             -1000.0         1000.0         
[2026-01-21 12:41:42.574] [debug] 59  knee_flex_r_reserve 0.0             -1000.0         1000.0         
[2026-01-21 12:41:42.574] [debug] 60  knee_add_r        0.0             -0.01           0.01           
[2026-01-21 12:41:42.574] [debug] 61  knee_rot_r        0.0             -0.01           0.01           
[2026-01-21 12:41:42.574] [debug] 62  knee_tx_r         0.0             -0.05           0.05           
[2026-01-21 12:41:42.574] [debug] 63  knee_ty_r         0.0             -0.05           0.05           
[2026-01-21 12:41:42.574] [debug] 64  knee_tz_r         0.0             -0.05           0.05           
[2026-01-21 12:41:42.574] [debug] 65  pf_flex_r         0.0             -0.01           0.01           
[2026-01-21 12:41:42.574] [debug] 66  pf_rot_r          0.0             -0.01           0.01           
[2026-01-21 12:41:42.574] [debug] 67  pf_tilt_r         0.0             -0.01           0.01           
[2026-01-21 12:41:42.574] [debug] 68  pf_tx_r           0.0             -0.00500000     0.00500000     
[2026-01-21 12:41:42.574] [debug] 69  pf_ty_r           0.0             -0.00500000     0.00500000     
[2026-01-21 12:41:42.574] [debug] 70  pf_tz_r           0.0             -0.00500000     0.00500000     
[2026-01-21 12:41:43.300] [debug] Num Parameters: 71
[2026-01-21 12:41:43.300] [debug] Num Constraints: 16
[2026-01-21 12:41:43.300] [debug] Num Actuators: 60
[2026-01-21 12:41:43.301] [debug] Num Coordinates: 52
[2026-01-21 12:41:43.301] [debug] Num Secondary Coordinates: 11
[2026-01-21 12:41:43.301] [debug] Num Primary Coordinates: 5
[2026-01-21 12:41:43.529] [debug] Optimized Muscles:
[2026-01-21 12:41:43.529] [debug] name                 activation           force               
[2026-01-21 12:41:43.529] [debug] addbrev_r            0.0107955            3.27861             
[2026-01-21 12:41:43.529] [debug] addlong_r            0.0103935            4.15222             
[2026-01-21 12:41:43.529] [debug] addmagProx_r         0.0113387            3.67601             
[2026-01-21 12:41:43.529] [debug] addmagMid_r          0.0180829            5.86246             
[2026-01-21 12:41:43.529] [debug] addmagDist_r         0.0366039            11.867              
[2026-01-21 12:41:43.529] [debug] addmagIsch_r         0.0552447            17.9103             
[2026-01-21 12:41:43.529] [debug] bflh_r               0.251026             177.024             
[2026-01-21 12:41:43.529] [debug] bfsh_r               0.0101923            6.43748             
[2026-01-21 12:41:43.529] [debug] edl_r                0.116727             40.3176             
[2026-01-21 12:41:43.529] [debug] ehl_r                0.122537             20.2185             
[2026-01-21 12:41:43.529] [debug] fdl_r                0.012681             3.47967             
[2026-01-21 12:41:43.530] [debug] fhl_r                0.0109167            4.7684              
[2026-01-21 12:41:43.530] [debug] gaslat_r             0.0100597            6.10019             
[2026-01-21 12:41:43.530] [debug] gasmed_r             0.0100287            13.1176             
[2026-01-21 12:41:43.530] [debug] gem_r                0.122609             26.7287             
[2026-01-21 12:41:43.530] [debug] glmax1_r             0.0428683            46.8207             
[2026-01-21 12:41:43.530] [debug] glmax2_r             0.0486297            75.911              
[2026-01-21 12:41:43.530] [debug] glmax3_r             0.0574994            60.8459             
[2026-01-21 12:41:43.530] [debug] glmed1_r             0.011498             20.2617             
[2026-01-21 12:41:43.530] [debug] glmed2_r             0.0443716            45.8359             
[2026-01-21 12:41:43.530] [debug] glmed3_r             0.0651938            91.5321             
[2026-01-21 12:41:43.530] [debug] glmin1_r             0.0113729            8.18848             
[2026-01-21 12:41:43.530] [debug] glmin2_r             0.016356             12.4306             
[2026-01-21 12:41:43.530] [debug] glmin3_r             0.0566128            48.687              
[2026-01-21 12:41:43.530] [debug] grac_r               0.0361681            4.96589             
[2026-01-21 12:41:43.530] [debug] iliacus_r            0.0100773            25.0682             
[2026-01-21 12:41:43.530] [debug] pect_r               0.0113465            2.00833             
[2026-01-21 12:41:43.530] [debug] perbrev_r            0.012837             3.92684             
[2026-01-21 12:41:43.530] [debug] perlong_r            0.0108240            7.07135             
[2026-01-21 12:41:43.530] [debug] pertert_r            0.0649424            5.84481             
[2026-01-21 12:41:43.530] [debug] piri_r               0.110565             32.7274             
[2026-01-21 12:41:43.530] [debug] psoas_r              0.0101272            19.4037             
[2026-01-21 12:41:43.530] [debug] quadfem_r            0.101895             51.7628             
[2026-01-21 12:41:43.530] [debug] recfem_r             0.0100168            8.50226             
[2026-01-21 12:41:43.530] [debug] sart_r               0.0103345            1.17296             
[2026-01-21 12:41:43.530] [debug] semimem_r            0.331663             385.625             
[2026-01-21 12:41:43.530] [debug] semiten_r            0.156068             47.1168             
[2026-01-21 12:41:43.530] [debug] soleus_r             0.0100366            35.9903             
[2026-01-21 12:41:43.530] [debug] tfl_r                0.0102273            1.58523             
[2026-01-21 12:41:43.530] [debug] tibant_r             0.142499             96.0018             
[2026-01-21 12:41:43.530] [debug] tibpost_r            0.0107768            9.75947             
[2026-01-21 12:41:43.530] [debug] vasint_r             0.0100158            10.2582             
[2026-01-21 12:41:43.530] [debug] vaslat_r             0.0100076            22.5711             
[2026-01-21 12:41:43.530] [debug] vasmed_r             0.0100114            14.4535             
[2026-01-21 12:41:43.530] [debug] Optimized Non Muscle Actuators:
[2026-01-21 12:41:43.530] [debug] name                 activation           force               
[2026-01-21 12:41:43.530] [debug] pelvis_tilt_reserve  -4.83622e-07         -4.83622e-07        
[2026-01-21 12:41:43.530] [debug] pelvis_list_reserve  -4.81145e-08         -4.81145e-08        
[2026-01-21 12:41:43.530] [debug] pelvis_rot_reserve   -2.16469e-07         -2.16469e-07        
[2026-01-21 12:41:43.530] [debug] pelvis_tx_reserve    8.42504e-08          8.42504e-08         
[2026-01-21 12:41:43.530] [debug] pelvis_ty_reserve    1.67050e-08          1.67050e-08         
[2026-01-21 12:41:43.530] [debug] pelvis_tz_reserve    6.05767e-08          6.05767e-08         
[2026-01-21 12:41:43.530] [debug] hip_flex_r_reserve   -8.94437e-08         -8.94437e-08        
[2026-01-21 12:41:43.530] [debug] hip_add_r_reserve    -2.88626e-07         -2.88626e-07        
[2026-01-21 12:41:43.530] [debug] hip_rot_r_reserve    1.91848e-09          1.91848e-09         
[2026-01-21 12:41:43.530] [debug] pf_flex_r_reserve    2.42581e-06          2.42581e-06         
[2026-01-21 12:41:43.530] [debug] pf_rot_r_reserve     2.31967e-07          2.31967e-07         
[2026-01-21 12:41:43.530] [debug] pf_tilt_r_reserve    -8.35917e-08         -8.35917e-08        
[2026-01-21 12:41:43.530] [debug] pf_tx_r_reserve      -1.82391e-07         -1.82391e-07        
[2026-01-21 12:41:43.530] [debug] pf_ty_r_reserve      -5.67307e-08         -5.67307e-08        
[2026-01-21 12:41:43.530] [debug] pf_tz_r_reserve      -3.61516e-09         -3.61516e-09        
[2026-01-21 12:41:43.530] [debug] knee_flex_r_reserve  8.09516e-07          8.09516e-07         
[2026-01-21 12:41:43.530] [debug] Optimized Secondardy Coordinates:
[2026-01-21 12:41:43.530] [debug] name                 value               
[2026-01-21 12:41:43.530] [debug] 0.0193067            0.000376142         
[2026-01-21 12:41:43.530] [debug] 0.0299603            0.000599207         
[2026-01-21 12:41:43.530] [debug] 0.00179774           -6.33755e-05        
[2026-01-21 12:41:43.530] [debug] 0.00152090           -5.09689e-05        
[2026-01-21 12:41:43.530] [debug] -0.00106921          2.92326e-05         
[2026-01-21 12:41:43.530] [debug] 0.212069             3.37571e-05         
[2026-01-21 12:41:43.530] [debug] 0.0144703            3.33976e-05         
[2026-01-21 12:41:43.530] [debug] -0.0136022           3.89177e-05         
[2026-01-21 12:41:43.530] [debug] 0.0508779            -3.71887e-05        
[2026-01-21 12:41:43.530] [debug] -0.00563439          -7.86559e-05        
[2026-01-21 12:41:43.530] [debug] 0.00445203           1.34662e-05         
[2026-01-21 12:41:43.530] [debug] 
Blankevoort1991Ligaments:
[2026-01-21 12:41:43.530] [debug] Name                 Total_Force Spring_Force Damping_Force Lengths    Strains   
[2026-01-21 12:41:43.530] [debug] MCLd1                0.0        0.0        0.0        0.0287179  -0.0660835
[2026-01-21 12:41:43.530] [debug] MCLd2                0.0        0.0        0.0        0.0293438  -0.102036 
[2026-01-21 12:41:43.530] [debug] MCLd3                0.0        0.0        0.0        0.0352706  -0.0498581
[2026-01-21 12:41:43.530] [debug] MCLd4                0.0        0.0        0.0        0.0319889  -0.0377623
[2026-01-21 12:41:43.530] [debug] MCLd5                0.0        0.0        0.0        0.0355469  -0.0464845
[2026-01-21 12:41:43.530] [debug] MCLs1                2.02366    2.02366    0.0        0.0739136  0.0220381 
[2026-01-21 12:41:43.530] [debug] MCLs2                3.62608    3.62608    0.0        0.0924473  0.0295002 
[2026-01-21 12:41:43.531] [debug] MCLs3                0.0897926  0.0897926  0.0        0.0716886  0.00464222
[2026-01-21 12:41:43.531] [debug] MCLs4                0.548443   0.548443   0.0        0.0832131  0.0114729 
[2026-01-21 12:41:43.531] [debug] MCLs5                2.32963    2.32963    0.0        0.0799852  0.0236455 
[2026-01-21 12:41:43.531] [debug] MCLs6                0.908147   0.908147   0.0        0.0752027  0.0147633 
[2026-01-21 12:41:43.531] [debug] ACLpl1               0.0        0.0        0.0        0.024813   -0.0117941
[2026-01-21 12:41:43.531] [debug] ACLpl2               0.0        0.0        0.0        0.0216729  -0.0572859
[2026-01-21 12:41:43.531] [debug] ACLpl3               0.0        0.0        0.0        0.0258614  -0.0740501
[2026-01-21 12:41:43.531] [debug] ACLpl4               0.0        0.0        0.0        0.0212347  -0.162116 
[2026-01-21 12:41:43.531] [debug] ACLpl5               0.0        0.0        0.0        0.0230656  -0.0570317
[2026-01-21 12:41:43.531] [debug] ACLpl6               0.0        0.0        0.0        0.0230352  -0.0825214
[2026-01-21 12:41:43.531] [debug] ACLam1               0.0        0.0        0.0        0.0296603  -0.132004 
[2026-01-21 12:41:43.531] [debug] ACLam2               0.0        0.0        0.0        0.0280342  -0.0639213
[2026-01-21 12:41:43.531] [debug] ACLam3               0.0        0.0        0.0        0.0275365  -0.0892856
[2026-01-21 12:41:43.531] [debug] ACLam4               0.0        0.0        0.0        0.0298247  -0.137579 
[2026-01-21 12:41:43.531] [debug] ACLam5               0.0        0.0        0.0        0.0291908  -0.136931 
[2026-01-21 12:41:43.531] [debug] ACLam6               0.0        0.0        0.0        0.0293679  -0.125639 
[2026-01-21 12:41:43.531] [debug] PCLal1               0.0        0.0        0.0        0.0332169  -0.0287283
[2026-01-21 12:41:43.531] [debug] PCLal2               0.0        0.0        0.0        0.0277948  -0.110511 
[2026-01-21 12:41:43.531] [debug] PCLal3               0.0        0.0        0.0        0.0320438  -0.0155131
[2026-01-21 12:41:43.531] [debug] PCLal4               0.0        0.0        0.0        0.0314048  -0.0609048
[2026-01-21 12:41:43.531] [debug] PCLal5               0.0        0.0        0.0        0.0317782  -0.0483209
[2026-01-21 12:41:43.531] [debug] PCLpm1               0.0        0.0        0.0        0.0320749  -0.0659146
[2026-01-21 12:41:43.531] [debug] PCLpm2               0.0        0.0        0.0        0.0311349  -0.128508 
[2026-01-21 12:41:43.531] [debug] PCLpm3               0.0        0.0        0.0        0.0271962  -0.11125  
[2026-01-21 12:41:43.531] [debug] PCLpm4               0.0        0.0        0.0        0.0352226  -0.111694 
[2026-01-21 12:41:43.531] [debug] PCLpm5               0.0        0.0        0.0        0.0316504  -0.0982081
[2026-01-21 12:41:43.531] [debug] LCL1                 0.303034   0.302126   0.000908271 0.0495471  0.00777336
[2026-01-21 12:41:43.531] [debug] LCL2                 0.295477   0.294925   0.000552711 0.0561326  0.00768016
[2026-01-21 12:41:43.531] [debug] LCL3                 1.68807    1.68714    0.000929751 0.0542757  0.0183692 
[2026-01-21 12:41:43.531] [debug] LCL4                 2.18645    2.18588    0.000571379 0.0593803  0.0209087 
[2026-01-21 12:41:43.531] [debug] PT1                  16.1871    16.1806    0.00654013 0.0479821  0.0254406 
[2026-01-21 12:41:43.531] [debug] PT2                  10.8637    10.858     0.00578016 0.0505649  0.0208403 
[2026-01-21 12:41:43.531] [debug] PT3                  1.73869    1.73299    0.00569838 0.052311   0.00832584
[2026-01-21 12:41:43.531] [debug] PT4                  4.28566    4.27707    0.00858640 0.0411809  0.0130799 
[2026-01-21 12:41:43.531] [debug] PT5                  1.54778    1.54146    0.00632170 0.0463014  0.00785228
[2026-01-21 12:41:43.531] [debug] PT6                  13.8061    13.799     0.00708572 0.047835   0.0234939 
[2026-01-21 12:41:43.531] [debug] lPFL1                0.0        0.0        0.0        0.0340210  -0.00338648
[2026-01-21 12:41:43.531] [debug] lPFL2                0.0        0.0        0.0        0.0322855  -0.117625 
[2026-01-21 12:41:43.531] [debug] lPFL3                0.0        0.0        0.0        0.0331501  -0.017264 
[2026-01-21 12:41:43.531] [debug] lPFL4                0.0        0.0        0.0        0.029953   -0.0902533
[2026-01-21 12:41:43.531] [debug] lPFL5                0.0        0.0        0.0        0.0327263  -0.00602024
[2026-01-21 12:41:43.531] [debug] lPFL6                0.0        0.0        0.0        0.0327296  -0.0128222
[2026-01-21 12:41:43.531] [debug] lPFL7                0.0        0.0        0.0        0.0306106  -0.0851844
[2026-01-21 12:41:43.531] [debug] lPFL8                0.0        0.0        0.0        0.0303055  -0.0983772
[2026-01-21 12:41:43.531] [debug] mPFL1                0.0        0.0        0.0        0.0466762  -0.0105901
[2026-01-21 12:41:43.531] [debug] mPFL2                0.477892   0.476656   0.00123594 0.049844   0.0195275 
[2026-01-21 12:41:43.531] [debug] mPFL3                1.20455    1.20373    0.000815350 0.0494661  0.0310320 
[2026-01-21 12:41:43.531] [debug] mPFL4                0.0        0.0        0.0        0.0442067  -0.0271819
[2026-01-21 12:41:43.531] [debug] mPFL5                0.0264236  0.0260788  0.000344752 0.0460343  0.00456761
[2026-01-21 12:41:43.531] [debug] mPFL6                1.12921    1.12808    0.00112890 0.0480035  0.0300411 
[2026-01-21 12:41:43.531] [debug] MCLp1                0.0        0.0        0.0        0.0270218  -0.0760039
[2026-01-21 12:41:43.531] [debug] MCLp2                0.0        0.0        0.0        0.0282102  -0.0570518
[2026-01-21 12:41:43.531] [debug] MCLp3                0.0        0.0        0.0        0.0269864  -0.089892 
[2026-01-21 12:41:43.531] [debug] MCLp4                0.0        0.0        0.0        0.0272849  -0.106374 
[2026-01-21 12:41:43.531] [debug] MCLp5                0.0        0.0        0.0        0.0274172  -0.0577599
[2026-01-21 12:41:43.531] [debug] PFL1                 0.0        0.0        0.0        0.0417319  -0.0467514
[2026-01-21 12:41:43.531] [debug] PFL2                 0.0        0.0        0.0        0.0375509  -0.151078 
[2026-01-21 12:41:43.531] [debug] PFL3                 0.0        0.0        0.0        0.0466428  -0.0506353
[2026-01-21 12:41:43.531] [debug] PFL4                 0.0        0.0        0.0        0.0422701  -0.148477 
[2026-01-21 12:41:43.531] [debug] PFL5                 0.0        0.0        0.0        0.0412084  -0.124699 
[2026-01-21 12:41:43.531] [debug] pCAP1                0.0        0.0        0.0        0.0465109  -0.121758 
[2026-01-21 12:41:43.531] [debug] pCAP2                0.0        0.0        0.0        0.0495077  -0.0925535
[2026-01-21 12:41:43.531] [debug] pCAP3                0.0        0.0        0.0        0.0652468  -0.0558748
[2026-01-21 12:41:43.531] [debug] pCAP4                0.0        0.0        0.0        0.0612145  -0.0588569
[2026-01-21 12:41:43.531] [debug] pCAP5                0.0        0.0        0.0        0.0465706  -0.119818 
[2026-01-21 12:41:43.531] [debug] pCAP6                0.0        0.0        0.0        0.0494442  -0.0945291
[2026-01-21 12:41:43.531] [debug] pCAP7                0.0        0.0        0.0        0.0466308  -0.117881 
[2026-01-21 12:41:43.531] [debug] pCAP8                0.0        0.0        0.0        0.0493821  -0.0965051
[2026-01-21 12:41:43.531] [debug] ITB1                 61.9028    61.9028    0.0        0.54971    0.027255  
[2026-01-21 12:41:43.532] [debug] Smith2018ArticularContactForce: casting_mesh
[2026-01-21 12:41:43.532] [debug] Name                 Num_Contacting_Tri Contact_Force Contact_Moment Mean Pressure Max Pressure Mean Proximity Max Proximity
[2026-01-21 12:41:43.541] [debug] tf_contact           1752       ~[111.147,-956.186,46.3132] ~[-0.864442,0.7784,1.15627] 2.37976e+06 4.68318e+06 0.000589239 0.00126834
[2026-01-21 12:41:43.546] [debug] pf_contact           512        ~[44.5174,-7.54282,-9.60891] ~[-0.0212317,-0.122356,-0.0159023] 406669.    1.31033e+06 0.000131321 0.000422306
[2026-01-21 12:41:43.546] [info] Optimized Acceleration Errors:
[2026-01-21 12:41:43.546] [info] Name                 Experimental         Simulated            Error               
[2026-01-21 12:41:43.546] [info] hip_flex_r           -7.3516              -7.0692              0.282402            
[2026-01-21 12:41:43.546] [info] hip_add_r            3.21236              3.13746              0.0749030           
[2026-01-21 12:41:43.546] [info] hip_rot_r            1.13418              1.16329              0.0291091           
[2026-01-21 12:41:43.546] [info] pf_flex_r            0.0                  2.74618              2.74618             
[2026-01-21 12:41:43.546] [info] pf_rot_r             0.0                  -1.10181             1.10181             
[2026-01-21 12:41:43.546] [info] pf_tilt_r            0.0                  3.46172              3.46172             
[2026-01-21 12:41:43.546] [info] pf_tx_r              0.0                  -0.0371658           0.0371658           
[2026-01-21 12:41:43.546] [info] pf_ty_r              0.0                  -0.0617163           0.0617163           
[2026-01-21 12:41:43.546] [info] pf_tz_r              0.0                  -0.0301993           0.0301993           
[2026-01-21 12:41:43.546] [info] knee_flex_r          -2.05701             -1.00182             1.05519             
[2026-01-21 12:41:43.546] [info] knee_add_r           0.0                  0.153773             0.153773            
[2026-01-21 12:41:43.546] [info] knee_rot_r           0.0                  0.553015             0.553015            
[2026-01-21 12:41:43.546] [info] knee_tx_r            0.0                  -0.0388669           0.0388669           
[2026-01-21 12:41:43.546] [info] knee_ty_r            0.0                  -0.557413            0.557413            
[2026-01-21 12:41:43.546] [info] knee_tz_r            0.0                  0.0159464            0.0159464           
[2026-01-21 12:41:43.546] [info] ankle_flex_r         7.74722              12.4651              4.71792             
[2026-01-21 12:41:43.546] [info] Max udot Error: 4.71792 	 Max Error Coord: ankle_flex_r
[2026-01-21 12:41:43.547] [info] ------------------------------------------------------------------------------
[2026-01-21 12:41:43.547] [info] Frame: 1 	 Time: 6.65 	 Iteration: 4
[2026-01-21 12:41:43.547] [info] ------------------------------------------------------------------------------
[2026-01-21 12:41:43.551] [debug] Parameter Limits:    initial value   lower bound     upper bound    ,
[2026-01-21 12:41:43.551] [debug] ------------------------------------------
[2026-01-21 12:41:43.551] [debug] 0   addbrev_r         0.0107955       0.01            1.0            
[2026-01-21 12:41:43.551] [debug] 1   addlong_r         0.0103935       0.01            1.0            
[2026-01-21 12:41:43.551] [debug] 2   addmagProx_r      0.0113387       0.01            1.0            
[2026-01-21 12:41:43.551] [debug] 3   addmagMid_r       0.0180829       0.01            1.0            
[2026-01-21 12:41:43.551] [debug] 4   addmagDist_r      0.0366039       0.01            1.0            
[2026-01-21 12:41:43.551] [debug] 5   addmagIsch_r      0.0552447       0.01            1.0            
[2026-01-21 12:41:43.551] [debug] 6   bflh_r            0.251026        0.01            1.0            
[2026-01-21 12:41:43.551] [debug] 7   bfsh_r            0.0101923       0.01            1.0            
[2026-01-21 12:41:43.551] [debug] 8   edl_r             0.116727        0.01            1.0            
[2026-01-21 12:41:43.551] [debug] 9   ehl_r             0.122537        0.01            1.0            
[2026-01-21 12:41:43.551] [debug] 10  fdl_r             0.012681        0.01            1.0            
[2026-01-21 12:41:43.551] [debug] 11  fhl_r             0.0109167       0.01            1.0            
[2026-01-21 12:41:43.551] [debug] 12  gaslat_r          0.0100597       0.01            1.0            
[2026-01-21 12:41:43.551] [debug] 13  gasmed_r          0.0100287       0.01            1.0            
[2026-01-21 12:41:43.551] [debug] 14  gem_r             0.122609        0.01            1.0            
[2026-01-21 12:41:43.551] [debug] 15  glmax1_r          0.0428683       0.01            1.0            
[2026-01-21 12:41:43.551] [debug] 16  glmax2_r          0.0486297       0.01            1.0            
[2026-01-21 12:41:43.551] [debug] 17  glmax3_r          0.0574994       0.01            1.0            
[2026-01-21 12:41:43.551] [debug] 18  glmed1_r          0.011498        0.01            1.0            
[2026-01-21 12:41:43.551] [debug] 19  glmed2_r          0.0443716       0.01            1.0            
[2026-01-21 12:41:43.551] [debug] 20  glmed3_r          0.0651938       0.01            1.0            
[2026-01-21 12:41:43.551] [debug] 21  glmin1_r          0.0113729       0.01            1.0            
[2026-01-21 12:41:43.551] [debug] 22  glmin2_r          0.016356        0.01            1.0            
[2026-01-21 12:41:43.551] [debug] 23  glmin3_r          0.0566128       0.01            1.0            
[2026-01-21 12:41:43.551] [debug] 24  grac_r            0.0361681       0.01            1.0            
[2026-01-21 12:41:43.551] [debug] 25  iliacus_r         0.0100773       0.01            1.0            
[2026-01-21 12:41:43.551] [debug] 26  pect_r            0.0113465       0.01            1.0            
[2026-01-21 12:41:43.551] [debug] 27  perbrev_r         0.012837        0.01            1.0            
[2026-01-21 12:41:43.551] [debug] 28  perlong_r         0.0108240       0.01            1.0            
[2026-01-21 12:41:43.551] [debug] 29  pertert_r         0.0649424       0.01            1.0            
[2026-01-21 12:41:43.551] [debug] 30  piri_r            0.110565        0.01            1.0            
[2026-01-21 12:41:43.551] [debug] 31  psoas_r           0.0101272       0.01            1.0            
[2026-01-21 12:41:43.551] [debug] 32  quadfem_r         0.101895        0.01            1.0            
[2026-01-21 12:41:43.551] [debug] 33  recfem_r          0.0100168       0.01            1.0            
[2026-01-21 12:41:43.552] [debug] 34  sart_r            0.0103345       0.01            1.0            
[2026-01-21 12:41:43.552] [debug] 35  semimem_r         0.331663        0.01            1.0            
[2026-01-21 12:41:43.552] [debug] 36  semiten_r         0.156068        0.01            1.0            
[2026-01-21 12:41:43.552] [debug] 37  soleus_r          0.0100366       0.01            1.0            
[2026-01-21 12:41:43.552] [debug] 38  tfl_r             0.0102273       0.01            1.0            
[2026-01-21 12:41:43.552] [debug] 39  tibant_r          0.142499        0.01            1.0            
[2026-01-21 12:41:43.552] [debug] 40  tibpost_r         0.0107768       0.01            1.0            
[2026-01-21 12:41:43.552] [debug] 41  vasint_r          0.0100158       0.01            1.0            
[2026-01-21 12:41:43.552] [debug] 42  vaslat_r          0.0100076       0.01            1.0            
[2026-01-21 12:41:43.552] [debug] 43  vasmed_r          0.0100114       0.01            1.0            
[2026-01-21 12:41:43.552] [debug] 44  pelvis_tilt_reserve 0.0             -1000.0         1000.0         
[2026-01-21 12:41:43.552] [debug] 45  pelvis_list_reserve 0.0             -1000.0         1000.0         
[2026-01-21 12:41:43.552] [debug] 46  pelvis_rot_reserve 0.0             -1000.0         1000.0         
[2026-01-21 12:41:43.552] [debug] 47  pelvis_tx_reserve 0.0             -1000.0         1000.0         
[2026-01-21 12:41:43.552] [debug] 48  pelvis_ty_reserve 0.0             -1000.0         1000.0         
[2026-01-21 12:41:43.552] [debug] 49  pelvis_tz_reserve 0.0             -1000.0         1000.0         
[2026-01-21 12:41:43.552] [debug] 50  hip_flex_r_reserve 0.0             -1000.0         1000.0         
[2026-01-21 12:41:43.552] [debug] 51  hip_add_r_reserve 0.0             -1000.0         1000.0         
[2026-01-21 12:41:43.552] [debug] 52  hip_rot_r_reserve 0.0             -1000.0         1000.0         
[2026-01-21 12:41:43.552] [debug] 53  pf_flex_r_reserve 0.0             -1000.0         1000.0         
[2026-01-21 12:41:43.552] [debug] 54  pf_rot_r_reserve  0.0             -1000.0         1000.0         
[2026-01-21 12:41:43.552] [debug] 55  pf_tilt_r_reserve 0.0             -1000.0         1000.0         
[2026-01-21 12:41:43.552] [debug] 56  pf_tx_r_reserve   0.0             -1000.0         1000.0         
[2026-01-21 12:41:43.552] [debug] 57  pf_ty_r_reserve   0.0             -1000.0         1000.0         
[2026-01-21 12:41:43.552] [debug] 58  pf_tz_r_reserve   0.0             -1000.0         1000.0         
[2026-01-21 12:41:43.552] [debug] 59  knee_flex_r_reserve 0.0             -1000.0         1000.0         
[2026-01-21 12:41:43.552] [debug] 60  knee_add_r        0.0             -0.01           0.01           
[2026-01-21 12:41:43.552] [debug] 61  knee_rot_r        0.0             -0.01           0.01           
[2026-01-21 12:41:43.552] [debug] 62  knee_tx_r         0.0             -0.05           0.05           
[2026-01-21 12:41:43.552] [debug] 63  knee_ty_r         0.0             -0.05           0.05           
[2026-01-21 12:41:43.552] [debug] 64  knee_tz_r         0.0             -0.05           0.05           
[2026-01-21 12:41:43.552] [debug] 65  pf_flex_r         0.0             -0.01           0.01           
[2026-01-21 12:41:43.552] [debug] 66  pf_rot_r          0.0             -0.01           0.01           
[2026-01-21 12:41:43.552] [debug] 67  pf_tilt_r         0.0             -0.01           0.01           
[2026-01-21 12:41:43.552] [debug] 68  pf_tx_r           0.0             -0.00500000     0.00500000     
[2026-01-21 12:41:43.552] [debug] 69  pf_ty_r           0.0             -0.00500000     0.00500000     
[2026-01-21 12:41:43.552] [debug] 70  pf_tz_r           0.0             -0.00500000     0.00500000     
[2026-01-21 12:41:44.301] [debug] Num Parameters: 71
[2026-01-21 12:41:44.301] [debug] Num Constraints: 16
[2026-01-21 12:41:44.301] [debug] Num Actuators: 60
[2026-01-21 12:41:44.301] [debug] Num Coordinates: 52
[2026-01-21 12:41:44.301] [debug] Num Secondary Coordinates: 11
[2026-01-21 12:41:44.301] [debug] Num Primary Coordinates: 5
[2026-01-21 12:41:44.602] [debug] Optimized Muscles:
[2026-01-21 12:41:44.602] [debug] name                 activation           force               
[2026-01-21 12:41:44.602] [debug] addbrev_r            0.0108043            3.28126             
[2026-01-21 12:41:44.603] [debug] addlong_r            0.0103972            4.1537              
[2026-01-21 12:41:44.603] [debug] addmagProx_r         0.0113456            3.67826             
[2026-01-21 12:41:44.603] [debug] addmagMid_r          0.018588             6.02623             
[2026-01-21 12:41:44.603] [debug] addmagDist_r         0.0373005            12.0928             
[2026-01-21 12:41:44.603] [debug] addmagIsch_r         0.0563892            18.2814             
[2026-01-21 12:41:44.603] [debug] bflh_r               0.269376             189.964             
[2026-01-21 12:41:44.603] [debug] bfsh_r               0.0177464            11.2086             
[2026-01-21 12:41:44.603] [debug] edl_r                0.116741             40.3222             
[2026-01-21 12:41:44.603] [debug] ehl_r                0.12269              20.2438             
[2026-01-21 12:41:44.603] [debug] fdl_r                0.0126796            3.47929             
[2026-01-21 12:41:44.603] [debug] fhl_r                0.0109163            4.76825             
[2026-01-21 12:41:44.603] [debug] gaslat_r             0.0101014            6.12547             
[2026-01-21 12:41:44.603] [debug] gasmed_r             0.0100436            13.137              
[2026-01-21 12:41:44.603] [debug] gem_r                0.117533             25.6222             
[2026-01-21 12:41:44.603] [debug] glmax1_r             0.04322              47.2049             
[2026-01-21 12:41:44.603] [debug] glmax2_r             0.04889              76.3173             
[2026-01-21 12:41:44.603] [debug] glmax3_r             0.0580119            61.3882             
[2026-01-21 12:41:44.603] [debug] glmed1_r             0.0118997            20.9697             
[2026-01-21 12:41:44.603] [debug] glmed2_r             0.044833             46.3125             
[2026-01-21 12:41:44.603] [debug] glmed3_r             0.0645954            90.692              
[2026-01-21 12:41:44.603] [debug] glmin1_r             0.0114913            8.27371             
[2026-01-21 12:41:44.603] [debug] glmin2_r             0.0170700            12.9732             
[2026-01-21 12:41:44.603] [debug] glmin3_r             0.0569426            48.9706             
[2026-01-21 12:41:44.603] [debug] grac_r               0.0336208            4.61614             
[2026-01-21 12:41:44.603] [debug] iliacus_r            0.0100772            25.0679             
[2026-01-21 12:41:44.603] [debug] pect_r               0.0113504            2.00901             
[2026-01-21 12:41:44.603] [debug] perbrev_r            0.0128366            3.9267              
[2026-01-21 12:41:44.603] [debug] perlong_r            0.0108243            7.07151             
[2026-01-21 12:41:44.603] [debug] pertert_r            0.0648916            5.84025             
[2026-01-21 12:41:44.603] [debug] piri_r               0.108737             32.1861             
[2026-01-21 12:41:44.603] [debug] psoas_r              0.0101264            19.4023             
[2026-01-21 12:41:44.603] [debug] quadfem_r            0.100141             50.8714             
[2026-01-21 12:41:44.603] [debug] recfem_r             0.0100193            8.50436             
[2026-01-21 12:41:44.603] [debug] sart_r               0.0105216            1.1942              
[2026-01-21 12:41:44.603] [debug] semimem_r            0.318622             370.462             
[2026-01-21 12:41:44.603] [debug] semiten_r            0.153398             46.3108             
[2026-01-21 12:41:44.603] [debug] soleus_r             0.0100366            35.9903             
[2026-01-21 12:41:44.603] [debug] tfl_r                0.0102152            1.58336             
[2026-01-21 12:41:44.603] [debug] tibant_r             0.142569             96.0489             
[2026-01-21 12:41:44.603] [debug] tibpost_r            0.0107768            9.75944             
[2026-01-21 12:41:44.603] [debug] vasint_r             0.0100184            10.2608             
[2026-01-21 12:41:44.603] [debug] vaslat_r             0.0100088            22.5738             
[2026-01-21 12:41:44.603] [debug] vasmed_r             0.0100132            14.4561             
[2026-01-21 12:41:44.603] [debug] Optimized Non Muscle Actuators:
[2026-01-21 12:41:44.603] [debug] name                 activation           force               
[2026-01-21 12:41:44.603] [debug] pelvis_tilt_reserve  -4.85556e-07         -4.85556e-07        
[2026-01-21 12:41:44.603] [debug] pelvis_list_reserve  -3.59746e-08         -3.59746e-08        
[2026-01-21 12:41:44.603] [debug] pelvis_rot_reserve   -1.96035e-07         -1.96035e-07        
[2026-01-21 12:41:44.603] [debug] pelvis_tx_reserve    6.94992e-08          6.94992e-08         
[2026-01-21 12:41:44.603] [debug] pelvis_ty_reserve    2.63306e-08          2.63306e-08         
[2026-01-21 12:41:44.603] [debug] pelvis_tz_reserve    6.12816e-08          6.12816e-08         
[2026-01-21 12:41:44.603] [debug] hip_flex_r_reserve   -7.33994e-08         -7.33994e-08        
[2026-01-21 12:41:44.603] [debug] hip_add_r_reserve    -2.48341e-07         -2.48341e-07        
[2026-01-21 12:41:44.603] [debug] hip_rot_r_reserve    -1.52896e-09         -1.52896e-09        
[2026-01-21 12:41:44.603] [debug] pf_flex_r_reserve    3.2174e-06           3.2174e-06          
[2026-01-21 12:41:44.603] [debug] pf_rot_r_reserve     -5.57427e-09         -5.57427e-09        
[2026-01-21 12:41:44.603] [debug] pf_tilt_r_reserve    2.69247e-09          2.69247e-09         
[2026-01-21 12:41:44.603] [debug] pf_tx_r_reserve      -3.2866e-08          -3.2866e-08         
[2026-01-21 12:41:44.603] [debug] pf_ty_r_reserve      -7.64933e-08         -7.64933e-08        
[2026-01-21 12:41:44.603] [debug] pf_tz_r_reserve      -1.58236e-08         -1.58236e-08        
[2026-01-21 12:41:44.603] [debug] knee_flex_r_reserve  7.99221e-07          7.99221e-07         
[2026-01-21 12:41:44.603] [debug] Optimized Secondardy Coordinates:
[2026-01-21 12:41:44.603] [debug] name                 value               
[2026-01-21 12:41:44.603] [debug] 0.0186811            -0.000625547        
[2026-01-21 12:41:44.603] [debug] 0.029518             -0.000442250        
[2026-01-21 12:41:44.603] [debug] 0.00181563           1.7899e-05          
[2026-01-21 12:41:44.603] [debug] 0.00151506           -5.84158e-06        
[2026-01-21 12:41:44.603] [debug] -0.00111334          -4.41246e-05        
[2026-01-21 12:41:44.603] [debug] 0.212067             -1.72655e-06        
[2026-01-21 12:41:44.603] [debug] 0.0144586            -1.16604e-05        
[2026-01-21 12:41:44.603] [debug] -0.013598            4.20745e-06         
[2026-01-21 12:41:44.603] [debug] 0.0508820            4.03835e-06         
[2026-01-21 12:41:44.603] [debug] -0.00562423          1.01559e-05         
[2026-01-21 12:41:44.603] [debug] 0.00445158           -4.43455e-07        
[2026-01-21 12:41:44.603] [debug] 
Blankevoort1991Ligaments:
[2026-01-21 12:41:44.604] [debug] Name                 Total_Force Spring_Force Damping_Force Lengths    Strains   
[2026-01-21 12:41:44.604] [debug] MCLd1                0.0        0.0        0.0        0.0287365  -0.0654786
[2026-01-21 12:41:44.604] [debug] MCLd2                0.0        0.0        0.0        0.029363   -0.101449 
[2026-01-21 12:41:44.604] [debug] MCLd3                0.0        0.0        0.0        0.0352904  -0.0493259
[2026-01-21 12:41:44.604] [debug] MCLd4                0.0        0.0        0.0        0.0320081  -0.0371845
[2026-01-21 12:41:44.604] [debug] MCLd5                0.0        0.0        0.0        0.0355659  -0.0459746
[2026-01-21 12:41:44.604] [debug] MCLs1                2.07891    2.07891    0.0        0.0739352  0.0223369 
[2026-01-21 12:41:44.604] [debug] MCLs2                3.6899     3.6899     0.0        0.0924705  0.0297586 
[2026-01-21 12:41:44.604] [debug] MCLs3                0.101039   0.101039   0.0        0.0717087  0.00492436
[2026-01-21 12:41:44.604] [debug] MCLs4                0.572415   0.572415   0.0        0.0832335  0.0117209 
[2026-01-21 12:41:44.604] [debug] MCLs5                2.38493    2.38493    0.0        0.0800070  0.0239245 
[2026-01-21 12:41:44.604] [debug] MCLs6                0.943578   0.943578   0.0        0.0752238  0.0150485 
[2026-01-21 12:41:44.604] [debug] ACLpl1               0.0        0.0        0.0        0.0248355  -0.0108956
[2026-01-21 12:41:44.604] [debug] ACLpl2               0.0        0.0        0.0        0.0216896  -0.0565608
[2026-01-21 12:41:44.604] [debug] ACLpl3               0.0        0.0        0.0        0.0258793  -0.0734106
[2026-01-21 12:41:44.604] [debug] ACLpl4               0.0        0.0        0.0        0.021249   -0.16155  
[2026-01-21 12:41:44.604] [debug] ACLpl5               0.0        0.0        0.0        0.0230841  -0.0562738
[2026-01-21 12:41:44.604] [debug] ACLpl6               0.0        0.0        0.0        0.0230505  -0.0819132
[2026-01-21 12:41:44.604] [debug] ACLam1               0.0        0.0        0.0        0.0296841  -0.131307 
[2026-01-21 12:41:44.604] [debug] ACLam2               0.0        0.0        0.0        0.0280542  -0.0632554
[2026-01-21 12:41:44.604] [debug] ACLam3               0.0        0.0        0.0        0.0275601  -0.0885073
[2026-01-21 12:41:44.604] [debug] ACLam4               0.0        0.0        0.0        0.0298452  -0.136985 
[2026-01-21 12:41:44.604] [debug] ACLam5               0.0        0.0        0.0        0.0292134  -0.136262 
[2026-01-21 12:41:44.604] [debug] ACLam6               0.0        0.0        0.0        0.0293882  -0.125033 
[2026-01-21 12:41:44.604] [debug] PCLal1               0.0        0.0        0.0        0.033197   -0.0293112
[2026-01-21 12:41:44.604] [debug] PCLal2               0.0        0.0        0.0        0.0277761  -0.11111  
[2026-01-21 12:41:44.604] [debug] PCLal3               0.0        0.0        0.0        0.0320256  -0.0160700
[2026-01-21 12:41:44.604] [debug] PCLal4               0.0        0.0        0.0        0.0313911  -0.0613122
[2026-01-21 12:41:44.604] [debug] PCLal5               0.0        0.0        0.0        0.0317616  -0.0488178
[2026-01-21 12:41:44.604] [debug] PCLpm1               0.0        0.0        0.0        0.0320612  -0.0663132
[2026-01-21 12:41:44.604] [debug] PCLpm2               0.0        0.0        0.0        0.0311215  -0.128884 
[2026-01-21 12:41:44.604] [debug] PCLpm3               0.0        0.0        0.0        0.0271845  -0.111632 
[2026-01-21 12:41:44.604] [debug] PCLpm4               0.0        0.0        0.0        0.0352062  -0.112106 
[2026-01-21 12:41:44.604] [debug] PCLpm5               0.0        0.0        0.0        0.0316361  -0.0986155
[2026-01-21 12:41:44.604] [debug] LCL1                 0.260457   0.259754   0.000702440 0.0495193  0.00720769
[2026-01-21 12:41:44.604] [debug] LCL2                 0.256121   0.255739   0.000381542 0.0561032  0.00715177
[2026-01-21 12:41:44.604] [debug] LCL3                 1.58957    1.5888     0.000766463 0.0542468  0.0178258 
[2026-01-21 12:41:44.604] [debug] LCL4                 2.08213    2.08171    0.000419775 0.059351   0.0204045 
[2026-01-21 12:41:44.604] [debug] PT1                  16.1045    16.098     0.00651729 0.0479791  0.0253756 
[2026-01-21 12:41:44.604] [debug] PT2                  10.9285    10.9227    0.00579351 0.0505679  0.0209023 
[2026-01-21 12:41:44.604] [debug] PT3                  1.73685    1.73116    0.00569186 0.0523108  0.00832143
[2026-01-21 12:41:44.604] [debug] PT4                  4.26964    4.26107    0.00857305 0.0411799  0.0130554 
[2026-01-21 12:41:44.604] [debug] PT5                  1.53010    1.52382    0.00627913 0.0462994  0.00780723
[2026-01-21 12:41:44.604] [debug] PT6                  13.8257    13.8187    0.00708582 0.0478358  0.0235106 
[2026-01-21 12:41:44.604] [debug] lPFL1                0.0        0.0        0.0        0.0340235  -0.00331279
[2026-01-21 12:41:44.604] [debug] lPFL2                0.0        0.0        0.0        0.0322842  -0.11766  
[2026-01-21 12:41:44.604] [debug] lPFL3                0.0        0.0        0.0        0.0331515  -0.0172236
[2026-01-21 12:41:44.604] [debug] lPFL4                0.0        0.0        0.0        0.0299537  -0.0902303
[2026-01-21 12:41:44.604] [debug] lPFL5                0.0        0.0        0.0        0.032728   -0.00596967
[2026-01-21 12:41:44.604] [debug] lPFL6                0.0        0.0        0.0        0.0327292  -0.0128332
[2026-01-21 12:41:44.604] [debug] lPFL7                0.0        0.0        0.0        0.0306121  -0.0851401
[2026-01-21 12:41:44.604] [debug] lPFL8                0.0        0.0        0.0        0.0303056  -0.0983745
[2026-01-21 12:41:44.604] [debug] mPFL1                0.0        0.0        0.0        0.0466764  -0.0105857
[2026-01-21 12:41:44.604] [debug] mPFL2                0.476389   0.475163   0.00122564 0.0498425  0.0194969 
[2026-01-21 12:41:44.604] [debug] mPFL3                1.20382    1.20301    0.000811365 0.0494657  0.0310227 
[2026-01-21 12:41:44.604] [debug] mPFL4                0.0        0.0        0.0        0.0442059  -0.0271999
[2026-01-21 12:41:44.604] [debug] mPFL5                0.0263242  0.0259823  0.000341855 0.0460339  0.00455915
[2026-01-21 12:41:44.604] [debug] mPFL6                1.12755    1.12643    0.00112104 0.0480025  0.0300190 
[2026-01-21 12:41:44.604] [debug] MCLp1                0.0        0.0        0.0        0.0270140  -0.0762695
[2026-01-21 12:41:44.604] [debug] MCLp2                0.0        0.0        0.0        0.0282056  -0.0572051
[2026-01-21 12:41:44.604] [debug] MCLp3                0.0        0.0        0.0        0.0269818  -0.0900481
[2026-01-21 12:41:44.605] [debug] MCLp4                0.0        0.0        0.0        0.0272819  -0.106473 
[2026-01-21 12:41:44.605] [debug] MCLp5                0.0        0.0        0.0        0.0274118  -0.0579451
[2026-01-21 12:41:44.605] [debug] PFL1                 0.0        0.0        0.0        0.0417112  -0.0472241
[2026-01-21 12:41:44.605] [debug] PFL2                 0.0        0.0        0.0        0.0375317  -0.151512 
[2026-01-21 12:41:44.605] [debug] PFL3                 0.0        0.0        0.0        0.0466217  -0.0510647
[2026-01-21 12:41:44.605] [debug] PFL4                 0.0        0.0        0.0        0.0422481  -0.14892  
[2026-01-21 12:41:44.605] [debug] PFL5                 0.0        0.0        0.0        0.0411877  -0.125139 
[2026-01-21 12:41:44.605] [debug] pCAP1                0.0        0.0        0.0        0.0465213  -0.121562 
[2026-01-21 12:41:44.605] [debug] pCAP2                0.0        0.0        0.0        0.049499   -0.0927113
[2026-01-21 12:41:44.605] [debug] pCAP3                0.0        0.0        0.0        0.0652203  -0.0562577
[2026-01-21 12:41:44.605] [debug] pCAP4                0.0        0.0        0.0        0.0612458  -0.0583751
[2026-01-21 12:41:44.605] [debug] pCAP5                0.0        0.0        0.0        0.0465784  -0.119671 
[2026-01-21 12:41:44.605] [debug] pCAP6                0.0        0.0        0.0        0.0494384  -0.0946361
[2026-01-21 12:41:44.605] [debug] pCAP7                0.0        0.0        0.0        0.0466359  -0.117783 
[2026-01-21 12:41:44.605] [debug] pCAP8                0.0        0.0        0.0        0.0493791  -0.0965613
[2026-01-21 12:41:44.605] [debug] ITB1                 61.7567    61.7567    0.0        0.549692   0.0272228 
[2026-01-21 12:41:44.605] [debug] Smith2018ArticularContactForce: casting_mesh
[2026-01-21 12:41:44.605] [debug] Name                 Num_Contacting_Tri Contact_Force Contact_Moment Mean Pressure Max Pressure Mean Proximity Max Proximity
[2026-01-21 12:41:44.621] [debug] tf_contact           1755       ~[110.328,-951.717,47.1318] ~[-1.15096,0.729485,1.09861] 2.36474e+06 4.73584e+06 0.000586618 0.00127424
[2026-01-21 12:41:44.626] [debug] pf_contact           510        ~[44.4556,-7.52377,-9.61882] ~[-0.0211692,-0.121995,-0.0161449] 407649.    1.31464e+06 0.000131678 0.000423650
[2026-01-21 12:41:44.626] [info] Optimized Acceleration Errors:
[2026-01-21 12:41:44.626] [info] Name                 Experimental         Simulated            Error               
[2026-01-21 12:41:44.626] [info] hip_flex_r           -7.3516              -7.61764             0.266045            
[2026-01-21 12:41:44.626] [info] hip_add_r            3.21236              3.91603              0.703671            
[2026-01-21 12:41:44.626] [info] hip_rot_r            1.13418              0.613547             0.520629            
[2026-01-21 12:41:44.626] [info] pf_flex_r            0.0                  -0.539581            0.539581            
[2026-01-21 12:41:44.626] [info] pf_rot_r             0.0                  -1.17763             1.17763             
[2026-01-21 12:41:44.626] [info] pf_tilt_r            0.0                  -0.00943576          0.00943576          
[2026-01-21 12:41:44.626] [info] pf_tx_r              0.0                  0.151546             0.151546            
[2026-01-21 12:41:44.626] [info] pf_ty_r              0.0                  0.0219476            0.0219476           
[2026-01-21 12:41:44.626] [info] pf_tz_r              0.0                  0.228043             0.228043            
[2026-01-21 12:41:44.626] [info] knee_flex_r          -2.05701             -3.81999             1.76298             
[2026-01-21 12:41:44.626] [info] knee_add_r           0.0                  -0.839725            0.839725            
[2026-01-21 12:41:44.626] [info] knee_rot_r           0.0                  -0.865311            0.865311            
[2026-01-21 12:41:44.626] [info] knee_tx_r            0.0                  -0.0137027           0.0137027           
[2026-01-21 12:41:44.626] [info] knee_ty_r            0.0                  0.911307             0.911307            
[2026-01-21 12:41:44.626] [info] knee_tz_r            0.0                  0.317414             0.317414            
[2026-01-21 12:41:44.626] [info] ankle_flex_r         7.74722              -0.120563            7.86778             
[2026-01-21 12:41:44.627] [info] Max udot Error: 7.86778 	 Max Error Coord: ankle_flex_r
[2026-01-21 12:41:44.627] [info] ------------------------------------------------------------------------------
[2026-01-21 12:41:44.627] [info] Frame: 1 	 Time: 6.65 	 Iteration: 5
[2026-01-21 12:41:44.627] [info] ------------------------------------------------------------------------------
[2026-01-21 12:41:44.631] [debug] Parameter Limits:    initial value   lower bound     upper bound    ,
[2026-01-21 12:41:44.631] [debug] ------------------------------------------
[2026-01-21 12:41:44.631] [debug] 0   addbrev_r         0.0108043       0.01            1.0            
[2026-01-21 12:41:44.631] [debug] 1   addlong_r         0.0103972       0.01            1.0            
[2026-01-21 12:41:44.631] [debug] 2   addmagProx_r      0.0113456       0.01            1.0            
[2026-01-21 12:41:44.631] [debug] 3   addmagMid_r       0.018588        0.01            1.0            
[2026-01-21 12:41:44.631] [debug] 4   addmagDist_r      0.0373005       0.01            1.0            
[2026-01-21 12:41:44.631] [debug] 5   addmagIsch_r      0.0563892       0.01            1.0            
[2026-01-21 12:41:44.631] [debug] 6   bflh_r            0.269376        0.01            1.0            
[2026-01-21 12:41:44.631] [debug] 7   bfsh_r            0.0177464       0.01            1.0            
[2026-01-21 12:41:44.631] [debug] 8   edl_r             0.116741        0.01            1.0            
[2026-01-21 12:41:44.631] [debug] 9   ehl_r             0.12269         0.01            1.0            
[2026-01-21 12:41:44.631] [debug] 10  fdl_r             0.0126796       0.01            1.0            
[2026-01-21 12:41:44.631] [debug] 11  fhl_r             0.0109163       0.01            1.0            
[2026-01-21 12:41:44.631] [debug] 12  gaslat_r          0.0101014       0.01            1.0            
[2026-01-21 12:41:44.631] [debug] 13  gasmed_r          0.0100436       0.01            1.0            
[2026-01-21 12:41:44.631] [debug] 14  gem_r             0.117533        0.01            1.0            
[2026-01-21 12:41:44.631] [debug] 15  glmax1_r          0.04322         0.01            1.0            
[2026-01-21 12:41:44.631] [debug] 16  glmax2_r          0.04889         0.01            1.0            
[2026-01-21 12:41:44.631] [debug] 17  glmax3_r          0.0580119       0.01            1.0            
[2026-01-21 12:41:44.631] [debug] 18  glmed1_r          0.0118997       0.01            1.0            
[2026-01-21 12:41:44.631] [debug] 19  glmed2_r          0.044833        0.01            1.0            
[2026-01-21 12:41:44.631] [debug] 20  glmed3_r          0.0645954       0.01            1.0            
[2026-01-21 12:41:44.631] [debug] 21  glmin1_r          0.0114913       0.01            1.0            
[2026-01-21 12:41:44.631] [debug] 22  glmin2_r          0.0170700       0.01            1.0            
[2026-01-21 12:41:44.631] [debug] 23  glmin3_r          0.0569426       0.01            1.0            
[2026-01-21 12:41:44.631] [debug] 24  grac_r            0.0336208       0.01            1.0            
[2026-01-21 12:41:44.631] [debug] 25  iliacus_r         0.0100772       0.01            1.0            
[2026-01-21 12:41:44.631] [debug] 26  pect_r            0.0113504       0.01            1.0            
[2026-01-21 12:41:44.631] [debug] 27  perbrev_r         0.0128366       0.01            1.0            
[2026-01-21 12:41:44.631] [debug] 28  perlong_r         0.0108243       0.01            1.0            
[2026-01-21 12:41:44.631] [debug] 29  pertert_r         0.0648916       0.01            1.0            
[2026-01-21 12:41:44.631] [debug] 30  piri_r            0.108737        0.01            1.0            
[2026-01-21 12:41:44.631] [debug] 31  psoas_r           0.0101264       0.01            1.0            
[2026-01-21 12:41:44.631] [debug] 32  quadfem_r         0.100141        0.01            1.0            
[2026-01-21 12:41:44.631] [debug] 33  recfem_r          0.0100193       0.01            1.0            
[2026-01-21 12:41:44.631] [debug] 34  sart_r            0.0105216       0.01            1.0            
[2026-01-21 12:41:44.631] [debug] 35  semimem_r         0.318622        0.01            1.0            
[2026-01-21 12:41:44.631] [debug] 36  semiten_r         0.153398        0.01            1.0            
[2026-01-21 12:41:44.631] [debug] 37  soleus_r          0.0100366       0.01            1.0            
[2026-01-21 12:41:44.631] [debug] 38  tfl_r             0.0102152       0.01            1.0            
[2026-01-21 12:41:44.631] [debug] 39  tibant_r          0.142569        0.01            1.0            
[2026-01-21 12:41:44.631] [debug] 40  tibpost_r         0.0107768       0.01            1.0            
[2026-01-21 12:41:44.631] [debug] 41  vasint_r          0.0100184       0.01            1.0            
[2026-01-21 12:41:44.631] [debug] 42  vaslat_r          0.0100088       0.01            1.0            
[2026-01-21 12:41:44.631] [debug] 43  vasmed_r          0.0100132       0.01            1.0            
[2026-01-21 12:41:44.631] [debug] 44  pelvis_tilt_reserve 0.0             -1000.0         1000.0         
[2026-01-21 12:41:44.631] [debug] 45  pelvis_list_reserve 0.0             -1000.0         1000.0         
[2026-01-21 12:41:44.631] [debug] 46  pelvis_rot_reserve 0.0             -1000.0         1000.0         
[2026-01-21 12:41:44.632] [debug] 47  pelvis_tx_reserve 0.0             -1000.0         1000.0         
[2026-01-21 12:41:44.632] [debug] 48  pelvis_ty_reserve 0.0             -1000.0         1000.0         
[2026-01-21 12:41:44.632] [debug] 49  pelvis_tz_reserve 0.0             -1000.0         1000.0         
[2026-01-21 12:41:44.632] [debug] 50  hip_flex_r_reserve 0.0             -1000.0         1000.0         
[2026-01-21 12:41:44.632] [debug] 51  hip_add_r_reserve 0.0             -1000.0         1000.0         
[2026-01-21 12:41:44.632] [debug] 52  hip_rot_r_reserve 0.0             -1000.0         1000.0         
[2026-01-21 12:41:44.632] [debug] 53  pf_flex_r_reserve 0.0             -1000.0         1000.0         
[2026-01-21 12:41:44.632] [debug] 54  pf_rot_r_reserve  0.0             -1000.0         1000.0         
[2026-01-21 12:41:44.632] [debug] 55  pf_tilt_r_reserve 0.0             -1000.0         1000.0         
[2026-01-21 12:41:44.632] [debug] 56  pf_tx_r_reserve   0.0             -1000.0         1000.0         
[2026-01-21 12:41:44.632] [debug] 57  pf_ty_r_reserve   0.0             -1000.0         1000.0         
[2026-01-21 12:41:44.632] [debug] 58  pf_tz_r_reserve   0.0             -1000.0         1000.0         
[2026-01-21 12:41:44.632] [debug] 59  knee_flex_r_reserve 0.0             -1000.0         1000.0         
[2026-01-21 12:41:44.632] [debug] 60  knee_add_r        0.0             -0.01           0.01           
[2026-01-21 12:41:44.632] [debug] 61  knee_rot_r        0.0             -0.01           0.01           
[2026-01-21 12:41:44.632] [debug] 62  knee_tx_r         0.0             -0.05           0.05           
[2026-01-21 12:41:44.632] [debug] 63  knee_ty_r         0.0             -0.05           0.05           
[2026-01-21 12:41:44.632] [debug] 64  knee_tz_r         0.0             -0.05           0.05           
[2026-01-21 12:41:44.632] [debug] 65  pf_flex_r         0.0             -0.01           0.01           
[2026-01-21 12:41:44.632] [debug] 66  pf_rot_r          0.0             -0.01           0.01           
[2026-01-21 12:41:44.632] [debug] 67  pf_tilt_r         0.0             -0.01           0.01           
[2026-01-21 12:41:44.632] [debug] 68  pf_tx_r           0.0             -0.00500000     0.00500000     
[2026-01-21 12:41:44.632] [debug] 69  pf_ty_r           0.0             -0.00500000     0.00500000     
[2026-01-21 12:41:44.632] [debug] 70  pf_tz_r           0.0             -0.00500000     0.00500000     
[2026-01-21 12:41:45.375] [debug] Num Parameters: 71
[2026-01-21 12:41:45.375] [debug] Num Constraints: 16
[2026-01-21 12:41:45.375] [debug] Num Actuators: 60
[2026-01-21 12:41:45.375] [debug] Num Coordinates: 52
[2026-01-21 12:41:45.375] [debug] Num Secondary Coordinates: 11
[2026-01-21 12:41:45.375] [debug] Num Primary Coordinates: 5
[2026-01-21 12:41:45.644] [debug] Optimized Muscles:
[2026-01-21 12:41:45.644] [debug] name                 activation           force               
[2026-01-21 12:41:45.644] [debug] addbrev_r            0.0107949            3.27842             
[2026-01-21 12:41:45.644] [debug] addlong_r            0.0103937            4.15227             
[2026-01-21 12:41:45.644] [debug] addmagProx_r         0.0113394            3.67625             
[2026-01-21 12:41:45.644] [debug] addmagMid_r          0.0180941            5.8661              
[2026-01-21 12:41:45.644] [debug] addmagDist_r         0.0366002            11.8658             
[2026-01-21 12:41:45.644] [debug] addmagIsch_r         0.0552548            17.9136             
[2026-01-21 12:41:45.644] [debug] bflh_r               0.251289             177.209             
[2026-01-21 12:41:45.644] [debug] bfsh_r               0.0102295            6.46098             
[2026-01-21 12:41:45.644] [debug] edl_r                0.116666             40.2965             
[2026-01-21 12:41:45.644] [debug] ehl_r                0.122636             20.235              
[2026-01-21 12:41:45.644] [debug] fdl_r                0.0126791            3.47914             
[2026-01-21 12:41:45.644] [debug] fhl_r                0.0109168            4.76845             
[2026-01-21 12:41:45.644] [debug] gaslat_r             0.0100645            6.10312             
[2026-01-21 12:41:45.644] [debug] gasmed_r             0.0100308            13.1203             
[2026-01-21 12:41:45.644] [debug] gem_r                0.122495             26.7040             
[2026-01-21 12:41:45.644] [debug] glmax1_r             0.0428791            46.8326             
[2026-01-21 12:41:45.644] [debug] glmax2_r             0.0486398            75.9268             
[2026-01-21 12:41:45.644] [debug] glmax3_r             0.0575225            60.8703             
[2026-01-21 12:41:45.644] [debug] glmed1_r             0.0115044            20.273              
[2026-01-21 12:41:45.644] [debug] glmed2_r             0.0443849            45.8496             
[2026-01-21 12:41:45.644] [debug] glmed3_r             0.0651764            91.5077             
[2026-01-21 12:41:45.644] [debug] glmin1_r             0.011374             8.18928             
[2026-01-21 12:41:45.644] [debug] glmin2_r             0.0163333            12.4133             
[2026-01-21 12:41:45.644] [debug] glmin3_r             0.0565979            48.6742             
[2026-01-21 12:41:45.645] [debug] grac_r               0.0371955            5.10694             
[2026-01-21 12:41:45.645] [debug] iliacus_r            0.0100772            25.0681             
[2026-01-21 12:41:45.645] [debug] pect_r               0.0113447            2.00802             
[2026-01-21 12:41:45.645] [debug] perbrev_r            0.0128362            3.92659             
[2026-01-21 12:41:45.645] [debug] perlong_r            0.0108246            7.07173             
[2026-01-21 12:41:45.645] [debug] pertert_r            0.064858             5.83722             
[2026-01-21 12:41:45.645] [debug] piri_r               0.110607             32.7398             
[2026-01-21 12:41:45.645] [debug] psoas_r              0.0101271            19.4036             
[2026-01-21 12:41:45.645] [debug] quadfem_r            0.101915             51.773              
[2026-01-21 12:41:45.645] [debug] recfem_r             0.0100176            8.50294             
[2026-01-21 12:41:45.645] [debug] sart_r               0.0103588            1.17572             
[2026-01-21 12:41:45.645] [debug] semimem_r            0.331823             385.81              
[2026-01-21 12:41:45.645] [debug] semiten_r            0.155193             46.8529             
[2026-01-21 12:41:45.645] [debug] soleus_r             0.0100366            35.9904             
[2026-01-21 12:41:45.645] [debug] tfl_r                0.0102358            1.58655             
[2026-01-21 12:41:45.645] [debug] tibant_r             0.142481             95.9897             
[2026-01-21 12:41:45.645] [debug] tibpost_r            0.0107771            9.75973             
[2026-01-21 12:41:45.645] [debug] vasint_r             0.0100166            10.259              
[2026-01-21 12:41:45.645] [debug] vaslat_r             0.0100080            22.572              
[2026-01-21 12:41:45.645] [debug] vasmed_r             0.0100120            14.4543             
[2026-01-21 12:41:45.645] [debug] Optimized Non Muscle Actuators:
[2026-01-21 12:41:45.645] [debug] name                 activation           force               
[2026-01-21 12:41:45.645] [debug] pelvis_tilt_reserve  -4.72481e-07         -4.72481e-07        
[2026-01-21 12:41:45.645] [debug] pelvis_list_reserve  -5.14255e-08         -5.14255e-08        
[2026-01-21 12:41:45.645] [debug] pelvis_rot_reserve   -2.34528e-07         -2.34528e-07        
[2026-01-21 12:41:45.645] [debug] pelvis_tx_reserve    9.52769e-08          9.52769e-08         
[2026-01-21 12:41:45.645] [debug] pelvis_ty_reserve    -6.91741e-09         -6.91741e-09        
[2026-01-21 12:41:45.645] [debug] pelvis_tz_reserve    5.82986e-08          5.82986e-08         
[2026-01-21 12:41:45.645] [debug] hip_flex_r_reserve   -7.68092e-08         -7.68092e-08        
[2026-01-21 12:41:45.645] [debug] hip_add_r_reserve    -2.80280e-07         -2.80280e-07        
[2026-01-21 12:41:45.645] [debug] hip_rot_r_reserve    2.35871e-09          2.35871e-09         
[2026-01-21 12:41:45.645] [debug] pf_flex_r_reserve    2.45326e-06          2.45326e-06         
[2026-01-21 12:41:45.645] [debug] pf_rot_r_reserve     2.11823e-07          2.11823e-07         
[2026-01-21 12:41:45.645] [debug] pf_tilt_r_reserve    -5.93111e-08         -5.93111e-08        
[2026-01-21 12:41:45.645] [debug] pf_tx_r_reserve      -1.63515e-07         -1.63515e-07        
[2026-01-21 12:41:45.645] [debug] pf_ty_r_reserve      -6.42525e-08         -6.42525e-08        
[2026-01-21 12:41:45.645] [debug] pf_tz_r_reserve      -3.62499e-09         -3.62499e-09        
[2026-01-21 12:41:45.645] [debug] knee_flex_r_reserve  8.36615e-07          8.36615e-07         
[2026-01-21 12:41:45.645] [debug] Optimized Secondardy Coordinates:
[2026-01-21 12:41:45.645] [debug] name                 value               
[2026-01-21 12:41:45.645] [debug] 0.0193021            0.000621014         
[2026-01-21 12:41:45.645] [debug] 0.0299605            0.000442448         
[2026-01-21 12:41:45.645] [debug] 0.00179530           -2.03318e-05        
[2026-01-21 12:41:45.645] [debug] 0.00152015           5.08973e-06         
[2026-01-21 12:41:45.646] [debug] -0.00106892          4.44156e-05         
[2026-01-21 12:41:45.646] [debug] 0.212070             3.16784e-06         
[2026-01-21 12:41:45.646] [debug] 0.0144698            1.11899e-05         
[2026-01-21 12:41:45.646] [debug] -0.0136007           -2.69587e-06        
[2026-01-21 12:41:45.646] [debug] 0.0508772            -4.73422e-06        
[2026-01-21 12:41:45.646] [debug] -0.00563656          -1.23335e-05        
[2026-01-21 12:41:45.646] [debug] 0.00445203           4.46863e-07         
[2026-01-21 12:41:45.646] [debug] 
Blankevoort1991Ligaments:
[2026-01-21 12:41:45.646] [debug] Name                 Total_Force Spring_Force Damping_Force Lengths    Strains   
[2026-01-21 12:41:45.646] [debug] MCLd1                0.0        0.0        0.0        0.0287194  -0.0660359
[2026-01-21 12:41:45.646] [debug] MCLd2                0.0        0.0        0.0        0.0293453  -0.101993 
[2026-01-21 12:41:45.646] [debug] MCLd3                0.0        0.0        0.0        0.035272   -0.0498203
[2026-01-21 12:41:45.646] [debug] MCLd4                0.0        0.0        0.0        0.0319903  -0.0377193
[2026-01-21 12:41:45.646] [debug] MCLd5                0.0        0.0        0.0        0.0355483  -0.046446 
[2026-01-21 12:41:45.646] [debug] MCLs1                2.02663    2.02663    0.0        0.0739148  0.0220543 
[2026-01-21 12:41:45.646] [debug] MCLs2                3.62899    3.62899    0.0        0.0924483  0.029512  
[2026-01-21 12:41:45.646] [debug] MCLs3                0.0905398  0.0905398  0.0        0.0716899  0.00466150
[2026-01-21 12:41:45.646] [debug] MCLs4                0.549961   0.549961   0.0        0.0832144  0.0114887 
[2026-01-21 12:41:45.646] [debug] MCLs5                2.33263    2.33263    0.0        0.0799864  0.0236607 
[2026-01-21 12:41:45.646] [debug] MCLs6                0.910241   0.910241   0.0        0.0752039  0.0147803 
[2026-01-21 12:41:45.646] [debug] ACLpl1               0.0        0.0        0.0        0.0248125  -0.011812 
[2026-01-21 12:41:45.646] [debug] ACLpl2               0.0        0.0        0.0        0.0216724  -0.0573081
[2026-01-21 12:41:45.646] [debug] ACLpl3               0.0        0.0        0.0        0.025861   -0.0740654
[2026-01-21 12:41:45.646] [debug] ACLpl4               0.0        0.0        0.0        0.0212341  -0.162139 
[2026-01-21 12:41:45.647] [debug] ACLpl5               0.0        0.0        0.0        0.0230652  -0.0570486
[2026-01-21 12:41:45.647] [debug] ACLpl6               0.0        0.0        0.0        0.0230347  -0.082543 
[2026-01-21 12:41:45.647] [debug] ACLam1               0.0        0.0        0.0        0.02966    -0.132013 
[2026-01-21 12:41:45.647] [debug] ACLam2               0.0        0.0        0.0        0.0280338  -0.0639355
[2026-01-21 12:41:45.647] [debug] ACLam3               0.0        0.0        0.0        0.0275363  -0.0892929
[2026-01-21 12:41:45.647] [debug] ACLam4               0.0        0.0        0.0        0.0298242  -0.137593 
[2026-01-21 12:41:45.647] [debug] ACLam5               0.0        0.0        0.0        0.0291905  -0.136941 
[2026-01-21 12:41:45.647] [debug] ACLam6               0.0        0.0        0.0        0.0293674  -0.125652 
[2026-01-21 12:41:45.647] [debug] PCLal1               0.0        0.0        0.0        0.0332191  -0.0286633
[2026-01-21 12:41:45.647] [debug] PCLal2               0.0        0.0        0.0        0.0277973  -0.110433 
[2026-01-21 12:41:45.647] [debug] PCLal3               0.0        0.0        0.0        0.0320461  -0.0154427
[2026-01-21 12:41:45.647] [debug] PCLal4               0.0        0.0        0.0        0.0314071  -0.0608331
[2026-01-21 12:41:45.647] [debug] PCLal5               0.0        0.0        0.0        0.0317805  -0.0482501
[2026-01-21 12:41:45.647] [debug] PCLpm1               0.0        0.0        0.0        0.0320773  -0.0658438
[2026-01-21 12:41:45.647] [debug] PCLpm2               0.0        0.0        0.0        0.0311374  -0.128438 
[2026-01-21 12:41:45.647] [debug] PCLpm3               0.0        0.0        0.0        0.0271986  -0.11117  
[2026-01-21 12:41:45.647] [debug] PCLpm4               0.0        0.0        0.0        0.0352251  -0.11163  
[2026-01-21 12:41:45.647] [debug] PCLpm5               0.0        0.0        0.0        0.0316529  -0.0981369
[2026-01-21 12:41:45.647] [debug] LCL1                 0.305559   0.304638   0.000920739 0.0495487  0.00780561
[2026-01-21 12:41:45.647] [debug] LCL2                 0.297647   0.297085   0.000562585 0.0561342  0.00770824
[2026-01-21 12:41:45.647] [debug] LCL3                 1.69341    1.69247    0.000939099 0.0542773  0.0183982 
[2026-01-21 12:41:45.647] [debug] LCL4                 2.19186    2.19128    0.000579688 0.0593818  0.0209346 
[2026-01-21 12:41:45.647] [debug] PT1                  16.1842    16.1777    0.00654040 0.047982   0.0254383 
[2026-01-21 12:41:45.647] [debug] PT2                  10.8651    10.8593    0.00578141 0.0505649  0.0208416 
[2026-01-21 12:41:45.647] [debug] PT3                  1.73786    1.73216    0.00569796 0.0523109  0.00832384
[2026-01-21 12:41:45.647] [debug] PT4                  4.28695    4.27836    0.00858820 0.041181   0.0130818 
[2026-01-21 12:41:45.647] [debug] PT5                  1.54688    1.54056    0.00632066 0.0463013  0.00785000
[2026-01-21 12:41:45.647] [debug] PT6                  13.8077    13.8006    0.00708705 0.0478351  0.0234952 
[2026-01-21 12:41:45.647] [debug] lPFL1                0.0        0.0        0.0        0.0340207  -0.00339481
[2026-01-21 12:41:45.647] [debug] lPFL2                0.0        0.0        0.0        0.0322859  -0.117613 
[2026-01-21 12:41:45.647] [debug] lPFL3                0.0        0.0        0.0        0.0331501  -0.0172658
[2026-01-21 12:41:45.647] [debug] lPFL4                0.0        0.0        0.0        0.029953   -0.0902512
[2026-01-21 12:41:45.647] [debug] lPFL5                0.0        0.0        0.0        0.0327262  -0.00602375
[2026-01-21 12:41:45.647] [debug] lPFL6                0.0        0.0        0.0        0.0327299  -0.0128139
[2026-01-21 12:41:45.647] [debug] lPFL7                0.0        0.0        0.0        0.0306106  -0.0851867
[2026-01-21 12:41:45.647] [debug] lPFL8                0.0        0.0        0.0        0.0303057  -0.0983715
[2026-01-21 12:41:45.647] [debug] mPFL1                0.0        0.0        0.0        0.0466762  -0.0105899
[2026-01-21 12:41:45.647] [debug] mPFL2                0.478275   0.477036   0.00123852 0.0498444  0.0195353 
[2026-01-21 12:41:45.647] [debug] mPFL3                1.20480    1.20399    0.000816584 0.0494663  0.0310353 
[2026-01-21 12:41:45.647] [debug] mPFL4                0.0        0.0        0.0        0.0442069  -0.0271767
[2026-01-21 12:41:45.647] [debug] mPFL5                0.0264596  0.0261139  0.000345726 0.0460345  0.00457068
[2026-01-21 12:41:45.647] [debug] mPFL6                1.12967    1.12854    0.00113098 0.0480038  0.0300471 
[2026-01-21 12:41:45.647] [debug] MCLp1                0.0        0.0        0.0        0.0270241  -0.0759258
[2026-01-21 12:41:45.647] [debug] MCLp2                0.0        0.0        0.0        0.0282125  -0.0569746
[2026-01-21 12:41:45.647] [debug] MCLp3                0.0        0.0        0.0        0.0269887  -0.0898145
[2026-01-21 12:41:45.647] [debug] MCLp4                0.0        0.0        0.0        0.0272872  -0.106298 
[2026-01-21 12:41:45.647] [debug] MCLp5                0.0        0.0        0.0        0.0274195  -0.0576806
[2026-01-21 12:41:45.648] [debug] PFL1                 0.0        0.0        0.0        0.041734   -0.0467035
[2026-01-21 12:41:45.648] [debug] PFL2                 0.0        0.0        0.0        0.037553   -0.151029 
[2026-01-21 12:41:45.648] [debug] PFL3                 0.0        0.0        0.0        0.046645   -0.0505906
[2026-01-21 12:41:45.648] [debug] PFL4                 0.0        0.0        0.0        0.0422724  -0.148431 
[2026-01-21 12:41:45.648] [debug] PFL5                 0.0        0.0        0.0        0.0412106  -0.124652 
[2026-01-21 12:41:45.648] [debug] pCAP1                0.0        0.0        0.0        0.0465122  -0.121734 
[2026-01-21 12:41:45.648] [debug] pCAP2                0.0        0.0        0.0        0.0495085  -0.0925375
[2026-01-21 12:41:45.648] [debug] pCAP3                0.0        0.0        0.0        0.0652478  -0.0558608
[2026-01-21 12:41:45.648] [debug] pCAP4                0.0        0.0        0.0        0.0612151  -0.0588469
[2026-01-21 12:41:45.648] [debug] pCAP5                0.0        0.0        0.0        0.0465718  -0.119795 
[2026-01-21 12:41:45.648] [debug] pCAP6                0.0        0.0        0.0        0.0494451  -0.0945128
[2026-01-21 12:41:45.648] [debug] pCAP7                0.0        0.0        0.0        0.046632   -0.117857 
[2026-01-21 12:41:45.648] [debug] pCAP8                0.0        0.0        0.0        0.049383   -0.0964885
[2026-01-21 12:41:45.648] [debug] ITB1                 61.9070    61.9070    0.0        0.54971    0.0272559 
[2026-01-21 12:41:45.648] [debug] Smith2018ArticularContactForce: casting_mesh
[2026-01-21 12:41:45.648] [debug] Name                 Num_Contacting_Tri Contact_Force Contact_Moment Mean Pressure Max Pressure Mean Proximity Max Proximity
[2026-01-21 12:41:45.655] [debug] tf_contact           1748       ~[110.927,-954.305,46.1395] ~[-0.87156,0.776261,1.15455] 2.38047e+06 4.67958e+06 0.000589514 0.00126729
[2026-01-21 12:41:45.659] [debug] pf_contact           512        ~[44.4775,-7.53801,-9.59552] ~[-0.0212207,-0.122281,-0.0158385] 406311.    1.30883e+06 0.000131193 0.000421839
[2026-01-21 12:41:45.659] [info] Optimized Acceleration Errors:
[2026-01-21 12:41:45.659] [info] Name                 Experimental         Simulated            Error               
[2026-01-21 12:41:45.659] [info] hip_flex_r           -7.3516              -7.39881             0.0472106           
[2026-01-21 12:41:45.659] [info] hip_add_r            3.21236              3.05070              0.161656            
[2026-01-21 12:41:45.659] [info] hip_rot_r            1.13418              1.20638              0.0722001           
[2026-01-21 12:41:45.659] [info] pf_flex_r            0.0                  -0.116027            0.116027            
[2026-01-21 12:41:45.660] [info] pf_rot_r             0.0                  0.014498             0.014498            
[2026-01-21 12:41:45.660] [info] pf_tilt_r            0.0                  -0.788638            0.788638            
[2026-01-21 12:41:45.660] [info] pf_tx_r              0.0                  0.00526678           0.00526678          
[2026-01-21 12:41:45.660] [info] pf_ty_r              0.0                  -0.00115966          0.00115966          
[2026-01-21 12:41:45.660] [info] pf_tz_r              0.0                  -0.0546665           0.0546665           
[2026-01-21 12:41:45.660] [info] knee_flex_r          -2.05701             -1.99719             0.0598152           
[2026-01-21 12:41:45.660] [info] knee_add_r           0.0                  -0.177337            0.177337            
[2026-01-21 12:41:45.660] [info] knee_rot_r           0.0                  0.0704406            0.0704406           
[2026-01-21 12:41:45.660] [info] knee_tx_r            0.0                  0.0276561            0.0276561           
[2026-01-21 12:41:45.660] [info] knee_ty_r            0.0                  -0.0151789           0.0151789           
[2026-01-21 12:41:45.660] [info] knee_tz_r            0.0                  -0.184385            0.184385            
[2026-01-21 12:41:45.660] [info] ankle_flex_r         7.74722              7.77773              0.0305098           
[2026-01-21 12:41:45.660] [info] Max udot Error: 0.788638 	 Max Error Coord: pf_tilt_r
[2026-01-21 12:41:45.661] [info] COMAK Converged! Number of iterations: 5
[2026-01-21 12:41:45.665] [info] Frame: 2 / 2
[2026-01-21 12:41:45.665] [info] Time: 6.66
[2026-01-21 12:41:45.668] [info] ------------------------------------------------------------------------------
[2026-01-21 12:41:45.668] [info] Frame: 2 	 Time: 6.66 	 Iteration: 1
[2026-01-21 12:41:45.668] [info] ------------------------------------------------------------------------------
[2026-01-21 12:41:45.671] [debug] Parameter Limits:    initial value   lower bound     upper bound    ,
[2026-01-21 12:41:45.671] [debug] ------------------------------------------
[2026-01-21 12:41:45.671] [debug] 0   addbrev_r         0.0107949       0.01            1.0            
[2026-01-21 12:41:45.671] [debug] 1   addlong_r         0.0103937       0.01            1.0            
[2026-01-21 12:41:45.671] [debug] 2   addmagProx_r      0.0113394       0.01            1.0            
[2026-01-21 12:41:45.671] [debug] 3   addmagMid_r       0.0180941       0.01            1.0            
[2026-01-21 12:41:45.671] [debug] 4   addmagDist_r      0.0366002       0.01            1.0            
[2026-01-21 12:41:45.671] [debug] 5   addmagIsch_r      0.0552548       0.01            1.0            
[2026-01-21 12:41:45.671] [debug] 6   bflh_r            0.251289        0.01            1.0            
[2026-01-21 12:41:45.671] [debug] 7   bfsh_r            0.0102295       0.01            1.0            
[2026-01-21 12:41:45.671] [debug] 8   edl_r             0.116666        0.01            1.0            
[2026-01-21 12:41:45.671] [debug] 9   ehl_r             0.122636        0.01            1.0            
[2026-01-21 12:41:45.671] [debug] 10  fdl_r             0.0126791       0.01            1.0            
[2026-01-21 12:41:45.671] [debug] 11  fhl_r             0.0109168       0.01            1.0            
[2026-01-21 12:41:45.671] [debug] 12  gaslat_r          0.0100645       0.01            1.0            
[2026-01-21 12:41:45.671] [debug] 13  gasmed_r          0.0100308       0.01            1.0            
[2026-01-21 12:41:45.671] [debug] 14  gem_r             0.122495        0.01            1.0            
[2026-01-21 12:41:45.671] [debug] 15  glmax1_r          0.0428791       0.01            1.0            
[2026-01-21 12:41:45.671] [debug] 16  glmax2_r          0.0486398       0.01            1.0            
[2026-01-21 12:41:45.671] [debug] 17  glmax3_r          0.0575225       0.01            1.0            
[2026-01-21 12:41:45.671] [debug] 18  glmed1_r          0.0115044       0.01            1.0            
[2026-01-21 12:41:45.671] [debug] 19  glmed2_r          0.0443849       0.01            1.0            
[2026-01-21 12:41:45.671] [debug] 20  glmed3_r          0.0651764       0.01            1.0            
[2026-01-21 12:41:45.671] [debug] 21  glmin1_r          0.011374        0.01            1.0            
[2026-01-21 12:41:45.671] [debug] 22  glmin2_r          0.0163333       0.01            1.0            
[2026-01-21 12:41:45.671] [debug] 23  glmin3_r          0.0565979       0.01            1.0            
[2026-01-21 12:41:45.671] [debug] 24  grac_r            0.0371955       0.01            1.0            
[2026-01-21 12:41:45.671] [debug] 25  iliacus_r         0.0100772       0.01            1.0            
[2026-01-21 12:41:45.671] [debug] 26  pect_r            0.0113447       0.01            1.0            
[2026-01-21 12:41:45.671] [debug] 27  perbrev_r         0.0128362       0.01            1.0            
[2026-01-21 12:41:45.671] [debug] 28  perlong_r         0.0108246       0.01            1.0            
[2026-01-21 12:41:45.671] [debug] 29  pertert_r         0.064858        0.01            1.0            
[2026-01-21 12:41:45.671] [debug] 30  piri_r            0.110607        0.01            1.0            
[2026-01-21 12:41:45.671] [debug] 31  psoas_r           0.0101271       0.01            1.0            
[2026-01-21 12:41:45.671] [debug] 32  quadfem_r         0.101915        0.01            1.0            
[2026-01-21 12:41:45.671] [debug] 33  recfem_r          0.0100176       0.01            1.0            
[2026-01-21 12:41:45.671] [debug] 34  sart_r            0.0103588       0.01            1.0            
[2026-01-21 12:41:45.671] [debug] 35  semimem_r         0.331823        0.01            1.0            
[2026-01-21 12:41:45.671] [debug] 36  semiten_r         0.155193        0.01            1.0            
[2026-01-21 12:41:45.671] [debug] 37  soleus_r          0.0100366       0.01            1.0            
[2026-01-21 12:41:45.671] [debug] 38  tfl_r             0.0102358       0.01            1.0            
[2026-01-21 12:41:45.671] [debug] 39  tibant_r          0.142481        0.01            1.0            
[2026-01-21 12:41:45.671] [debug] 40  tibpost_r         0.0107771       0.01            1.0            
[2026-01-21 12:41:45.671] [debug] 41  vasint_r          0.0100166       0.01            1.0            
[2026-01-21 12:41:45.671] [debug] 42  vaslat_r          0.0100080       0.01            1.0            
[2026-01-21 12:41:45.671] [debug] 43  vasmed_r          0.0100120       0.01            1.0            
[2026-01-21 12:41:45.671] [debug] 44  pelvis_tilt_reserve 0.0             -1000.0         1000.0         
[2026-01-21 12:41:45.671] [debug] 45  pelvis_list_reserve 0.0             -1000.0         1000.0         
[2026-01-21 12:41:45.671] [debug] 46  pelvis_rot_reserve 0.0             -1000.0         1000.0         
[2026-01-21 12:41:45.671] [debug] 47  pelvis_tx_reserve 0.0             -1000.0         1000.0         
[2026-01-21 12:41:45.671] [debug] 48  pelvis_ty_reserve 0.0             -1000.0         1000.0         
[2026-01-21 12:41:45.671] [debug] 49  pelvis_tz_reserve 0.0             -1000.0         1000.0         
[2026-01-21 12:41:45.671] [debug] 50  hip_flex_r_reserve 0.0             -1000.0         1000.0         
[2026-01-21 12:41:45.671] [debug] 51  hip_add_r_reserve 0.0             -1000.0         1000.0         
[2026-01-21 12:41:45.671] [debug] 52  hip_rot_r_reserve 0.0             -1000.0         1000.0         
[2026-01-21 12:41:45.671] [debug] 53  pf_flex_r_reserve 0.0             -1000.0         1000.0         
[2026-01-21 12:41:45.671] [debug] 54  pf_rot_r_reserve  0.0             -1000.0         1000.0         
[2026-01-21 12:41:45.671] [debug] 55  pf_tilt_r_reserve 0.0             -1000.0         1000.0         
[2026-01-21 12:41:45.671] [debug] 56  pf_tx_r_reserve   0.0             -1000.0         1000.0         
[2026-01-21 12:41:45.671] [debug] 57  pf_ty_r_reserve   0.0             -1000.0         1000.0         
[2026-01-21 12:41:45.671] [debug] 58  pf_tz_r_reserve   0.0             -1000.0         1000.0         
[2026-01-21 12:41:45.671] [debug] 59  knee_flex_r_reserve 0.0             -1000.0         1000.0         
[2026-01-21 12:41:45.671] [debug] 60  knee_add_r        0.0             -0.01           0.01           
[2026-01-21 12:41:45.671] [debug] 61  knee_rot_r        0.0             -0.01           0.01           
[2026-01-21 12:41:45.671] [debug] 62  knee_tx_r         0.0             -0.05           0.05           
[2026-01-21 12:41:45.671] [debug] 63  knee_ty_r         0.0             -0.05           0.05           
[2026-01-21 12:41:45.671] [debug] 64  knee_tz_r         0.0             -0.05           0.05           
[2026-01-21 12:41:45.671] [debug] 65  pf_flex_r         0.0             -0.01           0.01           
[2026-01-21 12:41:45.671] [debug] 66  pf_rot_r          0.0             -0.01           0.01           
[2026-01-21 12:41:45.671] [debug] 67  pf_tilt_r         0.0             -0.01           0.01           
[2026-01-21 12:41:45.671] [debug] 68  pf_tx_r           0.0             -0.00500000     0.00500000     
[2026-01-21 12:41:45.671] [debug] 69  pf_ty_r           0.0             -0.00500000     0.00500000     
[2026-01-21 12:41:45.671] [debug] 70  pf_tz_r           0.0             -0.00500000     0.00500000     
[2026-01-21 12:41:46.420] [debug] Num Parameters: 71
[2026-01-21 12:41:46.420] [debug] Num Constraints: 16
[2026-01-21 12:41:46.420] [debug] Num Actuators: 60
[2026-01-21 12:41:46.420] [debug] Num Coordinates: 52
[2026-01-21 12:41:46.420] [debug] Num Secondary Coordinates: 11
[2026-01-21 12:41:46.420] [debug] Num Primary Coordinates: 5
[2026-01-21 12:41:46.854] [debug] Optimized Muscles:
[2026-01-21 12:41:46.855] [debug] name                 activation           force               
[2026-01-21 12:41:46.855] [debug] addbrev_r            0.192656             58.5095             
[2026-01-21 12:41:46.855] [debug] addlong_r            0.200165             79.9657             
[2026-01-21 12:41:46.855] [debug] addmagProx_r         0.174701             56.6382             
[2026-01-21 12:41:46.855] [debug] addmagMid_r          0.22278              72.2251             
[2026-01-21 12:41:46.855] [debug] addmagDist_r         0.176359             57.1756             
[2026-01-21 12:41:46.855] [debug] addmagIsch_r         0.198652             64.4030             
[2026-01-21 12:41:46.855] [debug] bflh_r               0.172663             121.762             
[2026-01-21 12:41:46.855] [debug] bfsh_r               0.0100651            6.3571              
[2026-01-21 12:41:46.855] [debug] edl_r                0.114181             39.4382             
[2026-01-21 12:41:46.855] [debug] ehl_r                0.119676             19.7465             
[2026-01-21 12:41:46.855] [debug] fdl_r                0.0126382            3.46792             
[2026-01-21 12:41:46.855] [debug] fhl_r                0.0109161            4.76816             
[2026-01-21 12:41:46.855] [debug] gaslat_r             0.0100387            6.08745             
[2026-01-21 12:41:46.855] [debug] gasmed_r             0.0100220            13.1088             
[2026-01-21 12:41:46.855] [debug] gem_r                0.0120348            2.62359             
[2026-01-21 12:41:46.855] [debug] glmax1_r             0.0104369            11.3992             
[2026-01-21 12:41:46.855] [debug] glmax2_r             0.0255686            39.9126             
[2026-01-21 12:41:46.855] [debug] glmax3_r             0.144646             153.064             
[2026-01-21 12:41:46.855] [debug] glmed1_r             0.0100535            17.7162             
[2026-01-21 12:41:46.855] [debug] glmed2_r             0.0101195            10.4534             
[2026-01-21 12:41:46.855] [debug] glmed3_r             0.0101283            14.2201             
[2026-01-21 12:41:46.855] [debug] glmin1_r             0.0101223            7.28802             
[2026-01-21 12:41:46.855] [debug] glmin2_r             0.0101144            7.68697             
[2026-01-21 12:41:46.855] [debug] glmin3_r             0.0101202            8.70341             
[2026-01-21 12:41:46.855] [debug] grac_r               0.107899             14.8145             
[2026-01-21 12:41:46.855] [debug] iliacus_r            0.0100652            25.0382             
[2026-01-21 12:41:46.855] [debug] pect_r               0.0896827            15.8738             
[2026-01-21 12:41:46.855] [debug] perbrev_r            0.0128622            3.93454             
[2026-01-21 12:41:46.855] [debug] perlong_r            0.0108359            7.07912             
[2026-01-21 12:41:46.855] [debug] pertert_r            0.0643005            5.78705             
[2026-01-21 12:41:46.855] [debug] piri_r               0.0105712            3.12908             
[2026-01-21 12:41:46.855] [debug] psoas_r              0.0102306            19.6019             
[2026-01-21 12:41:46.855] [debug] quadfem_r            0.218242             110.867             
[2026-01-21 12:41:46.855] [debug] recfem_r             0.0100153            8.50100             
[2026-01-21 12:41:46.855] [debug] sart_r               0.0102027            1.158               
[2026-01-21 12:41:46.855] [debug] semimem_r            0.222132             258.273             
[2026-01-21 12:41:46.855] [debug] semiten_r            0.140914             42.5421             
[2026-01-21 12:41:46.855] [debug] soleus_r             0.0100371            35.9919             
[2026-01-21 12:41:46.855] [debug] tfl_r                0.0101113            1.56725             
[2026-01-21 12:41:46.855] [debug] tibant_r             0.13924              93.8061             
[2026-01-21 12:41:46.855] [debug] tibpost_r            0.0107682            9.75171             
[2026-01-21 12:41:46.855] [debug] vasint_r             0.0100165            10.2589             
[2026-01-21 12:41:46.856] [debug] vaslat_r             0.0100080            22.5721             
[2026-01-21 12:41:46.856] [debug] vasmed_r             0.0100120            14.4543             
[2026-01-21 12:41:46.856] [debug] Optimized Non Muscle Actuators:
[2026-01-21 12:41:46.856] [debug] name                 activation           force               
[2026-01-21 12:41:46.856] [debug] pelvis_tilt_reserve  -6.767e-07           -6.767e-07          
[2026-01-21 12:41:46.856] [debug] pelvis_list_reserve  1.29899e-06          1.29899e-06         
[2026-01-21 12:41:46.856] [debug] pelvis_rot_reserve   -4.07688e-07         -4.07688e-07        
[2026-01-21 12:41:46.856] [debug] pelvis_tx_reserve    1.5271e-07           1.5271e-07          
[2026-01-21 12:41:46.856] [debug] pelvis_ty_reserve    2.96236e-08          2.96236e-08         
[2026-01-21 12:41:46.856] [debug] pelvis_tz_reserve    -5.67931e-10         -5.67931e-10        
[2026-01-21 12:41:46.856] [debug] hip_flex_r_reserve   -1.22137e-07         -1.22137e-07        
[2026-01-21 12:41:46.856] [debug] hip_add_r_reserve    -2.81855e-07         -2.81855e-07        
[2026-01-21 12:41:46.856] [debug] hip_rot_r_reserve    8.11026e-09          8.11026e-09         
[2026-01-21 12:41:46.856] [debug] pf_flex_r_reserve    1.62301e-06          1.62301e-06         
[2026-01-21 12:41:46.856] [debug] pf_rot_r_reserve     8.50153e-07          8.50153e-07         
[2026-01-21 12:41:46.856] [debug] pf_tilt_r_reserve    -1.10244e-06         -1.10244e-06        
[2026-01-21 12:41:46.856] [debug] pf_tx_r_reserve      -1.79326e-07         -1.79326e-07        
[2026-01-21 12:41:46.856] [debug] pf_ty_r_reserve      -9.78419e-08         -9.78419e-08        
[2026-01-21 12:41:46.856] [debug] pf_tz_r_reserve      2.10735e-08          2.10735e-08         
[2026-01-21 12:41:46.856] [debug] knee_flex_r_reserve  7.84912e-07          7.84912e-07         
[2026-01-21 12:41:46.856] [debug] Optimized Secondardy Coordinates:
[2026-01-21 12:41:46.856] [debug] name                 value               
[2026-01-21 12:41:46.856] [debug] 0.0179745            -0.00999654         
[2026-01-21 12:41:46.856] [debug] 0.0303346            -0.00167600         
[2026-01-21 12:41:46.856] [debug] -0.000592126         -0.000666044        
[2026-01-21 12:41:46.856] [debug] 0.00205636           -0.000372837        
[2026-01-21 12:41:46.856] [debug] -0.00105814          -0.000352925        
[2026-01-21 12:41:46.856] [debug] 0.214117             0.00137359          
[2026-01-21 12:41:46.856] [debug] 0.0147126            2.94689e-05         
[2026-01-21 12:41:46.856] [debug] -0.0124474           0.000908712         
[2026-01-21 12:41:46.856] [debug] 0.049823             -0.000892976        
[2026-01-21 12:41:46.856] [debug] -0.00761172          -0.00108513         
[2026-01-21 12:41:46.856] [debug] 0.00483817           0.000463410         
[2026-01-21 12:41:46.856] [debug] 
Blankevoort1991Ligaments:
[2026-01-21 12:41:46.856] [debug] Name                 Total_Force Spring_Force Damping_Force Lengths    Strains   
[2026-01-21 12:41:46.856] [debug] MCLd1                0.0        0.0        0.0        0.0288707  -0.0611154
[2026-01-21 12:41:46.856] [debug] MCLd2                0.0        0.0        0.0        0.0295596  -0.0954323
[2026-01-21 12:41:46.856] [debug] MCLd3                0.0        0.0        0.0        0.0354437  -0.0451948
[2026-01-21 12:41:46.856] [debug] MCLd4                0.0        0.0        0.0        0.03214    -0.0332184
[2026-01-21 12:41:46.856] [debug] MCLd5                0.0        0.0        0.0        0.0356199  -0.0445244
[2026-01-21 12:41:46.857] [debug] MCLs1                1.79329    1.79328    9.65484e-06 0.0738201  0.0207458 
[2026-01-21 12:41:46.857] [debug] MCLs2                3.07811    3.07811    0.0        0.0922389  0.0271799 
[2026-01-21 12:41:46.857] [debug] MCLs3                0.0523197  0.0523066  1.3174e-05 0.0716101  0.00354310
[2026-01-21 12:41:46.857] [debug] MCLs4                0.407363   0.407363   0.0        0.0830827  0.00988773
[2026-01-21 12:41:46.857] [debug] MCLs5                1.93367    1.93367    0.0        0.0798209  0.0215425 
[2026-01-21 12:41:46.857] [debug] MCLs6                0.689375   0.689375   0.0        0.0750618  0.0128627 
[2026-01-21 12:41:46.857] [debug] ACLpl1               0.0        0.0        0.0        0.0234152  -0.0674611
[2026-01-21 12:41:46.857] [debug] ACLpl2               0.0        0.0        0.0        0.0201189  -0.12488  
[2026-01-21 12:41:46.857] [debug] ACLpl3               0.0        0.0        0.0        0.0244447  -0.124774 
[2026-01-21 12:41:46.857] [debug] ACLpl4               0.0        0.0        0.0        0.019639   -0.225079 
[2026-01-21 12:41:46.857] [debug] ACLpl5               0.0        0.0        0.0        0.0216753  -0.113869 
[2026-01-21 12:41:46.857] [debug] ACLpl6               0.0        0.0        0.0        0.0214468  -0.145789 
[2026-01-21 12:41:46.857] [debug] ACLam1               0.0        0.0        0.0        0.0284634  -0.167030 
[2026-01-21 12:41:46.857] [debug] ACLam2               0.0        0.0        0.0        0.0266473  -0.110234 
[2026-01-21 12:41:46.857] [debug] ACLam3               0.0        0.0        0.0        0.0263949  -0.127043 
[2026-01-21 12:41:46.857] [debug] ACLam4               0.0        0.0        0.0        0.0284436  -0.177514 
[2026-01-21 12:41:46.857] [debug] ACLam5               0.0        0.0        0.0        0.0279381  -0.17397  
[2026-01-21 12:41:46.857] [debug] ACLam6               0.0        0.0        0.0        0.0279835  -0.166855 
[2026-01-21 12:41:46.857] [debug] PCLal1               1.04913    1.03599    0.0131425  0.0346013  0.0117529 
[2026-01-21 12:41:46.857] [debug] PCLal2               0.0        0.0        0.0        0.0297134  -0.0491119
[2026-01-21 12:41:46.857] [debug] PCLal3               7.29875    7.28378    0.014962   0.033563   0.0311636 
[2026-01-21 12:41:46.857] [debug] PCLal4               0.0        0.0        0.0        0.0331726  -0.00803957
[2026-01-21 12:41:46.857] [debug] PCLal5               0.0440581  0.0425839  0.00147422 0.0334713  0.00238282
[2026-01-21 12:41:46.857] [debug] PCLpm1               0.0        0.0        0.0        0.0339229  -0.0120985
[2026-01-21 12:41:46.857] [debug] PCLpm2               0.0        0.0        0.0        0.0331842  -0.0711478
[2026-01-21 12:41:46.857] [debug] PCLpm3               0.0        0.0        0.0        0.0290148  -0.0518183
[2026-01-21 12:41:46.857] [debug] PCLpm4               0.0        0.0        0.0        0.0373294  -0.0585602
[2026-01-21 12:41:46.857] [debug] PCLpm5               0.0        0.0        0.0        0.0337052  -0.0396614
[2026-01-21 12:41:46.857] [debug] LCL1                 1.66155    1.65771    0.00384895 0.0500601  0.0182083 
[2026-01-21 12:41:46.857] [debug] LCL2                 1.18546    1.18257    0.00288491 0.0565615  0.015379  
[2026-01-21 12:41:46.857] [debug] LCL3                 3.75881    3.75548    0.00332890 0.0547574  0.0274061 
[2026-01-21 12:41:46.857] [debug] LCL4                 3.87724    3.87463    0.00261088 0.0597833  0.0278375 
[2026-01-21 12:41:46.857] [debug] PT1                  24.9573    24.9548    0.00251838 0.04827    0.0315942 
[2026-01-21 12:41:46.857] [debug] PT2                  17.8355    17.8331    0.00236718 0.0508555  0.0267081 
[2026-01-21 12:41:46.857] [debug] PT3                  4.89963    4.89728    0.00234507 0.0526052  0.0139961 
[2026-01-21 12:41:46.857] [debug] PT4                  15.663     15.6586    0.00446251 0.0416665  0.0250268 
[2026-01-21 12:41:46.857] [debug] PT5                  5.31437    5.31164    0.00272895 0.0466103  0.0145762 
[2026-01-21 12:41:46.857] [debug] PT6                  26.0719    26.0685    0.00330148 0.0482462  0.0322915 
[2026-01-21 12:41:46.857] [debug] lPFL1                0.0        0.0        0.0        0.0333031  -0.0244172
[2026-01-21 12:41:46.857] [debug] lPFL2                0.0        0.0        0.0        0.0322818  -0.117726 
[2026-01-21 12:41:46.857] [debug] lPFL3                0.0        0.0        0.0        0.0326601  -0.0317905
[2026-01-21 12:41:46.857] [debug] lPFL4                0.0        0.0        0.0        0.0296064  -0.100780 
[2026-01-21 12:41:46.857] [debug] lPFL5                0.0        0.0        0.0        0.0321867  -0.0224090
[2026-01-21 12:41:46.857] [debug] lPFL6                0.0        0.0        0.0        0.0325669  -0.0177303
[2026-01-21 12:41:46.857] [debug] lPFL7                0.0        0.0        0.0        0.0301208  -0.0998244
[2026-01-21 12:41:46.857] [debug] lPFL8                0.0        0.0        0.0        0.0300752  -0.105229 
[2026-01-21 12:41:46.857] [debug] mPFL1                0.0        0.0        0.0        0.0465976  -0.0122557
[2026-01-21 12:41:46.857] [debug] mPFL2                0.817767   0.815651   0.00211570 0.0501382  0.0255445 
[2026-01-21 12:41:46.857] [debug] mPFL3                1.26826    1.26769    0.000569964 0.0495052  0.0318457 
[2026-01-21 12:41:46.858] [debug] mPFL4                0.0        0.0        0.0        0.0443201  -0.0246854
[2026-01-21 12:41:46.858] [debug] mPFL5                0.0347422  0.0344303  0.000311877 0.0460655  0.00524826
[2026-01-21 12:41:46.858] [debug] mPFL6                1.41242    1.41101    0.00141041 0.0481693  0.0335977 
[2026-01-21 12:41:46.858] [debug] MCLp1                0.0        0.0        0.0        0.0282899  -0.0326432
[2026-01-21 12:41:46.858] [debug] MCLp2                0.0        0.0        0.0        0.0295203  -0.0132605
[2026-01-21 12:41:46.858] [debug] MCLp3                0.0        0.0        0.0        0.0283256  -0.0447305
[2026-01-21 12:41:46.858] [debug] MCLp4                0.0        0.0        0.0        0.0286591  -0.0613665
[2026-01-21 12:41:46.858] [debug] MCLp5                0.0        0.0        0.0        0.0287627  -0.0115192
[2026-01-21 12:41:46.858] [debug] PFL1                 0.0        0.0        0.0        0.0430789  -0.0159827
[2026-01-21 12:41:46.858] [debug] PFL2                 0.0        0.0        0.0        0.0391574  -0.11476  
[2026-01-21 12:41:46.858] [debug] PFL3                 0.0        0.0        0.0        0.0482908  -0.0170906
[2026-01-21 12:41:46.858] [debug] PFL4                 0.0        0.0        0.0        0.0440508  -0.112605 
[2026-01-21 12:41:46.858] [debug] PFL5                 0.0        0.0        0.0        0.0428793  -0.0892072
[2026-01-21 12:41:46.858] [debug] pCAP1                0.0        0.0        0.0        0.0460060  -0.131292 
[2026-01-21 12:41:46.858] [debug] pCAP2                0.0        0.0        0.0        0.0487697  -0.106079 
[2026-01-21 12:41:46.858] [debug] pCAP3                0.0        0.0        0.0        0.0646957  -0.0638491
[2026-01-21 12:41:46.858] [debug] pCAP4                0.0        0.0        0.0        0.0608177  -0.064958 
[2026-01-21 12:41:46.858] [debug] pCAP5                0.0        0.0        0.0        0.0460583  -0.1295   
[2026-01-21 12:41:46.858] [debug] pCAP6                0.0        0.0        0.0        0.0487116  -0.107946 
[2026-01-21 12:41:46.858] [debug] pCAP7                0.0        0.0        0.0        0.046111   -0.127714 
[2026-01-21 12:41:46.858] [debug] pCAP8                0.0        0.0        0.0        0.0486548  -0.109813 
[2026-01-21 12:41:46.858] [debug] ITB1                 59.8626    59.8626    0.0        0.549467   0.0268021 
[2026-01-21 12:41:46.858] [debug] Smith2018ArticularContactForce: casting_mesh
[2026-01-21 12:41:46.858] [debug] Name                 Num_Contacting_Tri Contact_Force Contact_Moment Mean Pressure Max Pressure Mean Proximity Max Proximity
[2026-01-21 12:41:46.873] [debug] tf_contact           1713       ~[109.763,-1052.9,6.53424] ~[-4.09135,0.857294,3.21009] 2.64345e+06 5.49454e+06 0.000626509 0.00138471
[2026-01-21 12:41:46.881] [debug] pf_contact           975        ~[194.395,-35.456,-40.8019] ~[-0.0741533,-0.833311,0.280904] 926128.    2.24922e+06 0.000283010 0.000690379
[2026-01-21 12:41:46.881] [info] Optimized Acceleration Errors:
[2026-01-21 12:41:46.881] [info] Name                 Experimental         Simulated            Error               
[2026-01-21 12:41:46.881] [info] hip_flex_r           -14.0924             -130.532             116.439             
[2026-01-21 12:41:46.881] [info] hip_add_r            6.09684              23.642               17.5452             
[2026-01-21 12:41:46.881] [info] hip_rot_r            2.00083              -128.526             130.527             
[2026-01-21 12:41:46.881] [info] pf_flex_r            0.0                  6266.74              6266.74             
[2026-01-21 12:41:46.881] [info] pf_rot_r             0.0                  4653.43              4653.43             
[2026-01-21 12:41:46.881] [info] pf_tilt_r            0.0                  6016.19              6016.19             
[2026-01-21 12:41:46.881] [info] pf_tx_r              0.0                  249.264              249.264             
[2026-01-21 12:41:46.881] [info] pf_ty_r              0.0                  -156.031             156.031             
[2026-01-21 12:41:46.881] [info] pf_tz_r              0.0                  -60.3553             60.3553             
[2026-01-21 12:41:46.881] [info] knee_flex_r          -4.16941             72.3518              76.5212             
[2026-01-21 12:41:46.881] [info] knee_add_r           0.0                  -90.1661             90.1661             
[2026-01-21 12:41:46.881] [info] knee_rot_r           0.0                  178.972              178.972             
[2026-01-21 12:41:46.881] [info] knee_tx_r            0.0                  88.7963              88.7963             
[2026-01-21 12:41:46.881] [info] knee_ty_r            0.0                  -57.8809             57.8809             
[2026-01-21 12:41:46.881] [info] knee_tz_r            0.0                  -15.9029             15.9029             
[2026-01-21 12:41:46.881] [info] ankle_flex_r         15.2991              494.543              479.244             
[2026-01-21 12:41:46.882] [info] Max udot Error: 6266.74 	 Max Error Coord: pf_flex_r
[2026-01-21 12:41:46.882] [info] ------------------------------------------------------------------------------
[2026-01-21 12:41:46.882] [info] Frame: 2 	 Time: 6.66 	 Iteration: 2
[2026-01-21 12:41:46.882] [info] ------------------------------------------------------------------------------
[2026-01-21 12:41:46.886] [debug] Parameter Limits:    initial value   lower bound     upper bound    ,
[2026-01-21 12:41:46.887] [debug] ------------------------------------------
[2026-01-21 12:41:46.887] [debug] 0   addbrev_r         0.192656        0.01            1.0            
[2026-01-21 12:41:46.887] [debug] 1   addlong_r         0.200165        0.01            1.0            
[2026-01-21 12:41:46.887] [debug] 2   addmagProx_r      0.174701        0.01            1.0            
[2026-01-21 12:41:46.887] [debug] 3   addmagMid_r       0.22278         0.01            1.0            
[2026-01-21 12:41:46.887] [debug] 4   addmagDist_r      0.176359        0.01            1.0            
[2026-01-21 12:41:46.887] [debug] 5   addmagIsch_r      0.198652        0.01            1.0            
[2026-01-21 12:41:46.887] [debug] 6   bflh_r            0.172663        0.01            1.0            
[2026-01-21 12:41:46.887] [debug] 7   bfsh_r            0.0100651       0.01            1.0            
[2026-01-21 12:41:46.887] [debug] 8   edl_r             0.114181        0.01            1.0            
[2026-01-21 12:41:46.887] [debug] 9   ehl_r             0.119676        0.01            1.0            
[2026-01-21 12:41:46.887] [debug] 10  fdl_r             0.0126382       0.01            1.0            
[2026-01-21 12:41:46.887] [debug] 11  fhl_r             0.0109161       0.01            1.0            
[2026-01-21 12:41:46.887] [debug] 12  gaslat_r          0.0100387       0.01            1.0            
[2026-01-21 12:41:46.887] [debug] 13  gasmed_r          0.0100220       0.01            1.0            
[2026-01-21 12:41:46.887] [debug] 14  gem_r             0.0120348       0.01            1.0            
[2026-01-21 12:41:46.887] [debug] 15  glmax1_r          0.0104369       0.01            1.0            
[2026-01-21 12:41:46.887] [debug] 16  glmax2_r          0.0255686       0.01            1.0            
[2026-01-21 12:41:46.887] [debug] 17  glmax3_r          0.144646        0.01            1.0            
[2026-01-21 12:41:46.887] [debug] 18  glmed1_r          0.0100535       0.01            1.0            
[2026-01-21 12:41:46.887] [debug] 19  glmed2_r          0.0101195       0.01            1.0            
[2026-01-21 12:41:46.887] [debug] 20  glmed3_r          0.0101283       0.01            1.0            
[2026-01-21 12:41:46.887] [debug] 21  glmin1_r          0.0101223       0.01            1.0            
[2026-01-21 12:41:46.887] [debug] 22  glmin2_r          0.0101144       0.01            1.0            
[2026-01-21 12:41:46.887] [debug] 23  glmin3_r          0.0101202       0.01            1.0            
[2026-01-21 12:41:46.887] [debug] 24  grac_r            0.107899        0.01            1.0            
[2026-01-21 12:41:46.887] [debug] 25  iliacus_r         0.0100652       0.01            1.0            
[2026-01-21 12:41:46.887] [debug] 26  pect_r            0.0896827       0.01            1.0            
[2026-01-21 12:41:46.887] [debug] 27  perbrev_r         0.0128622       0.01            1.0            
[2026-01-21 12:41:46.887] [debug] 28  perlong_r         0.0108359       0.01            1.0            
[2026-01-21 12:41:46.887] [debug] 29  pertert_r         0.0643005       0.01            1.0            
[2026-01-21 12:41:46.887] [debug] 30  piri_r            0.0105712       0.01            1.0            
[2026-01-21 12:41:46.887] [debug] 31  psoas_r           0.0102306       0.01            1.0            
[2026-01-21 12:41:46.887] [debug] 32  quadfem_r         0.218242        0.01            1.0            
[2026-01-21 12:41:46.887] [debug] 33  recfem_r          0.0100153       0.01            1.0            
[2026-01-21 12:41:46.887] [debug] 34  sart_r            0.0102027       0.01            1.0            
[2026-01-21 12:41:46.887] [debug] 35  semimem_r         0.222132        0.01            1.0            
[2026-01-21 12:41:46.887] [debug] 36  semiten_r         0.140914        0.01            1.0            
[2026-01-21 12:41:46.887] [debug] 37  soleus_r          0.0100371       0.01            1.0            
[2026-01-21 12:41:46.887] [debug] 38  tfl_r             0.0101113       0.01            1.0            
[2026-01-21 12:41:46.888] [debug] 39  tibant_r          0.13924         0.01            1.0            
[2026-01-21 12:41:46.888] [debug] 40  tibpost_r         0.0107682       0.01            1.0            
[2026-01-21 12:41:46.888] [debug] 41  vasint_r          0.0100165       0.01            1.0            
[2026-01-21 12:41:46.888] [debug] 42  vaslat_r          0.0100080       0.01            1.0            
[2026-01-21 12:41:46.888] [debug] 43  vasmed_r          0.0100120       0.01            1.0            
[2026-01-21 12:41:46.888] [debug] 44  pelvis_tilt_reserve 0.0             -1000.0         1000.0         
[2026-01-21 12:41:46.888] [debug] 45  pelvis_list_reserve 0.0             -1000.0         1000.0         
[2026-01-21 12:41:46.888] [debug] 46  pelvis_rot_reserve 0.0             -1000.0         1000.0         
[2026-01-21 12:41:46.888] [debug] 47  pelvis_tx_reserve 0.0             -1000.0         1000.0         
[2026-01-21 12:41:46.888] [debug] 48  pelvis_ty_reserve 0.0             -1000.0         1000.0         
[2026-01-21 12:41:46.888] [debug] 49  pelvis_tz_reserve 0.0             -1000.0         1000.0         
[2026-01-21 12:41:46.888] [debug] 50  hip_flex_r_reserve 0.0             -1000.0         1000.0         
[2026-01-21 12:41:46.888] [debug] 51  hip_add_r_reserve 0.0             -1000.0         1000.0         
[2026-01-21 12:41:46.888] [debug] 52  hip_rot_r_reserve 0.0             -1000.0         1000.0         
[2026-01-21 12:41:46.888] [debug] 53  pf_flex_r_reserve 0.0             -1000.0         1000.0         
[2026-01-21 12:41:46.888] [debug] 54  pf_rot_r_reserve  0.0             -1000.0         1000.0         
[2026-01-21 12:41:46.888] [debug] 55  pf_tilt_r_reserve 0.0             -1000.0         1000.0         
[2026-01-21 12:41:46.888] [debug] 56  pf_tx_r_reserve   0.0             -1000.0         1000.0         
[2026-01-21 12:41:46.888] [debug] 57  pf_ty_r_reserve   0.0             -1000.0         1000.0         
[2026-01-21 12:41:46.888] [debug] 58  pf_tz_r_reserve   0.0             -1000.0         1000.0         
[2026-01-21 12:41:46.888] [debug] 59  knee_flex_r_reserve 0.0             -1000.0         1000.0         
[2026-01-21 12:41:46.888] [debug] 60  knee_add_r        0.0             -0.01           0.01           
[2026-01-21 12:41:46.888] [debug] 61  knee_rot_r        0.0             -0.01           0.01           
[2026-01-21 12:41:46.888] [debug] 62  knee_tx_r         0.0             -0.05           0.05           
[2026-01-21 12:41:46.888] [debug] 63  knee_ty_r         0.0             -0.05           0.05           
[2026-01-21 12:41:46.888] [debug] 64  knee_tz_r         0.0             -0.05           0.05           
[2026-01-21 12:41:46.888] [debug] 65  pf_flex_r         0.0             -0.01           0.01           
[2026-01-21 12:41:46.888] [debug] 66  pf_rot_r          0.0             -0.01           0.01           
[2026-01-21 12:41:46.888] [debug] 67  pf_tilt_r         0.0             -0.01           0.01           
[2026-01-21 12:41:46.888] [debug] 68  pf_tx_r           0.0             -0.00500000     0.00500000     
[2026-01-21 12:41:46.888] [debug] 69  pf_ty_r           0.0             -0.00500000     0.00500000     
[2026-01-21 12:41:46.888] [debug] 70  pf_tz_r           0.0             -0.00500000     0.00500000     
[2026-01-21 12:41:47.946] [debug] Num Parameters: 71
[2026-01-21 12:41:47.946] [debug] Num Constraints: 16
[2026-01-21 12:41:47.946] [debug] Num Actuators: 60
[2026-01-21 12:41:47.946] [debug] Num Coordinates: 52
[2026-01-21 12:41:47.946] [debug] Num Secondary Coordinates: 11
[2026-01-21 12:41:47.946] [debug] Num Primary Coordinates: 5
[2026-01-21 12:41:48.225] [debug] Optimized Muscles:
[2026-01-21 12:41:48.225] [debug] name                 activation           force               
[2026-01-21 12:41:48.225] [debug] addbrev_r            0.159613             48.4744             
[2026-01-21 12:41:48.225] [debug] addlong_r            0.161663             64.5845             
[2026-01-21 12:41:48.225] [debug] addmagProx_r         0.146216             47.4031             
[2026-01-21 12:41:48.225] [debug] addmagMid_r          0.195065             63.2401             
[2026-01-21 12:41:48.225] [debug] addmagDist_r         0.159486             51.7054             
[2026-01-21 12:41:48.225] [debug] addmagIsch_r         0.183894             59.6184             
[2026-01-21 12:41:48.225] [debug] bflh_r               0.201512             142.106             
[2026-01-21 12:41:48.225] [debug] bfsh_r               0.0101347            6.40106             
[2026-01-21 12:41:48.225] [debug] edl_r                0.121028             41.8031             
[2026-01-21 12:41:48.225] [debug] ehl_r                0.126788             20.92               
[2026-01-21 12:41:48.225] [debug] fdl_r                0.012541             3.44126             
[2026-01-21 12:41:48.225] [debug] fhl_r                0.0108736            4.74961             
[2026-01-21 12:41:48.225] [debug] gaslat_r             0.0100624            6.10185             
[2026-01-21 12:41:48.225] [debug] gasmed_r             0.0100317            13.1215             
[2026-01-21 12:41:48.225] [debug] gem_r                0.0122212            2.66422             
[2026-01-21 12:41:48.225] [debug] glmax1_r             0.0109954            12.0092             
[2026-01-21 12:41:48.225] [debug] glmax2_r             0.0313185            48.8882             
[2026-01-21 12:41:48.225] [debug] glmax3_r             0.135037             142.896             
[2026-01-21 12:41:48.225] [debug] glmed1_r             0.0100668            17.7397             
[2026-01-21 12:41:48.225] [debug] glmed2_r             0.0101523            10.4873             
[2026-01-21 12:41:48.225] [debug] glmed3_r             0.0101658            14.2728             
[2026-01-21 12:41:48.225] [debug] glmin1_r             0.0101489            7.30724             
[2026-01-21 12:41:48.225] [debug] glmin2_r             0.0101395            7.70598             
[2026-01-21 12:41:48.225] [debug] glmin3_r             0.0101474            8.72672             
[2026-01-21 12:41:48.225] [debug] grac_r               0.104609             14.3628             
[2026-01-21 12:41:48.225] [debug] iliacus_r            0.0100655            25.0388             
[2026-01-21 12:41:48.225] [debug] pect_r               0.0703276            12.448              
[2026-01-21 12:41:48.225] [debug] perbrev_r            0.012771             3.90666             
[2026-01-21 12:41:48.225] [debug] perlong_r            0.0107998            7.0555              
[2026-01-21 12:41:48.225] [debug] pertert_r            0.0678122            6.10310             
[2026-01-21 12:41:48.225] [debug] piri_r               0.0106968            3.16624             
[2026-01-21 12:41:48.225] [debug] psoas_r              0.0101909            19.5258             
[2026-01-21 12:41:48.225] [debug] quadfem_r            0.193191             98.141              
[2026-01-21 12:41:48.225] [debug] recfem_r             0.0100192            8.50430             
[2026-01-21 12:41:48.225] [debug] sart_r               0.0102608            1.1646              
[2026-01-21 12:41:48.225] [debug] semimem_r            0.247148             287.359             
[2026-01-21 12:41:48.225] [debug] semiten_r            0.141386             42.6843             
[2026-01-21 12:41:48.225] [debug] soleus_r             0.0100350            35.9847             
[2026-01-21 12:41:48.225] [debug] tfl_r                0.0101406            1.5718              
[2026-01-21 12:41:48.225] [debug] tibant_r             0.147642             99.4665             
[2026-01-21 12:41:48.225] [debug] tibpost_r            0.0107343            9.72102             
[2026-01-21 12:41:48.225] [debug] vasint_r             0.0100207            10.2632             
[2026-01-21 12:41:48.225] [debug] vaslat_r             0.0100096            22.5756             
[2026-01-21 12:41:48.225] [debug] vasmed_r             0.0100149            14.4585             
[2026-01-21 12:41:48.225] [debug] Optimized Non Muscle Actuators:
[2026-01-21 12:41:48.225] [debug] name                 activation           force               
[2026-01-21 12:41:48.225] [debug] pelvis_tilt_reserve  -6.68275e-07         -6.68275e-07        
[2026-01-21 12:41:48.225] [debug] pelvis_list_reserve  1.12133e-06          1.12133e-06         
[2026-01-21 12:41:48.225] [debug] pelvis_rot_reserve   -3.15886e-07         -3.15886e-07        
[2026-01-21 12:41:48.225] [debug] pelvis_tx_reserve    1.92751e-07          1.92751e-07         
[2026-01-21 12:41:48.225] [debug] pelvis_ty_reserve    2.72406e-08          2.72406e-08         
[2026-01-21 12:41:48.226] [debug] pelvis_tz_reserve    2.09336e-07          2.09336e-07         
[2026-01-21 12:41:48.226] [debug] hip_flex_r_reserve   -4.42098e-08         -4.42098e-08        
[2026-01-21 12:41:48.226] [debug] hip_add_r_reserve    -2.15959e-07         -2.15959e-07        
[2026-01-21 12:41:48.226] [debug] hip_rot_r_reserve    -2.81712e-08         -2.81712e-08        
[2026-01-21 12:41:48.226] [debug] pf_flex_r_reserve    1.55675e-06          1.55675e-06         
[2026-01-21 12:41:48.226] [debug] pf_rot_r_reserve     2.74708e-07          2.74708e-07         
[2026-01-21 12:41:48.226] [debug] pf_tilt_r_reserve    -1.20226e-07         -1.20226e-07        
[2026-01-21 12:41:48.226] [debug] pf_tx_r_reserve      -6.72902e-08         -6.72902e-08        
[2026-01-21 12:41:48.226] [debug] pf_ty_r_reserve      -7.98285e-08         -7.98285e-08        
[2026-01-21 12:41:48.226] [debug] pf_tz_r_reserve      -7.09191e-09         -7.09191e-09        
[2026-01-21 12:41:48.226] [debug] knee_flex_r_reserve  8.34512e-07          8.34512e-07         
[2026-01-21 12:41:48.226] [debug] Optimized Secondardy Coordinates:
[2026-01-21 12:41:48.226] [debug] name                 value               
[2026-01-21 12:41:48.226] [debug] 0.0128022            -0.00517233         
[2026-01-21 12:41:48.226] [debug] 0.029131             -0.00120364         
[2026-01-21 12:41:48.226] [debug] 0.000347521          0.000939647         
[2026-01-21 12:41:48.226] [debug] 0.00176499           -0.000291371        
[2026-01-21 12:41:48.226] [debug] -0.00132558          -0.000267446        
[2026-01-21 12:41:48.226] [debug] 0.213458             -0.000658992        
[2026-01-21 12:41:48.226] [debug] 0.0145362            -0.000176441        
[2026-01-21 12:41:48.226] [debug] -0.0124395           7.87865e-06         
[2026-01-21 12:41:48.226] [debug] 0.0500597            0.000236637         
[2026-01-21 12:41:48.226] [debug] -0.00756746          4.42518e-05         
[2026-01-21 12:41:48.226] [debug] 0.00467198           -0.000166188        
[2026-01-21 12:41:48.226] [debug] 
Blankevoort1991Ligaments:
[2026-01-21 12:41:48.226] [debug] Name                 Total_Force Spring_Force Damping_Force Lengths    Strains   
[2026-01-21 12:41:48.226] [debug] MCLd1                0.0        0.0        0.0        0.0289982  -0.0569676
[2026-01-21 12:41:48.226] [debug] MCLd2                0.0        0.0        0.0        0.0297099  -0.0908352
[2026-01-21 12:41:48.226] [debug] MCLd3                0.0        0.0        0.0        0.0356186  -0.0404825
[2026-01-21 12:41:48.226] [debug] MCLd4                0.0        0.0        0.0        0.032295   -0.0285541
[2026-01-21 12:41:48.226] [debug] MCLd5                0.0        0.0        0.0        0.0357802  -0.0402249
[2026-01-21 12:41:48.226] [debug] MCLs1                2.57688    2.57584    0.00103485 0.0741179  0.0248637 
[2026-01-21 12:41:48.226] [debug] MCLs2                4.01891    4.01832    0.000589766 0.0925869  0.0310547 
[2026-01-21 12:41:48.226] [debug] MCLs3                0.180817   0.180230   0.000587007 0.0718266  0.00657688
[2026-01-21 12:41:48.226] [debug] MCLs4                0.694677   0.694081   0.000595586 0.083331   0.0129066 
[2026-01-21 12:41:48.226] [debug] MCLs5                2.67619    2.67552    0.000670322 0.0801176  0.0253402 
[2026-01-21 12:41:48.226] [debug] MCLs6                1.12964    1.12896    0.000679869 0.0753285  0.0164606 
[2026-01-21 12:41:48.226] [debug] ACLpl1               0.0        0.0        0.0        0.0240136  -0.0436281
[2026-01-21 12:41:48.226] [debug] ACLpl2               0.0        0.0        0.0        0.0207231  -0.0986004
[2026-01-21 12:41:48.226] [debug] ACLpl3               0.0        0.0        0.0        0.0250454  -0.103268 
[2026-01-21 12:41:48.226] [debug] ACLpl4               0.0        0.0        0.0        0.0202652  -0.200369 
[2026-01-21 12:41:48.226] [debug] ACLpl5               0.0        0.0        0.0        0.0222581  -0.0900409
[2026-01-21 12:41:48.226] [debug] ACLpl6               0.0        0.0        0.0        0.0220663  -0.121112 
[2026-01-21 12:41:48.226] [debug] ACLam1               0.0        0.0        0.0        0.0290611  -0.14954  
[2026-01-21 12:41:48.226] [debug] ACLam2               0.0        0.0        0.0        0.0272592  -0.0898006
[2026-01-21 12:41:48.226] [debug] ACLam3               0.0        0.0        0.0        0.0269501  -0.108683 
[2026-01-21 12:41:48.226] [debug] ACLam4               0.0        0.0        0.0        0.0290766  -0.15921  
[2026-01-21 12:41:48.226] [debug] ACLam5               0.0        0.0        0.0        0.0285401  -0.156169 
[2026-01-21 12:41:48.226] [debug] ACLam6               0.0        0.0        0.0        0.0286063  -0.148312 
[2026-01-21 12:41:48.226] [debug] PCLal1               0.0        0.0        0.0        0.0340686  -0.00382404
[2026-01-21 12:41:48.226] [debug] PCLal2               0.0        0.0        0.0        0.0290342  -0.0708491
[2026-01-21 12:41:48.226] [debug] PCLal3               1.4265     1.41729    0.00920708 0.0329961  0.0137467 
[2026-01-21 12:41:48.226] [debug] PCLal4               0.0        0.0        0.0        0.0325757  -0.0258896
[2026-01-21 12:41:48.226] [debug] PCLal5               0.0        0.0        0.0        0.0328738  -0.0155103
[2026-01-21 12:41:48.226] [debug] PCLpm1               0.0        0.0        0.0        0.0333054  -0.0300787
[2026-01-21 12:41:48.226] [debug] PCLpm2               0.0        0.0        0.0        0.0325113  -0.0899825
[2026-01-21 12:41:48.226] [debug] PCLpm3               0.0        0.0        0.0        0.0284107  -0.0715625
[2026-01-21 12:41:48.227] [debug] PCLpm4               0.0        0.0        0.0        0.0366306  -0.076185 
[2026-01-21 12:41:48.227] [debug] PCLpm5               0.0        0.0        0.0        0.0330326  -0.0588263
[2026-01-21 12:41:48.227] [debug] LCL1                 0.482896   0.481929   0.000967088 0.0496476  0.00981763
[2026-01-21 12:41:48.227] [debug] LCL2                 0.325962   0.325585   0.000376441 0.0561543  0.00806952
[2026-01-21 12:41:48.227] [debug] LCL3                 1.97508    1.97433    0.000751741 0.0543558  0.0198712 
[2026-01-21 12:41:48.227] [debug] LCL4                 2.26756    2.26719    0.000372726 0.0594028  0.0212941 
[2026-01-21 12:41:48.227] [debug] PT1                  15.648     15.6477    0.000243185 0.0479623  0.0250182 
[2026-01-21 12:41:48.227] [debug] PT2                  12.7372    12.7364    0.000841324 0.0506506  0.0225711 
[2026-01-21 12:41:48.227] [debug] PT3                  2.15673    2.15609    0.000634929 0.0523609  0.00928675
[2026-01-21 12:41:48.227] [debug] PT4                  7.74227    7.74043    0.00184504 0.0413645  0.0175959 
[2026-01-21 12:41:48.227] [debug] PT5                  1.75975    1.75921    0.000533179 0.0463261  0.00838860
[2026-01-21 12:41:48.227] [debug] PT6                  18.142     18.1407    0.00138863 0.047996   0.0269375 
[2026-01-21 12:41:48.227] [debug] lPFL1                0.0        0.0        0.0        0.0335632  -0.0167959
[2026-01-21 12:41:48.227] [debug] lPFL2                0.0        0.0        0.0        0.0325076  -0.111556 
[2026-01-21 12:41:48.227] [debug] lPFL3                0.0        0.0        0.0        0.0329081  -0.0244379
[2026-01-21 12:41:48.227] [debug] lPFL4                0.0        0.0        0.0        0.0298417  -0.0936325
[2026-01-21 12:41:48.227] [debug] lPFL5                0.0        0.0        0.0        0.0324352  -0.0148606
[2026-01-21 12:41:48.227] [debug] lPFL6                0.0        0.0        0.0        0.0327985  -0.0107432
[2026-01-21 12:41:48.227] [debug] lPFL7                0.0        0.0        0.0        0.0303639  -0.0925572
[2026-01-21 12:41:48.227] [debug] lPFL8                0.0        0.0        0.0        0.0303072  -0.0983271
[2026-01-21 12:41:48.227] [debug] mPFL1                0.0        0.0        0.0        0.0466828  -0.0104503
[2026-01-21 12:41:48.227] [debug] mPFL2                0.89743    0.894997   0.00243260 0.0501975  0.0267581 
[2026-01-21 12:41:48.227] [debug] mPFL3                1.42103    1.41995    0.00108091 0.0495943  0.0337040 
[2026-01-21 12:41:48.227] [debug] mPFL4                0.0        0.0        0.0        0.0444076  -0.0227607
[2026-01-21 12:41:48.227] [debug] mPFL5                0.0648354  0.0639028  0.000932575 0.0461526  0.00714998
[2026-01-21 12:41:48.227] [debug] mPFL6                1.56113    1.55925    0.00187576 0.0482495  0.0353186 
[2026-01-21 12:41:48.227] [debug] MCLp1                0.0        0.0        0.0        0.02789    -0.0463175
[2026-01-21 12:41:48.227] [debug] MCLp2                0.0        0.0        0.0        0.0291374  -0.0260598
[2026-01-21 12:41:48.227] [debug] MCLp3                0.0        0.0        0.0        0.027936   -0.0578668
[2026-01-21 12:41:48.227] [debug] MCLp4                0.0        0.0        0.0        0.0282861  -0.0735834
[2026-01-21 12:41:48.227] [debug] MCLp5                0.0        0.0        0.0        0.0283692  -0.0250420
[2026-01-21 12:41:48.227] [debug] PFL1                 0.0        0.0        0.0        0.0424273  -0.0308663
[2026-01-21 12:41:48.227] [debug] PFL2                 0.0        0.0        0.0        0.038467   -0.130367 
[2026-01-21 12:41:48.227] [debug] PFL3                 0.0        0.0        0.0        0.0475754  -0.0316524
[2026-01-21 12:41:48.227] [debug] PFL4                 0.0        0.0        0.0        0.0433156  -0.127415 
[2026-01-21 12:41:48.227] [debug] PFL5                 0.0        0.0        0.0        0.0421628  -0.104426 
[2026-01-21 12:41:48.227] [debug] pCAP1                0.0        0.0        0.0        0.0460999  -0.129519 
[2026-01-21 12:41:48.227] [debug] pCAP2                0.0        0.0        0.0        0.0487589  -0.106278 
[2026-01-21 12:41:48.227] [debug] pCAP3                0.0        0.0        0.0        0.0646282  -0.0648257
[2026-01-21 12:41:48.227] [debug] pCAP4                0.0        0.0        0.0        0.0609677  -0.0626507
[2026-01-21 12:41:48.227] [debug] pCAP5                0.0        0.0        0.0        0.0461332  -0.128085 
[2026-01-21 12:41:48.227] [debug] pCAP6                0.0        0.0        0.0        0.0487209  -0.107776 
[2026-01-21 12:41:48.227] [debug] pCAP7                0.0        0.0        0.0        0.0461669  -0.126656 
[2026-01-21 12:41:48.227] [debug] pCAP8                0.0        0.0        0.0        0.0486842  -0.109275 
[2026-01-21 12:41:48.227] [debug] ITB1                 61.0591    61.0591    0.0        0.54961    0.0270686 
[2026-01-21 12:41:48.227] [debug] Smith2018ArticularContactForce: casting_mesh
[2026-01-21 12:41:48.227] [debug] Name                 Num_Contacting_Tri Contact_Force Contact_Moment Mean Pressure Max Pressure Mean Proximity Max Proximity
[2026-01-21 12:41:48.234] [debug] tf_contact           1637       ~[96.6457,-897.405,-7.50655] ~[-7.3201,0.0843917,1.35398] 2.36001e+06 5.40710e+06 0.000585254 0.00137939
[2026-01-21 12:41:48.238] [debug] pf_contact           665        ~[70.8786,-13.0605,-14.0816] ~[-0.0416529,-0.344748,0.1005] 498338.    1.45917e+06 0.000152791 0.000463275
[2026-01-21 12:41:48.239] [info] Optimized Acceleration Errors:
[2026-01-21 12:41:48.239] [info] Name                 Experimental         Simulated            Error               
[2026-01-21 12:41:48.239] [info] hip_flex_r           -14.0924             -31.9686             17.8762             
[2026-01-21 12:41:48.239] [info] hip_add_r            6.09684              5.67924              0.417608            
[2026-01-21 12:41:48.239] [info] hip_rot_r            2.00083              -14.5424             16.5433             
[2026-01-21 12:41:48.239] [info] pf_flex_r            0.0                  1343.92              1343.92             
[2026-01-21 12:41:48.239] [info] pf_rot_r             0.0                  785.973              785.973             
[2026-01-21 12:41:48.239] [info] pf_tilt_r            0.0                  796.199              796.199             
[2026-01-21 12:41:48.239] [info] pf_tx_r              0.0                  39.6374              39.6374             
[2026-01-21 12:41:48.239] [info] pf_ty_r              0.0                  -22.7086             22.7086             
[2026-01-21 12:41:48.239] [info] pf_tz_r              0.0                  -11.0252             11.0252             
[2026-01-21 12:41:48.239] [info] knee_flex_r          -4.16941             0.583194             4.7526              
[2026-01-21 12:41:48.239] [info] knee_add_r           0.0                  -2.15908             2.15908             
[2026-01-21 12:41:48.239] [info] knee_rot_r           0.0                  25.8378              25.8378             
[2026-01-21 12:41:48.239] [info] knee_tx_r            0.0                  11.3272              11.3272             
[2026-01-21 12:41:48.239] [info] knee_ty_r            0.0                  -6.33987             6.33987             
[2026-01-21 12:41:48.239] [info] knee_tz_r            0.0                  -1.42085             1.42085             
[2026-01-21 12:41:48.239] [info] ankle_flex_r         15.2991              70.1846              54.8855             
[2026-01-21 12:41:48.240] [info] Max udot Error: 1343.92 	 Max Error Coord: pf_flex_r
[2026-01-21 12:41:48.240] [info] ------------------------------------------------------------------------------
[2026-01-21 12:41:48.240] [info] Frame: 2 	 Time: 6.66 	 Iteration: 3
[2026-01-21 12:41:48.240] [info] ------------------------------------------------------------------------------
[2026-01-21 12:41:48.244] [debug] Parameter Limits:    initial value   lower bound     upper bound    ,
[2026-01-21 12:41:48.244] [debug] ------------------------------------------
[2026-01-21 12:41:48.244] [debug] 0   addbrev_r         0.159613        0.01            1.0            
[2026-01-21 12:41:48.244] [debug] 1   addlong_r         0.161663        0.01            1.0            
[2026-01-21 12:41:48.244] [debug] 2   addmagProx_r      0.146216        0.01            1.0            
[2026-01-21 12:41:48.244] [debug] 3   addmagMid_r       0.195065        0.01            1.0            
[2026-01-21 12:41:48.244] [debug] 4   addmagDist_r      0.159486        0.01            1.0            
[2026-01-21 12:41:48.244] [debug] 5   addmagIsch_r      0.183894        0.01            1.0            
[2026-01-21 12:41:48.244] [debug] 6   bflh_r            0.201512        0.01            1.0            
[2026-01-21 12:41:48.244] [debug] 7   bfsh_r            0.0101347       0.01            1.0            
[2026-01-21 12:41:48.244] [debug] 8   edl_r             0.121028        0.01            1.0            
[2026-01-21 12:41:48.244] [debug] 9   ehl_r             0.126788        0.01            1.0            
[2026-01-21 12:41:48.244] [debug] 10  fdl_r             0.012541        0.01            1.0            
[2026-01-21 12:41:48.244] [debug] 11  fhl_r             0.0108736       0.01            1.0            
[2026-01-21 12:41:48.244] [debug] 12  gaslat_r          0.0100624       0.01            1.0            
[2026-01-21 12:41:48.244] [debug] 13  gasmed_r          0.0100317       0.01            1.0            
[2026-01-21 12:41:48.244] [debug] 14  gem_r             0.0122212       0.01            1.0            
[2026-01-21 12:41:48.244] [debug] 15  glmax1_r          0.0109954       0.01            1.0            
[2026-01-21 12:41:48.244] [debug] 16  glmax2_r          0.0313185       0.01            1.0            
[2026-01-21 12:41:48.244] [debug] 17  glmax3_r          0.135037        0.01            1.0            
[2026-01-21 12:41:48.244] [debug] 18  glmed1_r          0.0100668       0.01            1.0            
[2026-01-21 12:41:48.244] [debug] 19  glmed2_r          0.0101523       0.01            1.0            
[2026-01-21 12:41:48.244] [debug] 20  glmed3_r          0.0101658       0.01            1.0            
[2026-01-21 12:41:48.244] [debug] 21  glmin1_r          0.0101489       0.01            1.0            
[2026-01-21 12:41:48.244] [debug] 22  glmin2_r          0.0101395       0.01            1.0            
[2026-01-21 12:41:48.244] [debug] 23  glmin3_r          0.0101474       0.01            1.0            
[2026-01-21 12:41:48.244] [debug] 24  grac_r            0.104609        0.01            1.0            
[2026-01-21 12:41:48.244] [debug] 25  iliacus_r         0.0100655       0.01            1.0            
[2026-01-21 12:41:48.244] [debug] 26  pect_r            0.0703276       0.01            1.0            
[2026-01-21 12:41:48.244] [debug] 27  perbrev_r         0.012771        0.01            1.0            
[2026-01-21 12:41:48.244] [debug] 28  perlong_r         0.0107998       0.01            1.0            
[2026-01-21 12:41:48.244] [debug] 29  pertert_r         0.0678122       0.01            1.0            
[2026-01-21 12:41:48.244] [debug] 30  piri_r            0.0106968       0.01            1.0            
[2026-01-21 12:41:48.244] [debug] 31  psoas_r           0.0101909       0.01            1.0            
[2026-01-21 12:41:48.244] [debug] 32  quadfem_r         0.193191        0.01            1.0            
[2026-01-21 12:41:48.244] [debug] 33  recfem_r          0.0100192       0.01            1.0            
[2026-01-21 12:41:48.244] [debug] 34  sart_r            0.0102608       0.01            1.0            
[2026-01-21 12:41:48.244] [debug] 35  semimem_r         0.247148        0.01            1.0            
[2026-01-21 12:41:48.244] [debug] 36  semiten_r         0.141386        0.01            1.0            
[2026-01-21 12:41:48.244] [debug] 37  soleus_r          0.0100350       0.01            1.0            
[2026-01-21 12:41:48.244] [debug] 38  tfl_r             0.0101406       0.01            1.0            
[2026-01-21 12:41:48.244] [debug] 39  tibant_r          0.147642        0.01            1.0            
[2026-01-21 12:41:48.244] [debug] 40  tibpost_r         0.0107343       0.01            1.0            
[2026-01-21 12:41:48.244] [debug] 41  vasint_r          0.0100207       0.01            1.0            
[2026-01-21 12:41:48.244] [debug] 42  vaslat_r          0.0100096       0.01            1.0            
[2026-01-21 12:41:48.244] [debug] 43  vasmed_r          0.0100149       0.01            1.0            
[2026-01-21 12:41:48.244] [debug] 44  pelvis_tilt_reserve 0.0             -1000.0         1000.0         
[2026-01-21 12:41:48.244] [debug] 45  pelvis_list_reserve 0.0             -1000.0         1000.0         
[2026-01-21 12:41:48.244] [debug] 46  pelvis_rot_reserve 0.0             -1000.0         1000.0         
[2026-01-21 12:41:48.244] [debug] 47  pelvis_tx_reserve 0.0             -1000.0         1000.0         
[2026-01-21 12:41:48.244] [debug] 48  pelvis_ty_reserve 0.0             -1000.0         1000.0         
[2026-01-21 12:41:48.244] [debug] 49  pelvis_tz_reserve 0.0             -1000.0         1000.0         
[2026-01-21 12:41:48.244] [debug] 50  hip_flex_r_reserve 0.0             -1000.0         1000.0         
[2026-01-21 12:41:48.244] [debug] 51  hip_add_r_reserve 0.0             -1000.0         1000.0         
[2026-01-21 12:41:48.244] [debug] 52  hip_rot_r_reserve 0.0             -1000.0         1000.0         
[2026-01-21 12:41:48.244] [debug] 53  pf_flex_r_reserve 0.0             -1000.0         1000.0         
[2026-01-21 12:41:48.244] [debug] 54  pf_rot_r_reserve  0.0             -1000.0         1000.0         
[2026-01-21 12:41:48.244] [debug] 55  pf_tilt_r_reserve 0.0             -1000.0         1000.0         
[2026-01-21 12:41:48.244] [debug] 56  pf_tx_r_reserve   0.0             -1000.0         1000.0         
[2026-01-21 12:41:48.244] [debug] 57  pf_ty_r_reserve   0.0             -1000.0         1000.0         
[2026-01-21 12:41:48.244] [debug] 58  pf_tz_r_reserve   0.0             -1000.0         1000.0         
[2026-01-21 12:41:48.244] [debug] 59  knee_flex_r_reserve 0.0             -1000.0         1000.0         
[2026-01-21 12:41:48.244] [debug] 60  knee_add_r        0.0             -0.01           0.01           
[2026-01-21 12:41:48.244] [debug] 61  knee_rot_r        0.0             -0.01           0.01           
[2026-01-21 12:41:48.244] [debug] 62  knee_tx_r         0.0             -0.05           0.05           
[2026-01-21 12:41:48.244] [debug] 63  knee_ty_r         0.0             -0.05           0.05           
[2026-01-21 12:41:48.244] [debug] 64  knee_tz_r         0.0             -0.05           0.05           
[2026-01-21 12:41:48.244] [debug] 65  pf_flex_r         0.0             -0.01           0.01           
[2026-01-21 12:41:48.244] [debug] 66  pf_rot_r          0.0             -0.01           0.01           
[2026-01-21 12:41:48.244] [debug] 67  pf_tilt_r         0.0             -0.01           0.01           
[2026-01-21 12:41:48.244] [debug] 68  pf_tx_r           0.0             -0.00500000     0.00500000     
[2026-01-21 12:41:48.244] [debug] 69  pf_ty_r           0.0             -0.00500000     0.00500000     
[2026-01-21 12:41:48.244] [debug] 70  pf_tz_r           0.0             -0.00500000     0.00500000     
[2026-01-21 12:41:48.936] [debug] Num Parameters: 71
[2026-01-21 12:41:48.936] [debug] Num Constraints: 16
[2026-01-21 12:41:48.936] [debug] Num Actuators: 60
[2026-01-21 12:41:48.936] [debug] Num Coordinates: 52
[2026-01-21 12:41:48.936] [debug] Num Secondary Coordinates: 11
[2026-01-21 12:41:48.936] [debug] Num Primary Coordinates: 5
[2026-01-21 12:41:49.132] [debug] Optimized Muscles:
[2026-01-21 12:41:49.132] [debug] name                 activation           force               
[2026-01-21 12:41:49.132] [debug] addbrev_r            0.161040             48.9078             
[2026-01-21 12:41:49.132] [debug] addlong_r            0.163264             65.2239             
[2026-01-21 12:41:49.132] [debug] addmagProx_r         0.148551             48.1603             
[2026-01-21 12:41:49.132] [debug] addmagMid_r          0.195504             63.3824             
[2026-01-21 12:41:49.132] [debug] addmagDist_r         0.158808             51.4855             
[2026-01-21 12:41:49.132] [debug] addmagIsch_r         0.181687             58.9028             
[2026-01-21 12:41:49.132] [debug] bflh_r               0.176655             124.577             
[2026-01-21 12:41:49.132] [debug] bfsh_r               0.0101124            6.38698             
[2026-01-21 12:41:49.132] [debug] edl_r                0.122889             42.446              
[2026-01-21 12:41:49.132] [debug] ehl_r                0.128871             21.2638             
[2026-01-21 12:41:49.132] [debug] fdl_r                0.0124934            3.4282              
[2026-01-21 12:41:49.132] [debug] fhl_r                0.0108642            4.74546             
[2026-01-21 12:41:49.132] [debug] gaslat_r             0.0100581            6.09924             
[2026-01-21 12:41:49.132] [debug] gasmed_r             0.0100300            13.1193             
[2026-01-21 12:41:49.132] [debug] gem_r                0.0125595            2.73797             
[2026-01-21 12:41:49.132] [debug] glmax1_r             0.0107948            11.7901             
[2026-01-21 12:41:49.132] [debug] glmax2_r             0.0299251            46.7131             
[2026-01-21 12:41:49.132] [debug] glmax3_r             0.13432              142.138             
[2026-01-21 12:41:49.132] [debug] glmed1_r             0.0100630            17.733              
[2026-01-21 12:41:49.132] [debug] glmed2_r             0.0101463            10.4812             
[2026-01-21 12:41:49.132] [debug] glmed3_r             0.0101648            14.2714             
[2026-01-21 12:41:49.132] [debug] glmin1_r             0.0101420            7.30224             
[2026-01-21 12:41:49.132] [debug] glmin2_r             0.0101343            7.70205             
[2026-01-21 12:41:49.132] [debug] glmin3_r             0.0101435            8.72345             
[2026-01-21 12:41:49.132] [debug] grac_r               0.111073             15.2503             
[2026-01-21 12:41:49.132] [debug] iliacus_r            0.0100657            25.0395             
[2026-01-21 12:41:49.132] [debug] pect_r               0.0717771            12.7045             
[2026-01-21 12:41:49.132] [debug] perbrev_r            0.0127307            3.89432             
[2026-01-21 12:41:49.132] [debug] perlong_r            0.0107908            7.04961             
[2026-01-21 12:41:49.132] [debug] pertert_r            0.0693025            6.23723             
[2026-01-21 12:41:49.132] [debug] piri_r               0.0106994            3.16704             
[2026-01-21 12:41:49.132] [debug] psoas_r              0.0101998            19.5429             
[2026-01-21 12:41:49.132] [debug] quadfem_r            0.200717             101.964             
[2026-01-21 12:41:49.132] [debug] recfem_r             0.0100214            8.50618             
[2026-01-21 12:41:49.132] [debug] sart_r               0.0102495            1.16332             
[2026-01-21 12:41:49.132] [debug] semimem_r            0.256688             298.451             
[2026-01-21 12:41:49.132] [debug] semiten_r            0.143051             43.1871             
[2026-01-21 12:41:49.132] [debug] soleus_r             0.0100345            35.9829             
[2026-01-21 12:41:49.132] [debug] tfl_r                0.0101444            1.57239             
[2026-01-21 12:41:49.132] [debug] tibant_r             0.149793             100.916             
[2026-01-21 12:41:49.132] [debug] tibpost_r            0.0107259            9.71338             
[2026-01-21 12:41:49.132] [debug] vasint_r             0.0100242            10.2668             
[2026-01-21 12:41:49.132] [debug] vaslat_r             0.0100114            22.5798             
[2026-01-21 12:41:49.132] [debug] vasmed_r             0.0100174            14.4622             
[2026-01-21 12:41:49.132] [debug] Optimized Non Muscle Actuators:
[2026-01-21 12:41:49.132] [debug] name                 activation           force               
[2026-01-21 12:41:49.132] [debug] pelvis_tilt_reserve  -6.71727e-07         -6.71727e-07        
[2026-01-21 12:41:49.132] [debug] pelvis_list_reserve  1.12241e-06          1.12241e-06         
[2026-01-21 12:41:49.132] [debug] pelvis_rot_reserve   -3.61978e-07         -3.61978e-07        
[2026-01-21 12:41:49.132] [debug] pelvis_tx_reserve    1.4338e-07           1.4338e-07          
[2026-01-21 12:41:49.132] [debug] pelvis_ty_reserve    3.67008e-08          3.67008e-08         
[2026-01-21 12:41:49.132] [debug] pelvis_tz_reserve    1.55719e-07          1.55719e-07         
[2026-01-21 12:41:49.132] [debug] hip_flex_r_reserve   -5.10024e-08         -5.10024e-08        
[2026-01-21 12:41:49.133] [debug] hip_add_r_reserve    -1.86705e-07         -1.86705e-07        
[2026-01-21 12:41:49.133] [debug] hip_rot_r_reserve    -2.80384e-09         -2.80384e-09        
[2026-01-21 12:41:49.133] [debug] pf_flex_r_reserve    1.17177e-06          1.17177e-06         
[2026-01-21 12:41:49.133] [debug] pf_rot_r_reserve     3.52122e-07          3.52122e-07         
[2026-01-21 12:41:49.133] [debug] pf_tilt_r_reserve    1.45183e-07          1.45183e-07         
[2026-01-21 12:41:49.133] [debug] pf_tx_r_reserve      -1.02616e-07         -1.02616e-07        
[2026-01-21 12:41:49.133] [debug] pf_ty_r_reserve      -6.1266e-08          -6.1266e-08         
[2026-01-21 12:41:49.133] [debug] pf_tz_r_reserve      -9.24668e-09         -9.24668e-09        
[2026-01-21 12:41:49.133] [debug] knee_flex_r_reserve  8.48204e-07          8.48204e-07         
[2026-01-21 12:41:49.133] [debug] Optimized Secondardy Coordinates:
[2026-01-21 12:41:49.133] [debug] name                 value               
[2026-01-21 12:41:49.133] [debug] 0.0132304            0.000428178         
[2026-01-21 12:41:49.133] [debug] 0.0297449            0.000613887         
[2026-01-21 12:41:49.133] [debug] 0.000572034          0.000224513         
[2026-01-21 12:41:49.133] [debug] 0.00170426           -6.07337e-05        
[2026-01-21 12:41:49.133] [debug] -0.00128484          4.07369e-05         
[2026-01-21 12:41:49.133] [debug] 0.213587             0.000128746         
[2026-01-21 12:41:49.133] [debug] 0.0145357            -4.47742e-07        
[2026-01-21 12:41:49.133] [debug] -0.0125654           -0.000125957        
[2026-01-21 12:41:49.133] [debug] 0.0501209            6.11734e-05         
[2026-01-21 12:41:49.133] [debug] -0.00754146          2.59991e-05         
[2026-01-21 12:41:49.133] [debug] 0.00462570           -4.62821e-05        
[2026-01-21 12:41:49.133] [debug] 
Blankevoort1991Ligaments:
[2026-01-21 12:41:49.133] [debug] Name                 Total_Force Spring_Force Damping_Force Lengths    Strains   
[2026-01-21 12:41:49.133] [debug] MCLd1                0.0        0.0        0.0        0.0289806  -0.0575403
[2026-01-21 12:41:49.133] [debug] MCLd2                0.0        0.0        0.0        0.0296971  -0.0912273
[2026-01-21 12:41:49.133] [debug] MCLd3                0.0        0.0        0.0        0.0356095  -0.0407274
[2026-01-21 12:41:49.133] [debug] MCLd4                0.0        0.0        0.0        0.0322826  -0.0289286
[2026-01-21 12:41:49.133] [debug] MCLd5                0.0        0.0        0.0        0.0357687  -0.0405348
[2026-01-21 12:41:49.133] [debug] MCLs1                2.62925    2.62818    0.00107122 0.0741361  0.025115  
[2026-01-21 12:41:49.133] [debug] MCLs2                4.10045    4.09979    0.000657084 0.092615   0.031368  
[2026-01-21 12:41:49.133] [debug] MCLs3                0.178944   0.178398   0.000545485 0.0718242  0.00654336
[2026-01-21 12:41:49.133] [debug] MCLs4                0.702129   0.701546   0.000583012 0.0833367  0.0129758 
[2026-01-21 12:41:49.133] [debug] MCLs5                2.72163    2.72093    0.000700467 0.0801344  0.0255543 
[2026-01-21 12:41:49.133] [debug] MCLs6                1.14737    1.14668    0.000681701 0.075338   0.0165893 
[2026-01-21 12:41:49.133] [debug] ACLpl1               0.0        0.0        0.0        0.0241275  -0.0390939
[2026-01-21 12:41:49.133] [debug] ACLpl2               0.0        0.0        0.0        0.0208549  -0.0928682
[2026-01-21 12:41:49.133] [debug] ACLpl3               0.0        0.0        0.0        0.0251717  -0.0987429
[2026-01-21 12:41:49.133] [debug] ACLpl4               0.0        0.0        0.0        0.0204093  -0.194682 
[2026-01-21 12:41:49.133] [debug] ACLpl5               0.0        0.0        0.0        0.0223787  -0.0851144
[2026-01-21 12:41:49.133] [debug] ACLpl6               0.0        0.0        0.0        0.0222056  -0.115563 
[2026-01-21 12:41:49.133] [debug] ACLam1               0.0        0.0        0.0        0.0291697  -0.146361 
[2026-01-21 12:41:49.133] [debug] ACLam2               0.0        0.0        0.0        0.0273827  -0.0856778
[2026-01-21 12:41:49.133] [debug] ACLam3               0.0        0.0        0.0        0.0270481  -0.105440 
[2026-01-21 12:41:49.133] [debug] ACLam4               0.0        0.0        0.0        0.0292040  -0.155528 
[2026-01-21 12:41:49.133] [debug] ACLam5               0.0        0.0        0.0        0.0286534  -0.152821 
[2026-01-21 12:41:49.133] [debug] ACLam6               0.0        0.0        0.0        0.0287314  -0.144587 
[2026-01-21 12:41:49.133] [debug] PCLal1               0.0        0.0        0.0        0.033965   -0.00685519
[2026-01-21 12:41:49.133] [debug] PCLal2               0.0        0.0        0.0        0.0288869  -0.0755642
[2026-01-21 12:41:49.133] [debug] PCLal3               0.780315   0.772294   0.00802171 0.032879   0.0101475 
[2026-01-21 12:41:49.133] [debug] PCLal4               0.0        0.0        0.0        0.0324378  -0.0300141
[2026-01-21 12:41:49.133] [debug] PCLal5               0.0        0.0        0.0        0.0327435  -0.0194118
[2026-01-21 12:41:49.133] [debug] PCLpm1               0.0        0.0        0.0        0.0331614  -0.0342739
[2026-01-21 12:41:49.133] [debug] PCLpm2               0.0        0.0        0.0        0.0323502  -0.0944915
[2026-01-21 12:41:49.133] [debug] PCLpm3               0.0        0.0        0.0        0.0282657  -0.0762992
[2026-01-21 12:41:49.133] [debug] PCLpm4               0.0        0.0        0.0        0.0364697  -0.0802417
[2026-01-21 12:41:49.133] [debug] PCLpm5               0.0        0.0        0.0        0.0328739  -0.0633473
[2026-01-21 12:41:49.133] [debug] LCL1                 0.410464   0.409810   0.000654348 0.04961    0.00905329
[2026-01-21 12:41:49.134] [debug] LCL2                 0.281015   0.280870   0.000145091 0.0561223  0.00749493
[2026-01-21 12:41:49.134] [debug] LCL3                 1.85978    1.85927    0.000507591 0.0543244  0.0192835 
[2026-01-21 12:41:49.134] [debug] LCL4                 2.17844    2.17825    0.000187922 0.0593782  0.0208722 
[2026-01-21 12:41:49.134] [debug] PT1                  14.4072    14.4072    0.0        0.047915   0.0240060 
[2026-01-21 12:41:49.134] [debug] PT2                  11.8748    11.8742    0.000551743 0.0506121  0.0217938 
[2026-01-21 12:41:49.134] [debug] PT3                  1.82847    1.82812    0.000345481 0.0523227  0.00855131
[2026-01-21 12:41:49.134] [debug] PT4                  6.60154    6.60018    0.00135703 0.0413097  0.0162483 
[2026-01-21 12:41:49.134] [debug] PT5                  1.38125    1.38108    0.000172915 0.0462822  0.00743257
[2026-01-21 12:41:49.134] [debug] PT6                  16.8614    16.8604    0.00103540 0.0479507  0.0259695 
[2026-01-21 12:41:49.134] [debug] lPFL1                0.0        0.0        0.0        0.0336294  -0.0148567
[2026-01-21 12:41:49.134] [debug] lPFL2                0.0        0.0        0.0        0.0325562  -0.110227 
[2026-01-21 12:41:49.134] [debug] lPFL3                0.0        0.0        0.0        0.032967   -0.0226937
[2026-01-21 12:41:49.134] [debug] lPFL4                0.0        0.0        0.0        0.0298968  -0.0919581
[2026-01-21 12:41:49.134] [debug] lPFL5                0.0        0.0        0.0        0.0324955  -0.0130295
[2026-01-21 12:41:49.134] [debug] lPFL6                0.0        0.0        0.0        0.0328495  -0.00920516
[2026-01-21 12:41:49.134] [debug] lPFL7                0.0        0.0        0.0        0.0304231  -0.0907906
[2026-01-21 12:41:49.134] [debug] lPFL8                0.0        0.0        0.0        0.0303595  -0.0967705
[2026-01-21 12:41:49.134] [debug] mPFL1                0.0        0.0        0.0        0.0467030  -0.0100212
[2026-01-21 12:41:49.134] [debug] mPFL2                0.906213   0.903755   0.00245817 0.0502039  0.0268887 
[2026-01-21 12:41:49.134] [debug] mPFL3                1.45309    1.45191    0.00117989 0.0496124  0.0340812 
[2026-01-21 12:41:49.134] [debug] mPFL4                0.0        0.0        0.0        0.0444254  -0.0223684
[2026-01-21 12:41:49.134] [debug] mPFL5                0.0725311  0.071451   0.00108011 0.0461715  0.00756047
[2026-01-21 12:41:49.134] [debug] mPFL6                1.58813    1.58618    0.00195177 0.0482636  0.0356222 
[2026-01-21 12:41:49.134] [debug] MCLp1                0.0        0.0        0.0        0.0277883  -0.0497941
[2026-01-21 12:41:49.134] [debug] MCLp2                0.0        0.0        0.0        0.0290319  -0.0295853
[2026-01-21 12:41:49.134] [debug] MCLp3                0.0        0.0        0.0        0.02783    -0.0614426
[2026-01-21 12:41:49.134] [debug] MCLp4                0.0        0.0        0.0        0.0281796  -0.0770710
[2026-01-21 12:41:49.134] [debug] MCLp5                0.0        0.0        0.0        0.0282629  -0.0286971
[2026-01-21 12:41:49.134] [debug] PFL1                 0.0        0.0        0.0        0.0423032  -0.0337025
[2026-01-21 12:41:49.134] [debug] PFL2                 0.0        0.0        0.0        0.0383277  -0.133517 
[2026-01-21 12:41:49.134] [debug] PFL3                 0.0        0.0        0.0        0.0474344  -0.0345222
[2026-01-21 12:41:49.134] [debug] PFL4                 0.0        0.0        0.0        0.0431706  -0.130337 
[2026-01-21 12:41:49.134] [debug] PFL5                 0.0        0.0        0.0        0.0420197  -0.107465 
[2026-01-21 12:41:49.134] [debug] pCAP1                0.0        0.0        0.0        0.0460984  -0.129548 
[2026-01-21 12:41:49.134] [debug] pCAP2                0.0        0.0        0.0        0.0487853  -0.105793 
[2026-01-21 12:41:49.134] [debug] pCAP3                0.0        0.0        0.0        0.0646759  -0.0641357
[2026-01-21 12:41:49.134] [debug] pCAP4                0.0        0.0        0.0        0.0609358  -0.0631421
[2026-01-21 12:41:49.134] [debug] pCAP5                0.0        0.0        0.0        0.0461338  -0.128074 
[2026-01-21 12:41:49.134] [debug] pCAP6                0.0        0.0        0.0        0.0487451  -0.107332 
[2026-01-21 12:41:49.134] [debug] pCAP7                0.0        0.0        0.0        0.0461696  -0.126605 
[2026-01-21 12:41:49.134] [debug] pCAP8                0.0        0.0        0.0        0.0487062  -0.108871 
[2026-01-21 12:41:49.134] [debug] ITB1                 61.7914    61.7914    0.0        0.549696   0.0272304 
[2026-01-21 12:41:49.134] [debug] Smith2018ArticularContactForce: casting_mesh
[2026-01-21 12:41:49.134] [debug] Name                 Num_Contacting_Tri Contact_Force Contact_Moment Mean Pressure Max Pressure Mean Proximity Max Proximity
[2026-01-21 12:41:49.141] [debug] tf_contact           1629       ~[95.1421,-867.962,-9.42377] ~[-7.15359,0.0409445,1.08735] 2.29668e+06 5.24058e+06 0.000574179 0.00135820
[2026-01-21 12:41:49.146] [debug] pf_contact           568        ~[49.8423,-9.13677,-9.38398] ~[-0.032754,-0.252619,0.0721118] 411070.    1.28928e+06 0.000125627 0.000411151
[2026-01-21 12:41:49.146] [info] Optimized Acceleration Errors:
[2026-01-21 12:41:49.146] [info] Name                 Experimental         Simulated            Error               
[2026-01-21 12:41:49.146] [info] hip_flex_r           -14.0924             -15.3927             1.30022             
[2026-01-21 12:41:49.146] [info] hip_add_r            6.09684              6.31011              0.21327             
[2026-01-21 12:41:49.147] [info] hip_rot_r            2.00083              0.594264             1.40657             
[2026-01-21 12:41:49.147] [info] pf_flex_r            0.0                  52.0392              52.0392             
[2026-01-21 12:41:49.147] [info] pf_rot_r             0.0                  17.6002              17.6002             
[2026-01-21 12:41:49.147] [info] pf_tilt_r            0.0                  55.3314              55.3314             
[2026-01-21 12:41:49.147] [info] pf_tx_r              0.0                  2.84513              2.84513             
[2026-01-21 12:41:49.147] [info] pf_ty_r              0.0                  -1.224               1.224               
[2026-01-21 12:41:49.147] [info] pf_tz_r              0.0                  -1.02985             1.02985             
[2026-01-21 12:41:49.147] [info] knee_flex_r          -4.16941             -5.05021             0.880802            
[2026-01-21 12:41:49.147] [info] knee_add_r           0.0                  0.415603             0.415603            
[2026-01-21 12:41:49.147] [info] knee_rot_r           0.0                  0.946731             0.946731            
[2026-01-21 12:41:49.147] [info] knee_tx_r            0.0                  0.625401             0.625401            
[2026-01-21 12:41:49.147] [info] knee_ty_r            0.0                  0.00368044           0.00368044          
[2026-01-21 12:41:49.147] [info] knee_tz_r            0.0                  0.279045             0.279045            
[2026-01-21 12:41:49.147] [info] ankle_flex_r         15.2991              15.5183              0.219257            
[2026-01-21 12:41:49.147] [info] Max udot Error: 55.3314 	 Max Error Coord: pf_tilt_r
[2026-01-21 12:41:49.147] [info] ------------------------------------------------------------------------------
[2026-01-21 12:41:49.147] [info] Frame: 2 	 Time: 6.66 	 Iteration: 4
[2026-01-21 12:41:49.147] [info] ------------------------------------------------------------------------------
[2026-01-21 12:41:49.151] [debug] Parameter Limits:    initial value   lower bound     upper bound    ,
[2026-01-21 12:41:49.151] [debug] ------------------------------------------
[2026-01-21 12:41:49.151] [debug] 0   addbrev_r         0.161040        0.01            1.0            
[2026-01-21 12:41:49.151] [debug] 1   addlong_r         0.163264        0.01            1.0            
[2026-01-21 12:41:49.151] [debug] 2   addmagProx_r      0.148551        0.01            1.0            
[2026-01-21 12:41:49.151] [debug] 3   addmagMid_r       0.195504        0.01            1.0            
[2026-01-21 12:41:49.151] [debug] 4   addmagDist_r      0.158808        0.01            1.0            
[2026-01-21 12:41:49.151] [debug] 5   addmagIsch_r      0.181687        0.01            1.0            
[2026-01-21 12:41:49.151] [debug] 6   bflh_r            0.176655        0.01            1.0            
[2026-01-21 12:41:49.151] [debug] 7   bfsh_r            0.0101124       0.01            1.0            
[2026-01-21 12:41:49.151] [debug] 8   edl_r             0.122889        0.01            1.0            
[2026-01-21 12:41:49.151] [debug] 9   ehl_r             0.128871        0.01            1.0            
[2026-01-21 12:41:49.151] [debug] 10  fdl_r             0.0124934       0.01            1.0            
[2026-01-21 12:41:49.151] [debug] 11  fhl_r             0.0108642       0.01            1.0            
[2026-01-21 12:41:49.151] [debug] 12  gaslat_r          0.0100581       0.01            1.0            
[2026-01-21 12:41:49.151] [debug] 13  gasmed_r          0.0100300       0.01            1.0            
[2026-01-21 12:41:49.151] [debug] 14  gem_r             0.0125595       0.01            1.0            
[2026-01-21 12:41:49.151] [debug] 15  glmax1_r          0.0107948       0.01            1.0            
[2026-01-21 12:41:49.151] [debug] 16  glmax2_r          0.0299251       0.01            1.0            
[2026-01-21 12:41:49.151] [debug] 17  glmax3_r          0.13432         0.01            1.0            
[2026-01-21 12:41:49.151] [debug] 18  glmed1_r          0.0100630       0.01            1.0            
[2026-01-21 12:41:49.151] [debug] 19  glmed2_r          0.0101463       0.01            1.0            
[2026-01-21 12:41:49.151] [debug] 20  glmed3_r          0.0101648       0.01            1.0            
[2026-01-21 12:41:49.151] [debug] 21  glmin1_r          0.0101420       0.01            1.0            
[2026-01-21 12:41:49.151] [debug] 22  glmin2_r          0.0101343       0.01            1.0            
[2026-01-21 12:41:49.151] [debug] 23  glmin3_r          0.0101435       0.01            1.0            
[2026-01-21 12:41:49.151] [debug] 24  grac_r            0.111073        0.01            1.0            
[2026-01-21 12:41:49.151] [debug] 25  iliacus_r         0.0100657       0.01            1.0            
[2026-01-21 12:41:49.151] [debug] 26  pect_r            0.0717771       0.01            1.0            
[2026-01-21 12:41:49.151] [debug] 27  perbrev_r         0.0127307       0.01            1.0            
[2026-01-21 12:41:49.151] [debug] 28  perlong_r         0.0107908       0.01            1.0            
[2026-01-21 12:41:49.151] [debug] 29  pertert_r         0.0693025       0.01            1.0            
[2026-01-21 12:41:49.151] [debug] 30  piri_r            0.0106994       0.01            1.0            
[2026-01-21 12:41:49.151] [debug] 31  psoas_r           0.0101998       0.01            1.0            
[2026-01-21 12:41:49.151] [debug] 32  quadfem_r         0.200717        0.01            1.0            
[2026-01-21 12:41:49.151] [debug] 33  recfem_r          0.0100214       0.01            1.0            
[2026-01-21 12:41:49.151] [debug] 34  sart_r            0.0102495       0.01            1.0            
[2026-01-21 12:41:49.151] [debug] 35  semimem_r         0.256688        0.01            1.0            
[2026-01-21 12:41:49.151] [debug] 36  semiten_r         0.143051        0.01            1.0            
[2026-01-21 12:41:49.151] [debug] 37  soleus_r          0.0100345       0.01            1.0            
[2026-01-21 12:41:49.151] [debug] 38  tfl_r             0.0101444       0.01            1.0            
[2026-01-21 12:41:49.151] [debug] 39  tibant_r          0.149793        0.01            1.0            
[2026-01-21 12:41:49.151] [debug] 40  tibpost_r         0.0107259       0.01            1.0            
[2026-01-21 12:41:49.151] [debug] 41  vasint_r          0.0100242       0.01            1.0            
[2026-01-21 12:41:49.151] [debug] 42  vaslat_r          0.0100114       0.01            1.0            
[2026-01-21 12:41:49.151] [debug] 43  vasmed_r          0.0100174       0.01            1.0            
[2026-01-21 12:41:49.151] [debug] 44  pelvis_tilt_reserve 0.0             -1000.0         1000.0         
[2026-01-21 12:41:49.151] [debug] 45  pelvis_list_reserve 0.0             -1000.0         1000.0         
[2026-01-21 12:41:49.151] [debug] 46  pelvis_rot_reserve 0.0             -1000.0         1000.0         
[2026-01-21 12:41:49.151] [debug] 47  pelvis_tx_reserve 0.0             -1000.0         1000.0         
[2026-01-21 12:41:49.151] [debug] 48  pelvis_ty_reserve 0.0             -1000.0         1000.0         
[2026-01-21 12:41:49.151] [debug] 49  pelvis_tz_reserve 0.0             -1000.0         1000.0         
[2026-01-21 12:41:49.151] [debug] 50  hip_flex_r_reserve 0.0             -1000.0         1000.0         
[2026-01-21 12:41:49.151] [debug] 51  hip_add_r_reserve 0.0             -1000.0         1000.0         
[2026-01-21 12:41:49.151] [debug] 52  hip_rot_r_reserve 0.0             -1000.0         1000.0         
[2026-01-21 12:41:49.151] [debug] 53  pf_flex_r_reserve 0.0             -1000.0         1000.0         
[2026-01-21 12:41:49.151] [debug] 54  pf_rot_r_reserve  0.0             -1000.0         1000.0         
[2026-01-21 12:41:49.151] [debug] 55  pf_tilt_r_reserve 0.0             -1000.0         1000.0         
[2026-01-21 12:41:49.151] [debug] 56  pf_tx_r_reserve   0.0             -1000.0         1000.0         
[2026-01-21 12:41:49.151] [debug] 57  pf_ty_r_reserve   0.0             -1000.0         1000.0         
[2026-01-21 12:41:49.151] [debug] 58  pf_tz_r_reserve   0.0             -1000.0         1000.0         
[2026-01-21 12:41:49.151] [debug] 59  knee_flex_r_reserve 0.0             -1000.0         1000.0         
[2026-01-21 12:41:49.151] [debug] 60  knee_add_r        0.0             -0.01           0.01           
[2026-01-21 12:41:49.151] [debug] 61  knee_rot_r        0.0             -0.01           0.01           
[2026-01-21 12:41:49.151] [debug] 62  knee_tx_r         0.0             -0.05           0.05           
[2026-01-21 12:41:49.151] [debug] 63  knee_ty_r         0.0             -0.05           0.05           
[2026-01-21 12:41:49.151] [debug] 64  knee_tz_r         0.0             -0.05           0.05           
[2026-01-21 12:41:49.151] [debug] 65  pf_flex_r         0.0             -0.01           0.01           
[2026-01-21 12:41:49.151] [debug] 66  pf_rot_r          0.0             -0.01           0.01           
[2026-01-21 12:41:49.151] [debug] 67  pf_tilt_r         0.0             -0.01           0.01           
[2026-01-21 12:41:49.151] [debug] 68  pf_tx_r           0.0             -0.00500000     0.00500000     
[2026-01-21 12:41:49.151] [debug] 69  pf_ty_r           0.0             -0.00500000     0.00500000     
[2026-01-21 12:41:49.151] [debug] 70  pf_tz_r           0.0             -0.00500000     0.00500000     
[2026-01-21 12:41:49.777] [debug] Num Parameters: 71
[2026-01-21 12:41:49.777] [debug] Num Constraints: 16
[2026-01-21 12:41:49.777] [debug] Num Actuators: 60
[2026-01-21 12:41:49.777] [debug] Num Coordinates: 52
[2026-01-21 12:41:49.777] [debug] Num Secondary Coordinates: 11
[2026-01-21 12:41:49.777] [debug] Num Primary Coordinates: 5
[2026-01-21 12:41:50.034] [debug] Optimized Muscles:
[2026-01-21 12:41:50.034] [debug] name                 activation           force               
[2026-01-21 12:41:50.034] [debug] addbrev_r            0.161755             49.1251             
[2026-01-21 12:41:50.034] [debug] addlong_r            0.165116             65.964              
[2026-01-21 12:41:50.034] [debug] addmagProx_r         0.146338             47.4429             
[2026-01-21 12:41:50.034] [debug] addmagMid_r          0.195346             63.331              
[2026-01-21 12:41:50.034] [debug] addmagDist_r         0.159229             51.6222             
[2026-01-21 12:41:50.034] [debug] addmagIsch_r         0.183916             59.6257             
[2026-01-21 12:41:50.034] [debug] bflh_r               0.228546             161.171             
[2026-01-21 12:41:50.034] [debug] bfsh_r               0.0101384            6.40342             
[2026-01-21 12:41:50.034] [debug] edl_r                0.122952             42.4675             
[2026-01-21 12:41:50.034] [debug] ehl_r                0.128826             21.2563             
[2026-01-21 12:41:50.034] [debug] fdl_r                0.0125145            3.43399             
[2026-01-21 12:41:50.034] [debug] fhl_r                0.0108624            4.74471             
[2026-01-21 12:41:50.034] [debug] gaslat_r             0.0100603            6.10056             
[2026-01-21 12:41:50.034] [debug] gasmed_r             0.0100277            13.1162             
[2026-01-21 12:41:50.035] [debug] gem_r                0.0119144            2.59733             
[2026-01-21 12:41:50.035] [debug] glmax1_r             0.0109201            11.927              
[2026-01-21 12:41:50.035] [debug] glmax2_r             0.0300642            46.9302             
[2026-01-21 12:41:50.035] [debug] glmax3_r             0.133544             141.316             
[2026-01-21 12:41:50.035] [debug] glmed1_r             0.0100692            17.7439             
[2026-01-21 12:41:50.035] [debug] glmed2_r             0.0101524            10.4875             
[2026-01-21 12:41:50.035] [debug] glmed3_r             0.0101579            14.2617             
[2026-01-21 12:41:50.035] [debug] glmin1_r             0.0101535            7.31054             
[2026-01-21 12:41:50.035] [debug] glmin2_r             0.0101420            7.70789             
[2026-01-21 12:41:50.035] [debug] glmin3_r             0.0101475            8.72686             
[2026-01-21 12:41:50.035] [debug] grac_r               0.0955085            13.1133             
[2026-01-21 12:41:50.035] [debug] iliacus_r            0.0100673            25.0434             
[2026-01-21 12:41:50.035] [debug] pect_r               0.0720440            12.7518             
[2026-01-21 12:41:50.035] [debug] perbrev_r            0.0127496            3.90009             
[2026-01-21 12:41:50.035] [debug] perlong_r            0.0107903            7.04931             
[2026-01-21 12:41:50.035] [debug] pertert_r            0.0689061            6.20155             
[2026-01-21 12:41:50.035] [debug] piri_r               0.0106726            3.15909             
[2026-01-21 12:41:50.035] [debug] psoas_r              0.0101955            19.5345             
[2026-01-21 12:41:50.035] [debug] quadfem_r            0.184077             93.5112             
[2026-01-21 12:41:50.035] [debug] recfem_r             0.0100215            8.50627             
[2026-01-21 12:41:50.035] [debug] sart_r               0.0102228            1.16029             
[2026-01-21 12:41:50.035] [debug] semimem_r            0.226958             263.884             
[2026-01-21 12:41:50.035] [debug] semiten_r            0.130880             39.5128             
[2026-01-21 12:41:50.035] [debug] soleus_r             0.0100345            35.9828             
[2026-01-21 12:41:50.035] [debug] tfl_r                0.0101573            1.57439             
[2026-01-21 12:41:50.035] [debug] tibant_r             0.149997             101.053             
[2026-01-21 12:41:50.035] [debug] tibpost_r            0.0107256            9.71308             
[2026-01-21 12:41:50.035] [debug] vasint_r             0.0100246            10.2672             
[2026-01-21 12:41:50.035] [debug] vaslat_r             0.0100117            22.5803             
[2026-01-21 12:41:50.035] [debug] vasmed_r             0.0100177            14.4625             
[2026-01-21 12:41:50.035] [debug] Optimized Non Muscle Actuators:
[2026-01-21 12:41:50.035] [debug] name                 activation           force               
[2026-01-21 12:41:50.035] [debug] pelvis_tilt_reserve  -6.74642e-07         -6.74642e-07        
[2026-01-21 12:41:50.035] [debug] pelvis_list_reserve  1.12683e-06          1.12683e-06         
[2026-01-21 12:41:50.035] [debug] pelvis_rot_reserve   -2.69080e-07         -2.69080e-07        
[2026-01-21 12:41:50.035] [debug] pelvis_tx_reserve    1.24329e-07          1.24329e-07         
[2026-01-21 12:41:50.035] [debug] pelvis_ty_reserve    2.6483e-08           2.6483e-08          
[2026-01-21 12:41:50.035] [debug] pelvis_tz_reserve    1.37391e-07          1.37391e-07         
[2026-01-21 12:41:50.035] [debug] hip_flex_r_reserve   -5.47867e-08         -5.47867e-08        
[2026-01-21 12:41:50.035] [debug] hip_add_r_reserve    -1.84109e-07         -1.84109e-07        
[2026-01-21 12:41:50.035] [debug] hip_rot_r_reserve    2.99602e-09          2.99602e-09         
[2026-01-21 12:41:50.035] [debug] pf_flex_r_reserve    1.13572e-06          1.13572e-06         
[2026-01-21 12:41:50.035] [debug] pf_rot_r_reserve     -5.22265e-08         -5.22265e-08        
[2026-01-21 12:41:50.036] [debug] pf_tilt_r_reserve    -4.10480e-09         -4.10480e-09        
[2026-01-21 12:41:50.036] [debug] pf_tx_r_reserve      -1.1839e-07          -1.1839e-07         
[2026-01-21 12:41:50.036] [debug] pf_ty_r_reserve      -5.89776e-08         -5.89776e-08        
[2026-01-21 12:41:50.036] [debug] pf_tz_r_reserve      -3.41312e-08         -3.41312e-08        
[2026-01-21 12:41:50.036] [debug] knee_flex_r_reserve  8.53696e-07          8.53696e-07         
[2026-01-21 12:41:50.036] [debug] Optimized Secondardy Coordinates:
[2026-01-21 12:41:50.036] [debug] name                 value               
[2026-01-21 12:41:50.036] [debug] 0.0117060            -0.00152435         
[2026-01-21 12:41:50.036] [debug] 0.0284614            -0.00128351         
[2026-01-21 12:41:50.036] [debug] 0.000517006          -5.50279e-05        
[2026-01-21 12:41:50.036] [debug] 0.00170342           -8.30766e-07        
[2026-01-21 12:41:50.036] [debug] -0.00139724          -0.000112397        
[2026-01-21 12:41:50.036] [debug] 0.213622             3.54041e-05         
[2026-01-21 12:41:50.036] [debug] 0.0145067            -2.90772e-05        
[2026-01-21 12:41:50.036] [debug] -0.0125451           2.03797e-05         
[2026-01-21 12:41:50.036] [debug] 0.0501112            -9.62583e-06        
[2026-01-21 12:41:50.036] [debug] -0.00757354          -3.20781e-05        
[2026-01-21 12:41:50.036] [debug] 0.00462277           -2.92661e-06        
[2026-01-21 12:41:50.036] [debug] 
Blankevoort1991Ligaments:
[2026-01-21 12:41:50.036] [debug] Name                 Total_Force Spring_Force Damping_Force Lengths    Strains   
[2026-01-21 12:41:50.036] [debug] MCLd1                0.0        0.0        0.0        0.0290362  -0.0557324
[2026-01-21 12:41:50.036] [debug] MCLd2                0.0        0.0        0.0        0.0297522  -0.0895386
[2026-01-21 12:41:50.036] [debug] MCLd3                0.0        0.0        0.0        0.0356652  -0.0392273
[2026-01-21 12:41:50.036] [debug] MCLd4                0.0        0.0        0.0        0.032338   -0.0272627
[2026-01-21 12:41:50.036] [debug] MCLd5                0.0        0.0        0.0        0.0358236  -0.0390606
[2026-01-21 12:41:50.036] [debug] MCLs1                2.77689    2.7756     0.00128562 0.0741864  0.0258098 
[2026-01-21 12:41:50.036] [debug] MCLs2                4.24775    4.24692    0.000828606 0.0926651  0.0319259 
[2026-01-21 12:41:50.036] [debug] MCLs3                0.224061   0.223232   0.000829198 0.0718796  0.00731954
[2026-01-21 12:41:50.036] [debug] MCLs4                0.773367   0.772586   0.000780915 0.0833895  0.0136169 
[2026-01-21 12:41:50.036] [debug] MCLs5                2.86368    2.86278    0.000903222 0.0801857  0.026212  
[2026-01-21 12:41:50.036] [debug] MCLs6                1.2482     1.2473     0.000901352 0.0753908  0.0173018 
[2026-01-21 12:41:50.036] [debug] ACLpl1               0.0        0.0        0.0        0.0241384  -0.0386583
[2026-01-21 12:41:50.036] [debug] ACLpl2               0.0        0.0        0.0        0.0208457  -0.0932666
[2026-01-21 12:41:50.036] [debug] ACLpl3               0.0        0.0        0.0        0.0251675  -0.0988939
[2026-01-21 12:41:50.036] [debug] ACLpl4               0.0        0.0        0.0        0.0203898  -0.195455 
[2026-01-21 12:41:50.036] [debug] ACLpl5               0.0        0.0        0.0        0.0223782  -0.0851341
[2026-01-21 12:41:50.036] [debug] ACLpl6               0.0        0.0        0.0        0.0221903  -0.116175 
[2026-01-21 12:41:50.036] [debug] ACLam1               0.0        0.0        0.0        0.0291858  -0.145891 
[2026-01-21 12:41:50.036] [debug] ACLam2               0.0        0.0        0.0        0.0273842  -0.0856263
[2026-01-21 12:41:50.036] [debug] ACLam3               0.0        0.0        0.0        0.0270680  -0.104782 
[2026-01-21 12:41:50.036] [debug] ACLam4               0.0        0.0        0.0        0.0292051  -0.155494 
[2026-01-21 12:41:50.036] [debug] ACLam5               0.0        0.0        0.0        0.0286649  -0.152481 
[2026-01-21 12:41:50.036] [debug] ACLam6               0.0        0.0        0.0        0.0287332  -0.144535 
[2026-01-21 12:41:50.036] [debug] PCLal1               0.0        0.0        0.0        0.0339716  -0.00665968
[2026-01-21 12:41:50.036] [debug] PCLal2               0.0        0.0        0.0        0.0289137  -0.0747052
[2026-01-21 12:41:50.036] [debug] PCLal3               0.859599   0.851399   0.00820011 0.0328955  0.0106546 
[2026-01-21 12:41:50.036] [debug] PCLal4               0.0        0.0        0.0        0.0324718  -0.0289977
[2026-01-21 12:41:50.036] [debug] PCLal5               0.0        0.0        0.0        0.0327683  -0.0186699
[2026-01-21 12:41:50.036] [debug] PCLpm1               0.0        0.0        0.0        0.0331974  -0.0332245
[2026-01-21 12:41:50.036] [debug] PCLpm2               0.0        0.0        0.0        0.0323927  -0.0933015
[2026-01-21 12:41:50.036] [debug] PCLpm3               0.0        0.0        0.0        0.0283059  -0.0749855
[2026-01-21 12:41:50.036] [debug] PCLpm4               0.0        0.0        0.0        0.0365063  -0.0793191
[2026-01-21 12:41:50.036] [debug] PCLpm5               0.0        0.0        0.0        0.0329139  -0.0622078
[2026-01-21 12:41:50.036] [debug] LCL1                 0.351299   0.350835   0.000463534 0.0495767  0.00837658
[2026-01-21 12:41:50.037] [debug] LCL2                 0.230701   0.230701   0.0        0.0560832  0.00679266
[2026-01-21 12:41:50.037] [debug] LCL3                 1.72358    1.72327    0.000311325 0.0542861  0.0185648 
[2026-01-21 12:41:50.037] [debug] LCL4                 2.03038    2.03038    0.0        0.0593363  0.0201513 
[2026-01-21 12:41:50.037] [debug] PT1                  14.2118    14.2118    0.0        0.0479073  0.0238427 
[2026-01-21 12:41:50.037] [debug] PT2                  12.0262    12.0256    0.000606358 0.0506190  0.0219322 
[2026-01-21 12:41:50.037] [debug] PT3                  1.79471    1.79438    0.000337500 0.0523186  0.00847202
[2026-01-21 12:41:50.037] [debug] PT4                  6.66141    6.66001    0.00140331 0.0413127  0.0163218 
[2026-01-21 12:41:50.037] [debug] PT5                  1.32924    1.32909    0.000150804 0.0462757  0.00729133
[2026-01-21 12:41:50.037] [debug] PT6                  16.9676    16.9666    0.00107605 0.0479546  0.0260512 
[2026-01-21 12:41:50.037] [debug] lPFL1                0.0        0.0        0.0        0.0336291  -0.0148673
[2026-01-21 12:41:50.037] [debug] lPFL2                0.0        0.0        0.0        0.0325662  -0.109954 
[2026-01-21 12:41:50.037] [debug] lPFL3                0.0        0.0        0.0        0.0329696  -0.0226167
[2026-01-21 12:41:50.037] [debug] lPFL4                0.0        0.0        0.0        0.0299015  -0.0918176
[2026-01-21 12:41:50.037] [debug] lPFL5                0.0        0.0        0.0        0.0324974  -0.012972 
[2026-01-21 12:41:50.037] [debug] lPFL6                0.0        0.0        0.0        0.0328569  -0.00898362
[2026-01-21 12:41:50.037] [debug] lPFL7                0.0        0.0        0.0        0.0304257  -0.0907121
[2026-01-21 12:41:50.037] [debug] lPFL8                0.0        0.0        0.0        0.0303659  -0.0965814
[2026-01-21 12:41:50.037] [debug] mPFL1                0.0        0.0        0.0        0.0467038  -0.0100060
[2026-01-21 12:41:50.037] [debug] mPFL2                0.914399   0.911896   0.00250267 0.0502098  0.0270096 
[2026-01-21 12:41:50.037] [debug] mPFL3                1.45825    1.45704    0.00120669 0.0496153  0.0341414 
[2026-01-21 12:41:50.037] [debug] mPFL4                0.0        0.0        0.0        0.0444297  -0.0222739
[2026-01-21 12:41:50.037] [debug] mPFL5                0.0737090  0.0725963  0.00111275 0.0461742  0.00762083
[2026-01-21 12:41:50.037] [debug] mPFL6                1.59721    1.59522    0.00199134 0.0482683  0.0357236 
[2026-01-21 12:41:50.037] [debug] MCLp1                0.0        0.0        0.0        0.0278176  -0.0487904
[2026-01-21 12:41:50.037] [debug] MCLp2                0.0        0.0        0.0        0.0290700  -0.0283117
[2026-01-21 12:41:50.037] [debug] MCLp3                0.0        0.0        0.0        0.0278683  -0.0601519
[2026-01-21 12:41:50.037] [debug] MCLp4                0.0        0.0        0.0        0.0282217  -0.0756918
[2026-01-21 12:41:50.037] [debug] MCLp5                0.0        0.0        0.0        0.0282996  -0.0274334
[2026-01-21 12:41:50.037] [debug] PFL1                 0.0        0.0        0.0        0.0423201  -0.0333142
[2026-01-21 12:41:50.037] [debug] PFL2                 0.0        0.0        0.0        0.0383538  -0.132927 
[2026-01-21 12:41:50.037] [debug] PFL3                 0.0        0.0        0.0        0.0474571  -0.0340601
[2026-01-21 12:41:50.037] [debug] PFL4                 0.0        0.0        0.0        0.0431928  -0.129889 
[2026-01-21 12:41:50.037] [debug] PFL5                 0.0        0.0        0.0        0.0420441  -0.106948 
[2026-01-21 12:41:50.037] [debug] pCAP1                0.0        0.0        0.0        0.0461296  -0.128958 
[2026-01-21 12:41:50.037] [debug] pCAP2                0.0        0.0        0.0        0.0487664  -0.106140 
[2026-01-21 12:41:50.037] [debug] pCAP3                0.0        0.0        0.0        0.0646054  -0.0651558
[2026-01-21 12:41:50.037] [debug] pCAP4                0.0        0.0        0.0        0.0610243  -0.0617812
[2026-01-21 12:41:50.037] [debug] pCAP5                0.0        0.0        0.0        0.0461586  -0.127604 
[2026-01-21 12:41:50.037] [debug] pCAP6                0.0        0.0        0.0        0.048733   -0.107555 
[2026-01-21 12:41:50.037] [debug] pCAP7                0.0        0.0        0.0        0.0461881  -0.126255 
[2026-01-21 12:41:50.037] [debug] pCAP8                0.0        0.0        0.0        0.0487008  -0.108971 
[2026-01-21 12:41:50.038] [debug] ITB1                 61.2714    61.2714    0.0        0.549635   0.0271156 
[2026-01-21 12:41:50.038] [debug] Smith2018ArticularContactForce: casting_mesh
[2026-01-21 12:41:50.038] [debug] Name                 Num_Contacting_Tri Contact_Force Contact_Moment Mean Pressure Max Pressure Mean Proximity Max Proximity
[2026-01-21 12:41:50.049] [debug] tf_contact           1609       ~[92.9578,-859.518,-8.06075] ~[-7.75851,-0.0494251,1.04894] 2.30005e+06 5.33427e+06 0.000575101 0.00136749
[2026-01-21 12:41:50.054] [debug] pf_contact           565        ~[48.5746,-8.85611,-8.91006] ~[-0.0319522,-0.249491,0.0729782] 402487.    1.25654e+06 0.000122741 0.000401052
[2026-01-21 12:41:50.054] [info] Optimized Acceleration Errors:
[2026-01-21 12:41:50.055] [info] Name                 Experimental         Simulated            Error               
[2026-01-21 12:41:50.055] [info] hip_flex_r           -14.0924             -14.9707             0.878221            
[2026-01-21 12:41:50.055] [info] hip_add_r            6.09684              7.30219              1.20535             
[2026-01-21 12:41:50.055] [info] hip_rot_r            2.00083              0.741436             1.2594              
[2026-01-21 12:41:50.055] [info] pf_flex_r            0.0                  -1.35085             1.35085             
[2026-01-21 12:41:50.055] [info] pf_rot_r             0.0                  -0.281027            0.281027            
[2026-01-21 12:41:50.055] [info] pf_tilt_r            0.0                  -1.02792             1.02792             
[2026-01-21 12:41:50.055] [info] pf_tx_r              0.0                  0.389587             0.389587            
[2026-01-21 12:41:50.055] [info] pf_ty_r              0.0                  0.0561067            0.0561067           
[2026-01-21 12:41:50.055] [info] pf_tz_r              0.0                  0.346831             0.346831            
[2026-01-21 12:41:50.055] [info] knee_flex_r          -4.16941             -6.10680             1.93739             
[2026-01-21 12:41:50.055] [info] knee_add_r           0.0                  -1.43985             1.43985             
[2026-01-21 12:41:50.055] [info] knee_rot_r           0.0                  -0.087247            0.087247            
[2026-01-21 12:41:50.055] [info] knee_tx_r            0.0                  0.515625             0.515625            
[2026-01-21 12:41:50.055] [info] knee_ty_r            0.0                  1.06432              1.06432             
[2026-01-21 12:41:50.055] [info] knee_tz_r            0.0                  0.526444             0.526444            
[2026-01-21 12:41:50.055] [info] ankle_flex_r         15.2991              6.14511              9.15398             
[2026-01-21 12:41:50.055] [info] Max udot Error: 9.15398 	 Max Error Coord: ankle_flex_r
[2026-01-21 12:41:50.056] [info] ------------------------------------------------------------------------------
[2026-01-21 12:41:50.056] [info] Frame: 2 	 Time: 6.66 	 Iteration: 5
[2026-01-21 12:41:50.056] [info] ------------------------------------------------------------------------------
[2026-01-21 12:41:50.060] [debug] Parameter Limits:    initial value   lower bound     upper bound    ,
[2026-01-21 12:41:50.060] [debug] ------------------------------------------
[2026-01-21 12:41:50.060] [debug] 0   addbrev_r         0.161755        0.01            1.0            
[2026-01-21 12:41:50.060] [debug] 1   addlong_r         0.165116        0.01            1.0            
[2026-01-21 12:41:50.060] [debug] 2   addmagProx_r      0.146338        0.01            1.0            
[2026-01-21 12:41:50.060] [debug] 3   addmagMid_r       0.195346        0.01            1.0            
[2026-01-21 12:41:50.060] [debug] 4   addmagDist_r      0.159229        0.01            1.0            
[2026-01-21 12:41:50.061] [debug] 5   addmagIsch_r      0.183916        0.01            1.0            
[2026-01-21 12:41:50.061] [debug] 6   bflh_r            0.228546        0.01            1.0            
[2026-01-21 12:41:50.061] [debug] 7   bfsh_r            0.0101384       0.01            1.0            
[2026-01-21 12:41:50.061] [debug] 8   edl_r             0.122952        0.01            1.0            
[2026-01-21 12:41:50.061] [debug] 9   ehl_r             0.128826        0.01            1.0            
[2026-01-21 12:41:50.061] [debug] 10  fdl_r             0.0125145       0.01            1.0            
[2026-01-21 12:41:50.061] [debug] 11  fhl_r             0.0108624       0.01            1.0            
[2026-01-21 12:41:50.061] [debug] 12  gaslat_r          0.0100603       0.01            1.0            
[2026-01-21 12:41:50.061] [debug] 13  gasmed_r          0.0100277       0.01            1.0            
[2026-01-21 12:41:50.061] [debug] 14  gem_r             0.0119144       0.01            1.0            
[2026-01-21 12:41:50.061] [debug] 15  glmax1_r          0.0109201       0.01            1.0            
[2026-01-21 12:41:50.061] [debug] 16  glmax2_r          0.0300642       0.01            1.0            
[2026-01-21 12:41:50.061] [debug] 17  glmax3_r          0.133544        0.01            1.0            
[2026-01-21 12:41:50.061] [debug] 18  glmed1_r          0.0100692       0.01            1.0            
[2026-01-21 12:41:50.061] [debug] 19  glmed2_r          0.0101524       0.01            1.0            
[2026-01-21 12:41:50.061] [debug] 20  glmed3_r          0.0101579       0.01            1.0            
[2026-01-21 12:41:50.061] [debug] 21  glmin1_r          0.0101535       0.01            1.0            
[2026-01-21 12:41:50.061] [debug] 22  glmin2_r          0.0101420       0.01            1.0            
[2026-01-21 12:41:50.061] [debug] 23  glmin3_r          0.0101475       0.01            1.0            
[2026-01-21 12:41:50.061] [debug] 24  grac_r            0.0955085       0.01            1.0            
[2026-01-21 12:41:50.061] [debug] 25  iliacus_r         0.0100673       0.01            1.0            
[2026-01-21 12:41:50.061] [debug] 26  pect_r            0.0720440       0.01            1.0            
[2026-01-21 12:41:50.061] [debug] 27  perbrev_r         0.0127496       0.01            1.0            
[2026-01-21 12:41:50.061] [debug] 28  perlong_r         0.0107903       0.01            1.0            
[2026-01-21 12:41:50.061] [debug] 29  pertert_r         0.0689061       0.01            1.0            
[2026-01-21 12:41:50.061] [debug] 30  piri_r            0.0106726       0.01            1.0            
[2026-01-21 12:41:50.061] [debug] 31  psoas_r           0.0101955       0.01            1.0            
[2026-01-21 12:41:50.061] [debug] 32  quadfem_r         0.184077        0.01            1.0            
[2026-01-21 12:41:50.061] [debug] 33  recfem_r          0.0100215       0.01            1.0            
[2026-01-21 12:41:50.061] [debug] 34  sart_r            0.0102228       0.01            1.0            
[2026-01-21 12:41:50.061] [debug] 35  semimem_r         0.226958        0.01            1.0            
[2026-01-21 12:41:50.061] [debug] 36  semiten_r         0.130880        0.01            1.0            
[2026-01-21 12:41:50.061] [debug] 37  soleus_r          0.0100345       0.01            1.0            
[2026-01-21 12:41:50.061] [debug] 38  tfl_r             0.0101573       0.01            1.0            
[2026-01-21 12:41:50.061] [debug] 39  tibant_r          0.149997        0.01            1.0            
[2026-01-21 12:41:50.061] [debug] 40  tibpost_r         0.0107256       0.01            1.0            
[2026-01-21 12:41:50.061] [debug] 41  vasint_r          0.0100246       0.01            1.0            
[2026-01-21 12:41:50.061] [debug] 42  vaslat_r          0.0100117       0.01            1.0            
[2026-01-21 12:41:50.061] [debug] 43  vasmed_r          0.0100177       0.01            1.0            
[2026-01-21 12:41:50.061] [debug] 44  pelvis_tilt_reserve 0.0             -1000.0         1000.0         
[2026-01-21 12:41:50.061] [debug] 45  pelvis_list_reserve 0.0             -1000.0         1000.0         
[2026-01-21 12:41:50.061] [debug] 46  pelvis_rot_reserve 0.0             -1000.0         1000.0         
[2026-01-21 12:41:50.061] [debug] 47  pelvis_tx_reserve 0.0             -1000.0         1000.0         
[2026-01-21 12:41:50.061] [debug] 48  pelvis_ty_reserve 0.0             -1000.0         1000.0         
[2026-01-21 12:41:50.061] [debug] 49  pelvis_tz_reserve 0.0             -1000.0         1000.0         
[2026-01-21 12:41:50.061] [debug] 50  hip_flex_r_reserve 0.0             -1000.0         1000.0         
[2026-01-21 12:41:50.061] [debug] 51  hip_add_r_reserve 0.0             -1000.0         1000.0         
[2026-01-21 12:41:50.061] [debug] 52  hip_rot_r_reserve 0.0             -1000.0         1000.0         
[2026-01-21 12:41:50.061] [debug] 53  pf_flex_r_reserve 0.0             -1000.0         1000.0         
[2026-01-21 12:41:50.061] [debug] 54  pf_rot_r_reserve  0.0             -1000.0         1000.0         
[2026-01-21 12:41:50.061] [debug] 55  pf_tilt_r_reserve 0.0             -1000.0         1000.0         
[2026-01-21 12:41:50.061] [debug] 56  pf_tx_r_reserve   0.0             -1000.0         1000.0         
[2026-01-21 12:41:50.061] [debug] 57  pf_ty_r_reserve   0.0             -1000.0         1000.0         
[2026-01-21 12:41:50.061] [debug] 58  pf_tz_r_reserve   0.0             -1000.0         1000.0         
[2026-01-21 12:41:50.061] [debug] 59  knee_flex_r_reserve 0.0             -1000.0         1000.0         
[2026-01-21 12:41:50.061] [debug] 60  knee_add_r        0.0             -0.01           0.01           
[2026-01-21 12:41:50.061] [debug] 61  knee_rot_r        0.0             -0.01           0.01           
[2026-01-21 12:41:50.061] [debug] 62  knee_tx_r         0.0             -0.05           0.05           
[2026-01-21 12:41:50.061] [debug] 63  knee_ty_r         0.0             -0.05           0.05           
[2026-01-21 12:41:50.061] [debug] 64  knee_tz_r         0.0             -0.05           0.05           
[2026-01-21 12:41:50.061] [debug] 65  pf_flex_r         0.0             -0.01           0.01           
[2026-01-21 12:41:50.061] [debug] 66  pf_rot_r          0.0             -0.01           0.01           
[2026-01-21 12:41:50.061] [debug] 67  pf_tilt_r         0.0             -0.01           0.01           
[2026-01-21 12:41:50.061] [debug] 68  pf_tx_r           0.0             -0.00500000     0.00500000     
[2026-01-21 12:41:50.061] [debug] 69  pf_ty_r           0.0             -0.00500000     0.00500000     
[2026-01-21 12:41:50.061] [debug] 70  pf_tz_r           0.0             -0.00500000     0.00500000     
[2026-01-21 12:41:50.727] [debug] Num Parameters: 71
[2026-01-21 12:41:50.727] [debug] Num Constraints: 16
[2026-01-21 12:41:50.727] [debug] Num Actuators: 60
[2026-01-21 12:41:50.727] [debug] Num Coordinates: 52
[2026-01-21 12:41:50.727] [debug] Num Secondary Coordinates: 11
[2026-01-21 12:41:50.727] [debug] Num Primary Coordinates: 5
[2026-01-21 12:41:50.890] [debug] Optimized Muscles:
[2026-01-21 12:41:50.890] [debug] name                 activation           force               
[2026-01-21 12:41:50.890] [debug] addbrev_r            0.162133             49.2396             
[2026-01-21 12:41:50.890] [debug] addlong_r            0.165299             66.0369             
[2026-01-21 12:41:50.890] [debug] addmagProx_r         0.147438             47.7994             
[2026-01-21 12:41:50.890] [debug] addmagMid_r          0.195523             63.3884             
[2026-01-21 12:41:50.890] [debug] addmagDist_r         0.159075             51.5721             
[2026-01-21 12:41:50.890] [debug] addmagIsch_r         0.183057             59.347              
[2026-01-21 12:41:50.890] [debug] bflh_r               0.214763             151.451             
[2026-01-21 12:41:50.890] [debug] bfsh_r               0.0102623            6.48165             
[2026-01-21 12:41:50.890] [debug] edl_r                0.123747             42.7421             
[2026-01-21 12:41:50.890] [debug] ehl_r                0.129924             21.4375             
[2026-01-21 12:41:50.890] [debug] fdl_r                0.0151638            4.16094             
[2026-01-21 12:41:50.890] [debug] fhl_r                0.0118873            5.19237             
[2026-01-21 12:41:50.890] [debug] gaslat_r             0.0101254            6.14007             
[2026-01-21 12:41:50.890] [debug] gasmed_r             0.0100641            13.1639             
[2026-01-21 12:41:50.890] [debug] gem_r                0.0144273            3.14515             
[2026-01-21 12:41:50.890] [debug] glmax1_r             0.0117132            12.7931             
[2026-01-21 12:41:50.890] [debug] glmax2_r             0.0299691            46.7818             
[2026-01-21 12:41:50.890] [debug] glmax3_r             0.133469             141.237             
[2026-01-21 12:41:50.890] [debug] glmed1_r             0.0101490            17.8846             
[2026-01-21 12:41:50.890] [debug] glmed2_r             0.0103324            10.6734             
[2026-01-21 12:41:50.890] [debug] glmed3_r             0.0103516            14.5336             
[2026-01-21 12:41:50.890] [debug] glmin1_r             0.0103323            7.43928             
[2026-01-21 12:41:50.890] [debug] glmin2_r             0.0103093            7.83503             
[2026-01-21 12:41:50.890] [debug] glmin3_r             0.0103238            8.87849             
[2026-01-21 12:41:50.890] [debug] grac_r               0.103475             14.2072             
[2026-01-21 12:41:50.890] [debug] iliacus_r            0.0101489            25.2464             
[2026-01-21 12:41:50.890] [debug] pect_r               0.0735010            13.0097             
[2026-01-21 12:41:50.890] [debug] perbrev_r            0.0155416            4.75419             
[2026-01-21 12:41:50.890] [debug] perlong_r            0.0117176            7.65512             
[2026-01-21 12:41:50.890] [debug] pertert_r            0.0709765            6.38789             
[2026-01-21 12:41:50.890] [debug] piri_r               0.0114992            3.40376             
[2026-01-21 12:41:50.890] [debug] psoas_r              0.0104365            19.9964             
[2026-01-21 12:41:50.890] [debug] quadfem_r            0.188723             95.8711             
[2026-01-21 12:41:50.890] [debug] recfem_r             0.0100473            8.52817             
[2026-01-21 12:41:50.890] [debug] sart_r               0.0105295            1.1951              
[2026-01-21 12:41:50.890] [debug] semimem_r            0.234676             272.858             
[2026-01-21 12:41:50.890] [debug] semiten_r            0.133586             40.3296             
[2026-01-21 12:41:50.890] [debug] soleus_r             0.0100765            36.1333             
[2026-01-21 12:41:50.890] [debug] tfl_r                0.0103404            1.60276             
[2026-01-21 12:41:50.890] [debug] tibant_r             0.150496             101.389             
[2026-01-21 12:41:50.890] [debug] tibpost_r            0.0115791            10.486              
[2026-01-21 12:41:50.890] [debug] vasint_r             0.0100539            10.2972             
[2026-01-21 12:41:50.890] [debug] vaslat_r             0.0100256            22.6117             
[2026-01-21 12:41:50.890] [debug] vasmed_r             0.0100388            14.493              
[2026-01-21 12:41:50.890] [debug] Optimized Non Muscle Actuators:
[2026-01-21 12:41:50.890] [debug] name                 activation           force               
[2026-01-21 12:41:50.890] [debug] pelvis_tilt_reserve  -6.69562e-07         -6.69562e-07        
[2026-01-21 12:41:50.890] [debug] pelvis_list_reserve  1.12657e-06          1.12657e-06         
[2026-01-21 12:41:50.890] [debug] pelvis_rot_reserve   -2.93841e-07         -2.93841e-07        
[2026-01-21 12:41:50.890] [debug] pelvis_tx_reserve    1.30284e-07          1.30284e-07         
[2026-01-21 12:41:50.890] [debug] pelvis_ty_reserve    3.20673e-08          3.20673e-08         
[2026-01-21 12:41:50.890] [debug] pelvis_tz_reserve    1.40495e-07          1.40495e-07         
[2026-01-21 12:41:50.890] [debug] hip_flex_r_reserve   -5.63138e-08         -5.63138e-08        
[2026-01-21 12:41:50.890] [debug] hip_add_r_reserve    -1.86582e-07         -1.86582e-07        
[2026-01-21 12:41:50.890] [debug] hip_rot_r_reserve    4.22683e-09          4.22683e-09         
[2026-01-21 12:41:50.890] [debug] pf_flex_r_reserve    1.07294e-06          1.07294e-06         
[2026-01-21 12:41:50.890] [debug] pf_rot_r_reserve     2.46706e-07          2.46706e-07         
[2026-01-21 12:41:50.890] [debug] pf_tilt_r_reserve    -3.87623e-07         -3.87623e-07        
[2026-01-21 12:41:50.890] [debug] pf_tx_r_reserve      -1.21648e-07         -1.21648e-07        
[2026-01-21 12:41:50.890] [debug] pf_ty_r_reserve      -5.78988e-08         -5.78988e-08        
[2026-01-21 12:41:50.890] [debug] pf_tz_r_reserve      -1.78486e-08         -1.78486e-08        
[2026-01-21 12:41:50.890] [debug] knee_flex_r_reserve  8.55421e-07          8.55421e-07         
[2026-01-21 12:41:50.890] [debug] Optimized Secondardy Coordinates:
[2026-01-21 12:41:50.890] [debug] name                 value               
[2026-01-21 12:41:50.890] [debug] 0.0120273            0.000321293         
[2026-01-21 12:41:50.890] [debug] 0.0287917            0.000330344         
[2026-01-21 12:41:50.890] [debug] 0.000541837          2.48312e-05         
[2026-01-21 12:41:50.890] [debug] 0.00170465           1.22758e-06         
[2026-01-21 12:41:50.890] [debug] -0.00136730          2.99391e-05         
[2026-01-21 12:41:50.890] [debug] 0.213612             -1.00955e-05        
[2026-01-21 12:41:50.890] [debug] 0.0145093            2.64987e-06         
[2026-01-21 12:41:50.891] [debug] -0.0125569           -1.18703e-05        
[2026-01-21 12:41:50.891] [debug] 0.0501176            6.41367e-06         
[2026-01-21 12:41:50.891] [debug] -0.00755736          1.61864e-05         
[2026-01-21 12:41:50.891] [debug] 0.00462132           -1.45474e-06        
[2026-01-21 12:41:50.891] [debug] 
Blankevoort1991Ligaments:
[2026-01-21 12:41:50.891] [debug] Name                 Total_Force Spring_Force Damping_Force Lengths    Strains   
[2026-01-21 12:41:50.891] [debug] MCLd1                0.0        0.0        0.0        0.0290206  -0.0562417
[2026-01-21 12:41:50.891] [debug] MCLd2                0.0        0.0        0.0        0.029737   -0.0900057
[2026-01-21 12:41:50.891] [debug] MCLd3                0.0        0.0        0.0        0.03565    -0.0396366
[2026-01-21 12:41:50.891] [debug] MCLd4                0.0        0.0        0.0        0.0323227  -0.0277232
[2026-01-21 12:41:50.891] [debug] MCLd5                0.0        0.0        0.0        0.0358085  -0.0394675
[2026-01-21 12:41:50.891] [debug] MCLs1                2.73981    2.73858    0.00123044 0.0741739  0.0256371 
[2026-01-21 12:41:50.891] [debug] MCLs2                4.21202    4.21124    0.000785940 0.092653   0.0317915 
[2026-01-21 12:41:50.891] [debug] MCLs3                0.211384   0.210635   0.000748834 0.0718647  0.00711002
[2026-01-21 12:41:50.891] [debug] MCLs4                0.754411   0.753684   0.000727645 0.0833757  0.0134493 
[2026-01-21 12:41:50.891] [debug] MCLs5                2.82772    2.82687    0.000850742 0.0801729  0.0260471 
[2026-01-21 12:41:50.891] [debug] MCLs6                1.22178    1.22093    0.000842965 0.0753772  0.0171179 
[2026-01-21 12:41:50.891] [debug] ACLpl1               0.0        0.0        0.0        0.0241372  -0.0387054
[2026-01-21 12:41:50.891] [debug] ACLpl2               0.0        0.0        0.0        0.0208502  -0.0930711
[2026-01-21 12:41:50.891] [debug] ACLpl3               0.0        0.0        0.0        0.0251707  -0.098782 
[2026-01-21 12:41:50.891] [debug] ACLpl4               0.0        0.0        0.0        0.0203975  -0.195148 
[2026-01-21 12:41:50.891] [debug] ACLpl5               0.0        0.0        0.0        0.02238    -0.0850588
[2026-01-21 12:41:50.891] [debug] ACLpl6               0.0        0.0        0.0        0.0221967  -0.115918 
[2026-01-21 12:41:50.891] [debug] ACLam1               0.0        0.0        0.0        0.0291833  -0.145962 
[2026-01-21 12:41:50.891] [debug] ACLam2               0.0        0.0        0.0        0.0273859  -0.0855706
[2026-01-21 12:41:50.891] [debug] ACLam3               0.0        0.0        0.0        0.0270640  -0.104915 
[2026-01-21 12:41:50.891] [debug] ACLam4               0.0        0.0        0.0        0.0292072  -0.155434 
[2026-01-21 12:41:50.891] [debug] ACLam5               0.0        0.0        0.0        0.0286637  -0.152515 
[2026-01-21 12:41:50.891] [debug] ACLam6               0.0        0.0        0.0        0.028735   -0.144483 
[2026-01-21 12:41:50.891] [debug] PCLal1               0.0        0.0        0.0        0.0339629  -0.00691479
[2026-01-21 12:41:50.891] [debug] PCLal2               0.0        0.0        0.0        0.0288979  -0.0752124
[2026-01-21 12:41:50.891] [debug] PCLal3               0.801076   0.792998   0.00807787 0.0328834  0.0102827 
[2026-01-21 12:41:50.891] [debug] PCLal4               0.0        0.0        0.0        0.0324545  -0.0295142
[2026-01-21 12:41:50.891] [debug] PCLal5               0.0        0.0        0.0        0.0327536  -0.0191081
[2026-01-21 12:41:50.891] [debug] PCLpm1               0.0        0.0        0.0        0.0331795  -0.033747 
[2026-01-21 12:41:50.891] [debug] PCLpm2               0.0        0.0        0.0        0.0323726  -0.0938636
[2026-01-21 12:41:50.891] [debug] PCLpm3               0.0        0.0        0.0        0.0282869  -0.0756054
[2026-01-21 12:41:50.891] [debug] PCLpm4               0.0        0.0        0.0        0.0364877  -0.0797885
[2026-01-21 12:41:50.891] [debug] PCLpm5               0.0        0.0        0.0        0.0328945  -0.0627601
[2026-01-21 12:41:50.891] [debug] LCL1                 0.351582   0.351126   0.000455901 0.0495769  0.00838004
[2026-01-21 12:41:50.891] [debug] LCL2                 0.232919   0.232919   0.0        0.0560850  0.00682524
[2026-01-21 12:41:50.891] [debug] LCL3                 1.72908    1.72876    0.000312553 0.0542877  0.0185944 
[2026-01-21 12:41:50.891] [debug] LCL4                 2.03981    2.03981    0.0        0.059339   0.0201981 
[2026-01-21 12:41:50.891] [debug] PT1                  14.2398    14.2398    0.0        0.0479084  0.0238661 
[2026-01-21 12:41:50.891] [debug] PT2                  12.0214    12.0208    0.000598574 0.0506187  0.0219279 
[2026-01-21 12:41:50.891] [debug] PT3                  1.80723    1.80689    0.000339110 0.0523201  0.00850150
[2026-01-21 12:41:50.891] [debug] PT4                  6.63983    6.63844    0.00138459 0.0413116  0.0162953 
[2026-01-21 12:41:50.891] [debug] PT5                  1.33977    1.33962    0.000151075 0.046277   0.00732017
[2026-01-21 12:41:50.891] [debug] PT6                  16.9592    16.9581    0.00106651 0.0479543  0.0260447 
[2026-01-21 12:41:50.891] [debug] lPFL1                0.0        0.0        0.0        0.0336318  -0.0147869
[2026-01-21 12:41:50.891] [debug] lPFL2                0.0        0.0        0.0        0.0325632  -0.110034 
[2026-01-21 12:41:50.891] [debug] lPFL3                0.0        0.0        0.0        0.0329705  -0.0225888
[2026-01-21 12:41:50.891] [debug] lPFL4                0.0        0.0        0.0        0.0299013  -0.0918236
[2026-01-21 12:41:50.891] [debug] lPFL5                0.0        0.0        0.0        0.0324987  -0.0129312
[2026-01-21 12:41:50.891] [debug] lPFL6                0.0        0.0        0.0        0.0328552  -0.00903299
[2026-01-21 12:41:50.891] [debug] lPFL7                0.0        0.0        0.0        0.0304266  -0.0906841
[2026-01-21 12:41:50.891] [debug] lPFL8                0.0        0.0        0.0        0.0303648  -0.0966148
[2026-01-21 12:41:50.891] [debug] mPFL1                0.0        0.0        0.0        0.0467032  -0.0100176
[2026-01-21 12:41:50.892] [debug] mPFL2                0.909655   0.907178   0.00247737 0.0502064  0.0269396 
[2026-01-21 12:41:50.892] [debug] mPFL3                1.45543    1.45424    0.00119227 0.0496137  0.0341086 
[2026-01-21 12:41:50.892] [debug] mPFL4                0.0        0.0        0.0        0.0444275  -0.0223228
[2026-01-21 12:41:50.892] [debug] mPFL5                0.0730661  0.071971   0.00109514 0.0461727  0.00758794
[2026-01-21 12:41:50.892] [debug] mPFL6                1.59228    1.59031    0.00197005 0.0482658  0.0356686 
[2026-01-21 12:41:50.892] [debug] MCLp1                0.0        0.0        0.0        0.0278048  -0.0492309
[2026-01-21 12:41:50.892] [debug] MCLp2                0.0        0.0        0.0        0.0290547  -0.0288229
[2026-01-21 12:41:50.892] [debug] MCLp3                0.0        0.0        0.0        0.0278529  -0.0606703
[2026-01-21 12:41:50.892] [debug] MCLp4                0.0        0.0        0.0        0.0282054  -0.0762273
[2026-01-21 12:41:50.892] [debug] MCLp5                0.0        0.0        0.0        0.0282847  -0.0279484
[2026-01-21 12:41:50.892] [debug] PFL1                 0.0        0.0        0.0        0.0423049  -0.0336623
[2026-01-21 12:41:50.892] [debug] PFL2                 0.0        0.0        0.0        0.0383359  -0.133331 
[2026-01-21 12:41:50.892] [debug] PFL3                 0.0        0.0        0.0        0.0474399  -0.0344095
[2026-01-21 12:41:50.892] [debug] PFL4                 0.0        0.0        0.0        0.0431759  -0.130230 
[2026-01-21 12:41:50.892] [debug] PFL5                 0.0        0.0        0.0        0.0420266  -0.107319 
[2026-01-21 12:41:50.892] [debug] pCAP1                0.0        0.0        0.0        0.0461195  -0.129149 
[2026-01-21 12:41:50.892] [debug] pCAP2                0.0        0.0        0.0        0.0487665  -0.106138 
[2026-01-21 12:41:50.892] [debug] pCAP3                0.0        0.0        0.0        0.0646226  -0.0649063
[2026-01-21 12:41:50.892] [debug] pCAP4                0.0        0.0        0.0        0.0609973  -0.0621959
[2026-01-21 12:41:50.892] [debug] pCAP5                0.0        0.0        0.0        0.0461499  -0.127769 
[2026-01-21 12:41:50.892] [debug] pCAP6                0.0        0.0        0.0        0.0487316  -0.107579 
[2026-01-21 12:41:50.892] [debug] pCAP7                0.0        0.0        0.0        0.0461807  -0.126394 
[2026-01-21 12:41:50.892] [debug] pCAP8                0.0        0.0        0.0        0.048698   -0.109022 
[2026-01-21 12:41:50.892] [debug] ITB1                 61.3783    61.3783    0.0        0.549648   0.0271393 
[2026-01-21 12:41:50.892] [debug] Smith2018ArticularContactForce: casting_mesh
[2026-01-21 12:41:50.892] [debug] Name                 Num_Contacting_Tri Contact_Force Contact_Moment Mean Pressure Max Pressure Mean Proximity Max Proximity
[2026-01-21 12:41:50.899] [debug] tf_contact           1618       ~[94.0794,-866.596,-9.13734] ~[-7.70226,-0.0348395,1.04879] 2.30685e+06 5.3295e+06 0.000576724 0.00137051
[2026-01-21 12:41:50.903] [debug] pf_contact           561        ~[48.5693,-8.86764,-8.92866] ~[-0.0319751,-0.247772,0.0717744] 405429.    1.26538e+06 0.000123719 0.000403781
[2026-01-21 12:41:50.903] [info] Optimized Acceleration Errors:
[2026-01-21 12:41:50.904] [info] Name                 Experimental         Simulated            Error               
[2026-01-21 12:41:50.904] [info] hip_flex_r           -14.0924             -13.9081             0.184324            
[2026-01-21 12:41:50.904] [info] hip_add_r            6.09684              5.90513              0.19171             
[2026-01-21 12:41:50.904] [info] hip_rot_r            2.00083              2.22952              0.22869             
[2026-01-21 12:41:50.904] [info] pf_flex_r            0.0                  0.397198             0.397198            
[2026-01-21 12:41:50.904] [info] pf_rot_r             0.0                  0.313265             0.313265            
[2026-01-21 12:41:50.904] [info] pf_tilt_r            0.0                  -0.117678            0.117678            
[2026-01-21 12:41:50.904] [info] pf_tx_r              0.0                  -0.132803            0.132803            
[2026-01-21 12:41:50.904] [info] pf_ty_r              0.0                  0.0165237            0.0165237           
[2026-01-21 12:41:50.904] [info] pf_tz_r              0.0                  -0.0381945           0.0381945           
[2026-01-21 12:41:50.904] [info] knee_flex_r          -4.16941             -3.53549             0.633918            
[2026-01-21 12:41:50.904] [info] knee_add_r           0.0                  0.333975             0.333975            
[2026-01-21 12:41:50.904] [info] knee_rot_r           0.0                  0.145922             0.145922            
[2026-01-21 12:41:50.904] [info] knee_tx_r            0.0                  -0.0491284           0.0491284           
[2026-01-21 12:41:50.904] [info] knee_ty_r            0.0                  -0.297685            0.297685            
[2026-01-21 12:41:50.904] [info] knee_tz_r            0.0                  -0.0531943           0.0531943           
[2026-01-21 12:41:50.904] [info] ankle_flex_r         15.2991              17.8782              2.5791              
[2026-01-21 12:41:50.904] [info] Max udot Error: 2.5791 	 Max Error Coord: ankle_flex_r
[2026-01-21 12:41:50.905] [info] ------------------------------------------------------------------------------
[2026-01-21 12:41:50.905] [info] Frame: 2 	 Time: 6.66 	 Iteration: 6
[2026-01-21 12:41:50.905] [info] ------------------------------------------------------------------------------
[2026-01-21 12:41:50.908] [debug] Parameter Limits:    initial value   lower bound     upper bound    ,
[2026-01-21 12:41:50.908] [debug] ------------------------------------------
[2026-01-21 12:41:50.908] [debug] 0   addbrev_r         0.162133        0.01            1.0            
[2026-01-21 12:41:50.908] [debug] 1   addlong_r         0.165299        0.01            1.0            
[2026-01-21 12:41:50.908] [debug] 2   addmagProx_r      0.147438        0.01            1.0            
[2026-01-21 12:41:50.908] [debug] 3   addmagMid_r       0.195523        0.01            1.0            
[2026-01-21 12:41:50.908] [debug] 4   addmagDist_r      0.159075        0.01            1.0            
[2026-01-21 12:41:50.908] [debug] 5   addmagIsch_r      0.183057        0.01            1.0            
[2026-01-21 12:41:50.908] [debug] 6   bflh_r            0.214763        0.01            1.0            
[2026-01-21 12:41:50.908] [debug] 7   bfsh_r            0.0102623       0.01            1.0            
[2026-01-21 12:41:50.908] [debug] 8   edl_r             0.123747        0.01            1.0            
[2026-01-21 12:41:50.908] [debug] 9   ehl_r             0.129924        0.01            1.0            
[2026-01-21 12:41:50.908] [debug] 10  fdl_r             0.0151638       0.01            1.0            
[2026-01-21 12:41:50.908] [debug] 11  fhl_r             0.0118873       0.01            1.0            
[2026-01-21 12:41:50.908] [debug] 12  gaslat_r          0.0101254       0.01            1.0            
[2026-01-21 12:41:50.908] [debug] 13  gasmed_r          0.0100641       0.01            1.0            
[2026-01-21 12:41:50.908] [debug] 14  gem_r             0.0144273       0.01            1.0            
[2026-01-21 12:41:50.908] [debug] 15  glmax1_r          0.0117132       0.01            1.0            
[2026-01-21 12:41:50.908] [debug] 16  glmax2_r          0.0299691       0.01            1.0            
[2026-01-21 12:41:50.908] [debug] 17  glmax3_r          0.133469        0.01            1.0            
[2026-01-21 12:41:50.908] [debug] 18  glmed1_r          0.0101490       0.01            1.0            
[2026-01-21 12:41:50.908] [debug] 19  glmed2_r          0.0103324       0.01            1.0            
[2026-01-21 12:41:50.908] [debug] 20  glmed3_r          0.0103516       0.01            1.0            
[2026-01-21 12:41:50.908] [debug] 21  glmin1_r          0.0103323       0.01            1.0            
[2026-01-21 12:41:50.908] [debug] 22  glmin2_r          0.0103093       0.01            1.0            
[2026-01-21 12:41:50.908] [debug] 23  glmin3_r          0.0103238       0.01            1.0            
[2026-01-21 12:41:50.908] [debug] 24  grac_r            0.103475        0.01            1.0            
[2026-01-21 12:41:50.908] [debug] 25  iliacus_r         0.0101489       0.01            1.0            
[2026-01-21 12:41:50.908] [debug] 26  pect_r            0.0735010       0.01            1.0            
[2026-01-21 12:41:50.908] [debug] 27  perbrev_r         0.0155416       0.01            1.0            
[2026-01-21 12:41:50.908] [debug] 28  perlong_r         0.0117176       0.01            1.0            
[2026-01-21 12:41:50.908] [debug] 29  pertert_r         0.0709765       0.01            1.0            
[2026-01-21 12:41:50.908] [debug] 30  piri_r            0.0114992       0.01            1.0            
[2026-01-21 12:41:50.908] [debug] 31  psoas_r           0.0104365       0.01            1.0            
[2026-01-21 12:41:50.908] [debug] 32  quadfem_r         0.188723        0.01            1.0            
[2026-01-21 12:41:50.908] [debug] 33  recfem_r          0.0100473       0.01            1.0            
[2026-01-21 12:41:50.908] [debug] 34  sart_r            0.0105295       0.01            1.0            
[2026-01-21 12:41:50.908] [debug] 35  semimem_r         0.234676        0.01            1.0            
[2026-01-21 12:41:50.908] [debug] 36  semiten_r         0.133586        0.01            1.0            
[2026-01-21 12:41:50.908] [debug] 37  soleus_r          0.0100765       0.01            1.0            
[2026-01-21 12:41:50.908] [debug] 38  tfl_r             0.0103404       0.01            1.0            
[2026-01-21 12:41:50.908] [debug] 39  tibant_r          0.150496        0.01            1.0            
[2026-01-21 12:41:50.908] [debug] 40  tibpost_r         0.0115791       0.01            1.0            
[2026-01-21 12:41:50.908] [debug] 41  vasint_r          0.0100539       0.01            1.0            
[2026-01-21 12:41:50.908] [debug] 42  vaslat_r          0.0100256       0.01            1.0            
[2026-01-21 12:41:50.908] [debug] 43  vasmed_r          0.0100388       0.01            1.0            
[2026-01-21 12:41:50.908] [debug] 44  pelvis_tilt_reserve 0.0             -1000.0         1000.0         
[2026-01-21 12:41:50.908] [debug] 45  pelvis_list_reserve 0.0             -1000.0         1000.0         
[2026-01-21 12:41:50.908] [debug] 46  pelvis_rot_reserve 0.0             -1000.0         1000.0         
[2026-01-21 12:41:50.908] [debug] 47  pelvis_tx_reserve 0.0             -1000.0         1000.0         
[2026-01-21 12:41:50.908] [debug] 48  pelvis_ty_reserve 0.0             -1000.0         1000.0         
[2026-01-21 12:41:50.908] [debug] 49  pelvis_tz_reserve 0.0             -1000.0         1000.0         
[2026-01-21 12:41:50.908] [debug] 50  hip_flex_r_reserve 0.0             -1000.0         1000.0         
[2026-01-21 12:41:50.909] [debug] 51  hip_add_r_reserve 0.0             -1000.0         1000.0         
[2026-01-21 12:41:50.909] [debug] 52  hip_rot_r_reserve 0.0             -1000.0         1000.0         
[2026-01-21 12:41:50.909] [debug] 53  pf_flex_r_reserve 0.0             -1000.0         1000.0         
[2026-01-21 12:41:50.909] [debug] 54  pf_rot_r_reserve  0.0             -1000.0         1000.0         
[2026-01-21 12:41:50.909] [debug] 55  pf_tilt_r_reserve 0.0             -1000.0         1000.0         
[2026-01-21 12:41:50.909] [debug] 56  pf_tx_r_reserve   0.0             -1000.0         1000.0         
[2026-01-21 12:41:50.909] [debug] 57  pf_ty_r_reserve   0.0             -1000.0         1000.0         
[2026-01-21 12:41:50.909] [debug] 58  pf_tz_r_reserve   0.0             -1000.0         1000.0         
[2026-01-21 12:41:50.909] [debug] 59  knee_flex_r_reserve 0.0             -1000.0         1000.0         
[2026-01-21 12:41:50.909] [debug] 60  knee_add_r        0.0             -0.01           0.01           
[2026-01-21 12:41:50.909] [debug] 61  knee_rot_r        0.0             -0.01           0.01           
[2026-01-21 12:41:50.909] [debug] 62  knee_tx_r         0.0             -0.05           0.05           
[2026-01-21 12:41:50.909] [debug] 63  knee_ty_r         0.0             -0.05           0.05           
[2026-01-21 12:41:50.909] [debug] 64  knee_tz_r         0.0             -0.05           0.05           
[2026-01-21 12:41:50.909] [debug] 65  pf_flex_r         0.0             -0.01           0.01           
[2026-01-21 12:41:50.909] [debug] 66  pf_rot_r          0.0             -0.01           0.01           
[2026-01-21 12:41:50.909] [debug] 67  pf_tilt_r         0.0             -0.01           0.01           
[2026-01-21 12:41:50.909] [debug] 68  pf_tx_r           0.0             -0.00500000     0.00500000     
[2026-01-21 12:41:50.909] [debug] 69  pf_ty_r           0.0             -0.00500000     0.00500000     
[2026-01-21 12:41:50.909] [debug] 70  pf_tz_r           0.0             -0.00500000     0.00500000     
[2026-01-21 12:41:51.618] [debug] Num Parameters: 71
[2026-01-21 12:41:51.618] [debug] Num Constraints: 16
[2026-01-21 12:41:51.618] [debug] Num Actuators: 60
[2026-01-21 12:41:51.618] [debug] Num Coordinates: 52
[2026-01-21 12:41:51.618] [debug] Num Secondary Coordinates: 11
[2026-01-21 12:41:51.618] [debug] Num Primary Coordinates: 5
[2026-01-21 12:41:51.832] [debug] Optimized Muscles:
[2026-01-21 12:41:51.832] [debug] name                 activation           force               
[2026-01-21 12:41:51.832] [debug] addbrev_r            0.16134              48.9991             
[2026-01-21 12:41:51.832] [debug] addlong_r            0.164093             65.5552             
[2026-01-21 12:41:51.832] [debug] addmagProx_r         0.147574             47.8434             
[2026-01-21 12:41:51.832] [debug] addmagMid_r          0.195389             63.3451             
[2026-01-21 12:41:51.832] [debug] addmagDist_r         0.158929             51.5247             
[2026-01-21 12:41:51.832] [debug] addmagIsch_r         0.182569             59.1889             
[2026-01-21 12:41:51.832] [debug] bflh_r               0.199545             140.719             
[2026-01-21 12:41:51.832] [debug] bfsh_r               0.0101221            6.39312             
[2026-01-21 12:41:51.832] [debug] edl_r                0.122978             42.4764             
[2026-01-21 12:41:51.832] [debug] ehl_r                0.128754             21.2443             
[2026-01-21 12:41:51.832] [debug] fdl_r                0.0125148            3.43407             
[2026-01-21 12:41:51.832] [debug] fhl_r                0.0108623            4.74467             
[2026-01-21 12:41:51.832] [debug] gaslat_r             0.0100590            6.09979             
[2026-01-21 12:41:51.832] [debug] gasmed_r             0.0100296            13.1187             
[2026-01-21 12:41:51.832] [debug] gem_r                0.0122353            2.66729             
[2026-01-21 12:41:51.832] [debug] glmax1_r             0.0108431            11.8429             
[2026-01-21 12:41:51.832] [debug] glmax2_r             0.0299406            46.7373             
[2026-01-21 12:41:51.832] [debug] glmax3_r             0.13392              141.715             
[2026-01-21 12:41:51.832] [debug] glmed1_r             0.0100656            17.7375             
[2026-01-21 12:41:51.832] [debug] glmed2_r             0.0101489            10.4838             
[2026-01-21 12:41:51.832] [debug] glmed3_r             0.0101617            14.2671             
[2026-01-21 12:41:51.832] [debug] glmin1_r             0.0101468            7.30572             
[2026-01-21 12:41:51.832] [debug] glmin2_r             0.0101375            7.70453             
[2026-01-21 12:41:51.833] [debug] glmin3_r             0.0101453            8.72493             
[2026-01-21 12:41:51.833] [debug] grac_r               0.105387             14.4696             
[2026-01-21 12:41:51.833] [debug] iliacus_r            0.0100664            25.0413             
[2026-01-21 12:41:51.833] [debug] pect_r               0.0717343            12.697              
[2026-01-21 12:41:51.833] [debug] perbrev_r            0.0127464            3.89912             
[2026-01-21 12:41:51.833] [debug] perlong_r            0.0107901            7.0492              
[2026-01-21 12:41:51.833] [debug] pertert_r            0.0688924            6.20031             
[2026-01-21 12:41:51.833] [debug] piri_r               0.0106878            3.16359             
[2026-01-21 12:41:51.833] [debug] psoas_r              0.0101981            19.5395             
[2026-01-21 12:41:51.833] [debug] quadfem_r            0.193364             98.2289             
[2026-01-21 12:41:51.833] [debug] recfem_r             0.0100217            8.50642             
[2026-01-21 12:41:51.833] [debug] sart_r               0.0102430            1.16258             
[2026-01-21 12:41:51.833] [debug] semimem_r            0.243492             283.108             
[2026-01-21 12:41:51.833] [debug] semiten_r            0.137705             41.5732             
[2026-01-21 12:41:51.833] [debug] soleus_r             0.0100345            35.9828             
[2026-01-21 12:41:51.833] [debug] tfl_r                0.0101491            1.5731              
[2026-01-21 12:41:51.833] [debug] tibant_r             0.150005             101.058             
[2026-01-21 12:41:51.833] [debug] tibpost_r            0.0107253            9.71286             
[2026-01-21 12:41:51.833] [debug] vasint_r             0.0100248            10.2674             
[2026-01-21 12:41:51.833] [debug] vaslat_r             0.0100118            22.5806             
[2026-01-21 12:41:51.833] [debug] vasmed_r             0.0100179            14.4628             
[2026-01-21 12:41:51.833] [debug] Optimized Non Muscle Actuators:
[2026-01-21 12:41:51.833] [debug] name                 activation           force               
[2026-01-21 12:41:51.833] [debug] pelvis_tilt_reserve  -6.71226e-07         -6.71226e-07        
[2026-01-21 12:41:51.833] [debug] pelvis_list_reserve  1.12439e-06          1.12439e-06         
[2026-01-21 12:41:51.833] [debug] pelvis_rot_reserve   -3.22478e-07         -3.22478e-07        
[2026-01-21 12:41:51.833] [debug] pelvis_tx_reserve    1.22726e-07          1.22726e-07         
[2026-01-21 12:41:51.833] [debug] pelvis_ty_reserve    3.2835e-08           3.2835e-08          
[2026-01-21 12:41:51.833] [debug] pelvis_tz_reserve    1.3385e-07           1.3385e-07          
[2026-01-21 12:41:51.833] [debug] hip_flex_r_reserve   -5.41841e-08         -5.41841e-08        
[2026-01-21 12:41:51.833] [debug] hip_add_r_reserve    -1.82358e-07         -1.82358e-07        
[2026-01-21 12:41:51.833] [debug] hip_rot_r_reserve    4.41456e-09          4.41456e-09         
[2026-01-21 12:41:51.833] [debug] pf_flex_r_reserve    1.17413e-06          1.17413e-06         
[2026-01-21 12:41:51.833] [debug] pf_rot_r_reserve     2.26042e-07          2.26042e-07         
[2026-01-21 12:41:51.833] [debug] pf_tilt_r_reserve    -3.21684e-08         -3.21684e-08        
[2026-01-21 12:41:51.833] [debug] pf_tx_r_reserve      -1.06791e-07         -1.06791e-07        
[2026-01-21 12:41:51.833] [debug] pf_ty_r_reserve      -6.05203e-08         -6.05203e-08        
[2026-01-21 12:41:51.833] [debug] pf_tz_r_reserve      -1.87291e-08         -1.87291e-08        
[2026-01-21 12:41:51.833] [debug] knee_flex_r_reserve  8.53788e-07          8.53788e-07         
[2026-01-21 12:41:51.833] [debug] Optimized Secondardy Coordinates:
[2026-01-21 12:41:51.833] [debug] name                 value               
[2026-01-21 12:41:51.833] [debug] 0.0125134            0.000486052         
[2026-01-21 12:41:51.833] [debug] 0.0291736            0.000381924         
[2026-01-21 12:41:51.833] [debug] 0.000554203          1.23656e-05         
[2026-01-21 12:41:51.833] [debug] 0.00170401           -6.4589e-07         
[2026-01-21 12:41:51.833] [debug] -0.00133219          3.51116e-05         
[2026-01-21 12:41:51.833] [debug] 0.213605             -7.23228e-06        
[2026-01-21 12:41:51.833] [debug] 0.0145165            7.13148e-06         
[2026-01-21 12:41:51.833] [debug] -0.0125636           -6.69751e-06        
[2026-01-21 12:41:51.833] [debug] 0.0501194            1.76597e-06         
[2026-01-21 12:41:51.833] [debug] -0.00755347          3.88925e-06         
[2026-01-21 12:41:51.833] [debug] 0.00462052           -7.91516e-07        
[2026-01-21 12:41:51.833] [debug] 
Blankevoort1991Ligaments:
[2026-01-21 12:41:51.833] [debug] Name                 Total_Force Spring_Force Damping_Force Lengths    Strains   
[2026-01-21 12:41:51.833] [debug] MCLd1                0.0        0.0        0.0        0.0290051  -0.0567447
[2026-01-21 12:41:51.833] [debug] MCLd2                0.0        0.0        0.0        0.0297216  -0.0904775
[2026-01-21 12:41:51.833] [debug] MCLd3                0.0        0.0        0.0        0.0356344  -0.0400580
[2026-01-21 12:41:51.833] [debug] MCLd4                0.0        0.0        0.0        0.0323072  -0.0281892
[2026-01-21 12:41:51.833] [debug] MCLd5                0.0        0.0        0.0        0.0357931  -0.0398801
[2026-01-21 12:41:51.833] [debug] MCLs1                2.69733    2.69616    0.00116955 0.0741595  0.0254377 
[2026-01-21 12:41:51.833] [debug] MCLs2                4.16916    4.16843    0.000736597 0.0926385  0.0316295 
[2026-01-21 12:41:51.833] [debug] MCLs3                0.198495   0.197827   0.000668177 0.071849   0.00689046
[2026-01-21 12:41:51.833] [debug] MCLs4                0.734076   0.733404   0.000671907 0.0833607  0.0132671 
[2026-01-21 12:41:51.833] [debug] MCLs5                2.78682    2.78603    0.000793067 0.0801581  0.0258582 
[2026-01-21 12:41:51.833] [debug] MCLs6                1.19287    1.19209    0.000780832 0.0753621  0.0169146 
[2026-01-21 12:41:51.833] [debug] ACLpl1               0.0        0.0        0.0        0.0241331  -0.038872 
[2026-01-21 12:41:51.833] [debug] ACLpl2               0.0        0.0        0.0        0.0208521  -0.0929884
[2026-01-21 12:41:51.833] [debug] ACLpl3               0.0        0.0        0.0        0.0251711  -0.0987654
[2026-01-21 12:41:51.833] [debug] ACLpl4               0.0        0.0        0.0        0.0204025  -0.194952 
[2026-01-21 12:41:51.833] [debug] ACLpl5               0.0        0.0        0.0        0.0223794  -0.0850836
[2026-01-21 12:41:51.834] [debug] ACLpl6               0.0        0.0        0.0        0.0222004  -0.11577  
[2026-01-21 12:41:51.834] [debug] ACLam1               0.0        0.0        0.0        0.0291777  -0.146127 
[2026-01-21 12:41:51.834] [debug] ACLam2               0.0        0.0        0.0        0.0273845  -0.0856152
[2026-01-21 12:41:51.834] [debug] ACLam3               0.0        0.0        0.0        0.0270574  -0.105133 
[2026-01-21 12:41:51.834] [debug] ACLam4               0.0        0.0        0.0        0.0292059  -0.155472 
[2026-01-21 12:41:51.834] [debug] ACLam5               0.0        0.0        0.0        0.0286594  -0.152642 
[2026-01-21 12:41:51.834] [debug] ACLam6               0.0        0.0        0.0        0.0287335  -0.144526 
[2026-01-21 12:41:51.834] [debug] PCLal1               0.0        0.0        0.0        0.0339646  -0.00686678
[2026-01-21 12:41:51.834] [debug] PCLal2               0.0        0.0        0.0        0.0288939  -0.0753391
[2026-01-21 12:41:51.834] [debug] PCLal3               0.79569    0.78763    0.00806058 0.0328823  0.0102478 
[2026-01-21 12:41:51.834] [debug] PCLal4               0.0        0.0        0.0        0.0324481  -0.0297046
[2026-01-21 12:41:51.834] [debug] PCLal5               0.0        0.0        0.0        0.0327501  -0.0192149
[2026-01-21 12:41:51.834] [debug] PCLpm1               0.0        0.0        0.0        0.0331725  -0.0339496
[2026-01-21 12:41:51.834] [debug] PCLpm2               0.0        0.0        0.0        0.0323638  -0.0941111
[2026-01-21 12:41:51.834] [debug] PCLpm3               0.0        0.0        0.0        0.0282786  -0.0758764
[2026-01-21 12:41:51.834] [debug] PCLpm4               0.0        0.0        0.0        0.0364807  -0.0799633
[2026-01-21 12:41:51.834] [debug] PCLpm5               0.0        0.0        0.0        0.0328864  -0.0629896
[2026-01-21 12:41:51.834] [debug] LCL1                 0.375846   0.375306   0.000539984 0.0495909  0.00866378
[2026-01-21 12:41:51.834] [debug] LCL2                 0.252596   0.252552   4.41407e-05 0.0561007  0.00710706
[2026-01-21 12:41:51.834] [debug] LCL3                 1.78345    1.78306    0.000394638 0.0543032  0.0188842 
[2026-01-21 12:41:51.834] [debug] LCL4                 2.09745    2.09737    7.60929e-05 0.0593555  0.0204811 
[2026-01-21 12:41:51.834] [debug] PT1                  14.2693    14.2693    0.0        0.0479096  0.0238908 
[2026-01-21 12:41:51.834] [debug] PT2                  11.9509    11.9503    0.000577114 0.0506156  0.0218635 
[2026-01-21 12:41:51.834] [debug] PT3                  1.80708    1.80674    0.000335826 0.0523201  0.00850116
[2026-01-21 12:41:51.834] [debug] PT4                  6.60517    6.60381    0.00136709 0.0413099  0.0162528 
[2026-01-21 12:41:51.834] [debug] PT5                  1.34598    1.34583    0.000152241 0.0462778  0.00733710
[2026-01-21 12:41:51.834] [debug] PT6                  16.9002    16.8991    0.00105001 0.0479521  0.0259993 
[2026-01-21 12:41:51.834] [debug] lPFL1                0.0        0.0        0.0        0.0336327  -0.0147608
[2026-01-21 12:41:51.834] [debug] lPFL2                0.0        0.0        0.0        0.0325629  -0.110042 
[2026-01-21 12:41:51.834] [debug] lPFL3                0.0        0.0        0.0        0.032971   -0.0225742
[2026-01-21 12:41:51.834] [debug] lPFL4                0.0        0.0        0.0        0.0299015  -0.0918176
[2026-01-21 12:41:51.834] [debug] lPFL5                0.0        0.0        0.0        0.0324993  -0.0129141
[2026-01-21 12:41:51.834] [debug] lPFL6                0.0        0.0        0.0        0.0328552  -0.00903488
[2026-01-21 12:41:51.834] [debug] lPFL7                0.0        0.0        0.0        0.0304271  -0.0906706
[2026-01-21 12:41:51.834] [debug] lPFL8                0.0        0.0        0.0        0.0303648  -0.0966144
[2026-01-21 12:41:51.834] [debug] mPFL1                0.0        0.0        0.0        0.0467031  -0.0100205
[2026-01-21 12:41:51.834] [debug] mPFL2                0.908428   0.905957   0.00247084 0.0502055  0.0269215 
[2026-01-21 12:41:51.834] [debug] mPFL3                1.45477    1.45358    0.00118877 0.0496134  0.0341008 
[2026-01-21 12:41:51.834] [debug] mPFL4                0.0        0.0        0.0        0.044427   -0.0223344
[2026-01-21 12:41:51.834] [debug] mPFL5                0.0729136  0.0718227  0.00109088 0.0461724  0.00758012
[2026-01-21 12:41:51.834] [debug] mPFL6                1.59108    1.58911    0.00196479 0.0482652  0.0356551 
[2026-01-21 12:41:51.834] [debug] MCLp1                0.0        0.0        0.0        0.0277988  -0.0494342
[2026-01-21 12:41:51.834] [debug] MCLp2                0.0        0.0        0.0        0.0290461  -0.0291107
[2026-01-21 12:41:51.834] [debug] MCLp3                0.0        0.0        0.0        0.0278443  -0.0609620
[2026-01-21 12:41:51.834] [debug] MCLp4                0.0        0.0        0.0        0.0281955  -0.0765496
[2026-01-21 12:41:51.834] [debug] MCLp5                0.0        0.0        0.0        0.0282765  -0.0282296
[2026-01-21 12:41:51.834] [debug] PFL1                 0.0        0.0        0.0        0.0423044  -0.033673 
[2026-01-21 12:41:51.834] [debug] PFL2                 0.0        0.0        0.0        0.0383328  -0.133402 
[2026-01-21 12:41:51.834] [debug] PFL3                 0.0        0.0        0.0        0.047438   -0.03445  
[2026-01-21 12:41:51.834] [debug] PFL4                 0.0        0.0        0.0        0.0431741  -0.130267 
[2026-01-21 12:41:51.834] [debug] PFL5                 0.0        0.0        0.0        0.0420241  -0.107373 
[2026-01-21 12:41:51.834] [debug] pCAP1                0.0        0.0        0.0        0.0461116  -0.129298 
[2026-01-21 12:41:51.834] [debug] pCAP2                0.0        0.0        0.0        0.0487744  -0.105993 
[2026-01-21 12:41:51.834] [debug] pCAP3                0.0        0.0        0.0        0.0646456  -0.0645738
[2026-01-21 12:41:51.834] [debug] pCAP4                0.0        0.0        0.0        0.0609716  -0.0625911
[2026-01-21 12:41:51.834] [debug] pCAP5                0.0        0.0        0.0        0.046144   -0.127881 
[2026-01-21 12:41:51.834] [debug] pCAP6                0.0        0.0        0.0        0.0487374  -0.107474 
[2026-01-21 12:41:51.834] [debug] pCAP7                0.0        0.0        0.0        0.0461768  -0.126468 
[2026-01-21 12:41:51.834] [debug] pCAP8                0.0        0.0        0.0        0.0487016  -0.108956 
[2026-01-21 12:41:51.834] [debug] ITB1                 61.548     61.548     0.0        0.549668   0.0271768 
[2026-01-21 12:41:51.834] [debug] Smith2018ArticularContactForce: casting_mesh
[2026-01-21 12:41:51.834] [debug] Name                 Num_Contacting_Tri Contact_Force Contact_Moment Mean Pressure Max Pressure Mean Proximity Max Proximity
[2026-01-21 12:41:51.841] [debug] tf_contact           1621       ~[94.4286,-866.298,-9.53579] ~[-7.49309,-0.00661008,1.06008] 2.30254e+06 5.29255e+06 0.000575728 0.00136600
[2026-01-21 12:41:51.847] [debug] pf_contact           561        ~[48.483,-8.85252,-8.90308] ~[-0.0319309,-0.247006,0.0714149] 404729.    1.26639e+06 0.000123510 0.000404092
[2026-01-21 12:41:51.847] [info] Optimized Acceleration Errors:
[2026-01-21 12:41:51.847] [info] Name                 Experimental         Simulated            Error               
[2026-01-21 12:41:51.848] [info] hip_flex_r           -14.0924             -14.1426             0.0501658           
[2026-01-21 12:41:51.848] [info] hip_add_r            6.09684              5.90654              0.190299            
[2026-01-21 12:41:51.848] [info] hip_rot_r            2.00083              2.08296              0.0821283           
[2026-01-21 12:41:51.848] [info] pf_flex_r            0.0                  -0.164449            0.164449            
[2026-01-21 12:41:51.848] [info] pf_rot_r             0.0                  0.14624              0.14624             
[2026-01-21 12:41:51.848] [info] pf_tilt_r            0.0                  0.0299031            0.0299031           
[2026-01-21 12:41:51.848] [info] pf_tx_r              0.0                  0.00805056           0.00805056          
[2026-01-21 12:41:51.848] [info] pf_ty_r              0.0                  0.00160458           0.00160458          
[2026-01-21 12:41:51.848] [info] pf_tz_r              0.0                  -0.0692523           0.0692523           
[2026-01-21 12:41:51.848] [info] knee_flex_r          -4.16941             -4.15646             0.0129422           
[2026-01-21 12:41:51.848] [info] knee_add_r           0.0                  -0.138987            0.138987            
[2026-01-21 12:41:51.848] [info] knee_rot_r           0.0                  0.130598             0.130598            
[2026-01-21 12:41:51.848] [info] knee_tx_r            0.0                  0.0149637            0.0149637           
[2026-01-21 12:41:51.848] [info] knee_ty_r            0.0                  -0.00381907          0.00381907          
[2026-01-21 12:41:51.848] [info] knee_tz_r            0.0                  -0.19421             0.19421             
[2026-01-21 12:41:51.848] [info] ankle_flex_r         15.2991              15.2354              0.0636371           
[2026-01-21 12:41:51.848] [info] Max udot Error: 0.19421 	 Max Error Coord: knee_tz_r
[2026-01-21 12:41:51.848] [info] COMAK Converged! Number of iterations: 6
[2026-01-21 12:41:51.856] [info] Convergence Summary:
[2026-01-21 12:41:51.856] [info] --------------------
[2026-01-21 12:41:51.856] [info] All frames converged!
[2026-01-21 12:41:51.856] [info] Printing COMAK results to: D:\mayra\Descargas\UPF_COMAK-master\UPF_COMAK-master\COMAK\matlab_scripts\..\results\HOLOA_004\comak
[2026-01-21 12:41:51.934] [info] Set log level to Debug.
[2026-01-21 12:41:52.119] [info] Loaded model lenhart2015-scaled from file D:\mayra\Descargas\UPF_COMAK-master\UPF_COMAK-master\COMAK\data\HOLOA_004\model\model_HOLOA_004.osim
[2026-01-21 12:42:04.996] [info] Time: 6.65
[2026-01-21 12:42:05.191] [info] Time: 6.66262
[2026-01-21 12:42:06.927] [info] Joint Mechanics Analysis complete.
[2026-01-21 12:42:06.927] [info] Printed results to: D:\mayra\Descargas\UPF_COMAK-master\UPF_COMAK-master\COMAK\matlab_scripts\..\results\HOLOA_004\joint_mechanics
