secondary_constraint_sim_states
nColumns=105
nRows=222
DataType=double
version=3
OpenSimVersion=4.3-2021-06-27-54b40380c
endheader
time	/jointset/gnd_pelvis/pelvis_tilt/value	/jointset/gnd_pelvis/pelvis_tilt/speed	/jointset/gnd_pelvis/pelvis_list/value	/jointset/gnd_pelvis/pelvis_list/speed	/jointset/gnd_pelvis/pelvis_rot/value	/jointset/gnd_pelvis/pelvis_rot/speed	/jointset/gnd_pelvis/pelvis_tx/value	/jointset/gnd_pelvis/pelvis_tx/speed	/jointset/gnd_pelvis/pelvis_ty/value	/jointset/gnd_pelvis/pelvis_ty/speed	/jointset/gnd_pelvis/pelvis_tz/value	/jointset/gnd_pelvis/pelvis_tz/speed	/jointset/hip_r/hip_flex_r/value	/jointset/hip_r/hip_flex_r/speed	/jointset/hip_r/hip_add_r/value	/jointset/hip_r/hip_add_r/speed	/jointset/hip_r/hip_rot_r/value	/jointset/hip_r/hip_rot_r/speed	/jointset/pf_r/pf_flex_r/value	/jointset/pf_r/pf_flex_r/speed	/jointset/pf_r/pf_rot_r/value	/jointset/pf_r/pf_rot_r/speed	/jointset/pf_r/pf_tilt_r/value	/jointset/pf_r/pf_tilt_r/speed	/jointset/pf_r/pf_tx_r/value	/jointset/pf_r/pf_tx_r/speed	/jointset/pf_r/pf_ty_r/value	/jointset/pf_r/pf_ty_r/speed	/jointset/pf_r/pf_tz_r/value	/jointset/pf_r/pf_tz_r/speed	/jointset/knee_r/knee_flex_r/value	/jointset/knee_r/knee_flex_r/speed	/jointset/knee_r/knee_add_r/value	/jointset/knee_r/knee_add_r/speed	/jointset/knee_r/knee_rot_r/value	/jointset/knee_r/knee_rot_r/speed	/jointset/knee_r/knee_tx_r/value	/jointset/knee_r/knee_tx_r/speed	/jointset/knee_r/knee_ty_r/value	/jointset/knee_r/knee_ty_r/speed	/jointset/knee_r/knee_tz_r/value	/jointset/knee_r/knee_tz_r/speed	/jointset/ankle_r/ankle_flex_r/value	/jointset/ankle_r/ankle_flex_r/speed	/jointset/subtalar_r/subt_angle_r/value	/jointset/subtalar_r/subt_angle_r/speed	/jointset/mtp_r/mtp_angle_r/value	/jointset/mtp_r/mtp_angle_r/speed	/jointset/hip_l/hip_flex_l/value	/jointset/hip_l/hip_flex_l/speed	/jointset/hip_l/hip_add_l/value	/jointset/hip_l/hip_add_l/speed	/jointset/hip_l/hip_rot_l/value	/jointset/hip_l/hip_rot_l/speed	/jointset/pf_l/pf_l_r3/value	/jointset/pf_l/pf_l_r3/speed	/jointset/pf_l/pf_l_tx/value	/jointset/pf_l/pf_l_tx/speed	/jointset/pf_l/pf_l_ty/value	/jointset/pf_l/pf_l_ty/speed	/jointset/knee_l/knee_flex_l/value	/jointset/knee_l/knee_flex_l/speed	/jointset/ankle_l/ankle_flex_l/value	/jointset/ankle_l/ankle_flex_l/speed	/jointset/subtalar_l/subt_angle_l/value	/jointset/subtalar_l/subt_angle_l/speed	/jointset/mtp_l/mtp_angle_l/value	/jointset/mtp_l/mtp_angle_l/speed	/jointset/pelvis_torso/lumbar_ext/value	/jointset/pelvis_torso/lumbar_ext/speed	/jointset/pelvis_torso/lumbar_latbend/value	/jointset/pelvis_torso/lumbar_latbend/speed	/jointset/pelvis_torso/lumbar_rot/value	/jointset/pelvis_torso/lumbar_rot/speed	/jointset/torso_neckhead/neck_ext/value	/jointset/torso_neckhead/neck_ext/speed	/jointset/torso_neckhead/neck_latbend/value	/jointset/torso_neckhead/neck_latbend/speed	/jointset/torso_neckhead/neck_rot/value	/jointset/torso_neckhead/neck_rot/speed	/jointset/acromial_r/arm_add_r/value	/jointset/acromial_r/arm_add_r/speed	/jointset/acromial_r/arm_flex_r/value	/jointset/acromial_r/arm_flex_r/speed	/jointset/acromial_r/arm_rot_r/value	/jointset/acromial_r/arm_rot_r/speed	/jointset/elbow_r/elbow_flex_r/value	/jointset/elbow_r/elbow_flex_r/speed	/jointset/radioulnar_r/pro_sup_r/value	/jointset/radioulnar_r/pro_sup_r/speed	/jointset/radius_hand_r/wrist_flex_r/value	/jointset/radius_hand_r/wrist_flex_r/speed	/jointset/acromial_l/arm_add_l/value	/jointset/acromial_l/arm_add_l/speed	/jointset/acromial_l/arm_flex_l/value	/jointset/acromial_l/arm_flex_l/speed	/jointset/acromial_l/arm_rot_l/value	/jointset/acromial_l/arm_rot_l/speed	/jointset/elbow_l/elbow_flex_l/value	/jointset/elbow_l/elbow_flex_l/speed	/jointset/radioulnar_l/pro_sup_l/value	/jointset/radioulnar_l/pro_sup_l/speed	/jointset/radius_hand_l/wrist_flex_l/value	/jointset/radius_hand_l/wrist_flex_l/speed
0.01	2.449934482091736e-09	2.930261981286808e-07	-8.091390611879574e-10	-8.356955558514911e-08	6.308435928690571e-10	9.611983387620479e-08	-3.53856215167556e-10	-5.702558471583342e-08	0.9690000000070661	1.48001739101025e-08	-7.957293253320318e-10	-1.169753568271123e-07	-2.445338361196861e-09	-3.727552322806842e-07	-1.86951934734236e-09	-1.059853575560121e-07	7.157591830883328e-10	7.309924927636744e-08	0.001330819313099116	0.2985503991878556	-0.0001623283286395407	0.01852008916154571	-0.0007682847287698017	-0.1288112979873683	0.05288393754955718	-0.01450876076058519	0.006242576565477894	0.08712159981354063	0.004538308379037841	0.08735312316861008	2.083626756913683e-10	-1.071166711372588e-07	-0.00160358409717894	-0.1537269236770689	4.609360505581546e-05	0.006355639343967503	0.000450726480580572	0.09140284878270921	0.0001870822152161377	-0.03384179236691416	-0.0005019022184069118	-0.03997376792550561	-4.417085335050658e-09	-5.970449608811492e-07	1.865631024311714e-10	-2.435363445047646e-07	5.369124723676801e-09	1.347163784376391e-06	-3.738051430097697e-09	-4.933562803408489e-07	1.234121965131567e-09	1.485369555525488e-07	1.029608655737643e-09	4.552080019530761e-08	0.001136855900655158	1.267282748506525e-07	0.04434999959454313	3.596072245125141e-09	-0.4187120001081059	-1.720087331294321e-08	-8.731237280582603e-11	-1.40958077334471e-07	1.787018726023287e-09	2.089892384324758e-07	-1.219348666767986e-09	-1.551665477389882e-07	4.755145824257057e-10	-1.737190885166486e-07	-8.440822462166753e-10	-2.255499749998191e-07	3.124679004145508e-09	3.515673355757943e-07	5.830064138202953e-10	2.411476155968526e-08	1.108630419195579e-09	2.83771324297063e-07	5.018101420361999e-10	4.368689170368919e-08	3.655094071532357e-11	1.879864675784942e-08	-4.585264373821403e-10	-5.847155260948671e-08	3.449428632963043e-10	-5.66774568719309e-08	4.11864315680893e-12	-1.445223191394971e-08	3.870304001898459e-10	1.347056755335074e-07	1.047197551191679	-7.224272781708286e-09	1.68689601121543e-10	7.852351383411646e-09	4.112812119211942e-10	1.345900329027108e-08	8.326898553290508e-10	1.009773475464948e-07	-1.350445311840781e-10	-2.46869130475069e-08	1.169228345424569e-09	2.692591823918803e-07	1.047197551114346	-1.059040746244835e-08	-2.298781733985472e-10	-5.267269364729927e-08
0.02	5.395519031637794e-09	3.169810867573595e-07	-1.59124312942866e-09	-7.165805432378983e-08	1.668850440429954e-09	9.71288100508256e-08	-9.197461959457914e-10	-5.983733023140709e-08	0.9690000001555288	1.437915738639199e-08	-2.011397529579862e-09	-1.196537098244652e-07	-6.382529411606986e-09	-4.053428159910277e-07	-2.919758703499654e-09	-1.026655869857672e-07	1.549327833047245e-09	5.653903101977557e-08	0.003076821130840519	0.09403680474138841	0.0001359251619359699	0.02777172498833917	-0.001780088194919624	-0.05554155776568057	0.05337557210669324	0.03831333491739308	0.006257814102314864	0.07705094066665825	0.005122224191421106	0.04838107397639164	-8.982049535653262e-10	-1.183782601102484e-07	-0.002286489436413256	0.05326678273769329	0.0002934078806147318	0.0003196573516167668	0.001531529624643061	0.1047877397930004	0.0002723710202376151	0.01716685645477266	-0.0005227098945842591	0.04749697927638086	-1.05793080718899e-08	-6.287424319669475e-07	-2.391856100525796e-09	-2.432137230337614e-07	1.8982342896522e-08	1.428392441472847e-06	-8.967470450322632e-09	-5.341401849327811e-07	2.589475959217209e-09	1.604924593181938e-07	1.329832417130211e-09	4.244747878854978e-08	0.001136857195598147	1.390173685003553e-07	0.04434999978163143	1.41904622933255e-08	-0.4187120006794307	-7.72533831042479e-09	-1.576776958497446e-09	-1.470298717676054e-07	3.779579485846204e-09	1.958067293646947e-07	-2.817987082473911e-09	-1.653318103401129e-07	-1.578319315168927e-09	-1.955032142735417e-07	-3.338427413799449e-09	-2.381057598466829e-07	6.66585916107129e-09	3.633684908659199e-07	7.326694365125777e-10	1.708256394096901e-08	3.959478372712085e-09	2.953424896298584e-07	8.960785707525235e-10	4.409793187408123e-08	2.319654403189685e-10	1.823475067901479e-08	-1.009486804980322e-09	-6.80390929870276e-08	-1.707160514203255e-10	-5.742304529627809e-08	-1.29931933962028e-10	-1.407803831925759e-08	1.807166679437916e-09	1.364807414697194e-07	1.047197551101474	-7.293506527331306e-09	1.735245528295978e-10	6.398458387801519e-09	4.563553160628346e-10	2.520240123388716e-08	1.864209957822009e-09	1.136161071239402e-07	-3.744013796752823e-10	-2.582821087351206e-08	3.889888113877899e-09	2.812626994880833e-07	1.047197551021803	-9.130678138279785e-09	-7.729566150375815e-10	-5.016825988950016e-08
0.03	8.859821327492655e-09	4.185039286912181e-07	-2.256040985862725e-09	-5.646027208769691e-08	2.569526893062415e-09	8.85288781092719e-08	-1.538239410473783e-09	-6.622467887264766e-08	0.9690000002826193	2.6585874233998e-08	-3.122439606157736e-09	-1.157117287208746e-07	-1.047118550796607e-08	-5.124564541225679e-07	-3.957240425216225e-09	-5.482998100671919e-08	1.865025867750453e-09	4.264699120121454e-08	0.004710439711650737	0.2236892897975528	0.0005867662477674504	0.05899158711717381	-0.002663966533989552	-0.1164282760992501	0.05312211456282085	0.05201504782203717	0.007290779592480636	0.03938916404215003	0.005570712616957202	-0.01538452273230144	-1.86534192612758e-09	-1.413058047685891e-07	-0.002215047005245525	-0.1079530718750936	0.0006895789313269391	0.07248981074792826	0.002385759035863306	0.06218789537475202	0.0003603993580976731	0.02399925082486588	-0.0001370284706573531	0.0004194795792205494	-1.696528343443317e-08	-6.626311551632796e-07	-4.488354113736792e-09	-2.746898039581401e-07	3.352274383235463e-08	1.627108748179081e-06	-1.427966331178263e-08	-5.47878553466784e-07	4.546045653661714e-09	2.1151260670304e-07	2.065728030461419e-09	9.759927024021091e-08	0.001136858587997341	1.41567986918693e-07	0.044349999695438	-1.346408932518763e-08	-0.4187119999862143	4.992759651399773e-08	-2.983110633661377e-09	-1.523404757393654e-07	5.468670628163977e-09	2.104930920128501e-07	-4.385792481886174e-09	-1.522495696522257e-07	-3.526950787785755e-09	-2.337440042089247e-07	-5.489361758799723e-09	-3.437919429504019e-07	1.031114065450731e-08	3.698600103088315e-07	9.452751971277867e-10	1.841830383873698e-08	6.92319494883676e-09	3.149419637093054e-07	1.351868047680839e-09	2.873323429587096e-08	4.065741094402049e-10	2.437795506031058e-08	-1.794627116517403e-09	-5.408273067804864e-08	-7.934988039924652e-10	-8.226880700505314e-08	-2.243521464780451e-10	-1.664669614286882e-08	3.090368986372734e-09	1.291779116212815e-07	1.047197551047499	-6.945901856310603e-09	2.420249167808748e-10	1.221259688548921e-08	9.367204587288627e-10	1.89572657843968e-08	3.100292529468149e-09	1.242304381100002e-07	-6.758169144931824e-10	-3.403744181141794e-08	6.712386198107548e-09	3.052582502199163e-07	1.047197550923696	-8.588463282428259e-09	-1.253312042360457e-09	-4.931475303087686e-08
0.04	1.245824995726571e-08	2.733371113699291e-07	-2.760006496305527e-09	-5.461494859852448e-08	3.542824359923653e-09	1.031594647690598e-07	-2.166534673650274e-09	-5.736769997767085e-08	0.9690000004267558	-4.293060543455232e-09	-4.299475538257766e-09	-1.125976661072264e-07	-1.489996199589508e-08	-3.186630284489656e-07	-5.029535813846381e-09	-1.788871582492374e-07	2.222340652486244e-09	2.09281943790795e-08	0.006419776860812697	0.1077895788637237	0.0009732727827576993	0.02804653936724042	-0.00352579889857696	-0.08114930784700174	0.05316535638491542	-0.01999364740080474	0.007113812608742545	0.02526393818937415	0.005421996634004689	-0.01184524800329443	-2.942450179484402e-09	-4.267056038912028e-08	-0.003397630508606204	-0.06704948495602682	0.0009676590935997534	-0.004309530296591959	0.002686148739810671	-0.01194747145368376	0.0003162906633809261	-0.002331843077808193	-0.0002506496909296904	-0.002242223546399651	-2.372296025347898e-08	-6.684695245041481e-07	-6.752703159857924e-09	-1.381743520256918e-07	4.818884593382633e-08	1.226145862444058e-06	-2.000017375747828e-08	-5.695431077349965e-07	6.436499710736005e-09	1.697107198240087e-07	2.753952686612051e-09	4.144224026976805e-08	0.001136860044995012	1.437604506706583e-07	0.04434999984111599	2.842998833928874e-08	-0.4187119996826746	5.026186669378101e-08	-4.3232577896361e-09	-1.104977453196046e-07	6.987371691032075e-09	7.563646230218594e-08	-6.082413711950104e-09	-1.796590519521429e-07	-6.068127564854576e-09	-2.396501939443356e-07	-8.050856586637573e-09	-9.711247273518736e-08	1.407018568811067e-08	3.725817213140047e-07	1.049830635127435e-09	8.183044922034248e-09	9.890222694807831e-09	2.68864490522538e-07	1.737060256478265e-09	5.649622251655509e-08	6.00731602308264e-10	1.115613159630115e-08	-2.541479355470916e-09	-1.057862373656545e-07	-1.290880947339676e-09	-1.431734541273464e-08	-3.302717192095593e-10	2.949521076787949e-10	4.489281678157146e-09	1.441368163438664e-07	1.047197550972959	-6.346723868827832e-09	2.104683390463073e-10	-1.776904020433115e-08	1.381521959831929e-09	8.573080045575349e-08	4.39952128122956e-09	1.338919458872091e-07	-9.813616281387616e-10	-2.654381021811913e-08	9.678863524041758e-09	2.717577327475305e-07	1.047197550845899	-8.460247341304758e-09	-1.753765930066427e-09	-4.959494985176746e-08
0.05	1.462096684049189e-08	1.335358092336065e-07	-3.33357768622383e-09	-6.516999012919489e-08	4.670117500462894e-09	1.403808754225064e-07	-2.692360248099316e-09	-4.420832591608143e-08	0.9690000002910676	-1.345812385827085e-08	-5.431608257857338e-09	-1.320269491416057e-07	-1.746951872730883e-08	-2.377756290852452e-07	-7.187816628801232e-09	-2.286397648443037e-07	2.541898381169743e-09	1.091821263460487e-07	0.008258159474142081	0.194209499949125	0.001247219590552266	0.02568590559508592	-0.004448210599828079	-0.1040987165300382	0.05305062233332692	-0.03541261749925053	0.007247530023454793	-0.06752400420617376	0.005275098060143353	-0.005202512150319577	-2.945061655451204e-09	-2.355143124024903e-09	-0.003946363486691661	-0.06199987748500975	0.001077518375998832	0.01872667875561027	0.00228766554460107	-0.05017757473742616	0.0003583468571165945	-0.0324643318743667	-0.0002846825145553047	-0.01072927075949106	-3.03286980362561e-08	-6.413851490902629e-07	-7.770837164579208e-09	-1.596557741284828e-07	5.917223230237345e-08	9.9188239785288e-07	-2.571911557273054e-08	-5.888133028502941e-07	7.841393357771972e-09	4.27327738344228e-08	2.830791740694063e-09	-7.800436129751811e-08	0.001136861434060762	1.280553321969195e-07	0.04435000029384104	1.02023176489421e-07	-0.4187119996177794	-2.194926628189858e-07	-5.324538698093797e-09	-1.060461993841109e-07	7.323802881485327e-09	4.705676482032769e-08	-7.900650914420875e-09	-1.916115071986765e-07	-8.55954099686523e-09	-2.987042970431584e-07	-8.384562535530737e-09	-8.308393021970153e-08	1.773593964815196e-08	3.568176102624221e-07	1.053431168251323e-09	-2.050614017213975e-08	1.234239300019762e-08	2.189612380777655e-07	2.350958138842208e-09	5.157102687171287e-08	6.775437655632916e-10	9.740633724817063e-09	-3.69793980162922e-09	-8.90510622232895e-08	-1.202709063162295e-09	3.589801274341489e-08	-2.478353177661025e-10	7.176995187299004e-09	5.976571203795928e-09	1.708257031298703e-07	1.047197550901144	-1.32918534668283e-08	-1.047394459727951e-10	-5.046860949553532e-08	2.257809940149582e-09	2.212288613974753e-08	5.716963841099986e-09	1.086733123014952e-07	-1.208819234889487e-09	-1.292575756713761e-08	1.218082685552348e-08	2.297227421332543e-07	1.047197550763749	-6.082890162619163e-09	-2.273432946809576e-09	-6.217202962047544e-08
0.06	1.537230384955025e-08	5.08347102359733e-08	-4.214751801430448e-09	-9.02420731594116e-08	6.125391835705679e-09	1.467521435834669e-07	-3.088241034662387e-09	-3.740681508193114e-08	0.9690000001597238	-1.463066655577133e-08	-6.791308438890933e-09	-1.360431893432628e-07	-1.935111999405039e-08	-1.564504791347097e-07	-9.534577547633478e-09	-2.363299835165285e-07	3.9833523247488e-09	1.500787027474754e-07	0.009834989547089917	0.1295994602739405	0.001378466802665609	0.003365712680483391	-0.00528685271305143	-0.06303116106494819	0.05323665787375265	-0.03256352063755613	0.006693696579817434	-0.007333216570632605	0.005085197875287969	0.007004323482387068	-3.190459043777056e-09	-2.908365756193462e-08	-0.004418291101618453	-0.02134744758186306	0.001286610994970629	0.006127503221076461	0.001762500129126053	-0.04873548402979067	0.0003291125269623814	0.005589395874177929	-0.0003846328217095728	-0.004683036509819307	-3.634864878629037e-08	-5.960581503654605e-07	-9.704527337317729e-09	-1.984188797199275e-07	6.773099218646842e-08	7.89183505578128e-07	-3.119293543269523e-08	-5.226462757291056e-07	7.818675937912273e-09	-1.459771786991948e-08	1.87215787609635e-09	-8.926018307974461e-08	0.001136862595317032	1.120714384549378e-07	0.04435000136259692	1.023457302510987e-07	-0.4187120023073582	-2.646266292530491e-07	-6.453586240627173e-09	-1.111908542365923e-07	8.246282339830934e-09	1.059340945082233e-07	-9.854342634811036e-09	-1.979461573717552e-07	-1.115133427755929e-08	-2.324620397954384e-07	-9.042764435299274e-09	-4.295968628286219e-08	2.116719192084278e-08	3.405405835934962e-07	9.248642508324363e-10	-8.938930955100287e-09	1.452133206215089e-08	2.17059030064405e-07	2.899108316032167e-09	5.863239793917741e-08	7.784276869684421e-10	9.579505457849793e-09	-4.395908925144748e-09	-6.719089624442146e-08	-8.361893860492591e-10	3.125348342442588e-08	-2.644529422748662e-10	-3.42938186650259e-09	7.77152906835728e-09	1.795798015832652e-07	1.047197550753487	-1.445430445514478e-08	-5.476602289660727e-10	-4.099132061236393e-08	2.27278161244016e-09	-7.351261931608615e-10	6.566690285807774e-09	7.692119473300556e-08	-1.29019721424082e-09	-6.998901493380249e-09	1.440751450049736e-08	2.196763514701077e-07	1.047197550687519	-8.677517182519624e-09	-2.931134314523912e-09	-6.6770872140292e-08
0.07000000000000001	1.585983276083622e-08	5.787894329110579e-08	-5.042318564259381e-09	-1.087394350204031e-07	7.618512893719738e-09	1.449107226064967e-07	-3.441493728730991e-09	-3.700897982827223e-08	0.9690000000043552	-1.37541974098055e-08	-8.168765374595612e-09	-1.348927454046823e-07	-2.085849245862617e-08	-1.603002909417364e-07	-1.180788834376737e-08	-2.400849988776804e-07	5.502577080010248e-09	1.527875611710856e-07	0.01161199184535351	0.1964678160785798	0.001504433518745494	0.01347607086117811	-0.006190499430601511	-0.09218378157103775	0.05309942773881009	0.02831634204318729	0.006730325988785122	-0.05589161371793527	0.005126714275500804	-0.01182148129008112	-3.468275272549424e-09	-2.58828461756611e-08	-0.004696967588447241	-0.04742372206159921	0.001505315667818561	0.04904190350199335	0.001444022275178836	-0.01287273373202925	0.0002391893242689736	0.02728289889687699	-0.0004553454685239455	-0.01372496863165367	-4.252310956886626e-08	-5.837804493507802e-07	-1.175030268416565e-08	-1.943170328197574e-07	7.542929330517796e-08	7.768144368015076e-07	-3.636410619408642e-08	-5.257265272173158e-07	7.570751089381294e-09	-2.035056586720024e-08	1.14061573910076e-09	-9.646225842121995e-08	0.001136863737005783	1.131591065937171e-07	0.04435000233357703	9.352453195588976e-08	-0.418712004903496	-2.5938414438212e-07	-7.56281092475005e-09	-1.197496272929655e-07	9.338997947894205e-09	1.065751608545604e-07	-1.184937992495422e-08	-1.923821090679179e-07	-1.343002048935019e-08	-2.371092605827861e-07	-9.52896736702268e-09	-4.574134744896725e-08	2.461201957029833e-08	3.384824903021558e-07	8.292683265971397e-10	-6.178628225723269e-09	1.668643045435618e-08	2.196662302736062e-07	3.497675075201645e-09	5.98569337864356e-08	8.748644613621953e-10	9.098379583003164e-09	-5.07898979520671e-09	-6.597851983527393e-08	-6.15982673032727e-10	4.058679720611077e-08	-2.889276057528557e-10	-6.124790856875657e-09	9.537948402024959e-09	1.817293746494568e-07	1.04719755061082	-1.48335485677141e-08	-9.558712152392672e-10	-3.9396046839838e-08	2.202564643441624e-09	7.580232590677579e-09	7.329412901635568e-09	7.590799262957249e-08	-1.360313191066924e-09	-6.776387075620432e-09	1.658394494818667e-08	2.180073415884631e-07	1.047197550594831	-8.995320122179351e-09	-3.607611352363466e-09	-6.596803289977017e-08
0.08	1.636907424537802e-08	4.960300965234103e-08	-5.872659815852881e-09	-8.448008881257765e-08	9.105139687907908e-09	1.486039887228359e-07	-3.799613684187838e-09	-3.55229416666598e-08	0.9689999998480462	-1.555536504019157e-08	-9.533092872093449e-09	-1.387667326149984e-07	-2.239970500951341e-08	-1.533707983905606e-07	-1.411411468910396e-08	-2.254372585838345e-07	7.015526878990287e-09	1.526268467150609e-07	0.0130537086129349	0.1818696966695924	0.001576027167406309	0.0109336237664799	-0.006936359571704256	-0.08602534191069569	0.05312180512910088	-0.02742463851504412	0.006664341265117064	0.03715050328186277	0.00513100421364732	0.01320790422572903	-3.744482893172931e-09	-2.869239726489079e-08	-0.00476524111132719	-0.01120601165056353	0.001675319059298421	0.03537431746425809	0.001470647118300499	0.0134432035587902	0.0001831850587417478	-0.004369513070241823	-0.0004524687647638537	0.0003159339264648989	-4.861665955914046e-08	-6.190846523893117e-07	-1.379752116742812e-08	-2.034708462219871e-07	8.31711834635167e-08	7.675199855101377e-07	-4.157310312812461e-08	-5.199915026562275e-07	7.355368743684359e-09	-2.446318930228662e-08	3.910781858493677e-10	-7.473772482024206e-08	0.001136864871819057	1.151010943080109e-07	0.04435000330399241	9.960715707485728e-08	-0.4187120074121171	-2.695943570775955e-07	-8.66762848468368e-09	-1.12336775921411e-07	1.042559226901939e-08	1.095811773258554e-07	-1.383386071203182e-08	-2.000074453966234e-07	-1.572758164501644e-08	-2.282495978027713e-07	-9.990708818012868e-09	-5.397226205143807e-08	2.800939339207201e-08	3.487040875396204e-07	7.362579595056758e-10	-8.349269062557116e-09	1.886014204936371e-08	2.173409575176636e-07	4.08240132026834e-09	6.099342981449119e-08	9.729576149962894e-10	9.567834741614165e-09	-5.759099447750352e-09	-6.800210453747525e-08	-3.675646272221063e-10	2.00520183701935e-08	-3.138246996943595e-10	-3.208942689061849e-09	1.131385513155864e-08	1.75655522266901e-07	1.047197550467637	-1.441542492097059e-08	-1.364188339475561e-09	-4.024273221987829e-08	2.165058456461882e-09	-9.317563380173617e-09	8.101338343378027e-09	7.767961973893459e-08	-1.429593927960377e-09	-7.06018700064891e-09	1.876866167694761e-08	2.174419533115525e-07	1.047197550503126	-9.451635624865371e-09	-4.281164284988075e-09	-6.726857816587043e-08
0.09	1.690692793100694e-08	5.142174049002327e-08	-6.831529818574441e-09	-8.074439035983451e-08	1.057338770796701e-08	1.476894057050929e-07	-4.163610452571958e-09	-3.538955075755411e-08	0.9689999997013932	-1.595796791238072e-08	-1.088582052309739e-08	-1.343604482099558e-07	-2.397141785340431e-08	-1.539022397981433e-07	-1.647668592497924e-08	-2.321594086594127e-07	8.525878424286882e-09	1.48960662567929e-07	0.01472406105351047	0.190237077819665	0.001683003235798797	0.008503238351634017	-0.007785040323649909	-0.07921668076209649	0.05317854867719982	-0.01090564637662069	0.006884208536703915	0.0119126697787364	0.005135958799410967	0.00659152129200291	-4.011187017701812e-09	-2.515334584979501e-08	-0.004829329465116466	0.0161806309674179	0.00197139452248869	0.01588375230523924	0.001679575857970353	0.02910116096662314	0.0002914884095913129	-0.03339383855833303	-0.0004348360911529681	0.01004624731893241	-5.460663328506801e-08	-6.15581484379736e-07	-1.57975221277918e-08	-2.083159099878412e-07	9.096241782290342e-08	7.712087299895304e-07	-4.679867718281506e-08	-5.186076864378015e-07	7.146445394034519e-09	-2.32051319595337e-08	-4.407238667412844e-10	-6.020150401775954e-08	0.0011368660004818	1.135094669665009e-07	0.04435000426189598	9.553152576083183e-08	-0.418712009910598	-2.20356070001497e-07	-9.818672290020211e-09	-1.105035856828661e-07	1.150101182790451e-08	1.099668122034037e-07	-1.578641624785559e-08	-1.965417541587069e-07	-1.807102949601532e-08	-2.315596426830004e-07	-1.04382118877044e-08	-4.388156070995962e-08	3.137184909669365e-08	3.270529251176659e-07	6.593741996761311e-10	-7.304681713530681e-09	2.104313377115556e-08	2.17487239567004e-07	4.666407744937018e-09	5.577965577020877e-08	1.068748012843915e-09	1.036259292812617e-08	-6.42489276540336e-09	-6.733117933188531e-08	-4.280919724142794e-11	2.388308694732711e-08	-3.536197157801154e-10	-1.507265777565254e-09	1.31113583510946e-08	1.77842982771241e-07	1.047197550322158	-1.428246857493387e-08	-1.768523425366742e-09	-4.136729030809811e-08	2.164915181952165e-09	-8.53712544565503e-09	8.860615223177022e-09	7.656186592010471e-08	-1.499021582854888e-09	-6.991942486946343e-09	2.095036853146803e-08	2.178320368868788e-07	1.047197550413423	-9.275791986699974e-09	-4.949775937953651e-09	-6.810800839897228e-08
0.1	1.744522010936393e-08	5.44911942709579e-08	-7.738067744243576e-09	-9.380387114906314e-08	1.204032081684769e-08	1.450828869522667e-07	-4.525088045518062e-09	-3.678707000097024e-08	0.968999999549539	-1.440854048068486e-08	-1.221867268225915e-08	-1.323191796706785e-07	-2.554415870948863e-08	-1.587056070912502e-07	-1.885783987574329e-08	-2.405156045668738e-07	1.001394416020888e-08	1.472482013841745e-07	0.01622193566641633	0.1441126278672806	0.001767570160724858	0.003147808111272617	-0.008595184515951487	-0.06616209963514459	0.0532209448150083	0.03842743261403034	0.006955414163795723	0.05236608767806336	0.005150281882545672	-0.008335365639154376	-4.26289946980441e-09	-2.463109296535219e-08	-0.004831371443557538	0.01271290606464204	0.00230363492488622	0.01057723616745449	0.00191856292693258	0.01575893308608604	0.0003562627248907437	0.01038473029251255	-0.0003992771227443543	0.005384280493702648	-6.063445123164426e-08	-6.062116647653955e-07	-1.78393691667564e-08	-2.021281718952917e-07	9.87627861452082e-08	7.863068171986129e-07	-5.201504375249985e-08	-5.198054627455932e-07	6.94052706454639e-09	-1.778823976072112e-08	-1.153653714512893e-09	-7.001784457916172e-08	0.001136867123122373	1.122577517442087e-07	0.044350005210303	9.777078602102464e-08	-0.4187120121362566	-2.162098120536595e-07	-1.095184707687134e-08	-1.1451851285857e-07	1.258418710739337e-08	1.070548583961933e-07	-1.773012032018955e-08	-1.939452160387152e-07	-2.04240309347658e-08	-2.381664538955616e-07	-1.084455923200472e-08	-3.949294286041505e-08	3.462100558644435e-08	3.196506958567755e-07	5.883801916884049e-10	-5.591234162674542e-09	2.322590581684743e-08	2.177697353097542e-07	5.221540805356378e-09	5.457074863032257e-08	1.170016339746609e-09	1.027096236732926e-08	-7.087639802941e-09	-6.595329785081573e-08	2.711667162098136e-10	3.342885380720154e-08	-3.804239676681388e-10	-2.5996271153471e-09	1.491122758065495e-08	1.809126556145933e-07	1.047197550177807	-1.447347147618599e-08	-2.179598740656929e-09	-4.168587547008647e-08	2.136996783398488e-09	-6.948663429077203e-09	9.617901353687194e-09	7.512517308397985e-08	-1.568699497471998e-09	-7.156524904509876e-09	2.313292059194786e-08	2.180614225910334e-07	1.047197550323858	-8.793204720968399e-09	-5.62451435386981e-09	-6.794728457205264e-08
0.11	1.801078348552255e-08	6.379255207017365e-08	-8.76847587418623e-09	-1.267925323294506e-07	1.349584539512054e-08	1.437734418573349e-07	-4.898695670052655e-09	-3.864070372703136e-08	0.9689999994143045	-1.196119404899514e-08	-1.354178108549928e-08	-1.29101279741368e-07	-2.715123030651347e-08	-1.697767856924194e-07	-2.129638589205626e-08	-2.569694033657342e-07	1.150683308577592e-08	1.500310935862495e-07	0.01793402251584485	0.1413606309730464	0.00188305161217896	0.01091574685822231	-0.009443849370611669	-0.08516310183935134	0.05308282744687204	0.07658308601681769	0.007054499190901404	-0.008621919095956214	0.00523666942018493	-0.02670562981359876	-4.519805610618196e-09	-2.515200047699575e-08	-0.004775545770051099	0.0001428303080278427	0.002578389336091509	0.03725227859309774	0.002029855242311166	0.001080607772486816	0.0002860505500904341	0.02944033004947472	-0.0003806475899506734	-0.002415097953572106	-6.659891411294997e-08	-5.739395910091094e-07	-1.980688566411112e-08	-1.883580586617881e-07	1.066894717059616e-07	8.064659213406753e-07	-5.72344752740689e-08	-5.293090213070562e-07	6.790785632292194e-09	-9.698506667081566e-09	-2.003957427799693e-09	-1.041982531518136e-07	0.0011368682382783	1.093188169800405e-07	0.04435000617009233	9.175309052210597e-08	-0.4187120144444216	-2.237867655740373e-07	-1.212052592376732e-08	-1.246056022357347e-07	1.363403591015304e-08	1.023155018534527e-07	-1.966441657021923e-08	-1.881244314308025e-07	-2.281916423009609e-08	-2.4783004547181e-07	-1.120892574012841e-08	-2.815321915445089e-08	3.78617472030457e-08	3.153621491307248e-07	5.191252592220409e-10	-5.757416267148203e-09	2.540943806225391e-08	2.213480136382932e-07	5.779642956883571e-09	5.476838905837992e-08	1.267865333979858e-09	9.388228114966736e-09	-7.750531961345846e-09	-6.436725939659598e-08	6.658615337597602e-10	5.491664787177611e-08	-4.175132411285445e-10	-6.199362313836365e-09	1.673501328086229e-08	1.866474352418751e-07	1.047197550032389	-1.488833373323866e-08	-2.593474669773663e-09	-4.060782336787822e-08	2.136396257861417e-09	1.086719330747298e-08	1.036074024150538e-08	7.244353072890015e-08	-1.639604842785915e-09	-7.022467239731343e-09	2.531641217855239e-08	2.183987872887579e-07	1.047197550238606	-8.036327285442498e-09	-6.298686737875169e-09	-6.627280586894657e-08
0.12	1.863990090516489e-08	6.365576790071336e-08	-9.966220115459407e-09	-1.251390794963757e-07	1.493783544350026e-08	1.462456283861522e-07	-5.278560690471313e-09	-3.728261169967922e-08	0.9689999992810092	-1.33000962779962e-08	-1.484019775556423e-08	-1.303148410823997e-07	-2.884140487154658e-08	-1.690962758028763e-07	-2.38339774127411e-08	-2.530808597247599e-07	1.30062342716298e-08	1.524569072977315e-07	0.01945527280313503	0.1379665345290455	0.001954334647286462	0.0167227502996223	-0.01017104000985369	-0.09521070240879347	0.05301688636419008	-0.01732625542778832	0.007055182007646757	0.01025761884200975	0.005272728243826704	0.006462210770481518	-4.772663325293574e-09	-2.594780551216384e-08	-0.004586308112285315	0.01748633902538442	0.002770441801308298	0.02883238798944965	0.001985204779077572	-0.01029847371442011	0.0002424873942692774	-0.01126476294637961	-0.0003635902948905082	-0.0001414599610522612	-7.229156351821429e-08	-5.721064294572056e-07	-2.173030133582195e-08	-1.916043558809959e-07	1.146690889504968e-07	7.940384128912204e-07	-6.256328024068315e-08	-5.336937438130284e-07	6.662580095369995e-09	-1.576409830918174e-08	-2.992342449832927e-09	-1.019386714556465e-07	0.001136869333985222	1.09466970315957e-07	0.04435000707235534	8.544851839390035e-08	-0.4187120166641802	-2.268015555987326e-07	-1.334422539328077e-08	-1.248806257461649e-07	1.467482644233859e-08	1.044837652678709e-07	-2.154182554033873e-08	-1.876879199628029e-07	-2.527885220445217e-08	-2.454225889527693e-07	-1.153063168409897e-08	-3.146451641300045e-08	4.103913658963002e-08	3.212404643455787e-07	4.646408513541017e-10	-6.678328975418447e-09	2.763058503184524e-08	2.231403295853448e-07	6.32757568106664e-09	5.594468284599648e-08	1.363587068418536e-09	9.280060968094251e-09	-8.388436291050293e-09	-6.396891677965831e-08	1.169137581156194e-09	5.012342016868973e-08	-4.780322067246035e-10	-6.568458444005664e-09	1.858616111718105e-08	1.846256301070567e-07	1.047197549883376	-1.48840259981887e-08	-2.993977184625001e-09	-3.953971842449796e-08	2.268691773124099e-09	1.543651924853408e-08	1.110498587909012e-08	7.328292931721805e-08	-1.70791130363652e-09	-6.794574931742527e-09	2.750740936077346e-08	2.182273693325712e-07	1.047197550155356	-8.394553178299456e-09	-6.956900249129462e-09	-6.570368011592222e-08
0.13	1.93182536821855e-08	5.579008321602785e-08	-1.137324711893214e-08	-1.066796498267868e-07	1.638450467863291e-08	1.532124247987423e-07	-5.650173396017186e-09	-3.414615510253167e-08	0.9689999991611019	-1.416148048472837e-08	-1.611292291450648e-08	-1.322323702047368e-07	-3.056731972795743e-08	-1.559187231811237e-07	-2.643101364901346e-08	-2.403713491176034e-07	1.452618018897178e-08	1.545224414392396e-07	0.02109205527396924	0.1322912966681291	0.002050688097858993	0.007248956475261118	-0.01096410256789953	-0.07426184216409842	0.05314207527642493	-0.05897221821515387	0.006978613559085691	-0.0171611707795224	0.00520539199396272	0.01864225122401189	-5.002059249175193e-09	-2.548324593079797e-08	-0.004417042380082507	0.0346726699368405	0.003051631243264906	0.007054348386122705	0.001861826526886503	-0.008343076377622277	0.0003195824781309232	-0.03589277026481659	-0.0003821918379467166	0.00332325897735705	-7.809171657455057e-08	-6.218173084868385e-07	-2.36248742467227e-08	-2.028275049437923e-07	1.226018202079856e-07	7.770965430430327e-07	-6.787112332264204e-08	-5.169679322506261e-07	6.485994995075155e-09	-2.742189954603736e-08	-3.958735907542198e-09	-7.432574039362739e-08	0.001136870427825756	1.108900526933028e-07	0.04435000788864595	7.993412890366198e-08	-0.4187120186453751	-2.132073846750092e-07	-1.466748006045764e-08	-1.204342552495958e-07	1.572419493993813e-08	1.084044206122051e-07	-2.338131469014293e-08	-1.943323008658319e-07	-2.778973078991004e-08	-2.352109317061068e-07	-1.179693450388803e-08	-2.902111463860801e-08	4.409921869654116e-08	3.229172580325454e-07	4.254372532621329e-10	-1.188824380398357e-08	2.987487363444507e-08	2.196375970527261e-07	6.868719602442186e-09	5.622979768091623e-08	1.457148907605408e-09	9.521075278664864e-09	-9.016264394323219e-09	-6.766066249686178e-08	1.738324853235953e-09	3.440579645718821e-08	-5.514074435587344e-10	-2.693408728268987e-09	2.045445658168931e-08	1.804348975229197e-07	1.047197549732997	-1.413935136775038e-08	-3.388962667001134e-09	-4.107336180110285e-08	2.376673892498101e-09	-5.759292263490355e-10	1.180468619405388e-08	6.921019265638548e-08	-1.777859516925552e-09	-7.065408096311782e-09	2.966411009744139e-08	2.148633153529496e-07	1.047197550071484	-8.799041108871517e-09	-7.620138718151153e-09	-6.846544903082062e-08
0.14	1.992159162392428e-08	5.650284621152117e-08	-1.259777785779024e-08	-1.100599241566983e-07	1.790097600723926e-08	1.54242847353976e-07	-5.990689660396307e-09	-3.352071949305406e-08	0.9689999990284068	-1.411500210691168e-08	-1.741613226292758e-08	-1.313115069036086e-07	-3.218529222882465e-08	-1.577116024821139e-07	-2.887757960635202e-08	-2.404298388843605e-07	1.607536661329453e-08	1.548629692774032e-07	0.02262757785609965	0.1408673934823261	0.002138506218303202	0.00316156467150733	-0.01176584996266703	-0.06618079644715763	0.05320246585237832	-0.01822397825867887	0.006956908604534301	-0.01091337089664405	0.005153491433693919	0.003595394793263549	-5.241701345993333e-09	-2.513902663935116e-08	-0.004206261469526893	0.0260199554789637	0.003342937597506072	0.01970879116779232	0.001768789266567503	-0.006356657406878388	0.0003532460963873062	0.01776132083017009	-0.0003928423099534831	0.0004164490219322869	-8.439560816657598e-08	-6.391839473104633e-07	-2.562696491327798e-08	-2.043664596988734e-07	1.303398826853819e-07	7.747378735464908e-07	-7.305381805289124e-08	-5.155595732577553e-07	6.196839903418308e-09	-2.894316485414517e-08	-4.659310955887191e-09	-6.418095017884017e-08	0.001136871541903619	1.111680806515033e-07	0.04435000866509305	7.858227388471838e-08	-0.4187120205895691	-1.96507160181046e-07	-1.595233278990801e-08	-1.232475223252302e-07	1.681582037078925e-08	1.09788110151785e-07	-2.529427496125414e-08	-1.944798415733324e-07	-3.019726311518146e-08	-2.361371801063687e-07	-1.2086300001211e-08	-2.728908627920859e-08	4.722720640790952e-08	3.159483215522281e-07	3.428266020927482e-10	-1.125255360031543e-08	3.209591839586401e-08	2.207046182152619e-07	7.423644615669196e-09	5.526340243670172e-08	1.552817337796138e-09	9.746934646227599e-09	-9.676849829831041e-09	-6.754457547356271e-08	2.114597011093011e-09	3.127827715985714e-08	-5.918851603787456e-10	-2.226748287576889e-09	2.226588566075575e-08	1.794680521045347e-07	1.04719754958898	-1.410629845703986e-08	-3.793251973544651e-09	-4.118457270748378e-08	2.31336649098236e-09	-8.847920132441445e-09	1.248089920772914e-08	6.778438476896086e-08	-1.850613704683796e-09	-7.282969619980497e-09	3.178926744971094e-08	2.130228332062461e-07	1.047197549981709	-8.938863105611369e-09	-8.306542518124736e-09	-6.914313013270226e-08
0.15	2.042468479505323e-08	6.167300366249911e-08	-1.352077212350622e-08	-1.293140941958699e-07	1.94869944752996e-08	1.524498257523838e-07	-6.298661104143921e-09	-3.353298447239564e-08	0.9689999988728951	-1.283630273937801e-08	-1.875882394922259e-08	-1.307960807084909e-07	-3.366546617153291e-08	-1.621057516985695e-07	-3.113477496464379e-08	-2.435639090495743e-07	1.764304933098625e-08	1.573033475270431e-07	0.02421046334063555	0.1636614631787012	0.002221860690096881	0.007955266818379223	-0.01258080732392338	-0.08220464372597586	0.05310713666867412	0.01887258156826618	0.006980338717700394	-0.0312674324908857	0.005173815985234763	-0.009009276908730919	-5.491905958176979e-09	-2.390418886809705e-08	-0.003960406331108922	-0.002886209548673687	0.003583370513313859	0.0536627917147695	0.001763494204950155	0.001263956937748334	0.0002401245657545109	0.04191093513180434	-0.0003768122842720201	-0.006517727865416305	-9.119101106693814e-08	-6.367023817103727e-07	-2.777196196858587e-08	-1.987639955644046e-07	1.378479212256261e-07	7.670314084726297e-07	-7.81070394747564e-08	-5.174363260294218e-07	5.792894190069653e-09	-3.198328112263529e-08	-5.036294623765132e-09	-7.185944645022927e-08	0.001136872681230318	1.12154384824531e-07	0.0443500094243555	7.447182749092628e-08	-0.4187120225124029	-1.990073162801585e-07	-1.71502426797799e-08	-1.321633635235797e-07	1.795920206423814e-08	1.097410100325134e-07	-2.729315472886595e-08	-1.912423945614126e-07	-3.246865631206363e-08	-2.405848692520672e-07	-1.242602855227599e-08	-3.021892088693484e-08	5.045040194172346e-08	3.155681500886796e-07	2.133789710712869e-10	-8.160590211288259e-09	3.42837225592027e-08	2.228955887029466e-07	7.990981397545824e-09	5.69481749132516e-08	1.653058904110409e-09	9.261680614061982e-09	-1.037569208996077e-08	-6.63205403983468e-08	2.249916381774804e-09	3.793399289556372e-08	-5.893638345082673e-10	-4.866105734360293e-09	2.400792716690609e-08	1.808348738240678e-07	1.047197549452294	-1.445146760868461e-08	-4.209207708637584e-09	-3.983851373681767e-08	2.074420960162448e-09	-7.035192101053719e-09	1.315234980140105e-08	6.656694972959505e-08	-1.92506626860161e-09	-7.298923956145693e-09	3.389341308142119e-08	2.110624126758673e-07	1.047197549884634	-9.17018163175575e-09	-9.016160400600228e-09	-6.869169912153325e-08
0.16	2.099278584367964e-08	6.630544431073965e-08	-1.454045932526117e-08	-8.50006315450494e-08	2.104906113730351e-08	1.60080296449637e-07	-6.618934142085395e-09	-2.993051440634735e-08	0.9689999987307119	-1.340304232780588e-08	-2.007121102739202e-08	-1.337001313234103e-07	-3.525014982711517e-08	-1.773336199802627e-07	-3.348775292616656e-08	-2.235479965992748e-07	1.918462676129981e-08	1.534717797328505e-07	0.02564121469215828	0.1998522832867045	0.002268734227483861	0.01235882514726519	-0.01330820523721884	-0.09158328936951689	0.05307902865204007	-0.03863403222205097	0.007082318468801778	0.003651660331552884	0.00519368252628346	0.01569042949875611	-5.747342241855519e-09	-3.416903457033531e-08	-0.00370256747256459	0.008585334547948976	0.003758389388535171	0.04340737888873408	0.001812295093499795	0.007407913932885236	0.0001997973460217871	-0.01288485703108339	-0.0003373865345279881	0.0006329363408154694	-9.782931995672794e-08	-6.879408497822706e-07	-2.986218815057824e-08	-2.082941518095442e-07	1.454771591728212e-07	7.375588115147898e-07	-8.323710728933856e-08	-5.285477974498848e-07	5.436645617277743e-09	-4.820069909862284e-08	-5.48041361187461e-09	-2.473132192496318e-08	0.001136873794935273	1.091090270221534e-07	0.04435001021795502	9.449694890632087e-08	-0.4187120242780845	-1.777358988854061e-07	-1.838693483331668e-08	-1.27048561801699e-07	1.905957461390362e-08	1.02920403699591e-07	-2.923685889631251e-08	-1.888738077230189e-07	-3.480781495719102e-08	-2.276897534835994e-07	-1.27435350202922e-08	-5.98423590017282e-08	5.354561750517183e-08	3.096775091580483e-07	7.53466598103324e-11	-2.847052949905881e-08	3.648831325265782e-08	2.230870574476234e-07	8.528827535907276e-09	5.263077671463726e-08	1.751555340179913e-09	8.465031729971624e-09	-1.105966177394175e-08	-7.061285693127267e-08	2.503441787696683e-09	2.178550127588869e-08	-5.920707566871705e-10	2.807356362427422e-09	2.578726806611889e-08	1.761041106135633e-07	1.047197549315532	-1.247878340694205e-08	-4.627176067858988e-09	-4.161139927440074e-08	1.86973763171615e-09	-3.732618504799677e-08	1.381541228926892e-08	6.580582710566202e-08	-1.997625817349881e-09	-6.201686156511113e-09	3.600162742327297e-08	2.070925545504227e-07	1.047197549792958	-9.273192102781686e-09	-9.725920156083749e-09	-7.386800220128305e-08
0.17	2.166931855807537e-08	4.646736188838021e-08	-1.541505643647134e-08	-1.032261397138857e-07	2.260292870528673e-08	1.162180097115306e-07	-6.927506881262769e-09	-3.974675588066676e-08	0.9689999986312756	1.233752093317672e-08	-2.140289547833601e-08	-1.247603399768616e-07	-3.707187394032623e-08	-1.608919372282668e-07	-3.570851943610292e-08	-2.149938634812447e-07	2.073520750105215e-08	1.667570030126142e-07	0.02710473068725826	0.182214143407632	0.002335554442720465	0.002538494544270139	-0.01407734084867154	-0.06553067340229204	0.05325090782053981	-0.03167430886529652	0.007094423539810904	0.01915908301710478	0.005142307261879349	0.01341953169005385	-6.102388687664454e-09	-2.805684277700994e-08	-0.003624947553765296	0.02808366053980344	0.004035877964117758	0.002201227245891662	0.001871538971577155	0.00843322004199046	0.0003176024828679509	-0.04541622982382802	-0.0003370658559708248	0.007766508152939437	-1.047010536384382e-07	-7.071427036038834e-07	-3.186091630581528e-08	-1.473555772263861e-07	1.525276538755225e-07	4.698276141476457e-07	-8.850315889248307e-08	-4.583312456127967e-07	4.92403031833167e-09	-5.263593473497005e-08	-5.78641916751232e-09	-6.364801614637739e-08	0.001136874925042638	1.465513230776383e-07	0.04435001126312269	1.457966984300047e-07	-0.4187120261385892	-2.163296790771013e-07	-1.968333984825906e-08	-1.273650059518365e-07	1.999621509674583e-08	5.570258000324062e-08	-3.103424512753134e-08	-1.243328737409282e-07	-3.713104120696463e-08	-2.571044627718249e-07	-1.344725181300402e-08	-8.845327144103675e-08	5.66003715881493e-08	2.666778080392674e-07	-2.508966666890146e-10	-3.446186429191914e-08	3.86914480417674e-08	1.880664530300671e-07	9.05347841493228e-09	5.193280398374993e-08	1.831667617866592e-09	8.444890168210278e-09	-1.177691902184446e-08	-8.263875505381511e-08	2.843188680557875e-09	1.099411121643355e-07	-5.729556686894144e-10	-4.955459770876116e-09	2.759717423300024e-08	2.148908407538198e-07	1.047197549189729	-1.476774587370687e-08	-5.071174737146004e-09	-6.753516300163979e-08	1.468371899833866e-09	-4.797632388236114e-08	1.446739672557862e-08	6.248566964723377e-08	-2.057043972978843e-09	-6.434787389153307e-09	3.807406295050282e-08	2.145929980818097e-07	1.047197549703653	-6.392241471651209e-09	-1.049617543995143e-08	-9.767539103531583e-08
0.18	2.197957084961632e-08	-8.619183790729987e-08	-1.660430930281163e-08	-1.221680902015879e-07	2.349230215973715e-08	6.820456452893941e-08	-7.394359450777642e-09	-5.478955583697809e-08	0.9689999988796512	1.769581556939644e-08	-2.252646985106122e-08	-1.026160458497362e-07	-3.839314062157375e-08	6.559049331921905e-08	-3.779500663827379e-08	-2.346070119515949e-07	2.249268658303705e-08	1.767535709039402e-07	0.02855036726669632	0.1435434649209422	0.002412272300999327	-0.0007911133500884387	-0.01486364463827148	-0.05861161102285723	0.05326485651512209	0.05801560906785169	0.007099032114444747	0.03162852303314902	0.005137376732349465	-0.02043525936611257	-6.382990860844538e-09	4.305976199048998e-08	-0.003591847867234811	0.01216476387160589	0.004330924485445063	0.006110917339826835	0.001905758300447384	-0.00105887090943357	0.0003786438729903126	0.0149154587697987	-0.0003354767222352757	0.002423106494489756	-1.124217701600346e-07	-7.852752209205481e-07	-3.283275705359161e-08	-1.518322465394801e-07	1.547703989538748e-07	3.230988567970107e-07	-9.254455534040913e-08	-2.085846082056279e-07	4.570641107644011e-09	2.327219768063317e-08	-6.412750418933064e-09	-7.325335174248624e-08	0.001136876462980386	1.942643733285114e-07	0.04435001271555574	5.926118221088248e-08	-0.4187120281332697	-1.349052632059719e-07	-2.080542001285627e-08	-5.091156019708716e-08	2.078233933370069e-08	1.243690679816621e-07	-3.16973438039578e-08	-1.325119954989454e-07	-3.947460425278732e-08	-2.580916633212123e-07	-1.408735673401222e-08	1.226533960208416e-07	5.882556972063659e-08	2.154154789426289e-07	-5.111185064403793e-10	7.207064309139385e-08	4.035981752799664e-08	1.204531324701118e-07	9.548582733946367e-09	5.495477403694174e-08	1.916182639054545e-09	2.281843623012843e-08	-1.279053480156593e-08	-9.562750791252285e-08	4.537850555037066e-09	1.231826460033623e-07	-6.606316564725432e-10	-1.378147609611826e-08	2.997309417614841e-08	2.369281315130209e-07	1.047197549031116	-2.259261968229573e-08	-5.873055584680569e-09	-9.676214764633615e-08	1.161091999940116e-09	-1.082923679778671e-09	1.512209330931578e-08	6.508752932582315e-08	-2.115293977918055e-09	-1.589841545593439e-08	4.028223104273922e-08	2.445632595407824e-07	1.047197549668609	-4.545131042608854e-09	-1.15608970583255e-08	-1.034253720685914e-07
0.19	2.084952232679591e-08	-1.112134141864688e-07	-1.81359327808e-08	-1.639807606212747e-07	2.340192939234525e-08	-3.43767862594408e-08	-8.120388517169256e-09	-7.826240916886244e-08	0.9689999995075744	7.8374180288354e-08	-2.336049274206907e-08	-7.527621355913338e-08	-3.751671389988398e-08	8.150621940139822e-08	-3.994906755425637e-08	-2.042867885759181e-07	2.449587631827809e-08	2.082276078808401e-07	0.03007776573784916	0.1265845786859737	0.002479172882439324	0.006951316910342135	-0.01563015627246369	-0.08096404445127746	0.05306511342126211	0.09749973990479661	0.007083856604093984	0.00337773668143902	0.005201291048325774	-0.03717363901483249	-5.902031796673559e-09	4.111454507207442e-08	-0.003556765534865488	-0.01357559451356668	0.004534270352736233	0.03801520471842507	0.001913205411993534	-0.005369770278589424	0.0002490386374015306	0.0429970719906525	-0.0003252825175222977	-0.004724088259257671	-1.208881351816863e-07	-8.843651138625633e-07	-3.306430469625369e-08	3.229295468682299e-08	1.52800824747635e-07	-4.124422246517829e-07	-9.348604752658099e-08	-6.975471707309627e-08	4.829146288588201e-09	2.684172815728823e-08	-7.726102842732108e-09	-1.400719598077178e-07	0.001136878969764749	2.597944317821407e-07	0.04435001411251699	1.657772517253065e-07	-0.4187120300216766	-2.008366792929707e-07	-2.127489162505402e-08	-4.721520102863198e-08	2.144694159047194e-08	5.923983597261192e-08	-3.169639084688945e-08	5.956446534401386e-08	-4.232155451317537e-08	-2.775509143415542e-07	-1.334319706496043e-08	5.145128565362149e-08	6.009081394215969e-08	9.004039646075629e-08	1.014445336697188e-10	5.168758739089235e-08	4.097979584949963e-08	4.620355236815342e-08	1.007706419632763e-08	5.060361365792043e-08	2.136100204569089e-09	2.017525954213969e-08	-1.402864668714188e-08	-1.385828112948969e-07	7.369458765142403e-09	3.465176734503243e-07	-9.229995892829384e-10	-2.970722662970024e-08	3.300423997005474e-08	3.261580382048282e-07	1.047197548773372	-2.603933436963461e-08	-7.259222481894103e-09	-1.502351154571054e-07	1.039925739767439e-09	-1.040984957032508e-08	1.576696364574883e-08	6.547542447060457e-08	-2.267974499980065e-09	-1.374895861110665e-08	4.285826211635378e-08	2.599515036086197e-07	1.047197549680008	3.675507288682475e-09	-1.299640775914695e-08	-1.557864125079727e-07
0.2	1.986356795845791e-08	-2.20092185700653e-08	-1.97768606601505e-08	-1.592764021607642e-07	2.308305652005396e-08	-1.513068363961797e-08	-8.893158391076546e-09	-7.094502743196928e-08	0.9690000003007855	8.187597206026615e-08	-2.41253026483045e-08	-8.308432367938841e-08	-3.692858850613259e-08	-6.78724102279087e-08	-4.196243280113358e-08	-1.825132266890806e-07	2.658501979530168e-08	2.071608558626924e-07	0.03151868147516271	0.1262484881370405	0.002495128426256581	0.0151340630760103	-0.01629932223201117	-0.09588322232684526	0.05296278263766805	-0.0162810393935357	0.007126856018726678	0.007540703947206292	0.005231159090658685	0.005410055992612448	-5.569768193929604e-09	-1.431767470093659e-08	-0.003523225942838517	-0.003907743996838666	0.004665625610929506	0.02510022335194191	0.001884997118461671	-0.00182472381977616	0.0001993953463043083	-0.02529211213108224	-0.0003128928438850335	6.703083255036181e-05	-1.297125268504073e-07	-8.779682511826291e-07	-3.26617096698866e-08	7.072558814492729e-08	1.485467293218953e-07	-4.723760761552264e-07	-9.440520427651265e-08	-2.21152655956056e-07	5.024654886002858e-09	-1.98182486959995e-08	-9.131629797085917e-09	-1.238871913315287e-07	0.001136881524791994	2.223946059972248e-07	0.04435001587586072	2.262085766406516e-07	-0.4187120321217045	-2.468547810635245e-07	-2.181960691544167e-08	-9.441536499072489e-08	2.198904154971135e-08	3.258574892174259e-08	-3.101334016668075e-08	1.077565245058975e-07	-4.507049528782832e-08	-2.534221332854811e-07	-1.304482475798416e-08	-8.599201522507482e-08	6.100019602005958e-08	9.866295476744081e-08	4.955490420105694e-10	-2.375344969869775e-08	4.149038743298199e-08	8.312692702849148e-08	1.057518910709376e-08	4.539682594414577e-08	2.32091146446479e-09	8.847940416716127e-09	-1.542312535387925e-08	-1.441845473566553e-07	1.088463093923587e-08	3.770004919240734e-07	-1.214850406151314e-09	-2.520175260481184e-08	3.626591718386567e-08	3.243798129372149e-07	1.04719754852074	-2.059240531461339e-08	-8.745296023979216e-09	-1.356672164378646e-07	8.922620822864199e-10	-3.041242350471673e-08	1.642140666610961e-08	6.433486585982888e-08	-2.393223739510916e-09	-5.802370973982527e-09	4.542977693142883e-08	2.403505641905755e-07	1.04719754971812	4.510371812239913e-09	-1.456117402259999e-08	-1.559363340368712e-07
0.21	2.008591503062973e-08	6.877199976057576e-08	-2.133362957958811e-08	-1.545644870530283e-07	2.299189704566976e-08	-1.829775773200961e-08	-9.572837507917947e-09	-6.793732539574323e-08	0.9690000011612782	1.026982922668073e-07	-2.500071321926428e-08	-9.303328322525222e-08	-3.837019101397805e-08	-2.399707328024289e-07	-4.366653443114913e-08	-1.537474185392971e-07	2.865036487746005e-08	2.111341066169083e-07	0.03296126931744262	0.1086402600860476	0.002519580833190036	-0.000322720930200282	-0.01700785543120037	-0.06448335657081147	0.05314696183240453	-0.07906381761045796	0.007074883914058132	0.01147736350176026	0.005156066629956032	0.02992946700194115	-5.977153187448293e-09	-6.608237882109721e-08	-0.003614275757076902	0.01954994285375874	0.004899611856063225	-0.01561543622342917	0.001847687962203882	0.001095232388991049	0.0003447942100964087	-0.05279834880798593	-0.0003341491297028028	0.007730351800091258	-1.383827543726654e-07	-8.309435030457575e-07	-3.173578854271222e-08	1.428874999568219e-07	1.435004412146118e-07	-5.931310646662816e-07	-9.734537125205386e-08	-3.610634037981805e-07	4.561880398191323e-09	-8.731273940317335e-08	-1.035217234579747e-08	-1.531861022592437e-07	0.001136883612464222	2.169222027562635e-07	0.04435001853433394	3.497090510081586e-07	-0.4187120349221626	-3.588196002405037e-07	-2.302105172959744e-08	-1.582314937092223e-07	2.204957235090396e-08	-6.903001855161221e-08	-2.96826959444451e-08	1.797041040798204e-07	-4.757062731397039e-08	-2.778103689540235e-07	-1.47013847285573e-08	-2.966265016858883e-07	6.202379754533668e-08	9.76720717701136e-08	-1.335948543958514e-10	-1.182598476060844e-07	4.248270300098439e-08	1.047981750083894e-07	1.101015103506592e-08	4.228366187239354e-08	2.352816896476286e-09	-3.255284077703244e-09	-1.688065261506731e-08	-1.462665268173258e-07	1.486003027355214e-08	4.488665553929595e-07	-1.450098191666275e-09	-2.473430420261217e-08	3.952794383867183e-08	3.416153063799874e-07	1.047197548340753	-1.585891632008323e-08	-1.004811372705389e-08	-1.347167819245991e-07	4.4426319131987e-10	-8.155664804108056e-08	1.705079860441195e-08	5.92687681529401e-08	-2.414228282775348e-09	1.750771424876569e-09	4.773984616179419e-08	2.223333403535962e-07	1.047197549767325	5.78457989500874e-09	-1.614869751841996e-08	-1.748119841727789e-07
0.22	2.159934787533707e-08	5.172078112452749e-08	-2.274131386597002e-08	-1.468087047507359e-07	2.341203902508511e-08	1.777188230821553e-08	-1.009491115521772e-08	-6.135857927581196e-08	0.9690000019262689	7.321555751659471e-08	-2.605524539928379e-08	-9.325249500862617e-08	-4.191462960207415e-08	-1.838871717945176e-07	-4.515716603394221e-08	-1.704827189185991e-07	3.062583852094347e-08	1.997128318706768e-07	0.03445649210106049	0.1059327556853973	0.00257786433027049	-0.002786215185297328	-0.01780732138056348	-0.0564566837346485	0.05320442174068956	0.006557642853801999	0.007076814779109564	-0.01823127870307065	0.005142062917487671	-0.002076808339856404	-7.145626611246827e-09	-5.673475316146623e-08	-0.003743166103213175	-0.00923608000131714	0.005167412858454918	0.009401790228677272	0.001829438907002167	-0.002091796204381213	0.0003946799841219617	0.0355297631796194	-0.0003556800124748149	-0.001856296604597389	-1.467069156866313e-07	-8.601272939340378e-07	-3.078625918307166e-08	7.021410608214447e-08	1.393533542974052e-07	-3.900536457581549e-07	-1.027059316207717e-07	-3.629207590340575e-07	3.427081452338536e-09	-5.269354889296857e-08	-1.120137850143416e-08	-9.683113083021144e-08	0.001136885050254844	1.796899414171412e-07	0.04435002179805445	2.496025630009252e-07	-0.4187120382095013	-2.665555997157437e-07	-2.489179063169086e-08	-1.290092044874739e-07	2.183622816463969e-08	2.915921778982984e-08	-2.817737802099212e-08	1.12391433088461e-07	-4.973946752061485e-08	-2.260776704031947e-07	-1.808519770474183e-08	-1.765131774983337e-07	6.349222561056695e-08	1.251814780556182e-07	-1.762397324147721e-09	-7.553728202691906e-08	4.416236458375519e-08	1.254373601335188e-07	1.138855320377205e-08	4.249774992417069e-08	2.2346833933438e-09	6.504594429884654e-10	-1.829549292224276e-08	-1.417968591862719e-07	1.873041570226508e-08	3.598955447274476e-07	-1.588178922849298e-09	-1.856976613902832e-08	4.256410940332134e-08	3.060376721934405e-07	1.047197548242365	-1.563040908814223e-08	-1.103311630084908e-08	-1.136652964798322e-07	-2.676650689734913e-10	-4.094767329475728e-08	1.765536948465804e-08	6.475013026639016e-08	-2.332005444782939e-09	-1.001385285433048e-10	4.974441024252956e-08	2.23002075130318e-07	1.047197549807327	3.75082745685785e-09	-1.761751094755834e-08	-1.459678489995813e-07
0.23	2.290156757047652e-08	1.421609963733452e-07	-2.414292002106453e-08	-1.350592474380137e-07	2.355576213309619e-08	2.276683033018324e-08	-1.068447874444645e-08	-5.709505169847623e-08	0.9690000028517808	9.024438006118229e-08	-2.710029480910063e-08	-1.083067216532828e-07	-4.528600613140279e-08	-3.596205449828923e-07	-4.663616303217226e-08	-1.495391753437744e-07	3.264759345229321e-08	2.004918942837529e-07	0.0359229266276736	0.1448543175188724	0.002620511627645144	0.007609499604414491	-0.01855883875304448	-0.08465532216870177	0.05304310300024905	0.03157118745265518	0.007148361484033971	-0.04263881141602945	0.005215486713795315	-0.0133874975406925	-8.118063083823819e-09	-9.981976825836151e-08	-0.003776990332410322	-0.04561529573741301	0.005287281872616925	0.06214040081664367	0.001842671512748266	-0.001890088665300946	0.0002082532815299484	0.06704389275750895	-0.0003381447782065955	-0.01182599008209987	-1.54667707623059e-07	-7.756473878230414e-07	-2.953210066059689e-08	1.227956897108189e-07	1.348265075140492e-07	-3.858883776155222e-07	-1.075527587625575e-07	-5.126575299249633e-07	2.270494092422492e-09	-1.208022909191005e-07	-1.2549645678754e-08	-1.410460495304799e-07	0.001136886900745041	1.834280100300521e-07	0.0443500254848581	3.754506963196568e-07	-0.4187120419959794	-3.916213736960419e-07	-2.678046247582408e-08	-1.963374189737751e-07	2.101620917654e-08	-9.10234002440263e-08	-2.65464566538719e-08	1.530683821641712e-07	-5.240674937048707e-08	-2.722073640708001e-07	-2.182218528065702e-08	-3.955548918619745e-07	6.480017165659054e-08	1.406905539599531e-07	-3.349812529405784e-09	-1.670993143298154e-07	4.559927246573252e-08	1.519064843206746e-07	1.180468949665156e-08	4.250809715097178e-08	2.142984382020786e-09	-9.752765933932862e-09	-1.966850467236447e-08	-1.323364277384483e-07	2.29049163272986e-08	4.023248955964791e-07	-1.774514074207431e-09	-1.723225592185177e-08	4.577223351296283e-08	3.134033971695889e-07	1.047197548123614	-1.115045534446244e-08	-1.217504259332316e-08	-1.094141578077099e-07	-1.225667613398468e-09	-1.050240444601518e-07	1.82498822839673e-08	6.069429224279323e-08	-2.27616234601461e-09	5.92851150077939e-09	5.182414268529126e-08	2.055934579199751e-07	1.047197549848979	3.341227527145606e-09	-1.926554573201799e-08	-1.63541706649316e-07
0.24	2.432761245075497e-08	1.813948246268984e-07	-2.547732187776558e-08	-1.316202372019451e-07	2.382328341735229e-08	3.416635218141035e-08	-1.124962242671131e-08	-5.378190145008029e-08	0.9690000037322022	9.04225950338146e-08	-2.819187016079506e-08	-1.13137017558888e-07	-4.888756585819702e-08	-4.266739651979796e-07	-4.815636093850613e-08	-1.444407912728537e-07	3.464623765948709e-08	1.99450174434242e-07	0.03726614791714079	0.1996136406688571	0.002616494761478834	0.01158157164700119	-0.0192050186309514	-0.0928518231376135	0.05303729008388509	-0.08758195031438584	0.007233899839762377	-0.01760006944614045	0.005218446211384667	0.03080894777444156	-9.100174268058817e-09	-1.204083412428267e-07	-0.003804167957663137	-0.01985257812242593	0.005341476765548078	0.04041580978787513	0.001854564397379835	0.004189619997948387	0.0001460800717401289	-0.03133518659546441	-0.0003188674726180442	-0.001731452276759768	-1.62383732231783e-07	-7.619453421985471e-07	-2.833852178163613e-08	1.348998594674449e-07	1.312825856013986e-07	-3.735276757565829e-07	-1.12728621586633e-07	-5.829261183157859e-07	1.088266602624957e-09	-1.384338848068309e-07	-1.397214211850321e-08	-1.417772702589921e-07	0.001136888727886121	1.717509367982165e-07	0.04435002919200357	4.01589573660605e-07	-0.4187120458996353	-4.153855950560718e-07	-2.873640707992097e-08	-2.170147092993954e-07	2.014305449267666e-08	-1.074143824469046e-07	-2.508527579259883e-08	1.641757667768845e-07	-5.512222592674681e-08	-2.682909695273078e-07	-2.574740024949447e-08	-4.569935707399934e-07	6.624176036439903e-08	1.486755115078995e-07	-5.005916132480095e-09	-1.984917330650798e-07	4.714333129866346e-08	1.699088852206915e-07	1.223557354024404e-08	4.181212940119727e-08	2.04932482083897e-09	-1.392977726654266e-08	-2.097295435224497e-08	-1.305379010843237e-07	2.682183141542113e-08	4.04390086086912e-07	-1.94045853666662e-09	-1.496530974797941e-08	4.88618148052672e-08	3.085592067519519e-07	1.047197548013062	-8.898599538236226e-09	-1.324707768559007e-08	-1.017978669903761e-07	-2.283603267433197e-09	-1.183714836769926e-07	1.887029992064126e-08	6.204246010086882e-08	-2.218962111425447e-09	8.812026878667695e-09	5.388090325023436e-08	1.979502573107012e-07	1.047197549878401	3.066011251539493e-09	-2.088446628309645e-08	-1.632923902252491e-07
0.25	2.62532966176172e-08	2.006945046040829e-07	-2.678961447299757e-08	-1.301161288664249e-07	2.419039481196071e-08	4.127825818594325e-08	-1.177821803773653e-08	-5.157806457754758e-08	0.9690000046407194	8.947160998343678e-08	-2.933521346030055e-08	-1.158054586139457e-07	-5.334498618900859e-08	-4.590242179204615e-07	-4.957778982912583e-08	-1.411471761355865e-07	3.664054016349491e-08	1.988282244991686e-07	0.03855366730943675	0.1833789410449281	0.002628121701827999	-0.009052623793122093	-0.01989213027784045	-0.04890594805870137	0.05337203140232266	-0.0692214343704467	0.007205479594453845	0.02222350035689807	0.005075855894427608	0.02383961491763794	-1.037181846377791e-08	-1.317692683820411e-07	-0.003966794870328211	0.02111072234505573	0.00554268058658094	-0.02145354578536885	0.001847742901552174	0.004316843827646226	0.0003524271119617928	-0.07148050821359192	-0.0003443527955996031	0.01006876798750731	-1.699850848438293e-07	-7.571937787490714e-07	-2.694831646087611e-08	1.376542052482413e-07	1.274761277992573e-07	-3.690406186089837e-07	-1.187529155412681e-07	-6.195527177618773e-07	-3.569590682123674e-10	-1.486057732888786e-07	-1.538232373980155e-08	-1.387017253694301e-07	0.001136890406024916	1.631296812829423e-07	0.04435003329216736	4.12547671025224e-07	-0.4187120501220325	-4.249291214841106e-07	-3.096735628467328e-08	-2.27152759366512e-07	1.901982440101324e-08	-1.129339996178632e-07	-2.33885491799567e-08	1.692577081553205e-07	-5.778564324760062e-08	-2.635640093588937e-07	-3.049561492877554e-08	-4.84504233263713e-07	6.7745182800913e-08	1.546599726627661e-07	-7.088867376365622e-09	-2.147571728444966e-07	4.888965858988766e-08	1.798059559836446e-07	1.26494865459993e-08	4.117969099315703e-08	1.895849906249715e-09	-1.629149639560388e-08	-2.227987649289234e-08	-1.298907323818337e-07	3.089880679654509e-08	4.037884364579635e-07	-2.084800179942714e-09	-1.363641898717163e-08	5.194446659108019e-08	3.05543765723884e-07	1.047197547930793	-7.651827922231491e-09	-1.424790224795817e-08	-9.747053273089734e-08	-3.499400286558965e-09	-1.233650306935103e-07	1.94898067508432e-08	6.199567725906842e-08	-2.12130464044033e-09	1.040292414138677e-08	5.583690462301324e-08	1.935814005446194e-07	1.047197549909548	2.951453943301239e-09	-2.251962733884204e-08	-1.622784539143923e-07
0.26	2.821794992450375e-08	1.875283629441243e-07	-2.810396609780997e-08	-1.296102409426169e-07	2.455575446761281e-08	3.377968223299963e-08	-1.230571628913423e-08	-5.345923006829014e-08	0.969000005560423	9.261934960313293e-08	-3.048307496073894e-08	-1.145438748946578e-07	-5.788056407578504e-08	-4.392559725721877e-07	-5.098624458785723e-08	-1.423329264106615e-07	3.864311026918985e-08	2.012195014600392e-07	0.03990805222520277	0.1546199488617465	0.002646273521895487	-0.01305030598610046	-0.02062911176315529	-0.04168217829239865	0.05339828902403359	0.06508838863274317	0.007193680308468254	0.02136097860636089	0.005042698081055191	-0.0247218070192456	-1.166575514148656e-08	-1.244606121049359e-07	-0.004124438801082538	-0.001799760663541254	0.00578547458883238	-0.001229552918108482	0.001840535683445283	-0.003973131229146895	0.0004110638842258126	0.02906323861347608	-0.0003668333286224068	0.0006222278564682999	-1.775799836714032e-07	-7.601713679527185e-07	-2.551944359958702e-08	1.409198890897704e-07	1.235448766152685e-07	-4.0576948076745e-07	-1.248378582753134e-07	-5.927266099347457e-07	-1.834307834974921e-09	-1.459723650750076e-07	-1.681335755766738e-08	-1.466516796132574e-07	0.001136892086916069	1.719988147245332e-07	0.04435003745636235	4.146441223954295e-07	-0.4187120544071945	-4.324508107092028e-07	-3.322723098126828e-08	-2.213995840823085e-07	1.784971182592174e-08	-1.163929340630307e-07	-2.164700092225132e-08	1.731446597105961e-07	-6.045849596600233e-08	-2.707312637913967e-07	-3.533625972037768e-08	-4.734279559529498e-07	6.924788456850317e-08	1.50373393506019e-07	-9.224862363397934e-09	-2.093788244683684e-07	5.064285869348299e-08	1.705432123183927e-07	1.306332894586453e-08	4.229024928533303e-08	1.735918848007782e-09	-1.537854536291438e-08	-2.35884212605473e-08	-1.309616142739333e-07	3.501273222128074e-08	4.13478972828484e-07	-2.229452025637196e-09	-1.495432031704251e-08	5.503706536511287e-08	3.113281505055189e-07	1.047197547850932	-8.279738489219052e-09	-1.525074134506468e-08	-1.020986237640267e-07	-4.742622158768096e-09	-1.229135984065576e-07	2.010709490032118e-08	6.084600665535272e-08	-2.019993159889725e-09	9.551437065663269e-09	5.778504605781507e-08	1.958794088846806e-07	1.047197549941374	3.174370585827967e-09	-2.416695015164768e-08	-1.661154082398303e-07
0.27	3.010426408631465e-08	1.923483450823058e-07	-2.936904671180092e-08	-1.304653993701697e-07	2.489523106549279e-08	3.384273779033434e-08	-1.284331813141e-08	-5.39253811465621e-08	0.9690000064895127	9.312380120236991e-08	-3.162691939887497e-08	-1.132644327992247e-07	-6.231953403509147e-08	-4.495157070303583e-07	-5.241494270417442e-08	-1.416483733110832e-07	4.066448425491919e-08	2.014872865497594e-07	0.04126897553152822	0.1716114670723432	0.002638460225735992	-0.004677088552380485	-0.02133266530092545	-0.06642219567246337	0.05318209807427004	0.1366135748679241	0.007225638035508427	0.01040624789172339	0.005113244246881153	-0.04940357049326606	-1.291468877975711e-08	-1.265207417214918e-07	-0.004164643128597628	-0.02965710017797786	0.005901425897358866	0.04127159114216005	0.001842473703332973	-0.006185780281758702	0.0002526959526435627	0.06562668629291032	-0.0003560758309727089	-0.008276345602685729	-1.851854585503247e-07	-7.610808164991172e-07	-2.410444172556901e-08	1.4740984242847e-07	1.195317160266844e-07	-3.901192895561556e-07	-1.3079378619489e-07	-5.981849198524871e-07	-3.282082108036736e-09	-1.432444613896074e-07	-1.83025105804477e-08	-1.458113207012737e-07	0.001136893814949803	1.728759521251409e-07	0.04435004164493198	4.163524201811862e-07	-0.4187120587611526	-4.257050458268424e-07	-3.545330686583927e-08	-2.2469243226276e-07	1.671150100116327e-08	-1.116694125472981e-07	-1.991974171221421e-08	1.735256196933949e-07	-6.312541714998178e-08	-2.634499792358225e-07	-4.009736533580159e-08	-4.797070547262803e-07	7.073407074186453e-08	1.444329427664999e-07	-1.133874272420776e-08	-2.08689949153833e-07	5.236158029359525e-08	1.729429351570078e-07	1.348114374158914e-08	4.0536005285175e-08	1.581399804836133e-09	-1.504006688898334e-08	-2.488802560123446e-08	-1.296323208718459e-07	3.916647264779496e-08	4.124538747777165e-07	-2.381505752785681e-09	-1.546345198632533e-08	5.81542911969211e-08	3.104325205176561e-07	1.047197547767257	-8.738295619927496e-09	-1.626486882451373e-08	-1.018161299325316e-07	-5.995298614950142e-09	-1.275465178732154e-07	2.071952639018912e-08	6.259642711202808e-08	-1.924501272177006e-09	9.503391557746458e-09	5.97309595689728e-08	1.954270128651133e-07	1.047197549973525	3.405999923841383e-09	-2.58239233381698e-08	-1.6450092603149e-07
0.28	3.200548130472611e-08	1.908618037678029e-07	-3.064592870441778e-08	-1.283253918467263e-07	2.524667520149874e-08	3.491571332257336e-08	-1.337947871311218e-08	-5.375264887955047e-08	0.9690000074146338	9.267073863820071e-08	-3.27681689330391e-08	-1.13725992690971e-07	-6.67921208633699e-08	-4.483848544939217e-07	-5.384149158784805e-08	-1.42535748033804e-07	4.269498910328607e-08	2.028095255558522e-07	0.04257242846917805	0.1741219198916528	0.002601494243655818	0.009006831174624051	-0.02197228543099506	-0.09244525778484806	0.05299948959045916	0.07890182607867971	0.007274777874248398	0.02608654817532589	0.005194251087744461	-0.02601768840523308	-1.417756521568116e-08	-1.264868361388954e-07	-0.004158416940439079	-0.01991171942462525	0.00595955137722227	0.04019950885401848	0.001840995516960804	-0.00258978940328291	0.0001461444612583972	0.01001865238429355	-0.000338648882446953	-0.004412727605174883	-1.928214700309726e-07	-7.633381402629312e-07	-2.266976081025801e-08	1.450412456121661e-07	1.155196354090569e-07	-3.970411282323223e-07	-1.367797028766619e-07	-5.987471105471479e-07	-4.722795245895693e-09	-1.432844812951814e-07	-1.979809713741158e-08	-1.489901121207948e-07	0.001136895543167006	1.727947956065496e-07	0.04435004582333137	4.173932194546315e-07	-0.418712063070778	-4.289799212627435e-07	-3.769184296640791e-08	-2.241560157164878e-07	1.560544800065059e-08	-1.105985882967934e-07	-1.818526954332303e-08	1.734246613205008e-07	-6.574479762905295e-08	-2.617468446377854e-07	-4.485527992034209e-08	-4.76528252058902e-07	7.221821390126518e-08	1.46775265873782e-07	-1.345221549043408e-08	-2.107665190615943e-07	5.409800220761379e-08	1.736671461194286e-07	1.389365880103939e-08	4.095704676269878e-08	1.428305362430506e-09	-1.522182023287153e-08	-2.617120291903284e-08	-1.287902058564902e-07	4.329646018591865e-08	4.126967360990954e-07	-2.536849038570396e-09	-1.555082632551244e-08	6.126009349063353e-08	3.104608735171039e-07	1.047197547681307	-8.665975002708978e-09	-1.727377214639733e-08	-1.011060108113422e-07	-7.257706515328062e-09	-1.265579209439833e-07	2.133876517804349e-08	6.231396446139175e-08	-1.829090866085823e-09	9.530022068980713e-09	6.167342625616416e-08	1.94577347887483e-07	1.047197550006921	3.380173756101536e-09	-2.747079636656695e-08	-1.64540957522436e-07
0.29	3.391464151169608e-08	1.899918047032789e-07	-3.193972705281449e-08	-1.284508827817379e-07	2.560858956162922e-08	3.465684970421707e-08	-1.391573838744413e-08	-5.351529031764353e-08	0.9690000083349118	9.248242614104466e-08	-3.390445579889104e-08	-1.140091148583453e-07	-7.128462211348705e-08	-4.453157145600448e-07	-5.527261996483362e-08	-1.42072856775259e-07	4.4736263112884e-08	2.03067519815099e-07	0.04387298532660031	0.1638945079240471	0.002576812039010156	0.005073280008506072	-0.02262758077116216	-0.08161998898728284	0.05306083149639199	-0.001501455049759726	0.007283213326391643	0.04553511288470599	0.005196307028051178	0.005101329093668903	-1.545004379982108e-08	-1.262459195454627e-07	-0.004193091172739309	0.01366130805829345	0.006070790546479332	0.002560115717663894	0.001833204957127109	0.001819360389085666	0.0002072753736329287	-0.05620397008409137	-0.0003412988949896071	0.006229878435468449	-2.005034781266311e-07	-7.656454466395977e-07	-2.123019913025496e-08	1.442295303727516e-07	1.114825526215367e-07	-4.000877350060716e-07	-1.427917546799581e-07	-5.971092293839427e-07	-6.144012248618515e-09	-1.442424622477987e-07	-2.130785301320622e-08	-1.47528638804316e-07	0.001136897269519868	1.721424044645863e-07	0.04435004999201088	4.153548036436351e-07	-0.418712067333171	-4.276524007242988e-07	-3.99359075899038e-08	-2.238221355817134e-07	1.451850959985321e-08	-1.107748164544978e-07	-1.644375371813845e-08	1.735302467339693e-07	-6.832643100868202e-08	-2.634322141122885e-07	-4.958683801681396e-08	-4.749956853492539e-07	7.369664536725513e-08	1.493526509953309e-07	-1.557194114254076e-08	-2.094655678254539e-07	5.585051502786385e-08	1.731524308340352e-07	1.430302664520354e-08	4.132869823734024e-08	1.275762222966472e-09	-1.518982719332666e-08	-2.745105423256143e-08	-1.281465888275516e-07	4.741249786654905e-08	4.124262598091036e-07	-2.695081432291219e-09	-1.538362069566227e-08	6.435797613939615e-08	3.105117230106507e-07	1.047197547593578	-8.633676301399188e-09	-1.827813210762548e-08	-1.013241312296408e-07	-8.511060758057875e-09	-1.249202211581634e-07	2.196538792086084e-08	6.192333191197347e-08	-1.733380670436756e-09	9.543845409128168e-09	6.361508649944817e-08	1.951358174669974e-07	1.047197550041233	3.382351579458029e-09	-2.911018107738157e-08	-1.647368820356223e-07
0.3	3.58383346066541e-08	1.922201167487347e-07	-3.321061886465098e-08	-1.267209379858489e-07	2.597937626006536e-08	3.678096829939437e-08	-1.445341537730412e-08	-5.370554597477631e-08	0.9690000092570736	9.219204045313311e-08	-3.503902399481372e-08	-1.133838544010875e-07	-7.583432647955562e-08	-4.536758180443447e-07	-5.670579234622509e-08	-1.430099986885581e-07	4.678297305019586e-08	2.050427726365808e-07	0.04519088868405715	0.1342960146004024	0.002585418064120898	-0.006453401886033982	-0.02332712895609744	-0.05474175391784388	0.05322185219964569	0.002644466422724036	0.007247695138563361	0.05074436070942598	0.0051476172380946	0.001544820742144131	-1.67321004235225e-08	-1.282086214637113e-07	-0.004265427199444417	0.03019072114153001	0.006263079456658866	-0.02630160530004348	0.001827205457779844	0.001912080669167304	0.0003400226162460883	-0.05621532913377174	-0.0003588227447232081	0.01016141516007959	-2.081580427165438e-07	-7.672065512519301e-07	-1.976375256488901e-08	1.472809732963772e-07	1.075188920792542e-07	-3.946688789371083e-07	-1.48833800150415e-07	-6.030959652669137e-07	-7.559156122361648e-09	-1.414822559828914e-07	-2.28450886521218e-08	-1.527561232443023e-07	0.001136899004759021	1.729900965283107e-07	0.04435005419149005	4.184875817054806e-07	-0.4187120716157163	-4.261019196557848e-07	-4.219275766426489e-08	-2.256520670182041e-07	1.346249919070496e-08	-1.051483851296589e-07	-1.470409383496809e-08	1.73894541990185e-07	-7.085709971699694e-08	-2.536593235935999e-07	-5.434926756790656e-08	-4.753882411595558e-07	7.514909010630873e-08	1.46195025315656e-07	-1.770846311220346e-08	-2.124787227792686e-07	5.761800759884421e-08	1.765444085735284e-07	1.470462069850001e-08	4.022024105649811e-08	1.123587195239695e-09	-1.513790659260208e-08	-2.871743054294132e-08	-1.262597968151257e-07	5.152268617255963e-08	4.108183965665493e-07	-2.856753724759025e-09	-1.60841220978572e-08	6.745100085826344e-08	3.093157878596748e-07	1.047197547504522	-8.947729409934393e-09	-1.927492577950568e-08	-9.987492543729216e-08	-9.802035197276779e-09	-1.281117875360181e-07	2.259831556167877e-08	6.333088209651731e-08	-1.638189176627914e-09	9.519004320129738e-09	6.554325888647488e-08	1.933459606330209e-07	1.047197550076363	3.561028759635186e-09	-3.074249132458952e-08	-1.632354986083216e-07
0.31	3.77823319820715e-08	1.941074897248976e-07	-3.44456126109259e-08	-1.257897190594744e-07	2.636407501655157e-08	3.813188294274613e-08	-1.499197921014127e-08	-5.356818362722942e-08	0.9690000101811328	9.221108435550272e-08	-3.617264687778165e-08	-1.135045831113539e-07	-8.046209749508588e-08	-4.592070662234072e-07	-5.814020350597424e-08	-1.426857453736268e-07	4.883938059820285e-08	2.050729641782051e-07	0.04654024795077869	0.1271570832594413	0.002604404048270344	-0.01004094058146097	-0.0240441856506594	-0.04687493639335068	0.05327699829365277	0.06530554508287795	0.007250417655158696	0.02896014227364933	0.005114838793282991	-0.02529412048657324	-1.80289923121855e-08	-1.295359351586165e-07	-0.004311779733668138	0.01328580606120998	0.006461125671032526	-0.00959277739488793	0.001829314434687689	-0.001029094884042557	0.0003788326381957749	0.003832500292480907	-0.0003693759883624386	0.003527501688278501	-2.157794903321539e-07	-7.634399173828932e-07	-1.825818412717208e-08	1.506231021771111e-07	1.036535708664051e-07	-3.894718427737213e-07	-1.549170067890772e-07	-6.059915720323976e-07	-8.970399655330896e-09	-1.422978500686214e-07	-2.441891583181457e-08	-1.542925260630694e-07	0.001136900751355804	1.738442222420652e-07	0.04435005842985103	4.197812283975678e-07	-0.418712075925142	-4.27281000141902e-07	-4.446861853980444e-08	-2.270341344503857e-07	1.245595542204274e-08	-1.020199150085303e-07	-1.29670132357998e-08	1.739973510007061e-07	-7.331355087286798e-08	-2.488716987734586e-07	-5.915416543621375e-08	-4.78905724884943e-07	7.65741923167782e-08	1.447325504847832e-07	-1.986568974703676e-08	-2.132025107975078e-07	5.940736483015526e-08	1.779237980172729e-07	1.509581421246176e-08	3.951240962650837e-08	9.721224485628964e-10	-1.503115496979088e-08	-2.995890818241657e-08	-1.244204689977805e-07	5.562092759601112e-08	4.083149810663733e-07	-3.023233024336695e-09	-1.642184176528597e-08	7.053605618647955e-08	3.082113665168488e-07	1.047197547413438	-9.099668855278024e-09	-2.02606333423731e-08	-9.926105264390563e-08	-1.1146359479156e-08	-1.325376060388753e-07	2.323929386599472e-08	6.377942745963055e-08	-1.543779344095043e-09	9.442517012240201e-09	6.745225747162976e-08	1.921529525175325e-07	1.047197550112787	3.63967753826648e-09	-3.236411425290485e-08	-1.62366204890883e-07
0.32	3.971100430988119e-08	1.71521540805765e-07	-3.561741240213186e-08	-8.589881872119573e-08	2.67519797043967e-08	2.857502262057376e-08	-1.552971130749431e-08	-5.694559682242912e-08	0.9690000110967345	8.591310816272098e-08	-3.731393207323322e-08	-1.146329884253092e-07	-8.509646211385292e-08	-4.552957667197142e-07	-5.958036100535606e-08	-1.497986929853057e-07	5.089713313055776e-08	2.047928011678702e-07	0.04782846999964967	0.1393092460369395	0.002595936493280658	-0.005582746391409313	-0.0247227064922895	-0.06232739984325643	0.05316128812944307	0.1113554619225236	0.007288293787878687	0.02420515326824947	0.005132863906407634	-0.04236130001877311	-1.933826878696794e-08	-1.403956737871043e-07	-0.004285892019584544	-0.006999494346479676	0.006584988783352135	0.0211671768664608	0.001839573080292415	-0.003704032067936796	0.0002915742331850742	0.04094872856042992	-0.0003601824296998268	-0.003156571387630625	-2.233253910957717e-07	-7.275636223410753e-07	-1.66877451353501e-08	1.951303256899695e-07	9.97820130631676e-08	-3.947622656603166e-07	-1.610309089546572e-07	-6.325806736100381e-07	-1.038547379661751e-08	-1.243531688599893e-07	-2.601488436148151e-08	-1.679728661497327e-07	0.001136902502143111	1.73471221623555e-07	0.04435006270720815	4.606058317705114e-07	-0.4187120803118187	-4.814027275986648e-07	-4.67359708363977e-08	-2.210470995378855e-07	1.147561910796347e-08	-9.60502532372578e-08	-1.122030934778203e-08	1.86180915788251e-07	-7.575459050248184e-08	-2.46848344286694e-07	-6.397601948713971e-08	-4.836944019920963e-07	7.801577786795583e-08	1.434139873194615e-07	-2.202286430100601e-08	-2.115631150237896e-07	6.12044146234106e-08	1.811216903538865e-07	1.548817456542242e-08	4.083856920828853e-08	8.21446100636296e-10	-1.486109954086014e-08	-3.118266442179037e-08	-1.273988140461214e-07	5.968361602587743e-08	4.018914624310183e-07	-3.190451226959045e-09	-1.770738851600958e-08	7.360733935071217e-08	3.041559373285612e-07	1.047197547321034	-1.037828351521207e-08	-2.123829135443425e-08	-9.387085935891242e-08	-1.251388499610643e-08	-1.301918882108085e-07	2.388641856869032e-08	7.171539715739046e-08	-1.449293548088735e-09	1.023805733679736e-08	6.935528295186519e-08	1.936884470059985e-07	1.047197550149023	3.186670086607136e-09	-3.3974143439476e-08	-1.536118579329403e-07
0.33	4.152108069757812e-08	1.840786016256302e-07	-3.661914651167956e-08	-1.049222303925779e-07	2.709663701918878e-08	3.662298374665761e-08	-1.608125447431092e-08	-5.448981482870069e-08	0.9690000119782486	8.872447046142135e-08	-3.845552008462451e-08	-1.142778316065333e-07	-8.966714729917809e-08	-4.574072592408565e-07	-6.104286608288351e-08	-1.453928865305708e-07	5.297474596162138e-08	2.08228415595665e-07	0.04909452528646126	0.1282204414695689	0.002561028237290379	0.004995792857603629	-0.02536523665495691	-0.08273340474675164	0.05299947424741087	0.08918224239715696	0.007308599591757485	0.02726402428254527	0.005179891009525097	-0.03204601000397091	-2.06920087696396e-08	-1.333803702251962e-07	-0.004227596338906363	-0.005386450292377586	0.006664204266171976	0.02639440282577004	0.001849105971129876	-0.001924915966252208	0.0001954572758930571	0.01048956794879097	-0.0003454745782671882	-0.002081890568797868	-2.307213368201703e-07	-7.420190783379727e-07	-1.499293313951529e-08	1.612333579754723e-07	9.581776708726219e-08	-3.964718536603472e-07	-1.672291151547251e-07	-6.162762208464474e-07	-1.170501733689782e-08	-1.356266761594548e-07	-2.768609819514898e-08	-1.666334377705336e-07	0.00113690425690418	1.760857929757453e-07	0.04435006713124052	4.371625173985698e-07	-0.4187120848761917	-4.493442759809392e-07	-4.894004581723247e-08	-2.199398511181182e-07	1.04886046684739e-08	-9.915863042054477e-08	-9.440589114069852e-09	1.754888096582889e-07	-7.820944136910766e-08	-2.448740173997514e-07	-6.873960606475835e-08	-4.750456321802379e-07	7.94456024406232e-08	1.433668645301419e-07	-2.416011614157649e-08	-2.151740212057718e-07	6.300053566762433e-08	1.793246336003578e-07	1.588240312468148e-08	3.906501221407757e-08	6.729158544911699e-10	-1.490154700869982e-08	-3.241062153657381e-08	-1.21343628772329e-07	6.368520425974968e-08	3.998109363478319e-07	-3.364312927901412e-09	-1.718257399724586e-08	7.665596010734144e-08	3.050932489080411e-07	1.047197547223612	-9.500584971614039e-09	-2.220719161782439e-08	-9.76502803305642e-08	-1.382719248135651e-08	-1.318402498391516e-07	2.456332792959873e-08	6.620004646670016e-08	-1.351424384251752e-09	9.64642007780448e-09	7.127990592105342e-08	1.917042581451624e-07	1.04719755018165	3.296942092176759e-09	-3.555193954756101e-08	-1.590802069801065e-07
0.34	4.344074879805698e-08	1.969975421766295e-07	-3.777366951248908e-08	-1.21800938355344e-07	2.750486551023501e-08	4.316874602603895e-08	-1.661504877592716e-08	-5.275796886172394e-08	0.9690000128826731	9.166974409816175e-08	-3.959630179862566e-08	-1.13854909446798e-07	-9.427257069113115e-08	-4.629161160591401e-07	-6.248303504344382e-08	-1.431039791181348e-07	5.506191630018843e-08	2.090047290457848e-07	0.05033277230666838	0.09261665805578941	0.002514073569207317	0.005069837490666868	-0.02598371689919227	-0.07931531062049842	0.05298182445297991	-0.001053851027160346	0.00729430824357989	0.04410096996759535	0.005192252878421185	0.00372970525286502	-2.198822092007924e-08	-1.276117132042663e-07	-0.004194347428040838	0.02277761412954402	0.006770395659563615	-0.008986345162362458	0.00184522953125654	0.00133809820650217	0.0002448146157150992	-0.05167784230649966	-0.0003433813741270479	0.007031225780019501	-2.382088107278576e-07	-7.538136753225886e-07	-1.35214516600111e-08	1.390377082044466e-07	9.187444894559828e-08	-3.914010115210633e-07	-1.733270142173249e-07	-6.056238314674257e-07	-1.311803816599239e-08	-1.44448682479114e-07	-2.933675822862989e-08	-1.636762092832929e-07	0.001136906027785601	1.774835426292648e-07	0.04435007139121273	4.189015542180062e-07	-0.4187120892232666	-4.25653158693476e-07	-5.114695670307494e-08	-2.21868249029037e-07	9.487342150854157e-09	-1.004670637803686e-07	-7.725229085143073e-09	1.692072039990068e-07	-8.064195784832629e-08	-2.41941043004924e-07	-7.347478369211312e-08	-4.728084338150775e-07	8.0876549773108e-08	1.428682981402468e-07	-2.633467280206748e-08	-2.183751521868663e-07	6.479309231591661e-08	1.792555028832963e-07	1.626664301563741e-08	3.804550843130847e-08	5.23126345506333e-10	-1.502248052690114e-08	-3.360602526423343e-08	-1.185188631596074e-07	6.769083527992215e-08	4.01814375658868e-07	-3.531957572661536e-09	-1.656827651836336e-08	7.971353140541444e-08	3.063916460691232e-07	1.047197547132726	-8.861409260675493e-09	-2.319734132681073e-08	-9.976066339933969e-08	-1.516720403383523e-08	-1.354463178419345e-07	2.520306693615136e-08	6.270151113438669e-08	-1.257736451609301e-09	9.202344448069499e-09	7.318320701697159e-08	1.895586120817299e-07	1.047197550215882	3.510093352173841e-09	-3.716786723435305e-08	-1.630894785972865e-07
0.35	4.527808517780697e-08	2.357783678263097e-07	-3.877462203684115e-08	-1.867627173077681e-07	2.784766453725991e-08	8.447802305726241e-08	-1.716411647327961e-08	-4.883963020613424e-08	0.9690000137722977	8.233569172382352e-08	-4.074840743839914e-08	-9.886373899190332e-08	-9.887303553007693e-08	-4.681197254175429e-07	-6.394631748021654e-08	-1.554391241663542e-07	5.712100500913858e-08	2.264527373002127e-07	0.05163757802140997	0.04873982294342483	0.002512640245539941	-0.003493320683910939	-0.02667327906775874	-0.0577978725209624	0.05308899221388722	-0.006867613134915178	0.00722012107914248	0.02687694429184427	0.005163047630623445	0.004967996657040552	-2.335958865587186e-08	-7.350440284097187e-08	-0.004231863806586904	0.03159294459077303	0.006971939951157822	-0.03153226553806578	0.001834709170385118	0.0007920620010194638	0.000378107313692634	-0.03593703157869715	-0.0003635892476687369	0.008758901478037595	-2.456165521755616e-07	-6.698832338505807e-07	-1.182326239800799e-08	8.659340982018182e-08	8.810742200963331e-08	-6.840617357888495e-07	-1.795438788282965e-07	-6.212952228575894e-07	-1.44931973536219e-08	-9.797105237423604e-08	-3.096223927691772e-08	-2.437088502846573e-07	0.001136907763226021	2.276253874528457e-07	0.04435007579247591	3.976325940470114e-07	-0.4187120938450684	-2.657344108041938e-07	-5.339837337970939e-08	-1.402178202782477e-07	8.529458756826539e-09	-1.538676291231143e-07	-5.92961026071207e-09	1.494393134317187e-07	-8.306170029384919e-08	-2.658328359678908e-07	-7.832692482013646e-08	-3.674406026267029e-07	8.235726541479023e-08	6.311436072846379e-08	-2.845766539410049e-08	-2.750794568270241e-07	6.659939008025813e-08	1.869381648699077e-07	1.666809237855812e-08	2.393087327129651e-08	3.726423348192346e-10	-1.235003736094545e-08	-3.484067308287337e-08	-1.104184022693391e-07	7.1774835283996e-08	2.552991907110432e-07	-3.705343154842947e-09	-9.07458373709646e-09	8.278447166563376e-08	2.589674043620976e-07	1.047197547033881	-4.387103524761784e-09	-2.415706986142462e-08	-1.173393169076508e-07	-1.647814880945864e-08	-1.443083854740446e-07	2.587453015440715e-08	7.102018971142302e-08	-1.159312815530807e-09	7.575211013566924e-09	7.510285713622098e-08	1.877248908734455e-07	1.04719755025047	1.654439320510248e-09	-3.87416848290233e-08	-1.767066766122957e-07
0.36	4.75367190950177e-08	2.459040005728151e-07	-4.043344345694068e-08	-1.848991799433168e-07	2.852292926913595e-08	6.831307785809935e-08	-1.768599419433405e-08	-5.02828906777446e-08	0.9690000146714598	1.01419602516745e-07	-4.176105222274369e-08	-1.036251284215897e-07	-1.03618095843544e-07	-4.909258794609959e-07	-6.548470431395447e-08	-1.45477210405169e-07	5.926720285960574e-08	2.091997819096631e-07	0.05296764430523102	0.04336217490939706	0.002528993753035564	-0.0005379794545207866	-0.02738452016131396	-0.06165298710268811	0.05305638650494232	0.03725727293509834	0.007229799833096423	-0.01587270445915208	0.005180239854321046	-0.0151960566603784	-2.425850905187154e-08	-9.397680656341055e-08	-0.004236198272163498	-0.002336750809124025	0.007147329380803024	0.005996752389440377	0.001830023694206947	-0.00260849707869799	0.0003638693389501919	0.04391225687878653	-0.0003695380559998492	-0.002578099716491356	-2.526860576968959e-07	-7.645983271929691e-07	-1.056743321672486e-08	1.010146061494585e-07	8.26514411168439e-08	-4.302678101545818e-07	-1.855687886826019e-07	-5.709668342396141e-07	-1.555745915226553e-08	-1.364525934780368e-07	-3.301172148577852e-08	-1.698471642414608e-07	0.00113690982288638	1.922661720676583e-07	0.04435007989721784	3.763158439205371e-07	-0.4187120970959337	-3.216455771169068e-07	-5.522170299275969e-08	-2.185264166912826e-07	7.29312661747295e-09	-1.067962015922212e-07	-4.347012843250527e-09	1.518767844660731e-07	-8.55665636803255e-08	-2.336489735611291e-07	-8.240204005290044e-08	-4.379747546901285e-07	8.316229809716066e-08	1.002881287534091e-07	-3.100146487536364e-08	-2.42384938503882e-07	6.84692990090739e-08	1.857134897375642e-07	1.695190626186338e-08	3.031720195040505e-08	2.37456439611907e-10	-1.46185617530306e-08	-3.601423505519759e-08	-1.156454046700358e-07	7.507053871433042e-08	3.873423144750322e-07	-3.833036860368022e-09	-1.409351793808528e-08	8.560124804050625e-08	3.012025229831432e-07	1.047197546974423	-6.01362541641886e-09	-2.521259013533973e-08	-1.031704369461919e-07	-1.80412344220743e-08	-1.669102506099424e-07	2.656311885071335e-08	5.949901472501624e-08	-1.077855655844173e-09	7.660668513513319e-09	7.694842099933726e-08	1.797003030340992e-07	1.047197550274129	3.525839712040433e-09	-4.045439848176421e-08	-1.757354532853576e-07
0.37	5.006954177239635e-08	2.723378794971531e-07	-4.237788035667614e-08	-2.183305060125095e-07	2.924481974030391e-08	8.191676532537347e-08	-1.817859623921697e-08	-4.681921591500077e-08	0.9690000156999674	1.065824314832862e-07	-4.279615862358061e-08	-1.02766202691276e-07	-1.085590497153548e-07	-5.029581896946123e-07	-6.693010640052231e-08	-1.421469171475529e-07	6.135965437127733e-08	2.099570064051616e-07	0.05426128527853609	0.06202359278291434	0.002516121651454104	0.01022410556451385	-0.02802822196462356	-0.08181569153163083	0.05292080321489772	-0.005733624976663711	0.007282895453755906	-0.04805319508372128	0.00521950368929087	-0.002299701737579412	-2.516254418763092e-08	-8.16858263638936e-08	-0.004166868431032792	-0.02769903180058519	0.007209205617326693	0.04546935760942843	0.001837097653134769	-0.001323221146112578	0.0002129311027410206	0.0516362082602021	-0.0003502330330723272	-0.009320151654449237	-2.60378444489075e-07	-7.806140858215857e-07	-9.674336680513088e-09	6.069222785912434e-08	7.836979032816379e-08	-4.238782943194966e-07	-1.912300219160294e-07	-5.540854872841275e-07	-1.697686105432139e-08	-1.537034105294858e-07	-3.469342072328482e-08	-1.649579420356406e-07	0.001136911755895332	1.963881491565026e-07	0.0443500835662989	3.427818142145614e-07	-0.4187121001790641	-2.737731335826808e-07	-5.741381454598356e-08	-2.209062210033186e-07	6.222568530343889e-09	-1.083095068836462e-07	-2.861531930179216e-09	1.401868254605961e-07	-8.788561571110137e-08	-2.272298963190702e-07	-8.677636503923434e-08	-4.346852763281305e-07	8.416110712924442e-08	9.759184289292904e-08	-3.345081345312344e-08	-2.508847899035141e-07	7.032943235378977e-08	1.86915100914283e-07	1.724902908497347e-08	2.791469254958796e-08	9.04756103876362e-11	-1.480647967646854e-08	-3.71540276416155e-08	-1.097888418541506e-07	7.894841520718706e-08	3.880789766362447e-07	-3.969533402224185e-09	-1.26226369101802e-08	8.861739595378665e-08	3.023349709838639e-07	1.047197546918209	-4.672259632735661e-09	-2.625406335453353e-08	-1.06774902797409e-07	-1.973322558985971e-08	-1.74897375705272e-07	2.713855331537682e-08	5.307633226204457e-08	-1.003649146076069e-09	6.820918893091891e-09	7.873055723499635e-08	1.749167688559255e-07	1.047197550310534	3.915575143915295e-09	-4.223302173546371e-08	-1.831839366347008e-07
0.38	5.289491524886023e-08	2.858195057849006e-07	-4.46926423705905e-08	-2.350132985106112e-07	3.011838455362094e-08	8.865433272202761e-08	-1.863297640490992e-08	-4.508505207214825e-08	0.9690000167860606	1.094106446671831e-07	-4.381964493091838e-08	-1.022033197134206e-07	-1.136310904694258e-07	-5.091044858583633e-07	-6.83356833092179e-08	-1.400897624609562e-07	6.346655528294254e-08	2.107238342468425e-07	0.05548437239868056	0.1212318697234681	0.002457216259623172	0.002437732841084905	-0.02859286191624514	-0.0759154432669394	0.05301396984125872	-0.1559628116832642	0.007332426394920712	-0.05405805290240275	0.005156971164393968	0.05210288589155739	-2.593037690838707e-08	-7.579106873183333e-08	-0.004112055128114035	-0.01033571006920734	0.007252405085339348	0.03273571834394366	0.001839643652012774	0.00456584053643022	0.0001890037587614879	-0.02088997798663574	-0.0003364377888863641	-0.002210869234526711	-2.682509702721165e-07	-7.898575530941704e-07	-9.238750603535616e-09	3.939048726184008e-08	7.414123227631526e-08	-4.190684315368224e-07	-1.966971958023523e-07	-5.445648413808445e-07	-1.857786120212277e-08	-1.620355835229613e-07	-3.633161652337966e-08	-1.626226727109093e-07	0.001136913737417284	1.983388257685401e-07	0.04435008685538869	3.246433898754049e-07	-0.4187121027238134	-2.4923665968937e-07	-5.962754449953144e-08	-2.225977806970372e-07	5.125798248344145e-09	-1.093971251033152e-07	-1.508034165190655e-09	1.341335915381496e-07	-9.0135108540028e-08	-2.236985965310668e-07	-9.10984688557895e-08	-4.323949405850629e-07	8.512627006098648e-08	9.645777862566253e-08	-3.599135109138181e-08	-2.544057761651089e-07	7.220040968997064e-08	1.873011436500071e-07	1.751847188528881e-08	2.669796258962268e-08	-5.811886278259877e-11	-1.488280508007476e-08	-3.822897534203579e-08	-1.069167336535356e-07	8.282617398226897e-08	3.891463717952963e-07	-4.090185346579353e-09	-1.19694917964716e-08	9.16441564084614e-08	3.031802349118242e-07	1.04719754687678	-4.02711188155699e-09	-2.733903258463786e-08	-1.087843662953227e-07	-2.150846030763623e-08	-1.784602419990619e-07	2.764358579949027e-08	4.979643347493297e-08	-9.388611831084055e-10	6.390809363923594e-09	8.046328666051403e-08	1.728019985096756e-07	1.047197550351044	4.110890629054621e-09	-4.40957553020047e-08	-1.870540858839036e-07
0.39	5.573342611476105e-08	2.804861948119978e-07	-4.701860702572455e-08	-2.285611759272505e-07	3.09996306352058e-08	9.039913170932241e-08	-1.90855842791325e-08	-4.497990603385176e-08	0.9690000178752858	1.076846636443353e-07	-4.48423468524957e-08	-1.027777553738788e-07	-1.18710738235649e-07	-5.051146292915408e-07	-6.97404099699078e-08	-1.428847655941598e-07	6.557613721366798e-08	2.128660163870701e-07	0.05662996731234184	0.1764090186515	0.002415634815627436	-0.01436542165287978	-0.02920114926253915	-0.04614007627776536	0.0533692541787464	-0.1374130936580782	0.007385457093531092	-0.04671657761137831	0.005002375395117021	0.04539932987548209	-2.669220524251105e-08	-7.350138389929731e-08	-0.004142614170200011	0.007243378318041401	0.007393041392554086	0.004115778406490439	0.001831298092909323	0.005967281873232655	0.0003353516436170373	-0.04193218881696421	-0.0003484724814253836	0.00310153915485057	-2.761317111153536e-07	-7.81505441848119e-07	-8.811855577827142e-09	5.361946823552948e-08	6.994679445381352e-08	-4.067104154968797e-07	-2.02154699429903e-07	-5.473255826455615e-07	-2.018689293303905e-08	-1.621434772679545e-07	-3.796009212393146e-08	-1.586175906462436e-07	0.001136915719551811	1.977412856892706e-07	0.04435009011886413	3.235479434366577e-07	-0.4187121052480609	-2.580630143649178e-07	-6.184477454391837e-08	-2.17427851087918e-07	4.03676783107469e-09	-1.024418854878657e-07	-1.595067166644229e-10	1.353319140740216e-07	-9.23745395284439e-08	-2.21244528079646e-07	-9.541514404577548e-08	-4.260535940032026e-07	8.60924350884059e-08	9.814162596360536e-08	-3.853041095647257e-08	-2.530337793103495e-07	7.407232352315526e-08	1.870121459253177e-07	1.77869156271158e-08	2.712571102725703e-08	-2.066041155142873e-10	-1.477812481750079e-08	-3.930201704251097e-08	-1.073176363890388e-07	8.67084262506401e-08	3.849994502188851e-07	-4.210681732595102e-09	-1.211101942492136e-08	9.467144290440082e-08	3.006513943242604e-07	1.047197546835643	-4.232762002939268e-09	-2.842417881006039e-08	-1.071986160941548e-07	-2.328709636271073e-08	-1.775480267564332e-07	2.81464331328932e-08	5.097740146379068e-08	-8.732908089215828e-10	7.717161137248648e-09	8.219489781685566e-08	1.734671391780209e-07	1.047197550392176	4.454613360994397e-09	-4.59610967566461e-08	-1.856148158966395e-07
0.4	5.85044008976947e-08	2.760323061207917e-07	-4.931394838961653e-08	-2.301770894364902e-07	3.197077198790172e-08	9.770863456859154e-08	-1.952479361659619e-08	-4.374683262213642e-08	0.9690000189426271	1.067510488450336e-07	-4.587600744917884e-08	-1.034650701009022e-07	-1.237301695030649e-07	-5.011338604390442e-07	-7.122971197883148e-08	-1.504041900306446e-07	6.775354692379714e-08	2.183928441603254e-07	0.05765500352137149	0.1858157516631921	0.002378050109492021	-0.0163361627971172	-0.02983868117143572	-0.04190578928808995	0.05340229181745055	0.008169293373897614	0.007428613730378005	0.007777476119131595	0.004977634415584012	-0.002238057542723508	-2.735550953271109e-08	-6.586544667683035e-08	-0.004165352542811419	-0.005960751823218863	0.007537852734508433	0.01634548376583936	0.001829264132430261	-0.003404659190158092	0.0003618905254914534	0.03587384595657821	-0.0003536354308437096	-0.002325060861747148	-2.837499147276599e-07	-7.591946352832185e-07	-8.091358956987215e-09	7.318434391746381e-08	6.629480557679659e-08	-3.610660757982049e-07	-2.07608578823403e-07	-5.440736495257828e-07	-2.187233464796005e-08	-1.698787699134925e-07	-3.949428433127606e-08	-1.546437656517009e-07	0.001136917659574904	1.92121631985304e-07	0.04435009325160849	3.132837417743299e-07	-0.4187121078736801	-2.643967219027392e-07	-6.394723564942023e-08	-2.094678695362692e-07	3.128420240568302e-09	-9.032299863208182e-08	1.189202896449373e-09	1.35154762069985e-07	-9.451185143873532e-08	-2.133230624902779e-07	-9.956334413221045e-08	-4.139094638930442e-07	8.708515027883076e-08	9.921198990765113e-08	-4.106129099043044e-08	-2.535114230083614e-07	7.592359039486641e-08	1.841951788323058e-07	1.805742218858542e-08	2.699057522183046e-08	-3.595571222723924e-10	-1.528888351291155e-08	-4.033608442658305e-08	-1.023273538170765e-07	9.053783716514553e-08	3.836859767316515e-07	-4.336049982301486e-09	-1.267504722098672e-08	9.766425373911261e-08	2.998725476612025e-07	1.047197546794663	-4.039790355963805e-09	-2.948286780215942e-08	-1.060028682812578e-07	-2.504123772807888e-08	-1.751338373416997e-07	2.865085620262163e-08	4.979880169861793e-08	-7.812810318070762e-10	9.17514106507773e-09	8.394391396653752e-08	1.753341071091507e-07	1.047197550440797	4.807902097812638e-09	-4.782880330579661e-08	-1.874316284809529e-07
0.41	6.130059094486117e-08	2.759482318859871e-07	-5.166416447359594e-08	-2.33158165219185e-07	3.285584824052403e-08	1.180725994740802e-07	-1.998619121552696e-08	-4.011229317452991e-08	0.9690000200234981	1.02102740124315e-07	-4.689240570708413e-08	-1.076702915905755e-07	-1.28794849876487e-07	-5.048156187247705e-07	-7.2691804714539e-08	-1.502375645163747e-07	6.989380933728903e-08	2.245935938271984e-07	0.05883096556250257	0.1680432411750129	0.002343992040996056	-0.00536904516564673	-0.03048468968687781	-0.06453855662635984	0.05311504030754222	0.0598023007856596	0.007407484324238157	-0.0008088741118260369	0.005094431880750042	-0.0182491844764234	-2.80819696102698e-08	-5.921289459157772e-08	-0.004147760487773328	-0.025032967516281	0.007606447719696074	0.04235295822371032	0.00184089589138264	-0.004288822462075324	0.0001932492158644431	0.04948934471779274	-0.0003435341851839446	-0.007826030765104942	-2.914026252409321e-07	-7.453763566937403e-07	-7.500670888003925e-09	9.717232625962301e-08	6.23807066503592e-08	-3.069329859599942e-07	-2.131157145198283e-07	-5.668205836921178e-07	-2.344940790779055e-08	-1.86418223009426e-07	-4.114945832368995e-08	-1.323031346667055e-07	0.001136919636218204	2.003459912030685e-07	0.04435009653565487	2.857015123330021e-07	-0.4187121104186638	-2.731947226708562e-07	-6.613696323323397e-08	-1.920648239096398e-07	2.018383568087756e-09	-5.438429154921585e-08	2.561372797563209e-09	1.32635420541765e-07	-9.674317027137137e-08	-2.005711784450543e-07	-1.038160616425546e-07	-4.014685910246972e-07	8.80191545557612e-08	1.113625404898556e-07	-4.358387067805847e-08	-2.611172889617396e-07	7.779340580402628e-08	1.9171337628519e-07	1.832245670388712e-08	2.940919206676536e-08	-5.192132269623847e-10	-1.452637431890566e-08	-4.137860515321117e-08	-1.016573248674483e-07	9.44586117786404e-08	3.630855344118947e-07	-4.462722945949625e-09	-1.197315690847081e-08	1.00699087666718e-07	2.877229435789117e-07	1.047197546753371	-4.316182498570398e-09	-3.056405760200893e-08	-1.006495427460143e-07	-2.673952348786432e-08	-1.677630702849794e-07	2.917327913785435e-08	4.984640946392342e-08	-7.154611081320347e-10	1.300048329541654e-08	8.569646821313034e-08	1.743175209810835e-07	1.047197550479997	6.696772625634923e-09	-4.969572278535906e-08	-1.855960083549742e-07
0.42	6.410464803842828e-08	2.847109905246023e-07	-5.404188240192971e-08	-2.43174645419576e-07	3.377323071896661e-08	6.950370676154828e-08	-2.044473733826611e-08	-5.069801919144391e-08	0.9690000210938385	1.1091876083521e-07	-4.791103588177853e-08	-9.761272455539729e-08	-1.338849990546309e-07	-5.143585201119664e-07	-7.415244448608854e-08	-1.407667887208043e-07	7.205276656688363e-08	2.071243312291918e-07	0.05995928282055921	0.1865173985703594	0.002309426418281385	0.007643559112112927	-0.03110132904742717	-0.08155150686826337	0.05304787518665648	0.003282312060446095	0.007496984442337014	0.0117902769171262	0.00516445609490521	0.002693578103724233	-2.879463690731814e-08	-8.444271585558311e-08	-0.004097556292606036	-0.004223854764139712	0.00761760708208973	0.02341803762373544	0.001833438160886912	0.001719077429229027	0.0001591301665485846	-0.03571204291408301	-0.0003253254160462912	0.000463389328844031	-2.988679530390968e-07	-7.572132655637145e-07	-6.769326601794921e-09	4.408089775621803e-08	5.87989688250729e-08	-4.171857644233558e-07	-2.186797211871744e-07	-5.538522068889236e-07	-2.505498233813932e-08	-1.382804283460399e-07	-4.276656272373626e-08	-1.877238408016474e-07	0.001136921619151279	1.997027392163418e-07	0.04435009974229843	3.542033606403681e-07	-0.4187121129492596	-2.371476002875467e-07	-6.830239036391054e-08	-2.378914137714842e-07	9.942236271374188e-10	-1.467754208243279e-07	3.919284182497622e-09	1.393584541619238e-07	-9.888114097767265e-08	-2.308800990880856e-07	-1.08051288772148e-07	-4.464344770375667e-07	8.896394484369202e-08	8.134691703169736e-08	-4.610651472489135e-08	-2.471695787105294e-07	7.966992743624973e-08	1.864063618652185e-07	1.858800906857048e-08	2.463939742705856e-08	-6.951163591721602e-10	-1.930278712524149e-08	-4.239551294051681e-08	-1.033202885611361e-07	9.837193535012896e-08	4.138352880689197e-07	-4.593121987880408e-09	-1.357772997422084e-08	1.037251287032647e-07	3.142890203699311e-07	1.047197546711914	-4.144816010539139e-09	-3.163451748120744e-08	-1.126365603756392e-07	-2.835168723548795e-08	-1.555550939957638e-07	2.971168073886144e-08	5.685069165068519e-08	-6.482222029713662e-10	1.053246899382777e-09	8.746744851135754e-08	1.783608599010045e-07	1.047197550520148	1.803436926930829e-09	-5.155950052697069e-08	-1.867132114035902e-07
0.43	6.694903001288348e-08	2.842146093410639e-07	-5.646666046677242e-08	-2.425506964527197e-07	3.448851714446642e-08	7.167864488742556e-08	-2.094445983354735e-08	-4.981977110705539e-08	0.9690000221978859	1.103591491884984e-07	-4.88938788191219e-08	-9.842452924688241e-08	-1.390225599988333e-07	-5.134973428669374e-07	-7.55648554798612e-08	-1.415436745945221e-07	7.412697068839257e-08	2.073850369673169e-07	0.06099395170017533	0.1232008291643902	0.002297168615077688	-0.008901081801943919	-0.03171015496460923	-0.0490481106680936	0.05321592304945087	-0.009825717737631417	0.007400708380323003	0.07068780541345242	0.005111845878670794	0.006461887849626849	-2.964006480611384e-08	-8.496002410629323e-08	-0.004162220731116856	0.03655639203891826	0.00773642032100674	-0.0369056203112364	0.001822598241172991	0.001239591287562117	0.0003239198178430609	-0.0720672496170367	-0.0003431218821586549	0.01262306143650831	-3.064986248045974e-07	-7.649368535305076e-07	-6.351867022487141e-09	4.013613692118427e-08	5.455701867239362e-08	-4.275566690487965e-07	-2.242246809120014e-07	-5.542889843686388e-07	-2.64670579317182e-08	-1.41910970630267e-07	-4.463221132170564e-08	-1.872515090575128e-07	0.001136923608097074	1.98216187059803e-07	0.04435010326263847	3.523594028817585e-07	-0.4187121153520929	-2.413839262045306e-07	-7.065787228244627e-08	-2.352603003842779e-07	-4.29161662190626e-10	-1.421270352803174e-07	5.313194033698704e-09	1.395635914950763e-07	-1.011800870021923e-07	-2.300656640249347e-07	-1.125066170618303e-07	-4.458067908384968e-07	8.980070454019923e-08	8.408714294993082e-08	-4.859149013824201e-08	-2.489314796678593e-07	8.153822729869493e-08	1.866821291268769e-07	1.883832505054932e-08	2.510157906939006e-08	-8.809038098931082e-10	-1.836589380439333e-08	-4.343412195991625e-08	-1.038461575227322e-07	1.024861458133802e-07	4.114241496465125e-07	-4.726500168608551e-09	-1.330100521307262e-08	1.068559711646531e-07	3.131786462496372e-07	1.047197546670527	-4.124460092077465e-09	-3.275537038403204e-08	-1.121243740204992e-07	-2.992046981962894e-08	-1.57155156259107e-07	3.027010726743167e-08	5.540270251893907e-08	-6.325418897968054e-10	1.556402005702748e-09	8.924439846058693e-08	1.775999081545041e-07	1.047197550540365	2.0169984990845e-09	-5.342471854753335e-08	-1.866423380548031e-07
0.44	6.979151984657417e-08	2.835369646230419e-07	-5.889055263942129e-08	-2.421859302462309e-07	3.519954448475077e-08	7.102791297121801e-08	-2.144587951593857e-08	-5.012122920012237e-08	0.9690000233037553	1.106804560980956e-07	-4.987486044320207e-08	-9.811225794610017e-08	-1.441569984353198e-07	-5.128212411500582e-07	-7.697932112917267e-08	-1.42035877651144e-07	7.620279804148037e-08	2.076957912637176e-07	0.0622063956429257	0.08298502155209665	0.002327398267061354	-0.01420246444894133	-0.03239150204256703	-0.03660057544097583	0.05327259799721237	0.09454362965312198	0.007344738173491779	0.02770855360039317	0.005064629267698082	-0.03794198751335412	-3.048014476189539e-08	-8.379194483545769e-08	-0.004273899540232957	0.0147140851351959	0.007935302736280667	-0.02494476342446989	0.00181681173221107	-0.001741894817349204	0.000412333583314201	0.009120030139059696	-0.0003700973422597275	0.004153028256114835	-3.14097961267795e-07	-7.596629411131538e-07	-5.913963997402606e-09	4.388487660049752e-08	5.03717795213285e-08	-4.181587851817912e-07	-2.29758802869493e-07	-5.520693009344183e-07	-2.787434628235617e-08	-1.410350607103139e-07	-4.649579380180318e-08	-1.870349270728325e-07	0.001136925595412833	1.976982505829049e-07	0.04435010678490035	3.529407936499715e-07	-0.4187121177486742	-2.406208140499663e-07	-7.301891730702056e-08	-2.359958190577066e-07	-1.863338074121872e-09	-1.43806884246704e-07	6.705345830304766e-09	1.3936780127546e-07	-1.034794404615744e-07	-2.303740779602422e-07	-1.169584325724857e-07	-4.44907820658574e-07	9.063027402000068e-08	8.276997712171498e-08	-5.107043517248251e-08	-2.480110940354294e-07	8.340041617809677e-08	1.855795751053061e-07	1.908701671581383e-08	2.478727254529021e-08	-1.069248824439105e-09	-1.878923711025688e-08	-4.446847477452921e-08	-1.030879580458718e-07	1.066070787340984e-07	4.124593674126574e-07	-4.860997531885758e-09	-1.351920137742656e-08	1.099906442246138e-07	3.138308489751609e-07	1.047197546629101	-4.12151664272865e-09	-3.387791267005013e-08	-1.12376940476905e-07	-3.148909291697976e-08	-1.574786812739907e-07	3.083112279061331e-08	5.575233057166297e-08	-6.17660609958768e-10	1.456069342080436e-09	9.102445251617532e-08	1.781706755759047e-07	1.047197550560199	1.941110757297968e-09	-5.52918046136127e-08	-1.870549562260437e-07
0.45	7.259043591331311e-08	2.580063843775239e-07	-6.131623366995158e-08	-2.512765541899246e-07	3.588517833830864e-08	6.031955492872726e-08	-2.19475300733671e-08	-4.96653400862398e-08	0.969000024408907	1.065791717139521e-07	-5.085463961328552e-08	-9.501316978813913e-08	-1.492532030182059e-07	-4.73387989394364e-07	-7.838769982276692e-08	-1.409188534628622e-07	7.828541386085707e-08	2.036978073879917e-07	0.06330968322917761	0.06360771903697603	0.002296107691002305	0.0002533874750928146	-0.03298573096119199	-0.06744043904391563	0.05299875072603091	0.1545328363718713	0.007362925575457692	0.02438467347088152	0.005123733063685448	-0.05946930599591754	-3.131936492028477e-08	-7.220138273020838e-08	-0.00426537351244276	-0.02171771012793151	0.007993884615007184	0.02450714067421257	0.001827914316486297	-0.00608010685805859	0.0002561855961074664	0.06812106733029541	-0.0003565185334148759	-0.007250876234488036	-3.216800667742428e-07	-7.605276425430601e-07	-5.515580391144346e-09	2.523447616162695e-08	4.617611503437257e-08	-4.371257531199709e-07	-2.352754159503771e-07	-5.478688149686502e-07	-2.92874745681698e-08	-1.502982510416396e-07	-4.83455599065559e-08	-1.840326969058765e-07	0.001136927562559962	1.91105136884861e-07	0.04435011035818527	3.549260876211639e-07	-0.4187121201524817	-2.340601770021455e-07	-7.537571898465049e-08	-2.228019424410859e-07	-3.307441963162457e-09	-1.391696689610905e-07	8.102778650695611e-09	1.472898159233203e-07	-1.057987672101149e-07	-2.484815711125844e-07	-1.214106356945723e-07	-4.269208674848759e-07	9.145673046927345e-08	7.646901739983547e-08	-5.355470985905581e-08	-2.540379597905553e-07	8.524324641261647e-08	1.766467735371201e-07	1.933184677145402e-08	2.524664894819751e-08	-1.260300333103102e-09	-2.03936534189913e-08	-4.549728346467332e-08	-1.147526139574071e-07	1.10759712524478e-07	4.446767162515521e-07	-4.999038712092149e-09	-1.944413306185468e-08	1.131445263551047e-07	3.255848137615595e-07	1.04719754658764	-4.566567795359731e-09	-3.500446639014282e-08	-1.108362822775449e-07	-3.302644334571972e-08	-1.111245039905793e-07	3.138768643153245e-08	4.95337497154975e-08	-6.055515724981801e-10	2.097327627532738e-09	9.280409350731447e-08	1.781629227589456e-07	1.047197550579728	1.773764077124078e-09	-5.716253831570375e-08	-1.849779817477564e-07
0.46	7.484229902418158e-08	2.531167156328004e-07	-6.423770344626596e-08	-2.723598199161159e-07	3.642084728700911e-08	6.216748410397946e-08	-2.245460154465008e-08	-5.090621804386045e-08	0.9690000253614087	1.021452882969272e-07	-5.165960877934522e-08	-8.74425692782918e-08	-1.529624607382821e-07	-4.324184890806267e-07	-8.001797031278284e-08	-1.555646066221497e-07	7.998088692515577e-08	1.835941436736845e-07	0.06448873390103788	0.02523307309427401	0.002203338885823745	0.01472939832144761	-0.03350754046176761	-0.08182263544528309	0.05281710223800209	-0.007051385516283453	0.007333727142570958	-0.00516653141133762	0.005162319963110156	0.001281588963936441	-3.1543682734414e-08	-4.751341843554216e-08	-0.004238102317328938	-0.01081408089914868	0.007996356869916919	0.0222666952869587	0.001839879872157138	0.001052862932863961	0.000141502671513323	-0.007568875958735008	-0.0003404084180366003	-0.002114488071279104	-3.294463914919287e-07	-7.70001884083961e-07	-5.228213782511374e-09	3.920811212350178e-08	4.128212508789709e-08	-4.586398837184868e-07	-2.406004799762273e-07	-5.396510680006796e-07	-3.098867116099511e-08	-1.558539155805981e-07	-5.073418414361755e-08	-2.227777288718168e-07	0.001136929386838427	1.894533041995433e-07	0.0443501132295572	3.110280805688246e-07	-0.4187121221302921	-2.152331785469004e-07	-7.723296262784776e-08	-2.080592109147704e-07	-4.692519387333406e-09	-1.437867648893198e-07	9.876835216554273e-09	1.617836643030551e-07	-1.088474434714083e-07	-2.740813280163933e-07	-1.249178626118874e-07	-3.895727804694339e-07	9.182658441816695e-08	5.446714537606932e-08	-5.622679793030679e-08	-2.582971062059548e-07	8.686375939559349e-08	1.7260700723679e-07	1.965266792682742e-08	2.924602446851934e-08	-1.496400724011202e-09	-2.16299228153371e-08	-4.716615008382917e-08	-1.411375249768851e-07	1.162154613864713e-07	4.905082436647077e-07	-5.409584580318983e-09	-2.964075740488826e-08	1.166860169983267e-07	3.371062644806219e-07	1.047197546529512	-5.066960148372787e-09	-3.602989023878869e-08	-1.067288754848513e-07	-3.281372888558562e-08	-5.529712537400117e-08	3.16493296616177e-08	3.851956351699252e-08	-5.459929135016014e-10	3.942749836448474e-09	9.467449452642175e-08	1.841828316784347e-07	1.04719755056669	-2.327738650984451e-10	-5.894494651536121e-08	-1.821620177803776e-07
0.47	7.584444545371624e-08	-3.483391360770219e-08	-6.765855076031516e-08	-4.006715970253996e-07	3.6518234160479e-08	-3.822828974791963e-08	-2.292456108918124e-08	-4.31733209944438e-08	0.9690000260810556	4.605552460806506e-08	-5.230412673024646e-08	-4.622750300567689e-08	-1.546149176558064e-07	6.555059821046466e-08	-8.165180122285368e-08	-1.661308811653768e-07	8.144029435393312e-08	1.186076022680215e-07	0.06551646156745668	0.04832145392944324	0.002116380707265113	0.006333772400250692	-0.03404606085331921	-0.07477104608307772	0.05291604578647804	-0.1049003834431717	0.007418445811545519	0.02088224785919885	0.005135280298949211	0.04162778951633812	-3.109914942716842e-08	1.203319020588828e-07	-0.004260208471673332	0.02241390692933246	0.008056170165634592	-0.01887195077943233	0.001825055765346769	0.0036935515850127	0.0002651014944966714	-0.06665672531861158	-0.0003444111128302812	0.008485778384334973	-3.373077685340284e-07	-8.000442097294102e-07	-5.750075554012972e-09	-1.397750691023075e-07	3.547750397564667e-08	-6.843191753443543e-07	-2.457358438669863e-07	-4.907335794891705e-07	-3.324595107880302e-08	-2.881256079570329e-07	-5.305680777518012e-08	-2.309160083032102e-07	0.001136930910831785	1.187019441186462e-07	0.04435011592052725	2.432438593927108e-07	-0.4187121237925076	-1.255973489904055e-07	-7.833226782628575e-08	-2.606370684698159e-08	-5.74238585746409e-09	-6.905421477383755e-08	1.205374987154781e-08	2.656607608646001e-07	-1.128070248375599e-07	-4.974556830347032e-07	-1.273735014251356e-07	-1.266175825372579e-07	9.18575937938774e-08	-3.407289257416735e-08	-5.922770149830017e-08	-3.359299543517633e-07	8.805932050469809e-08	7.357679880722342e-08	2.001733597748391e-08	4.270407932774144e-08	-1.798378218638147e-09	-3.776241329266067e-08	-4.951937757485568e-08	-3.108877651269394e-07	1.232755054850413e-07	8.88577020272166e-07	-6.145361353621147e-09	-1.109150667906682e-07	1.207834297465427e-07	4.723547512103108e-07	1.047197546445099	-1.123993002949066e-08	-3.695754530093127e-08	-8.038559973519755e-08	-3.021031612922188e-08	5.303486440194048e-07	3.155961206860244e-08	-4.852653479694279e-08	-4.325674817288295e-10	1.758901526542187e-08	9.654949627761734e-08	1.877627652001611e-07	1.047197550547534	-3.213821138565252e-09	-6.060281986915578e-08	-1.521366698503127e-07
0.48	7.553160885113711e-08	-1.416305967241324e-07	-7.223022892844067e-08	-4.160656001433546e-07	3.625550901286042e-08	-7.990922350308184e-08	-2.339936050829351e-08	-3.793653280011243e-08	0.9690000264346116	3.032521456424841e-08	-5.255046769238439e-08	-4.180485895733268e-08	-1.529574432538374e-07	1.981489788179261e-07	-8.378402678432843e-08	-1.48654706959272e-07	8.1994320224377e-08	1.240767139005705e-07	0.0666175953665282	0.006829151985777778	0.002097531445585026	-0.002272015115486632	-0.03466689564202701	-0.05249505996138326	0.05304516946540968	-0.06840323396284805	0.007283153658312687	0.01318346763622824	0.005107249691676583	0.02881546625521942	-2.921463650970102e-08	1.483510644645862e-07	-0.004354192981647225	0.03176905820969143	0.008220926292975645	-0.04268318296941926	0.001823534773065652	0.002113909969388487	0.0003905399819376638	-0.03980833795643353	-0.0003688707074336673	0.01000119587966115	-3.456409431189841e-07	-7.929742547627335e-07	-6.568231023373359e-09	-2.305552882747536e-07	2.794076151959663e-08	-7.415359173974031e-07	-2.504120596824101e-07	-4.861330966968293e-07	-3.622817487616364e-08	-3.328395904423865e-07	-5.656143331572095e-08	-1.762785343945359e-07	0.001136932091158435	9.420047515206147e-08	0.04435011696345011	2.834897255579544e-07	-0.4187121244279713	-1.185686372739602e-07	-7.824693527242615e-08	2.324615312983896e-08	-6.593129245314675e-09	-3.147388459534598e-08	1.51401351574819e-08	2.85020901427958e-07	-1.184478567929034e-07	-5.464499440699828e-07	-1.27626534391825e-07	-8.206981430837367e-08	9.086851078675998e-08	-3.67151743412714e-08	-6.266820995486495e-08	-3.60375707768848e-07	8.873137967196671e-08	4.058710652879369e-08	2.056900148367014e-08	4.142772218064975e-08	-2.206066644411542e-09	-4.201617583005955e-08	-5.334394778348818e-08	-3.358134656082515e-07	1.333829403762143e-07	9.726010763828971e-07	-7.514757058712985e-09	-1.263323803276333e-07	1.257881437474945e-07	5.072620542401474e-07	1.047197546322667	-1.294614890613523e-08	-3.763798267439447e-08	-7.671126763972637e-08	-2.346979079596527e-08	6.748350285538668e-07	3.076945642390562e-08	-6.612779031703901e-08	-2.047808369930384e-10	2.009051705721409e-08	9.862539047211031e-08	1.807617117728971e-07	1.047197550452481	-9.985145406720477e-10	-6.204862572579263e-08	-1.440573939047961e-07
0.49	7.211948794951486e-08	-7.912665781201071e-07	-7.685494145540652e-08	-5.826786462609604e-07	3.470291376617066e-08	-3.249712022754934e-07	-2.369278950440535e-08	-1.110284683751285e-08	0.9690000264210475	-7.584047008500441e-08	-5.283132805180231e-08	7.658041835084503e-09	-1.482125932470302e-07	1.122031890343819e-06	-8.503444968392503e-08	-8.465393724081767e-08	8.315921702814323e-08	9.33800260312009e-08	0.067721706255559	0.01065997527028622	0.002111973248776422	0.001978538556923748	-0.03533648560189123	-0.05827274233374086	0.05300762687708563	0.0226644634221895	0.007364435350501727	-0.01322688325120645	0.005148077056700342	-0.007725220997708565	-2.702664309385128e-08	3.921462803690849e-07	-0.004391226582745721	0.0005547705112412318	0.008335757036068751	-0.01051179370740898	0.001815646926335613	-0.001662691800851161	0.0003927239844694288	0.03105175033577398	-0.0003743477101857378	-0.0007901179791127846	-3.535903104975477e-07	-7.997356132187313e-07	-1.042999816675496e-08	-7.325113444129732e-07	1.927372067908434e-08	-1.152802622335482e-06	-2.550919375743201e-07	-4.24206756772339e-07	-4.041437488877887e-08	-6.158892152393313e-07	-5.757138321497563e-08	3.660207496456284e-08	0.001136932562826022	-6.060469972388003e-08	0.04435012019067892	3.873427943445282e-07	-0.4187121253714248	-2.099874980038176e-08	-7.699989736644393e-08	3.621734461112162e-07	-6.247775976258764e-09	1.776166917979086e-07	1.84561642005008e-08	4.474466568492844e-07	-1.250051059115964e-07	-9.168365339925799e-07	-1.273347805323671e-07	3.028524145221704e-07	9.0314160416969e-08	-1.102803031370203e-07	-6.674348508843944e-08	-5.170601917115446e-07	8.849778676712749e-08	-1.680688414457866e-07	2.099263546605619e-08	4.794908473844372e-08	-2.715305087032874e-09	-7.201452387463679e-08	-5.738815786753838e-08	-5.700849018918487e-07	1.450170697186307e-07	1.624072288274846e-06	-9.142492499865399e-09	-2.528784291738294e-07	1.315919100736244e-07	7.533776831030076e-07	1.047197546158103	-2.456536494987173e-08	-3.830589971819869e-08	-4.014012234036175e-08	-1.364888417627735e-08	1.71308802220592e-06	2.969618840440717e-08	-2.053013691529748e-07	5.670424727187945e-11	4.106065987642172e-08	1.003473342490217e-07	1.544897230049839e-07	1.047197550465374	4.81583811611737e-09	-6.332419413138608e-08	-8.901693591304846e-08
0.5	6.619165283243155e-08	-7.78259952101054e-07	-8.164914701083348e-08	-4.28641824757959e-07	3.212257470899894e-08	-3.418879636145919e-07	-2.384873711583225e-08	-5.443790255839909e-10	0.9690000260884392	-4.543508251526583e-08	-5.309297168296849e-08	-4.714016829436588e-08	-1.407189920336952e-07	8.51208815937676e-07	-8.565168205845682e-08	3.675277699860084e-08	8.464975201584169e-08	2.189060935847339e-07	0.06877104281127017	0.0001253169780055284	0.002103746104967804	0.009845477058815737	-0.03593446935606671	-0.06662714183464644	0.0529108167597564	0.06132287844233283	0.007343309675619997	-0.0118118921694902	0.005179515244238658	-0.02583489476834272	-2.444123393810493e-08	2.223666172797819e-07	-0.00437276757709652	-0.01479802681581913	0.008374902201595506	0.01666843166930965	0.001825701687977654	-0.003037491393512422	0.0002755257952176	0.05293402391929167	-0.0003627340724209888	-0.005287754947587819	-3.613832625721322e-07	-7.488116532926079e-07	-1.663782626819189e-08	-8.421078800712193e-07	9.440900255456094e-09	-1.034180678626707e-06	-2.597011153557314e-07	-4.741806448433939e-07	-4.559029322977269e-08	-5.816733853488636e-07	-5.67641328610019e-08	3.456695718556235e-07	0.001136932450789007	-5.109680939753427e-08	0.0443501248783536	6.992132841743467e-07	-0.4187121264291983	-1.762328151560709e-07	-7.47334473548229e-08	2.642712741296948e-07	-4.943795377037221e-09	2.222386791711966e-07	2.206473350385093e-08	3.40470731797903e-07	-1.324497607680166e-07	-7.422020960209673e-07	-1.263688685649044e-07	4.088487695986642e-08	8.99887220047304e-08	4.8554880703461e-08	-7.134639621092661e-08	-4.873039172722962e-07	8.751068050336287e-08	-1.486091431399348e-07	2.134177102326466e-08	1.755951000333661e-08	-3.31518672770444e-09	-6.331381283795199e-08	-6.179121637355538e-08	-3.962123176131094e-07	1.581806517932103e-07	1.302396327930263e-06	-1.103244063684051e-08	-1.776396400955766e-07	1.381088526286128e-07	6.731047578978457e-07	1.047197545957704	-2.12318536999929e-08	-3.893372218217958e-08	-7.27565906728159e-08	-1.000168748363788e-09	1.323187676727376e-06	2.831996751654894e-08	-1.334042977838311e-07	3.579874744397193e-10	2.783881219134927e-08	1.018268609096765e-07	1.146865816392154e-07	1.047197550551106	2.016078133140825e-08	-6.444468595619263e-08	-1.070145274886142e-07
0.51	5.716017546336897e-08	-1.238638162261779e-06	-8.635986453679336e-08	-5.343763123957578e-07	2.826146114131577e-08	-5.157869564351201e-07	-2.380893431030256e-08	2.007265465412516e-08	0.9690000254135387	-1.182468738479288e-07	-5.342716411735177e-08	-1.64626807897268e-08	-1.302321067972233e-07	1.495073562092637e-06	-8.522151737909226e-08	9.824513101226704e-08	8.659613300037824e-08	1.877741177849258e-07	0.0698050394236123	0.0008896657920663965	0.00205312686601275	0.01732996034600089	-0.03647399191797456	-0.07525496614903374	0.05281475915998763	0.001208226919013392	0.007407238638447014	-0.009986221849908728	0.005181411360269911	-0.004645103854097044	-2.159714213808442e-08	3.902136184142532e-07	-0.004336956620602553	-0.01038009664127273	0.008387137853100787	0.01778426899444903	0.001830540394982094	0.0003528667542352163	0.0002118481665550535	0.0109464882674114	-0.0003485929336322139	-0.003041377168718988	-3.689810817110305e-07	-7.623172922450148e-07	-2.589889111401666e-08	-1.205026788641923e-06	-1.895358466267676e-09	-1.349862367864669e-06	-2.642583413125699e-07	-4.265950975449403e-07	-5.197565956168223e-08	-7.861728074619959e-07	-5.306765610312496e-08	5.338250908635424e-07	0.001136931646944355	-1.594486610844734e-07	0.04435013176182408	7.791110224453199e-07	-0.4187121279267221	-1.195322587822711e-07	-7.137473725276054e-08	4.968202212057847e-07	-2.345786510037829e-09	3.770385191592564e-07	2.583650647462554e-08	4.46616160404356e-07	-1.407286191789447e-07	-9.962129278284832e-07	-1.250231839772478e-07	2.939804891315427e-07	9.0194443346172e-08	7.392208455936747e-09	-7.652884408946882e-08	-5.93207878511757e-07	8.559787814539137e-08	-2.979446368120869e-07	2.155193359965475e-08	2.133758639036601e-08	-4.011003416013461e-09	-8.40744108861659e-08	-6.636997914710214e-08	-5.512540443738088e-07	1.726866029023729e-07	1.743307989091365e-06	-1.309626610239967e-08	-2.602911842913179e-07	1.453635344046544e-07	8.418225005905209e-07	1.047197545721552	-2.876189465279115e-08	-3.957725651093382e-08	-4.935710338653194e-08	1.448445889865953e-08	2.034170684210265e-06	2.664390344138147e-08	-2.324657249224988e-07	6.856682478386668e-10	4.181989309789659e-08	1.029751325269988e-07	9.627354421124617e-08	1.047197550751843	2.484152776831408e-08	-6.539331140441191e-08	-6.846182603043024e-08
0.52	4.854770820350782e-08	-8.947525747130558e-07	-9.019060961028588e-08	-3.092010054852686e-07	2.444760199285374e-08	-4.061950544797163e-07	-2.373033127683664e-08	1.506245249067169e-08	0.9690000249507427	-3.595914678407998e-08	-5.407338496988083e-08	-9.147908709028019e-08	-1.216442468768248e-07	7.612887549669332e-07	-8.421987148670741e-08	1.6861485412453e-07	8.924743391682226e-08	3.400013507735489e-07	0.07082520221512724	-0.002747436937495407	0.001969245238487206	0.007081261184641812	-0.0369740798335442	-0.06736279548839505	0.05288619351555828	-0.1052449983842283	0.007340369217270794	-0.001073224241814057	0.00511481525112414	0.03634580069960076	-1.975800635484168e-08	1.034090462298825e-07	-0.004343638105023135	0.01496649445494901	0.008450075453611186	-0.01105802004961745	0.001838000568017405	0.003069918028695754	0.000256669405001747	-0.03541913892496662	-0.0003508833349078022	0.005058820792843539	-3.762464601502606e-07	-6.886545118645827e-07	-3.544926269609678e-08	-1.047872240530998e-06	-1.230886812700444e-08	-9.798895963265783e-07	-2.691019479498699e-07	-5.114503759622481e-07	-5.803456171462519e-08	-6.022901452147934e-07	-4.793647621975202e-08	6.918435151602759e-07	0.001136930974263294	-7.12922183829167e-08	0.04435014021773277	1.031694160350084e-06	-0.4187121302613589	-3.168799851026154e-07	-6.870425008282751e-08	2.342749814902877e-07	3.562528387455564e-10	3.04129544407513e-07	2.896579976489146e-08	2.598143481391212e-07	-1.478818624121552e-07	-6.408715021794482e-07	-1.252375678990798e-07	-1.417305801054624e-07	9.125828624494029e-08	1.87220736070278e-07	-8.147368263397596e-08	-4.891092348429998e-07	8.390372491575634e-08	-1.71139892902301e-07	2.160518462539065e-08	-1.206151494565514e-08	-4.645273606577917e-09	-6.028899551696913e-08	-6.989546238591086e-08	-2.709313360005158e-07	1.851573267672296e-07	1.106605249369655e-06	-1.470782393988712e-08	-1.286025253602041e-07	1.520684604955386e-07	6.411752698329874e-07	1.047197545508994	-2.037669121744979e-08	-4.040852800208908e-08	-1.000016756254476e-07	2.737034712061677e-08	1.133031060775047e-06	2.542217383632751e-08	-8.883552857498591e-08	9.327337436585068e-10	1.84274881151495e-08	1.039243341138158e-07	7.020469091542396e-08	1.047197551027901	3.673505018593656e-08	-6.64673984456557e-08	-1.14502623674333e-07
0.53	3.963512815406139e-08	-9.006724846810872e-07	-9.326975931130191e-08	-3.028928931165511e-07	2.041573753958237e-08	-3.966292089631025e-07	-2.357114729131602e-08	2.122079612069521e-08	0.9690000245956194	-3.437029477112448e-08	-5.500849598710837e-08	-1.04247420562479e-07	-1.141105707754207e-07	7.420830709909599e-07	-8.246870217231849e-08	2.248746251605993e-07	9.26387938091204e-08	3.256464885615892e-07	0.07184940248195179	0.00962101747704785	0.001918023694321011	0.002059005068331207	-0.03754782771799188	-0.06141783629373916	0.05295828261978385	-0.08472101523093938	0.007418621039513023	-0.01421969990387712	0.005092020112155126	0.03278216881074877	-1.87493473848475e-08	9.326311302599205e-08	-0.004372609468762333	0.01711311854534446	0.008561266255349117	-0.02301251404403969	0.00182778772965405	0.003008848411049715	0.0003581801469329016	-0.03087703646798771	-0.0003618958983333939	0.00491769004961031	-3.830165512563638e-07	-6.024821822977448e-07	-4.589962633103135e-08	-1.028859363999976e-06	-2.202293090416249e-08	-9.21427432236788e-07	-2.742446445298819e-07	-5.121252060703918e-07	-6.410443291088964e-08	-6.425976630002196e-07	-4.098456537620944e-08	7.249739646279019e-07	0.0011369302509898	-8.674721686647041e-08	0.0443501505152591	1.023461781807347e-06	-0.4187121334934262	-3.683900108665105e-07	-6.637837120339583e-08	2.339077264058527e-07	3.419671696976457e-09	3.148231730284907e-07	3.153940644672208e-08	2.442898765245837e-07	-1.542501150085842e-07	-6.365133005965444e-07	-1.267454706201851e-07	-1.913283950004318e-07	9.31947623562148e-08	2.307029130995182e-07	-8.636656247795136e-08	-4.952531141670184e-07	8.218933724916496e-08	-1.853368901847727e-07	2.148665337265406e-08	-9.92363704679751e-09	-5.247754949268826e-09	-6.037160279468753e-08	-7.257606471488956e-08	-2.625487996961177e-07	1.961577271772886e-07	1.086747660078838e-06	-1.598668776306871e-08	-1.279615956191289e-07	1.584624626553573e-07	6.389483186042752e-07	1.047197545306858	-1.918447956971044e-08	-4.140788784942397e-08	-9.921453989024449e-08	3.86514039175254e-08	1.129494824112422e-06	2.453935177886189e-08	-9.26345575048811e-08	1.115197692463863e-09	1.773508242983194e-08	1.046225718171171e-07	6.752181116774814e-08	1.047197551399252	3.977772799175555e-08	-6.761294764344965e-08	-1.162016944680535e-07
0.54	3.074742468707684e-08	-8.800332172156983e-07	-9.634339893443856e-08	-3.108991059804055e-07	1.638744735355413e-08	-4.046099245254726e-07	-2.341344052499899e-08	1.327597588683118e-08	0.9690000242421317	-3.665502853532674e-08	-5.594243151812946e-08	-8.779717065025263e-08	-1.066003288788453e-07	7.538531970008743e-07	-8.07412500432398e-08	1.444460677007185e-07	9.60380140812113e-08	3.485896742178577e-07	0.07284268106335264	0.002288915382355222	0.001901100035855886	0.001752494484385251	-0.03816665291856955	-0.05649035844304791	0.05299234449452438	-0.0204462318253723	0.007386815434764493	-0.01114685610933669	0.005113437752881297	0.01101291109375481	-1.775371487328886e-08	1.033771906919394e-07	-0.004387677401764104	0.008710577568842838	0.008662356707634199	-0.01235815530381842	0.00182580216648625	-0.001269570256281326	0.0003718140889389845	0.01825805309035776	-0.0003683630051531199	0.001502834945658335	-3.898373639392387e-07	-7.21189986099297e-07	-5.635382664135328e-08	-1.057620330404564e-06	-3.174880524069502e-08	-1.001175240979173e-06	-2.79399516103056e-07	-5.232030207152835e-07	-7.016333887036169e-08	-5.881392966512555e-07	-3.404123234200211e-08	6.77581178601099e-07	0.001136929533816737	-6.319422955824667e-08	0.04435016080965175	1.030495866107677e-06	-0.4187121367143125	-2.951201677133297e-07	-6.40603470910655e-08	2.30997198720335e-07	6.487465284111427e-09	3.060916456549948e-07	3.411739729655734e-08	2.656504576118731e-07	-1.605837538373555e-07	-6.296299927565634e-07	-1.282635536021037e-07	-1.315600712773482e-07	9.512167902287634e-08	1.735095811141475e-07	-9.124916471944154e-08	-4.850175911895925e-07	8.048558713430829e-08	-1.613553599605959e-07	2.136757001779991e-08	-1.279047925424392e-08	-5.849362857241216e-09	-6.03421549701228e-08	-7.525322086258526e-08	-2.695520698208742e-07	2.071484035995144e-07	1.104279309873295e-06	-1.72626283594356e-08	-1.274609145709461e-07	1.648500599845556e-07	6.3811042029058e-07	1.047197545104627	-2.086210862102461e-08	-4.240820929945797e-08	-1.000053863327418e-07	4.990837525862154e-08	1.126753576592269e-06	2.366311041469713e-08	-8.417941841493992e-08	1.296492044351642e-09	1.841738314441337e-08	1.05319127932301e-07	7.093299288663906e-08	1.04719755176887	3.556441178767654e-08	-6.875716047505281e-08	-1.125225653382743e-07
0.55	2.205507079468929e-08	-8.722160647486958e-07	-9.950104658289154e-08	-3.136203729093991e-07	1.230140889338682e-08	-4.060298758123435e-07	-2.332178958807792e-08	1.131355748894381e-08	0.9690000238671879	-3.786832034331269e-08	-5.67351240954917e-08	-8.33340032949589e-08	-9.900360629544754e-08	7.555824623202098e-07	-7.971157414906154e-08	1.223185189466209e-07	9.964431583015097e-08	3.556085062101583e-07	0.07386404558121909	0.01416434565149228	0.001906071597820833	0.007306593849200402	-0.03877588539361123	-0.06267455418459318	0.05294901899622782	0.02850444492458585	0.007434642490502657	-0.03106794492590068	0.005157263751915872	-0.01193355322807358	-1.666900267599584e-08	1.065041277935705e-07	-0.004361739894462479	-0.01227593977112441	0.008716303362567016	0.01435372561420551	0.001823399617927583	-0.00170487053826366	0.0003014971800119622	0.04291879601696744	-0.0003610432975060312	-0.004928917644058567	-3.976887407441349e-07	-7.513921269028511e-07	-6.708623865113702e-08	-1.068047097584514e-06	-4.220639116810532e-08	-1.025100022162606e-06	-2.846786113032682e-07	-5.304368399650919e-07	-7.576616793916384e-08	-5.748447819140931e-07	-2.751025381506257e-08	6.641324074405974e-07	0.00113692902522223	-5.627122235222696e-08	0.04435017115196675	1.030018532229147e-06	-0.4187121392965493	-2.7293845158652e-07	-6.176950342560646e-08	2.304792985254581e-07	9.497742339486547e-09	3.069499437399201e-07	3.688049140238268e-08	2.71845963878574e-07	-1.668519046444505e-07	-6.26393030211505e-07	-1.292734445604878e-07	-1.16458634057834e-07	9.655617368834188e-08	1.58115806827837e-07	-9.60489016584724e-08	-4.818202378965432e-07	7.899372284551887e-08	-1.54119526637957e-07	2.122265592971329e-08	-1.341923771340254e-08	-6.451932987221872e-09	-6.057061218006555e-08	-7.798474191037089e-08	-2.708697546589985e-07	2.182826495652693e-07	1.108611057688389e-06	-1.853467284025996e-08	-1.273564911370647e-07	1.712279424022062e-07	6.373578789238204e-07	1.047197544887718	-2.131623449405585e-08	-4.341369986139865e-08	-9.957255107718848e-08	6.115174571360803e-08	1.128597263015489e-06	2.286296463877005e-08	-8.105106711502306e-08	1.484229107503122e-09	1.867280864390858e-08	1.060456735958815e-07	7.198242178520352e-08	1.047197552103544	3.447450822149356e-08	-6.986654944522233e-08	-1.106535914482653e-07
0.5600000000000001	1.333218180160931e-08	-8.670681017859995e-07	-1.026490220934145e-07	-3.169409727984523e-07	8.216501728597644e-09	-4.098177478644739e-07	-2.322518842042559e-08	7.936835683411956e-09	0.9690000234972481	-3.753731192652875e-08	-5.754003253253991e-08	-7.678707203591346e-08	-9.140424885225575e-08	7.621157541013617e-07	-7.861946135704852e-08	8.976747159755562e-08	1.032286774771518e-07	3.639786468938748e-07	0.07481178053568095	0.02313467713940823	0.001876303288676799	0.01286174839786135	-0.03931478807608457	-0.0689012794645923	0.0528898548538747	-0.002177949654436804	0.007477886386680458	-0.01525788776925685	0.005163985518768382	-0.003182892723837917	-1.559310186402899e-08	1.092756433469778e-07	-0.004315399425685135	-0.01160216629880136	0.00872531808448972	0.01973842967572403	0.001825571139817806	-0.0007559322072280619	0.0002341991716717531	0.02268748334135258	-0.0003482579273925851	-0.003969710368754787	-4.054634462598995e-07	-8.074725421163525e-07	-7.778265994527763e-08	-1.077232140597005e-06	-5.259335635730084e-08	-1.058143749551117e-06	-2.899222544897556e-07	-5.276686809157154e-07	-8.140312056531116e-08	-5.514613335681395e-07	-2.094000123698312e-08	6.461009320963095e-07	0.001136928496687919	-4.733459392939315e-08	0.04435018150110315	1.036394325467043e-06	-0.4187121419485255	-2.487458155894211e-07	-5.947807036260903e-08	2.282237676402801e-07	1.249583084561551e-08	2.980864187508174e-07	3.962425867473381e-08	2.794837677588789e-07	-1.731372090807804e-07	-6.256576168675987e-07	-1.30320004362078e-07	-9.105764777120441e-08	9.803160000855281e-08	1.343317604397802e-07	-1.008571259180673e-07	-4.785403305748703e-07	7.747922689313838e-08	-1.455909687916739e-07	2.107874997210498e-08	-1.515462261220915e-08	-7.053113931992014e-09	-6.007136171166768e-08	-8.071404926827497e-08	-2.744014357505593e-07	2.294063098334658e-07	1.115810358176812e-06	-1.980686250130413e-08	-1.270689171449174e-07	1.776092196577213e-07	6.377601283994283e-07	1.047197544672283	-2.195307564009871e-08	-4.442172504268869e-08	-1.010993379838577e-07	7.238197582397689e-08	1.121718073195864e-06	2.205113445885457e-08	-7.924643136211751e-08	1.671266779275096e-09	1.884340323850333e-08	1.067689210318713e-07	7.293305285177687e-08	1.047197552441263	3.279502926784175e-08	-7.098366285013229e-08	-1.108132989551609e-07
0.5700000000000001	4.695056060019558e-09	-8.615388976585067e-07	-1.058332001321089e-07	-3.182430551553026e-07	4.122665897824345e-09	-4.076897941680232e-07	-2.314903306719332e-08	8.380624474083307e-09	0.9690000231177652	-3.846458632614175e-08	-5.829838812134376e-08	-7.709622867455811e-08	-8.379422265034594e-08	7.571390430461605e-07	-7.777666169423995e-08	8.865529974459386e-08	1.068899398563204e-07	3.653523855807266e-07	0.07576672387676547	0.02688158411313116	0.001826516237512884	0.009001349860814693	-0.03984148284093696	-0.06763155261650933	0.05290447700678873	-0.04952467796360176	0.007482612098824512	-0.007514330725370133	0.005120747714277509	0.01487161787061565	-1.449551683487086e-08	1.081267780402977e-07	-0.004301113437080644	0.003092936892178971	0.008763228556693909	0.003324351433170546	0.001828897072230012	0.002112216000353149	0.0002425336038433249	-0.01622029445133787	-0.0003459989856903974	0.001163260730991498	-4.136119294981612e-07	-8.067132948775506e-07	-8.859612714099748e-08	-1.082173241859355e-06	-6.324983813297694e-08	-1.061511946293568e-06	-2.952395163895311e-07	-5.37040464788456e-07	-8.689278652794162e-08	-5.540176828562673e-07	-1.451279193573197e-08	6.453792480255761e-07	0.001136928040997882	-4.693653614367347e-08	0.04435019185737981	1.032557758754936e-06	-0.4187121443782819	-2.454450185240931e-07	-5.719817617768627e-08	2.283632103344574e-07	1.549209663996638e-08	3.042552048810813e-07	4.243608296147152e-08	2.80665754512971e-07	-1.793716783405782e-07	-6.193300481406356e-07	-1.312051066790549e-07	-9.50961952465339e-08	9.934217049260667e-08	1.355062460174112e-07	-1.056393472504235e-07	-4.783965661216804e-07	7.604441520822883e-08	-1.439485212573992e-07	2.092562782895083e-08	-1.485300001905964e-08	-7.655131438109483e-09	-6.042475807100705e-08	-8.34580751836985e-08	-2.734447051964913e-07	2.405694485192927e-07	1.114367131446319e-06	-2.107749167079791e-08	-1.270805582546045e-07	1.839832621010248e-07	6.367187072359678e-07	1.047197544451217	-2.205035075020348e-08	-4.543118247269882e-08	-1.003427632175425e-07	8.360992754520649e-08	1.125417549004493e-06	2.126948338546443e-08	-7.751958583361568e-08	1.860245269341439e-09	1.88166596332757e-08	1.075004656857219e-07	7.284380640371726e-08	1.047197552767038	3.279503012626321e-08	-7.20847644399102e-08	-1.092709765434224e-07
0.58	-3.923215163129007e-09	-8.572729714143111e-07	-1.090090425554896e-07	-3.112378733595721e-07	1.543066573213457e-11	-4.146686772526284e-07	-2.307999141520547e-08	5.241918643255846e-09	0.969000022735691	-3.913210488082332e-08	-5.905196646200071e-08	-7.78051680776469e-08	-7.61898890650104e-08	7.538864872332405e-07	-7.695003832863975e-08	9.334843433609932e-08	1.105644195226531e-07	3.712679522137058e-07	0.07669421723984815	0.03505463887549708	0.001780340289099528	0.002378451881337328	-0.04040306737419014	-0.06184616035298501	0.05296567562789697	-0.04965333595473457	0.007514609569449165	0.003934159139056491	0.00508728105718902	0.01925392182907738	-1.339282709426079e-08	1.107325580655539e-07	-0.004308253408477025	0.01347695668030945	0.008834415878841619	-0.01346583449615425	0.00182673650233672	0.002181606745050909	0.0003091367133499438	-0.02734498064101086	-0.0003501168123234766	0.004225889880158984	-4.218054771243912e-07	-8.212588706363089e-07	-9.943141746500391e-08	-1.093825243476853e-06	-7.389685954120268e-08	-1.043897252760461e-06	-3.00581220120721e-07	-5.475519291436571e-07	-9.235158006654082e-08	-5.424051221812336e-07	-8.107101399815395e-09	6.422561978184542e-07	0.001136927617465768	-2.624758147138062e-08	0.04435020223708397	1.055608659615045e-06	-0.4187121467861223	-2.531935423016611e-07	-5.491869474507012e-08	2.276926793618119e-07	1.847429225016731e-08	2.910875344558048e-07	4.52574230849289e-08	2.817950944958398e-07	-1.855978684894481e-07	-6.19096127097253e-07	-1.320997765116472e-07	-1.096163522085542e-07	1.006403611675958e-07	1.412637985146813e-07	-1.10429414368093e-07	-4.913161004912472e-07	7.462805453814921e-08	-1.356715871223022e-07	2.077484574767756e-08	-1.373147579242389e-08	-8.25798103079277e-09	-6.058876429081566e-08	-8.621375839736414e-08	-2.798048966077409e-07	2.517321685097681e-07	1.106910065615805e-06	-2.235109548132448e-08	-1.294942827937849e-07	1.903521480841929e-07	6.338464500584949e-07	1.047197544227148	-2.408042149266079e-08	-4.644228953345576e-08	-1.027062339796911e-07	9.483527801287741e-08	1.117343031920292e-06	2.049987505181573e-08	-7.325222866740493e-08	2.049864815310143e-09	1.946242801162227e-08	1.082300015281877e-07	7.002688748650184e-08	1.04719755309221	3.379206791115649e-08	-7.318195758251337e-08	-1.085131047029975e-07
0.59	-1.248326695254758e-08	-8.508372798330994e-07	-1.121039121738487e-07	-3.032122816146128e-07	-4.137130593983339e-09	-4.189969612576138e-07	-2.302954033228721e-08	3.675407394535457e-09	0.9690000223477441	-3.910791273043157e-08	-5.983386652746177e-08	-8.131015067058228e-08	-6.867465401105865e-08	7.411598912791088e-07	-7.597241151945243e-08	1.166133242565241e-07	1.142816727923483e-07	3.733000093902323e-07	0.07763668878716234	0.02292926073775264	0.001758858709751016	-0.0005915944592426813	-0.04099584756693971	-0.05495125592121814	0.05300933079467463	-0.01039953978104903	0.007479327186531151	0.003503723345568821	0.005087646245832915	0.006403362605505824	-1.228387294616143e-08	1.109599151525216e-07	-0.004329853163341764	0.01205513411966533	0.008925405014238136	-0.01529417258698771	0.001828224573133539	0.0001483242676689767	0.0003435634054763805	-0.003700505702766032	-0.0003570890292499194	0.003248779086074652	-4.299776618816398e-07	-8.046533306238009e-07	-1.103932933098171e-07	-1.105101639486394e-06	-8.423509392754406e-08	-9.990282898379872e-07	-3.060667457237474e-07	-5.61221352794639e-07	-9.777630590326681e-08	-5.417984954318947e-07	-1.675642794324042e-09	6.498426361391886e-07	0.001136927376821536	-1.097514395226286e-08	0.04435021282459892	1.075897988692566e-06	-0.4187121493379885	-2.69190253625421e-07	-5.26483211697379e-08	2.265944151506058e-07	2.135677036581731e-08	2.807780167122768e-07	4.806521720763773e-08	2.781400639342947e-07	-1.91808717435067e-07	-6.199864762699869e-07	-1.33245136183282e-07	-1.407780445315934e-07	1.020707320708149e-07	1.551969497301928e-07	-1.153730568741078e-07	-5.071937402217081e-07	7.328042624980683e-08	-1.306028364937088e-07	2.063850376526673e-08	-1.252082763636524e-08	-8.86506989012549e-09	-6.106961946781663e-08	-8.902100995038294e-08	-2.85078197557392e-07	2.62781980825801e-07	1.093513404231901e-06	-2.36504388068332e-08	-1.322907083928508e-07	1.966863603437172e-07	6.301408760894449e-07	1.047197543982999	-2.60691462824334e-08	-4.747594295175059e-08	-1.055037218177393e-07	1.05991087391484e-07	1.108296565119742e-06	1.977144296981719e-08	-6.900994835638656e-08	2.245597067153816e-09	1.998327132005613e-08	1.089233355170133e-07	6.590636554431566e-08	1.047197553434112	3.587735125067814e-08	-7.426706978930404e-08	-1.077253031550668e-07
0.6	-2.100348380572171e-08	-8.531512557346395e-07	-1.151114914495644e-07	-2.992658262381715e-07	-8.324096368218131e-09	-4.187630447019605e-07	-2.298832936186626e-08	4.168892743652019e-09	0.9690000219501284	-4.074566785182278e-08	-6.066430945230904e-08	-8.491894791431452e-08	-6.125645319916935e-08	7.418861934999817e-07	-7.478701063442314e-08	1.252211660381191e-07	1.18020243300212e-07	3.745834111078584e-07	0.07858355678215428	0.03330048563742544	0.00175427576468488	0.002206032435184544	-0.04158962734132838	-0.05768264887673089	0.05299717715231129	0.03175454118320614	0.007521257589662005	-0.009234383606188482	0.005112983999722803	-0.01170709656363208	-1.118454960043543e-08	1.105522822984716e-07	-0.004327321038657401	-0.002547841635329927	0.008985403479752888	0.001588628173081637	0.001826043554694281	-0.001167668879357397	0.0003193069578861822	0.0216247534473457	-0.0003553696517527749	-0.001439408898549668	-4.380578338696361e-07	-8.036798304936587e-07	-1.214550796126094e-07	-1.108597958325852e-06	-9.426606047081046e-08	-9.909139904040854e-07	-3.11711388455632e-07	-5.691188513905446e-07	-1.032354285296817e-07	-5.48437205236048e-07	4.809543113917524e-09	6.506098857176826e-07	0.001136927298281431	-2.638757908863921e-09	0.0443502235989669	1.080814094269247e-06	-0.4187121521258445	-2.869042030658782e-07	-5.038307731058709e-08	2.270786136096075e-07	2.417174754522055e-08	2.789278097205975e-07	5.085338368329436e-08	2.782994650594983e-07	-1.97977473428881e-07	-6.133801497018822e-07	-1.347118937779535e-07	-1.541147096004656e-07	1.03696594725061e-07	1.696214334465711e-07	-1.204663698098997e-07	-5.136857178400874e-07	7.197765181217704e-08	-1.286831546629807e-07	2.052339171778615e-08	-1.083078519212479e-08	-9.476708838587503e-09	-6.122847683970425e-08	-9.186576201717454e-08	-2.850589369392534e-07	2.737093702691573e-07	1.085699830841543e-06	-2.497509142603661e-08	-1.333417084670767e-07	2.029848242068072e-07	6.27891584100863e-07	1.047197543721376	-2.676174861627326e-08	-4.852528597887545e-08	-1.056228523205459e-07	1.170952546260522e-07	1.109139914797462e-06	1.908018473012655e-08	-6.806300612690739e-08	2.445644069878562e-09	2.006782453760645e-08	1.095761397742649e-07	6.423442038463903e-08	1.047197553795013	3.679416050806877e-08	-7.534002463926987e-08	-1.071618960490475e-07
0.61	-2.95220722676611e-08	-8.553232831411941e-07	-1.181139115605808e-07	-3.001968746353903e-07	-1.250877713972316e-08	-4.178358751083722e-07	-2.294500760989678e-08	4.56139600735679e-09	0.9690000215586024	-4.126410999329372e-08	-6.149329749635595e-08	-8.49075094783957e-08	-5.384335172480225e-08	7.45476175641589e-07	-7.359319214761288e-08	1.215296779789007e-07	1.217581927660699e-07	3.745633636613e-07	0.07948777488341426	0.04272394719513267	0.001735067093143706	0.005616618847729704	-0.0421439813687036	-0.06216046829946883	0.05296274858360428	0.03542776960429669	0.00754479559058266	-0.002238023627555188	0.005120683976127113	-0.01540382216116787	-1.00862994883418e-08	1.104090289159431e-07	-0.004307646571752054	-0.006959406528727278	0.009008917003562933	0.01095607913127707	0.001826994297492188	-0.001514852404390698	0.000266215768844376	0.02123946213308493	-0.0003482406102416405	-0.002445771536674714	-4.461246580599842e-07	-8.077820584637822e-07	-1.325245224583677e-07	-1.106608963680976e-06	-1.042784396709086e-07	-9.995202336292067e-07	-3.173345167801758e-07	-5.677360875677645e-07	-1.087073721166795e-07	-5.494661777406246e-07	1.127851019121938e-08	6.498578974404668e-07	0.001136927209625862	-3.922873201379885e-09	0.04435023436879092	1.077513301428152e-06	-0.4187121549183603	-2.866979675349927e-07	-4.812871728379646e-08	2.278387191854235e-07	2.697089742602109e-08	2.817838650516647e-07	5.363723040004229e-08	2.790497870575141e-07	-2.041834280955103e-07	-6.103877712239283e-07	-1.361866709226376e-07	-1.494073448601859e-07	1.053163629462835e-07	1.698521022134249e-07	-1.255643903707061e-07	-5.114243076459837e-07	7.067180305561432e-08	-1.293356579746447e-07	2.040806441550036e-08	-1.075969225650879e-08	-1.008937280118043e-08	-6.109834240603442e-08	-9.470888582407217e-08	-2.839298929228378e-07	2.846524093302554e-07	1.086285891676747e-06	-2.629856403065621e-08	-1.32886609255762e-07	2.092888141047808e-07	6.279784711683759e-07	1.047197543460402	-2.646972996838475e-08	-4.957644293601798e-08	-1.049233170846533e-07	1.281994393251614e-07	1.111162063894006e-06	1.838216148203076e-08	-6.883930194023696e-08	2.645816415704084e-09	2.000656304929447e-08	1.10227495976346e-07	6.485794182890709e-08	1.047197554156307	3.647535583341158e-08	-7.641524401363714e-08	-1.070947570535063e-07
0.62	-3.804491625221283e-08	-8.538427626922799e-07	-1.211019716413142e-07	-3.015476864535998e-07	-1.669391300151942e-08	-4.173850336871053e-07	-2.290064178375263e-08	4.865257264485505e-09	0.9690000211600166	-3.908656941092341e-08	-6.233775801223908e-08	-8.28817499664629e-08	-4.64355065501977e-08	7.439687090818651e-07	-7.235707145638565e-08	1.183977805617932e-07	1.25501066862776e-07	3.73459958649379e-07	0.08039895812792745	0.04689244413389514	0.001699445970373041	0.008014772223207844	-0.04268466718014888	-0.06492455166672562	0.05293455828771305	0.003387817189396325	0.007575001365683948	-0.001233262611059303	0.005110396247818235	-0.003505442860243524	-8.988079420241043e-09	1.101623458188305e-07	-0.004294673878191549	-0.002664092742161431	0.009031407842103763	0.007642002788992649	0.001826434787275246	0.0004061820350993892	0.0002453188594347743	-0.002895559658430774	-0.0003434131288536566	-0.0005766361380275573	-4.541804581987001e-07	-8.071102178586739e-07	-1.43609206315212e-07	-1.105975776824945e-06	-1.142408270091794e-07	-1.003288033308076e-06	-3.230026427584094e-07	-5.595880467521029e-07	-1.142032814938955e-07	-5.495657280057584e-07	1.775293806776305e-08	6.446767722177246e-07	0.001136927160352353	-1.085566534191281e-08	0.04435024516376258	1.073340852816815e-06	-0.4187121577852643	-2.800843541733017e-07	-4.58718313684985e-08	2.251295481000536e-07	2.975260480389923e-08	2.789357139207234e-07	5.642272424641059e-08	2.786897776393625e-07	-2.10364196028941e-07	-6.224538125362312e-07	-1.377242979335268e-07	-1.446511295730799e-07	1.069979079779596e-07	1.616158973819819e-07	-1.30692666478144e-07	-5.084029161827414e-07	6.937661491474638e-08	-1.313690025545853e-07	2.029999761672267e-08	-1.147062185092778e-08	-1.070293496683559e-08	-6.128356779759059e-08	-9.755419739723037e-08	-2.831933450655976e-07	2.955605964205473e-07	1.095403504238171e-06	-2.762848590635321e-08	-1.321055185963079e-07	2.155831659270406e-07	6.308280967913164e-07	1.047197543195725	-2.588119443318171e-08	-5.0629861712605e-08	-1.05118370990147e-07	1.393075025894611e-07	1.112132073973421e-06	1.769278179822517e-08	-7.06889344192386e-08	2.846066424926994e-09	1.989864011812268e-08	1.108716372917939e-07	6.552980814853407e-08	1.047197554522392	3.605081717757908e-08	-7.748872853005173e-08	-1.079852671155382e-07
0.63	-4.656544833773731e-08	-8.485725865176831e-07	-1.241247116156181e-07	-3.023768316069491e-07	-2.087114432906645e-08	-4.22066278929996e-07	-2.285335049993564e-08	3.025122143517986e-09	0.9690000207901295	-3.535368021386965e-08	-6.314609851637827e-08	-8.047846472302207e-08	-3.901407057641691e-08	7.362026695318427e-07	-7.117385557294877e-08	1.31620980611962e-07	1.292300034575045e-07	3.725179570134189e-07	0.08131166280899892	0.04556735693463369	0.001651182191315948	0.002180877846010268	-0.0432104438607646	-0.05671720690624812	0.05300263655766212	-0.0477863113284216	0.007555916192840563	-0.002850446163050528	0.005066690396816061	0.01623374126087662	-7.882374932735343e-09	1.115191180391428e-07	-0.004308258475558432	0.008116907102688227	0.009084626343578255	-0.006664363356671629	0.001825229537749209	0.001818382362800586	0.0002909995111394438	-0.02137116441901051	-0.0003470071820552475	0.002900553994849724	-4.622039370247102e-07	-7.882839563259576e-07	-1.546763409132453e-07	-1.112366577845219e-06	-1.242042027292905e-07	-9.63649626023042e-07	-3.285160274581372e-07	-5.480879298804247e-07	-1.196790350345326e-07	-5.419796684764679e-07	2.418296146976842e-08	6.495243530203542e-07	0.001136927002867431	-1.317453409751068e-08	0.04435025588362065	1.083418903091213e-06	-0.4187121605024878	-2.69508410766021e-07	-4.364138691438194e-08	2.223004147086122e-07	3.250846732091034e-08	2.713628160116578e-07	5.919168424928423e-08	2.722777547245811e-07	-2.166968402205244e-07	-6.410707263059768e-07	-1.391366623585364e-07	-1.548750551509999e-07	1.085327255410599e-07	1.499434174964546e-07	-1.357666271419143e-07	-5.128513940167748e-07	6.805181486321854e-08	-1.323132316127461e-07	2.017541184094685e-08	-1.315754306383668e-08	-1.131697286614162e-08	-6.149711285109558e-08	-1.003904926089896e-07	-2.874289715198331e-07	3.065621779408437e-07	1.093900135941467e-06	-2.894444423238964e-08	-1.322741600891621e-07	2.219077163129944e-07	6.304211275648582e-07	1.047197542939388	-2.646474027871405e-08	-5.168959818796331e-08	-1.085628672822748e-07	1.504072720266704e-07	1.098936315394613e-06	1.697137633645147e-08	-7.126270893686139e-08	3.045671709841131e-09	2.040318913149432e-08	1.115298851589054e-07	6.366943254840439e-08	1.047197554880942	3.643232184783975e-08	-7.857612790809911e-08	-1.089660011564617e-07
0.64	-5.516058448480911e-08	-8.626263493730004e-07	-1.270299556800697e-07	-3.110969432116914e-07	-2.507428020331508e-08	-4.147000359482223e-07	-2.28068121754989e-08	5.59596758358921e-09	0.9690000203420004	-3.967944603913215e-08	-6.408486547548309e-08	-8.075912202072705e-08	-3.155607697203524e-08	7.581071153427715e-07	-6.969669295801484e-08	1.120247306413693e-07	1.330082250654912e-07	3.720242288111864e-07	0.08221529183687384	0.06045477292744818	0.001625036823640076	-0.001697922059348897	-0.04378549080054916	-0.05372599521119418	0.05304821477821224	-0.02510824410363803	0.007598421530295898	-0.01466466743124839	0.005052448278419441	0.009829213032470927	-6.79164253633433e-09	1.136186324364495e-07	-0.004335696786790874	0.0007718217147466307	0.009160549711287842	-0.00200343327407377	0.001819604752602691	0.0003720417023673731	0.0003332312808606037	0.00431347871616912	-0.000353877893043216	9.285637396547414e-05	-4.702559898617878e-07	-8.045400192565792e-07	-1.658424052798294e-07	-1.099656146311974e-06	-1.339107662134963e-07	-1.002656182812215e-06	-3.343826970239862e-07	-5.451124997466017e-07	-1.252926066857229e-07	-5.488656608293746e-07	3.074460481676679e-08	6.459895261218534e-07	0.001136927195362257	-1.987145057462515e-08	0.04435026684778599	1.059731359713696e-06	-0.418712163809269	-2.670543260036254e-07	-4.133947610655181e-08	2.276692057616205e-07	3.528736147733764e-08	2.8170227692717e-07	6.196886693853087e-08	2.779079421905641e-07	-2.226389539858358e-07	-6.216757617828453e-07	-1.410240891789259e-07	-1.231026722779132e-07	1.105988098728942e-07	1.506759436689515e-07	-1.410561716881416e-07	-4.99660873805857e-07	6.68034314257757e-08	-1.34428444032189e-07	2.011015172343244e-08	-1.299680163445706e-08	-1.193120424005339e-08	-6.074338731730678e-08	-1.032467121523504e-07	-2.804748777952315e-07	3.172131309091843e-07	1.091036808128055e-06	-3.030114318875093e-08	-1.307896507748906e-07	2.28123847747027e-07	6.296033252906532e-07	1.047197542654699	-2.519571308448034e-08	-5.274851323229043e-08	-1.057402148029817e-07	1.615061558812599e-07	1.111214388176713e-06	1.631220285849953e-08	-7.342353604254582e-08	3.250373456299063e-09	1.965909638319317e-08	1.121313058809995e-07	6.777521263222416e-08	1.047197555268589	3.525084388137319e-08	-7.963040442525206e-08	-1.095363079125745e-07
0.65	-6.370193839669937e-08	-8.684538137176351e-07	-1.299300769069149e-07	-3.068438989993506e-07	-2.929863939034791e-08	-4.112335416036352e-07	-2.276893727451897e-08	7.719321768567935e-09	0.9690000199133924	-4.14421909492099e-08	-6.501102403342893e-08	-8.266146754724632e-08	-2.417622661163954e-08	7.695521419245852e-07	-6.818634177415285e-08	9.541969512631511e-08	1.367799508127375e-07	3.743422993532705e-07	0.08311339476167402	0.06841729535247625	0.001605071855260434	-0.001184413177931378	-0.04435604605257785	-0.05583299983998827	0.05303569820118617	-0.0109825091611038	0.007595522410198465	-0.02594621017328838	0.005070253230779333	0.004074247111895528	-5.704794659896652e-09	1.093210945732702e-07	-0.004336674441174393	-0.01313574845200418	0.009201150690887278	0.01811182950630486	0.001823074260957212	-0.001314632795755163	0.0002779058117777813	0.03192161808555561	-0.0003509671208521594	-0.004253034425142304	-4.782519292297175e-07	-8.350428475774035e-07	-1.770330301472739e-07	-1.091571872915785e-06	-1.435267161699073e-07	-1.053545957535471e-06	-3.402365939601406e-07	-5.44636588914191e-07	-1.308707596810263e-07	-5.574411095573997e-07	3.73061234890173e-08	6.413293644006446e-07	0.001136927371815084	-2.051124029817373e-08	0.04435027786302658	1.051249870523112e-06	-0.4187121670683472	-2.785053094881609e-07	-3.906072577412545e-08	2.29623560172033e-07	3.803434521814482e-08	2.963962573672139e-07	6.473194421314579e-08	2.8253974626791e-07	-2.286759998954836e-07	-6.057582866539177e-07	-1.429720390585582e-07	-1.122210715370438e-07	1.126057210091548e-07	1.645587387304026e-07	-1.463612367054742e-07	-4.93625817408891e-07	6.55526246052497e-08	-1.361594409760896e-07	2.003868302621338e-08	-1.102141482555186e-08	-1.25477459023871e-08	-6.051633797222552e-08	-1.061212580492165e-07	-2.742411224159196e-07	3.279044108552698e-07	1.099911552157311e-06	-3.165948052176763e-08	-1.287723511000108e-07	2.343512449808513e-07	6.319580237102961e-07	1.047197542368704	-2.382230941656555e-08	-5.381690534569539e-08	-1.012883474370824e-07	1.725620826612695e-07	1.124342186084646e-06	1.565770703610243e-08	-7.766473037435488e-08	3.456364235645323e-09	1.963535633879703e-08	1.127241548412858e-07	6.984487880402175e-08	1.047197555657108	3.394217435613327e-08	-8.068689253676902e-08	-1.081564962868085e-07
0.66	-7.247938278010457e-08	-9.63465381831141e-07	-1.329491542314335e-07	-3.009272746062412e-07	-3.336614815063125e-08	-4.246125682571483e-07	-2.264418873552719e-08	1.082611802431946e-08	0.9690000195227795	-4.621504314913867e-08	-6.587166557438405e-08	-8.130220487681942e-08	-1.627292681336148e-08	8.964177002796594e-07	-6.712258682846595e-08	1.164198808183117e-07	1.406890803920189e-07	4.047747704973691e-07	0.08399216423494549	0.09616054823623789	0.001575267159924817	0.003406315926129295	-0.04489077276944251	-0.0619045060599258	0.05301297139217257	-0.04598028868393728	0.007655133218838741	-0.03097193150343602	0.005082714870266218	0.01502184555933978	-4.575990356733177e-09	1.2515481894646e-07	-0.004309979148355083	-0.01481321316568828	0.009197155362999183	0.02446337615293236	0.001822550553983653	0.0008635535968890318	0.0002226350919463179	0.006783602403924048	-0.0003400736232905584	-0.003988906600645091	-4.867087188015447e-07	-8.674295992094081e-07	-1.876616864191575e-07	-1.069918718983986e-06	-1.536693253311591e-07	-1.015607275935688e-06	-3.453404532836817e-07	-3.998404037669354e-07	-1.367236651930074e-07	-5.773505279264915e-07	4.400079081343853e-08	6.040750537131874e-07	0.001136927011656442	-5.026045419009246e-08	0.04435028838686095	1.064696737902177e-06	-0.418712169941846	-3.19922444682761e-07	-3.685314457620043e-08	2.189861180712937e-07	4.117773339410306e-08	3.460114384633982e-07	6.759849841989497e-08	3.034761392900447e-07	-2.344826277268286e-07	-5.080100126277914e-07	-1.439754537818111e-07	-4.233978965021745e-08	1.143917938960906e-07	1.535034554343874e-07	-1.512789001098914e-07	-4.829214889494948e-07	6.416043001432637e-08	-1.570259748627755e-07	1.990952675201675e-08	-2.415126164295109e-08	-1.316575954734433e-08	-6.27415865838205e-08	-1.086249975160997e-07	-2.666046924136459e-07	3.386786715827011e-07	1.072208680148683e-06	-3.294864704827985e-08	-1.314814581901144e-07	2.40618891295407e-07	6.288508603799154e-07	1.047197542134403	-2.573801534664984e-08	-5.487983176491095e-08	-1.074675817773527e-07	1.834898429035266e-07	1.087241401035982e-06	1.472303249100443e-08	-1.103010871610529e-07	3.660647790915416e-09	2.011089668774246e-08	1.133833670043426e-07	6.47516306127607e-08	1.047197556002045	3.254271023058445e-08	-8.180173615379941e-08	-1.044488587220833e-07
0.67	-8.144161448179473e-08	-9.684107295640161e-07	-1.359085931141155e-07	-2.902210810535657e-07	-3.737312189841352e-08	-4.016841877686033e-07	-2.242416664190895e-08	2.96825113818162e-08	0.9690000192131912	-3.172517483822485e-08	-6.679593943401631e-08	-9.563655548148649e-08	-7.9033902030019e-09	9.476969755278462e-07	-6.582301228522139e-08	1.525534698504871e-07	1.450129919315075e-07	4.693615387450888e-07	0.08481391821579774	0.116389256726442	0.001530268203975049	-0.007655845616341028	-0.04539112460140522	-0.05175266597414682	0.05312028271058305	-0.08669563648917064	0.007652813148872395	-0.01041413998642392	0.005023214860687335	0.02935399764868653	-3.341379343787723e-09	1.394239220025235e-07	-0.004319255449972537	0.003139145912313931	0.009222140695383008	0.002996736461643156	0.001819446841314837	0.002205291452594318	0.0002659838923722419	-0.02526094347626373	-0.0003419957862665354	0.001827160777011572	-4.954463411538443e-07	-9.082193008297975e-07	-1.974817961861688e-07	-9.41120286088183e-07	-1.625865855615952e-07	-8.347244622569176e-07	-3.49508200774279e-07	-2.824883480185712e-07	-1.431575222014181e-07	-6.877388798200834e-07	5.122113378456571e-08	7.442085394559962e-07	0.001136926267710111	-1.103196117664894e-07	0.04435029903949674	1.072365691295602e-06	-0.4187121730618281	-3.3931116530381e-07	-3.488841648813199e-08	1.847920995857608e-07	4.466524085918362e-08	4.026323682354057e-07	7.060585792608864e-08	3.136697376620441e-07	-2.397167861954217e-07	-4.389053636337524e-07	-1.44708899619958e-07	9.150555888438679e-10	1.164431634299226e-07	2.208211252237693e-07	-1.562066751477544e-07	-4.861363400648889e-07	6.269065801878492e-08	-1.635011263332316e-07	1.970211425547596e-08	-2.975818246249332e-08	-1.382019990469099e-08	-6.852342503522384e-08	-1.105740774425329e-07	-1.617110530796611e-07	3.490284165428065e-07	9.956036553943915e-07	-3.424353058997956e-08	-1.320251407191287e-07	2.468278341940442e-07	6.164620316770607e-07	1.047197541899856	-2.392125873122166e-08	-5.613319782546034e-08	-1.3464622297004e-07	1.935554220519053e-07	9.544817633583218e-07	1.338787895161573e-08	-1.7413421857159e-07	3.886163512896395e-09	2.422114698939232e-08	1.139355846025617e-07	4.866269909391065e-08	1.047197556359901	3.552072962818432e-08	-8.30069036172538e-08	-1.248839870970819e-07
0.68	-9.168793516059781e-08	-1.086087125529153e-06	-1.389131867843109e-07	-2.98248851955133e-07	-4.162664269775851e-08	-4.262045951215191e-07	-2.223079968391075e-08	2.836205674274232e-08	0.9690000188077129	-3.499680835909196e-08	-6.763400230681376e-08	-8.703891215322994e-08	2.124124647375085e-09	1.109967542827614e-06	-6.444996805898298e-08	1.623338031530224e-07	1.49541379933208e-07	4.996427357434192e-07	0.08565745555691016	0.1248085555397009	0.001502352985128357	-0.01711805301353865	-0.04590921445770887	-0.03568058102545871	0.05326501045906713	-0.03303491328357998	0.007651083685128669	-0.01915126825711479	0.004946510354398984	0.008495060494220686	-1.868223924629327e-09	1.662050041098915e-07	-0.004362881158425396	0.00195853618195185	0.009303506739934365	-0.001163620516548529	0.001815276846215951	0.001514189681680897	0.0003336943580433033	-0.005872800277864421	-0.0003537137869232163	0.0008047629984452537	-5.044533764030243e-07	-9.400380580595e-07	-2.074356540634276e-07	-9.221573825641196e-07	-1.716827907658919e-07	-8.051292773619995e-07	-3.518703207255565e-07	-7.778643148136984e-08	-1.494233030504553e-07	-6.798205819641117e-07	5.762767703766725e-08	6.834039133643225e-07	0.001136925278920338	-1.463305647887054e-07	0.04435030988630653	1.101257307182563e-06	-0.4187121764520357	-3.601737107099428e-07	-3.288741497429007e-08	1.803138702597955e-07	4.867187310539617e-08	4.555587029584259e-07	7.379547602378185e-08	3.331002659177565e-07	-2.439628694513127e-07	-3.378280129066926e-07	-1.442787117112133e-07	1.207503804561828e-07	1.181315668430886e-07	1.865986304657434e-07	-1.610116585740275e-07	-4.771293083014566e-07	6.094471918512049e-08	-1.920335290645227e-07	1.93382240103862e-08	-4.826087467745396e-08	-1.449110680235691e-08	-7.113791989408953e-08	-1.127352564983521e-07	-1.646326076435249e-07	3.593938160336632e-07	9.984853815248706e-07	-3.557671113797751e-08	-1.355830509030216e-07	2.531262487336626e-07	6.293743525917984e-07	1.04719754163951	-2.642549612232687e-08	-5.740258247132223e-08	-1.451506810522047e-07	2.035583354407205e-07	9.178138963872609e-07	1.175937750164032e-08	-2.144900323844239e-07	4.112412960425759e-09	2.512544251780348e-08	1.144893775021092e-07	4.61329717175026e-08	1.047197556685528	3.271585271454367e-08	-8.416042119798324e-08	-1.257091849489242e-07
0.6900000000000001	-1.029721298448568e-07	-1.137340208489532e-06	-1.419219929614875e-07	-3.018107652679583e-07	-4.60003890059087e-08	-4.417653902137219e-07	-2.198960301962045e-08	2.090005704227589e-08	0.9690000183814481	-4.729148249574498e-08	-6.845330629465426e-08	-7.950420609125859e-08	1.366969166150967e-08	1.156433339015703e-06	-6.286941068593769e-08	1.528224083392731e-07	1.544524019721244e-07	4.787555033394843e-07	0.08642828242997262	0.1483024915399292	0.001464480338367647	-0.01322071987651845	-0.04643275917435587	-0.04504222699988217	0.05320606647693917	0.04475422203811141	0.00770887844015981	0.000489651346622985	0.004955770018255531	-0.01646273634830738	-1.745215554231273e-10	1.667925891876719e-07	-0.004356517665377723	-0.01360364155297676	0.009334439219689839	0.02029222750887447	0.00181555855632378	-0.0027970899877665	0.0002866360513280668	0.03487421294263696	-0.0003486446542658339	-0.00442095734582671	-5.138755230821021e-07	-9.373775379644787e-07	-2.170411957193788e-07	-9.91316135122912e-07	-1.802853927414283e-07	-9.045976229099947e-07	-3.523938755061294e-07	-7.019069670195259e-08	-1.559612410829423e-07	-6.34486177779076e-07	6.395673951086962e-08	6.037697999848369e-07	0.001136923881983494	-1.279949254846127e-07	0.04435032088910836	1.09578794592663e-06	-0.4187121800940253	-3.641936033461557e-07	-3.098211137630334e-08	1.985925931732582e-07	5.329239509819083e-08	4.557803028351246e-07	7.71457580631673e-08	3.333627264278132e-07	-2.471618569063553e-07	-3.259678092824855e-07	-1.427882690011038e-07	1.46301055681079e-07	1.197727313499202e-07	1.522414052696835e-07	-1.657269428413451e-07	-4.694403330539721e-07	5.895629409413604e-08	-1.988370906828709e-07	1.882931127286593e-08	-4.981089738724614e-08	-1.519324786692601e-08	-6.90312883965587e-08	-1.146768463192446e-07	-2.161867981294451e-07	3.695063250103264e-07	1.021723954623792e-06	-3.694645476102627e-08	-1.373313153275061e-07	2.59455529549529e-07	6.337215192720368e-07	1.047197541364595	-2.791948576714915e-08	-5.877836391230244e-08	-1.304433357896316e-07	2.130787177539338e-07	9.825848414244868e-07	9.671485204799173e-09	-1.970178852180768e-07	4.35514650416117e-09	2.340533926668347e-08	1.14990911441933e-07	5.348270480069264e-08	1.047197556996549	3.040687727826308e-08	-8.534931729274509e-08	-1.137258136059072e-07
0.7000000000000001	-1.144349013397039e-07	-1.158952422828977e-06	-1.449468008840697e-07	-3.032957815090498e-07	-5.044675661173392e-08	-4.489213976501329e-07	-2.179264716428487e-08	1.745318161220731e-08	0.9690000178917282	-5.240680224989346e-08	-6.923459957901749e-08	-7.6039178622868e-08	2.531963963623387e-08	1.174863710251654e-06	-6.135155866905677e-08	1.493692065089949e-07	1.592154099936679e-07	4.694261616950117e-07	0.08721710442044446	0.1516877038768622	0.001425202998290971	-0.004402992937492978	-0.04695013833844112	-0.0579240634908976	0.05310624221613044	0.07812503000453533	0.007711620840398889	0.01439276082069381	0.005002085291617808	-0.02690212253910462	1.50088404078927e-09	1.67159243604764e-07	-0.004329893618476559	-0.01135499830370659	0.009320154681163676	0.02303642341647109	0.001821256797651495	-0.001511904527231936	0.0001930970597591368	0.009301386778723296	-0.0003381553480837605	-0.003019268021875274	-5.232406832272344e-07	-9.345167550724336e-07	-2.270554346386339e-07	-1.022523600257574e-06	-1.894744934725511e-07	-9.491290592850887e-07	-3.530520764597226e-07	-6.771659884109466e-08	-1.622316670079905e-07	-6.134215698212506e-07	6.987171963747348e-08	5.689504414766382e-07	0.001136922624164748	-1.193873745421547e-07	0.044350331851934	1.094856079599441e-06	-0.4187121837343248	-3.648022998090451e-07	-2.897033132956136e-08	2.0656496248962e-07	5.785988191017452e-08	4.557574150276153e-07	8.048039346438438e-08	3.330401902241383e-07	-2.503903327732826e-07	-3.211657287281965e-07	-1.412702447780525e-07	1.558792434282597e-07	1.212328928095095e-07	1.35959873799877e-07	-1.704113245792416e-07	-4.666267128049594e-07	5.695444642788798e-08	-2.016110226948242e-07	1.832510734751763e-08	-5.065880547413501e-08	-1.588050214218988e-08	-6.798355284675207e-08	-1.169125236696721e-07	-2.386687238132081e-07	3.797564802777851e-07	1.031193566466644e-06	-3.832309031489232e-08	-1.381761102403052e-07	2.657999742790086e-07	6.351141340383564e-07	1.047197541082899	-2.859016004471484e-08	-6.006202225078732e-08	-1.236129834024089e-07	2.229854554234349e-07	1.009599289067492e-06	7.721538171624646e-09	-1.888681301510803e-07	4.586826346384553e-09	2.260040429443288e-08	1.15535194915433e-07	5.649190609998768e-08	1.047197557297086	2.946783656032364e-08	-8.646930267984253e-08	-1.083409300578603e-07
0.71	-1.262457208230896e-07	-1.201687291189913e-06	-1.479951382899682e-07	-3.060541005205957e-07	-5.501402210394766e-08	-4.634061818408962e-07	-2.166081337613712e-08	9.837060257019748e-09	0.9690000173054899	-6.374970815867705e-08	-6.9957435958716e-08	-6.915246322509958e-08	3.723430978689826e-08	1.208499626935587e-06	-5.99089392259346e-08	1.409724759833814e-07	1.637766750477535e-07	4.462173180807111e-07	0.08793615212392288	0.1155904613280708	0.001380107087380165	-0.002357886830205805	-0.04744211993944134	-0.05672716793944917	0.05306858465957766	0.06439125955050146	0.007709688579107539	0.0679040249294178	0.005028903778013169	-0.02039946097067596	3.164302156719146e-09	1.660887478463107e-07	-0.004317284058365359	0.01777504266369772	0.009316721652081309	-0.01371676372007381	0.001814927784067152	-0.0001741714217360043	0.0002347410978788759	-0.04716299028207828	-0.000334451583372151	0.006454590927071787	-5.325413615447694e-07	-9.275728317090373e-07	-2.376656902037353e-07	-1.091882851450604e-06	-1.995207298389649e-07	-1.048908612922023e-06	-3.537728084658643e-07	-7.164268779297185e-08	-1.681104731111979e-07	-5.677327622876262e-07	7.513367434502651e-08	4.913339074160055e-07	0.001136921552624203	-9.808591786568584e-08	0.04435034277808186	1.091120053415868e-06	-0.4187121874059772	-3.695144352453747e-07	-2.68039546974122e-08	2.245264042482114e-07	6.238772391852393e-08	4.519527554335031e-07	8.380456931872435e-08	3.32196655681733e-07	-2.535881932884202e-07	-3.158122592258739e-07	-1.396483359821564e-07	1.694189613821785e-07	1.224103769653696e-07	1.025218319604186e-07	-1.750458402726991e-07	-4.606785070362514e-07	5.491222726178932e-08	-2.068622588161312e-07	1.78158455078153e-08	-5.155893847429638e-08	-1.65469240255736e-08	-6.557925407750132e-08	-1.195842889812892e-07	-2.897662492232161e-07	3.901958197165681e-07	1.053069693505585e-06	-3.971351496299272e-08	-1.398673308321594e-07	2.721678388346796e-07	6.379175158135162e-07	1.0471975407892	-3.004869922050158e-08	-6.121160026792565e-08	-1.080309489263753e-07	2.334300023171374e-07	1.071641783771771e-06	5.948620998884549e-09	-1.688307473616352e-07	4.801944384735368e-09	2.065240926174247e-08	1.161388784465294e-07	6.33493947580628e-08	1.04719755758089	2.747647371881904e-08	-8.74867934643548e-08	-9.634360159005775e-08
0.72	-1.382493892657419e-07	-1.209863396044483e-06	-1.510549427200982e-07	-3.065615774827895e-07	-5.96489032243961e-08	-4.673065417093364e-07	-2.156508614869384e-08	7.235500806445262e-09	0.9690000166644103	-6.764507596570621e-08	-7.064753568054286e-08	-6.706738969071489e-08	4.929160718664832e-08	1.210933257455387e-06	-5.850416189134632e-08	1.374800549364733e-07	1.682231309767123e-07	4.363553930023487e-07	0.08875929455552342	0.062646143009173	0.001371695038736875	-0.01219499384482476	-0.04797030893677461	-0.03928612263575622	0.05314832375417998	0.08216040953560461	0.007600935067205517	0.06592937745201582	0.004993675581587711	-0.02892933923775463	4.816878056507618e-09	1.638318873915879e-07	-0.004382580156677065	0.03064969201317333	0.009407393041395188	-0.03930828316770311	0.001809669358892052	-0.0003427045883844854	0.0003396585991555968	-0.04089530329439152	-0.0003541502947099311	0.009616612731940538	-5.418105287115323e-07	-9.241248708078415e-07	-2.486168779036617e-07	-1.117787808497061e-06	-2.100542818059985e-07	-1.085758051667872e-06	-3.545455371794779e-07	-8.608413577258396e-08	-1.737713787259911e-07	-5.520023940460994e-07	8.003512373022734e-08	4.680255283601713e-07	0.001136920588291584	-8.854652644069305e-08	0.0443503536780806	1.087286891935532e-06	-0.4187121910921749	-3.689522739520809e-07	-2.455190462336448e-08	2.309465332939614e-07	6.689272239782488e-08	4.47497408689065e-07	8.71206596531831e-08	3.306650554622324e-07	-2.567671674323004e-07	-3.193112008205377e-07	-1.379794872373923e-07	1.670547432078897e-07	1.234282819518111e-07	9.226467860626838e-08	-1.7965140746653e-07	-4.587845890138397e-07	5.284944815091022e-08	-2.068596646199239e-07	1.730418436402488e-08	-5.08016809325031e-08	-1.720096184714854e-08	-6.454892123199185e-08	-1.225002837036009e-07	-3.076067926514157e-07	4.00734714333213e-07	1.060772260218132e-06	-4.111188435531584e-08	-1.402349376246821e-07	2.785448543804845e-07	6.381511190756941e-07	1.047197540488774	-3.0417137902557e-08	-6.228353030738507e-08	-1.019434710838567e-07	2.441839043949533e-07	1.097011946581699e-06	4.279082587236658e-09	-1.59123984855073e-07	5.007680893139167e-09	1.995434393297723e-08	1.167760715293206e-07	6.603603439770013e-08	1.047197557855522	2.691870961748612e-08	-8.844472628434839e-08	-9.187409361795896e-08
0.73	-1.508187247803382e-07	-1.194610034220652e-06	-1.541736606342019e-07	-3.060158971681102e-07	-6.448270505536159e-08	-4.60420450334046e-07	-2.156640439314658e-08	1.094387104987736e-08	0.9690000158909208	-6.278706810762157e-08	-7.124182587606808e-08	-7.051603094399692e-08	6.183660160708312e-08	1.199556368693056e-06	-5.722562724801205e-08	1.427217850291873e-07	1.724147883944355e-07	4.47071460741676e-07	0.08957560419447613	0.08345733651915607	0.001349542027603703	-0.01368422444110557	-0.04847225406123013	-0.03844257807927363	0.05317651232269124	0.1224384371768799	0.007659046763934231	0.04640586317280897	0.004968597633823673	-0.04578650436000906	6.479527200693652e-09	1.64664555221937e-07	-0.004405940326501381	0.01066860166729755	0.009466406996606419	-0.01738602660494898	0.001804204588457951	-0.002464897956131682	0.0003486109314323602	0.006847087268537333	-0.0003586948119847952	0.002797350626413674	-5.510237988725832e-07	-9.283037408374725e-07	-2.603382022787542e-07	-1.085507625366223e-06	-2.216846086620806e-07	-1.039669364625871e-06	-3.552145298960343e-07	-8.032788562883982e-08	-1.788533577435857e-07	-5.739719068828503e-07	8.390783556187954e-08	4.979294770977238e-07	0.001136919842102941	-9.868318295125947e-08	0.04435036455893314	1.089182727103055e-06	-0.418712194847614	-3.726838274642771e-07	-2.209756550781369e-08	2.224442208179694e-07	7.135416729778236e-08	4.498521034375136e-07	9.0458928840934e-08	3.329212057230731e-07	-2.598389884042539e-07	-3.179027453009453e-07	-1.36063614619861e-07	1.596934067808718e-07	1.239931723070604e-07	1.062234775446518e-07	-1.841798088904948e-07	-4.621194029977473e-07	5.07041926520239e-08	-2.053731376044119e-07	1.676203816504604e-08	-5.151970591988635e-08	-1.782991282847594e-08	-6.554589266634142e-08	-1.260392900532727e-07	-2.841528934028044e-07	4.115875991205811e-07	1.045767433336431e-06	-4.252897619294453e-08	-1.398395381247425e-07	2.849869683489407e-07	6.351212408890622e-07	1.047197540168	-3.00149644153892e-08	-6.319864246588748e-08	-1.089744823527938e-07	2.556414556813279e-07	1.064436015245869e-06	2.82039438161336e-09	-1.69084873903145e-07	5.191060554426889e-09	2.059364447416907e-08	1.174948792490501e-07	6.204533702188953e-08	1.047197558102675	2.788865584246636e-08	-8.926175145729871e-08	-9.652311258371753e-08
0.74	-1.638365085697102e-07	-1.349043503484321e-06	-1.573175046131397e-07	-3.239820290601497e-07	-6.939404835348795e-08	-5.113247535765964e-07	-2.157252036807507e-08	-1.190647902498209e-08	0.9690000150876495	-9.283573563613845e-08	-7.180852153436561e-08	-4.564055236333203e-08	7.497568182026953e-08	1.349530510066859e-06	-5.592593265638679e-08	1.117341723917588e-07	1.766965659961625e-07	4.012063410555228e-07	0.09035883287379146	0.09468289539570034	0.001301872807837805	-0.01088986398287554	-0.04893587792039483	-0.04677578178371697	0.05312125426000074	0.1467997407382522	0.007659233590422493	0.0425439528226685	0.004965090154878456	-0.05413291577937664	8.23299620927746e-09	1.771248333033571e-07	-0.004394766343015099	-0.00274774347886214	0.009479614701208807	0.00480777900019488	0.001813605398992756	-0.003533939063746099	0.000268314963648059	0.02752995954295876	-0.0003517075034079914	-0.001203981815655067	-5.603461431843316e-07	-9.197789895889415e-07	-2.720622006994038e-07	-1.254282591459167e-06	-2.333226867615332e-07	-1.281603430909224e-06	-3.552153967395928e-07	1.276929875347882e-09	-1.839006479557067e-07	-4.367993498133595e-07	8.752323163248716e-08	2.573228415479645e-07	0.001136918989644793	-6.072305571894042e-08	0.04435037550650871	1.096825545263789e-06	-0.4187121987018491	-3.819539748310592e-07	-1.963743921993761e-08	2.685148738150295e-07	7.600819436898099e-08	4.569239346249e-07	9.386891082900009e-08	3.410906318797375e-07	-2.625536653461622e-07	-2.715767786354198e-07	-1.337119795599078e-07	2.612865753618555e-07	1.244461564320965e-07	-3.512771775168027e-09	-1.886680032589347e-07	-4.428486515942947e-07	4.846105773647542e-08	-2.303606929730659e-07	1.616262768288918e-08	-6.152099762554712e-08	-1.846691677155954e-08	-6.10468523184898e-08	-1.296243252988898e-07	-4.24413004422366e-07	4.22433623982115e-07	1.123663737499539e-06	-4.395937651662861e-08	-1.445323875919087e-07	2.914626803030143e-07	6.562701717985744e-07	1.047197539838561	-3.470170277292218e-08	-6.413178794451199e-08	-7.710825740680376e-08	2.670396670599529e-07	1.21411147843155e-06	1.239448624009864e-09	-1.335759560277876e-07	5.376014255100917e-09	1.630711582482398e-08	1.18209854194072e-07	8.052179978776991e-08	1.047197558338847	2.07390806342664e-08	-9.006780983396956e-08	-6.777015050178993e-08
0.75	-1.773576174451756e-07	-1.352842054938569e-06	-1.60771019991161e-07	-3.247693834461929e-07	-7.447916072172141e-08	-5.1135451737138e-07	-2.171757332010334e-08	-1.223499542620776e-08	0.9690000141564644	-9.40418744589953e-08	-7.22172627202439e-08	-4.545637520485981e-08	8.838581795778998e-08	1.340911451716886e-06	-5.496621139180806e-08	1.089065035721315e-07	1.807803633010858e-07	4.023489481343046e-07	0.09111655073303372	0.1207744861042147	0.001243592414031289	-0.001729622611697738	-0.04939781898236671	-0.05573963785638417	0.0530520167094747	0.1431779301780344	0.007743105674128795	0.04451112582397808	0.004983644563257382	-0.05092567109365932	1.000322402303956e-08	1.698466939902215e-07	-0.004361912977712269	-0.003903582174973939	0.00946241549613914	0.0112100212231	0.001817329472187566	-0.001705708916955484	0.000211134631605794	0.002093103835387508	-0.0003394946029046676	-0.0008554323121161444	-5.695324996217718e-07	-9.359277186587737e-07	-2.847039172569009e-07	-1.276123467526319e-06	-2.462057553692806e-07	-1.242629654495656e-06	-3.551457932164851e-07	-7.32075979573812e-09	-1.880977253825796e-07	-4.355861151364869e-07	8.9919618776379e-08	2.519637190346185e-07	0.001136918304452042	-6.705610427254255e-08	0.04435038650841418	1.099086182071694e-06	-0.4187122023122274	-3.887079458786185e-07	-1.692306539905261e-08	2.666197191543105e-07	8.059525494070366e-08	4.628810391728575e-07	9.735045162559088e-08	3.530152900006639e-07	-2.651153399288239e-07	-2.52843866270916e-07	-1.308952816854227e-07	2.563628866526592e-07	1.241899109514681e-07	-5.389146315517768e-09	-1.930862887708945e-07	-4.418396934847319e-07	4.618797371053779e-08	-2.268388235045134e-07	1.553118176001908e-08	-6.069512734330919e-08	-1.906991385361884e-08	-6.089079415089085e-08	-1.33943865101083e-07	-4.323809063981089e-07	4.335873675642448e-07	1.127609084751471e-06	-4.540965125004361e-08	-1.43254814783966e-07	2.979719311385303e-07	6.555068322770109e-07	1.047197539491793	-3.460934238881557e-08	-6.492256658468651e-08	-7.735569207613161e-08	2.790306117404035e-07	1.206342191407257e-06	-9.313122417882187e-11	-1.339334168973508e-07	5.535636313131888e-09	1.62754326853973e-08	1.190212427395461e-07	7.919246884944308e-08	1.047197558540018	2.035438159324316e-08	-9.075515432497716e-08	-6.555534214561413e-08
0.76	-1.908919510864311e-07	-1.364052428762941e-06	-1.643580946289391e-07	-3.668335622895385e-07	-7.952853799721059e-08	-5.074837124585997e-07	-2.187174993985666e-08	-1.467929423296975e-08	0.9690000132320558	-9.31224061446454e-08	-7.260794678328291e-08	-3.709606794650617e-08	1.018009542615545e-07	1.343640267441563e-06	-5.404425368198261e-08	8.359204191087582e-08	1.848181181918822e-07	4.049565688623744e-07	0.09182579062528751	0.1126667365412103	0.001187865533283913	-0.005716676185263527	-0.04985961031971572	-0.05293955696732545	0.05308124137288324	0.1130036668441641	0.007717496694385245	0.0801899117863818	0.00497867747123799	-0.03745621998261436	1.179934424020613e-08	1.777645425555564e-07	-0.004348743238432027	0.0160038867318558	0.009462062359595225	-0.01042807658015829	0.001819790011588599	-0.00153945780237915	0.0002225260165466963	-0.03307645520475594	-0.0003351499874883928	0.005648427971116464	-5.785363093313374e-07	-9.177453879916718e-07	-2.972942973470187e-07	-1.267088191419289e-06	-2.591751086292332e-07	-1.286716921959603e-06	-3.549710716463718e-07	1.942691942275409e-08	-1.92240103752763e-07	-4.171035887087372e-07	9.226760451523247e-08	2.3387609338352e-07	0.00113691761589216	-7.448535184928805e-08	0.04435039743897684	1.090899207807086e-06	-0.4187122057559772	-3.295489505920392e-07	-1.417518003267213e-08	2.710401306572954e-07	8.512495953240571e-08	4.550081129570486e-07	1.007605249053996e-07	3.451428171994888e-07	-2.67693470522223e-07	-2.464803637113774e-07	-1.279444161016189e-07	2.967548456917053e-07	1.23843083799949e-07	-4.332193109495505e-08	-1.974794882321433e-07	-4.277927759441434e-07	4.389160375004788e-08	-2.301661350388597e-07	1.487990503256259e-08	-6.766876246590356e-08	-1.966585050948958e-08	-5.850425402982015e-08	-1.382696825537226e-07	-4.378294194064831e-07	4.446514654190531e-07	1.100173021254021e-06	-4.687056769556504e-08	-1.462730940641979e-07	3.044427957712216e-07	6.435654412068432e-07	1.047197539144724	-3.480248715891418e-08	-6.573261369628505e-08	-8.216359048681858e-08	2.909378867023564e-07	1.176951953865101e-06	-1.424822021227154e-09	-1.328443927928527e-07	5.691635385810463e-09	1.528845426502325e-08	1.198605039315487e-07	8.699008058797312e-08	1.047197558739373	1.938159129402629e-08	-9.146815896902362e-08	-7.072117815909846e-08
0.77	-2.045321040453516e-07	-1.360121240552672e-06	-1.679842243415796e-07	-3.386086777522965e-07	-8.461033042068415e-08	-5.109153272616173e-07	-2.201139724745276e-08	-1.070842470668131e-08	0.9690000123005356	-9.268939958603374e-08	-7.29852989085088e-08	-4.128680865419847e-08	1.152745694781153e-07	1.365216895527514e-06	-5.319708196697343e-08	9.190989830242282e-08	1.888824827011568e-07	4.115824016508377e-07	0.0926042423569749	0.1128721872440713	0.001157202170954349	-0.01196597999424643	-0.05033647877317127	-0.03912117842766441	0.05318456733416995	0.1078425327171753	0.00771192793746216	0.07094230979971959	0.004949939814083181	-0.03651228787275814	1.357996848756961e-08	1.80497654044102e-07	-0.004377197230964349	0.02341778978899671	0.009511861124699992	-0.02499664917149487	0.001812437096981433	-0.0003977143366365432	0.0002870124331880548	-0.04316834962447408	-0.000344533909219014	0.007635106915793125	-5.877369602048475e-07	-9.240089962020532e-07	-3.099269107862447e-07	-1.240069392258529e-06	-2.721135085541046e-07	-1.330327538507359e-06	-3.54775314439853e-07	2.132717430986756e-08	-1.964535534561794e-07	-4.417754386224625e-07	9.465366759350931e-08	2.630668509325888e-07	0.001136916874456839	-7.035006467617216e-08	0.04435040834270119	1.087358010260089e-06	-0.4187122090619451	-3.386697995242628e-07	-1.146768148123961e-08	2.705290716976354e-07	8.968073409148195e-08	4.568220489691138e-07	1.042081003195961e-07	3.388799558913696e-07	-2.701754651827613e-07	-2.620221405857229e-07	-1.249970508819079e-07	2.855822859522977e-07	1.234401748199741e-07	-2.421526636892103e-08	-2.017527358461285e-07	-4.273774120340673e-07	4.158620155751253e-08	-2.329669744759329e-07	1.420509991271537e-08	-6.630519620708429e-08	-2.025221143077493e-08	-5.956109590928729e-08	-1.42635059698896e-07	-4.272477607047506e-07	4.556573000348633e-07	1.10662733104274e-06	-4.833362401330393e-08	-1.46747510660313e-07	3.108854470297045e-07	6.497393015230524e-07	1.047197538796563	-3.484584153096438e-08	-6.655349184759414e-08	-8.126244850756913e-08	3.02733211259723e-07	1.197333469532115e-06	-2.760336778725116e-09	-1.367582064228151e-07	5.845221326165094e-09	1.577408612641539e-08	1.207301034571505e-07	8.621248255425632e-08	1.047197558934451	2.031737934459009e-08	-9.21743172689382e-08	-7.07113320864566e-08
0.78	-2.179695809875669e-07	-1.346243501711275e-06	-1.717334187014758e-07	-3.924994503986033e-07	-8.961040225790889e-08	-5.017133728783701e-07	-2.221825493494851e-08	-2.565714205388343e-08	0.9690000113991057	-8.971790879308881e-08	-7.332022868040847e-08	-2.762153772176696e-08	1.285357554060958e-07	1.296543157988222e-06	-5.240924277210402e-08	6.474511825407737e-08	1.92877591280444e-07	3.922025950768334e-07	0.09334243701769909	0.118074609344773	0.001126596094124663	-0.01744353810834161	-0.05079018973163512	-0.0334406354044478	0.05325607242742084	0.1294496957205831	0.007714167707164134	0.0727490380499482	0.004915512112556899	-0.04663577994148014	1.538897880267374e-08	1.715815114367942e-07	-0.004395063960121038	0.01913812833322341	0.009563589128147837	-0.02156770003182712	0.001806857611688684	-0.00247186607699254	0.0003216534003164515	-0.01606203003526308	-0.0003501548785820571	0.005756183268300425	-5.964188987798374e-07	-8.795156008844858e-07	-3.225206864855167e-07	-1.297841804747128e-06	-2.852635980843139e-07	-1.259172652010068e-06	-3.54509948989114e-07	1.54848452557925e-08	-2.003123630833473e-07	-3.580519877367887e-07	9.6815738507501e-08	1.908432676162245e-07	0.001136916171691761	-7.819222895994715e-08	0.0443504193180901	1.111550325858516e-06	-0.4187122122775542	-3.098624514931824e-07	-8.622892211580213e-09	2.836041331813775e-07	9.413973022995676e-08	4.467640489948995e-07	1.075486516857529e-07	3.459903632161728e-07	-2.728068724413705e-07	-2.468203157412485e-07	-1.217914629182596e-07	3.221543693512691e-07	1.228061812865069e-07	-9.188852133741187e-08	-2.062273555977815e-07	-4.475217855262148e-07	3.930404722309504e-08	-2.228278162175102e-07	1.35334080621678e-08	-6.951148003205783e-08	-2.084599277930956e-08	-5.838699445836365e-08	-1.469803529423545e-07	-4.478598847928201e-07	4.668169057167234e-07	1.131328833419726e-06	-4.980688468215747e-08	-1.45828537745385e-07	3.173762692474753e-07	6.501311775274201e-07	1.047197538451774	-3.421008965175356e-08	-6.736862383037031e-08	-8.070712490173727e-08	3.146402200337433e-07	1.174335167817945e-06	-4.064351441321778e-09	-1.2485950445051e-07	5.998408226308313e-09	1.499243076338524e-08	1.215738462598029e-07	8.49389076786792e-08	1.047197559134354	1.931949379655473e-08	-9.292020931630524e-08	-7.264918096521511e-08
0.79	-2.313454885620512e-07	-1.33545784830357e-06	-1.759106385612311e-07	-3.932650411735104e-07	-9.455567115552526e-08	-4.987542779009131e-07	-2.253245136895929e-08	-2.830723354043594e-08	0.9690000105076485	-8.833849862270288e-08	-7.354390045976532e-08	-2.639770495586936e-08	1.413005680332469e-07	1.287016185747821e-06	-5.185835785708621e-08	6.855109896412351e-08	1.968343276068759e-07	3.910777887381189e-07	0.09408634289913231	0.1296111745799515	0.001086412372433401	-0.01635122049206641	-0.05121849719004692	-0.03322178179024616	0.05326151323643685	0.1772741998272382	0.007719034645566045	0.06087987875407618	0.004889457244196977	-0.06472722486266239	1.712506326520063e-08	1.724561866341494e-07	-0.004396933916527026	0.006116989470093156	0.009598722058600833	-0.004220774277779842	0.001809652004298206	-0.003094785286950418	0.0002863033074840642	0.008450144764414906	-0.0003498948553779793	0.001557477392281649	-6.049248236502421e-07	-8.57414163695361e-07	-3.35607575694074e-07	-1.296630275279661e-06	-2.980540138066245e-07	-1.284435489980499e-06	-3.543183015978563e-07	1.423913166222318e-08	-2.035394353199525e-07	-3.429283100147906e-07	9.84181394883255e-08	1.853159344737702e-07	0.001136915371422518	-7.49477906993152e-08	0.04435043052278586	1.11872292493376e-06	-0.4187122152334778	-3.068677398774486e-07	-5.695210136136483e-09	2.895850538898803e-07	9.856813734264977e-08	4.411886757082385e-07	1.110452814641782e-07	3.441623844349075e-07	-2.75234733431085e-07	-2.588097302919854e-07	-1.18314277064593e-07	3.255391371586678e-07	1.216434244210885e-07	-9.807735270896243e-08	-2.108510243188952e-07	-4.615998004571381e-07	3.712546990958743e-08	-2.206779680365097e-07	1.284268187143875e-08	-6.855160968262322e-08	-2.143000983414677e-08	-5.897213412654489e-08	-1.515247153715805e-07	-4.468356456799384e-07	4.780907046797984e-07	1.137383526749737e-06	-5.126310972502735e-08	-1.446818113951879e-07	3.238385148756453e-07	6.52242996900139e-07	1.047197538111739	-3.393005370403834e-08	-6.818381988644166e-08	-8.020384056065575e-08	3.263231655417047e-07	1.180347420277662e-06	-5.291879691496292e-09	-1.242862007179348e-07	6.146305939958196e-09	1.516198782676861e-08	1.224037083417673e-07	8.347718612224594e-08	1.047197559324877	1.989122876975434e-08	-9.366510829865943e-08	-7.355038224224501e-08
0.8	-2.446419534031292e-07	-1.333307673827084e-06	-1.803384247386385e-07	-4.457696372411287e-07	-9.943506398672325e-08	-4.882790130422876e-07	-2.289037272603276e-08	-3.68504639456952e-08	0.9690000096458271	-8.601689036797525e-08	-7.370317052846428e-08	-1.390521548367234e-08	1.540331081101705e-07	1.264830304497764e-06	-5.145294034409226e-08	3.584259812377109e-08	2.007840888928215e-07	3.889059560962911e-07	0.09474235533372743	0.110479476826135	0.001017056447257764	-0.01117141286939656	-0.05161370283796626	-0.04833816901490834	0.05311926184369657	0.1928006461329444	0.007711544123203568	0.09708491025147464	0.004917533720805388	-0.06749894725284335	1.895935821557801e-08	1.796207780624328e-07	-0.004361534952512643	0.009130569180601409	0.009592302372442079	-0.003948782299750079	0.001817544930694266	-0.004422308944272937	0.0002275719878686683	-0.0006807627182315901	-0.0003384325517810895	0.002768441331385891	-6.129593592439824e-07	-8.078728146727419e-07	-3.48468135131835e-07	-1.29797870188599e-06	-3.115189464251965e-07	-1.329944562347696e-06	-3.538939954428353e-07	3.815104262265363e-08	-2.065080110138177e-07	-2.912163421252943e-07	9.988155268618564e-08	1.41647675275008e-07	0.001136914579458117	-8.272823239901735e-08	0.04435044172005982	1.122858420843945e-06	-0.4187122177651557	-2.427590086940275e-07	-2.650647070171607e-09	3.04447699111658e-07	1.028754527270055e-07	4.305008283663386e-07	1.143858544105458e-07	3.371788641325355e-07	-2.778278024615541e-07	-2.575899333814561e-07	-1.144650141252437e-07	3.831790872878389e-07	1.201656352698631e-07	-1.598333652208745e-07	-2.155273629589086e-07	-4.652981536757384e-07	3.49253775865306e-08	-2.190334929762636e-07	1.211112736505916e-08	-7.565059970282451e-08	-2.200734323822927e-08	-5.707019723830661e-08	-1.560320371862687e-07	-4.541079360021617e-07	4.892812159090917e-07	1.123139540206275e-06	-5.27452416139107e-08	-1.476529015246747e-07	3.302713800987309e-07	6.435681192364606e-07	1.047197537772452	-3.377383632206083e-08	-6.90233990420023e-08	-8.363726480392851e-08	3.379570913118191e-07	1.155369954898346e-06	-6.507582052065844e-09	-1.195462179772513e-07	6.289523353824205e-09	1.409081645859838e-08	1.232666144028961e-07	8.823410449051518e-08	1.047197559517263	1.914163969577429e-08	-9.447235171724246e-08	-8.010234675021763e-08
0.8100000000000001	-2.579924676223707e-07	-1.343953672379856e-06	-1.847991397875091e-07	-4.45502434125882e-07	-1.043156515095822e-07	-4.908024877538834e-07	-2.325913396207094e-08	-3.758730209582031e-08	0.9690000087835118	-8.659316981722921e-08	-7.384321678805952e-08	-1.407733544620888e-08	1.666966589935606e-07	1.275581053149251e-06	-5.108468773861235e-08	4.210799117815319e-08	2.046590721084967e-07	3.787914302522033e-07	0.09548629042799449	0.08172606200637156	0.0009573147972903362	-0.00576276336921083	-0.05202878651539834	-0.04487666508958785	0.05306356933870213	0.1715383455965657	0.007688659646832129	0.08966077260156127	0.004937515093743624	-0.05773252360000857	2.075837569120002e-08	1.808141514820446e-07	-0.004360442233656174	0.01988609231903747	0.009609759947456779	-0.01731371398065663	0.001819978070825343	-0.00157244611211619	0.0002252576269136563	-0.03440575043752655	-0.0003393739795933713	0.006481416682445066	-6.210308017585203e-07	-8.048524742703055e-07	-3.614499098867174e-07	-1.299919331672952e-06	-3.248246611411166e-07	-1.332229254613905e-06	-3.535006113248917e-07	4.82964787683444e-08	-2.094147311952728e-07	-2.862775678750961e-07	1.012875016280389e-07	1.375247241863348e-07	0.001136913748288123	-8.472917120177789e-08	0.04435045295215864	1.129760475306691e-06	-0.4187122201938156	-2.430155909697461e-07	3.999356150596691e-10	3.074257752910397e-07	1.071737509875196e-07	4.249109456396005e-07	1.177633966697319e-07	3.407089863734864e-07	-2.804180853065185e-07	-2.672898040133226e-07	-1.106164433961861e-07	3.909331949314364e-07	1.185723237374823e-07	-1.557033288135367e-07	-2.201868161427962e-07	-4.690296754159426e-07	3.273119634504442e-08	-2.216980586066167e-07	1.135492178977305e-08	-7.481577918505107e-08	-2.257893291669864e-08	-5.787452135199244e-08	-1.605707817490341e-07	-4.544113845566914e-07	5.004924303037061e-07	1.118075728744371e-06	-5.422247833992655e-08	-1.47826779681546e-07	3.367018797479309e-07	6.426242202578815e-07	1.047197537434696	-3.378258197387914e-08	-6.986191494832673e-08	-8.496789998278927e-08	3.495072081231646e-07	1.154206669027585e-06	-7.70379992487224e-09	-1.200839318487017e-07	6.430494840756088e-09	1.444038876084454e-08	1.241484620524053e-07	8.786688363115169e-08	1.047197559708565	1.903705154913703e-08	-9.527548639491823e-08	-8.154173609629106e-08
0.8200000000000001	-2.712124382869687e-07	-1.319579214500929e-06	-1.891214218458142e-07	-4.292304830305976e-07	-1.092379622711886e-07	-4.985952488446107e-07	-2.364910989179698e-08	-4.022050081265746e-08	0.9690000079396089	-8.283505855444242e-08	-7.399682764005816e-08	-1.486771978421091e-08	1.791585144269079e-07	1.244843049445871e-06	-5.070250916427388e-08	3.855301957742848e-08	2.084662984677946e-07	3.803769927717692e-07	0.09616059753933713	0.08063742444625696	0.0009145785172331338	-0.007254122636708667	-0.05244593233390555	-0.03943343803626989	0.05310539806301168	0.1824422802169375	0.007718298341195218	0.1066315067397495	0.004939722422513248	-0.06125943348471289	2.253553888110284e-08	1.771806163738277e-07	-0.004362006160862938	0.03003606392245331	0.009638693791187173	-0.03282834666050623	0.001811099055489686	-0.001860299878787985	0.0002846324865057986	-0.04615748930287711	-0.0003419126379832475	0.009524564865673357	-6.289441152435342e-07	-7.907948891591115e-07	-3.744361895769385e-07	-1.299298747803778e-06	-3.382327384267661e-07	-1.346215652367983e-06	-3.532631705947284e-07	2.599653190774319e-08	-2.123199646286571e-07	-2.879618587262804e-07	1.026004847662934e-07	1.339754394613353e-07	0.001136912988421462	-7.45209343588736e-08	0.04435046433105846	1.144192888280033e-06	-0.418712222817515	-2.663847525978584e-07	3.452195267913708e-09	3.044019876491399e-07	1.116261274164324e-07	4.462730773527932e-07	1.211714827390102e-07	3.39691572469701e-07	-2.829590748046801e-07	-2.521631665805794e-07	-1.07122138233557e-07	3.402344620727716e-07	1.171001961235611e-07	-1.446069452951861e-07	-2.248684365283824e-07	-4.671551511285794e-07	3.060777277503004e-08	-2.123654938027275e-07	1.061390201113773e-08	-7.280064861069425e-08	-2.316302560267385e-08	-5.883042533698586e-08	-1.65155075320964e-07	-4.620439211889521e-07	5.118572048434209e-07	1.149566242323074e-06	-5.569695793752579e-08	-1.4711639278928e-07	3.431563353913564e-07	6.489466112387208e-07	1.047197537096748	-3.394622230086115e-08	-7.064815904560801e-08	-7.861100805440999e-08	3.610268405355462e-07	1.153345159151263e-06	-8.848522881721147e-09	-1.137649502312186e-07	6.593895203467817e-09	1.701728478633772e-08	1.250458307870096e-07	8.983590118767641e-08	1.047197559900527	1.942112277654785e-08	-9.605351190956829e-08	-7.737066412444689e-08
0.8300000000000001	-2.842063479860003e-07	-1.305985644763386e-06	-1.933034431141884e-07	-4.223527616967494e-07	-1.142214047033619e-07	-5.033050838547427e-07	-2.406041534954922e-08	-4.109489204375092e-08	0.969000007127395	-8.060461471258056e-08	-7.41531593049047e-08	-1.393773410279336e-08	1.913437564434398e-07	1.233132369528393e-06	-5.037050433622098e-08	3.144222804672468e-08	2.122971725699897e-07	3.865028092449951e-07	0.09685255865310598	0.05058105959618132	0.0008907321363509516	-0.01282415067913713	-0.05284510607004783	-0.02778673276321565	0.05316857263095502	0.2267061288014869	0.007623859783417578	0.1143828022836881	0.004913418964572035	-0.07943394159725439	2.427418340096847e-08	1.753108209730769e-07	-0.004386163102129174	0.03254671902585408	0.009696027898054162	-0.03889514393095794	0.001811471797843873	-0.003357773554360223	0.0003149113229122041	-0.02836456952264423	-0.0003497070855323904	0.009826463072851954	-6.367432642228565e-07	-7.924803389311169e-07	-3.874133338920052e-07	-1.298482376791502e-06	-3.517048239262729e-07	-1.342131669770852e-06	-3.532353245416618e-07	1.907260909355662e-08	-2.152415354970247e-07	-2.886630856895513e-07	1.038847751676578e-07	1.390294583147004e-07	0.001136912315934292	-7.01443408935906e-08	0.04435047584004773	1.151410627647477e-06	-0.4187122256099086	-2.66542863378892e-07	6.470350237607596e-09	3.003932462297744e-07	1.162444774064396e-07	4.519644528990737e-07	1.245781835060985e-07	3.374145238686408e-07	-2.85371591096245e-07	-2.448643815223516e-07	-1.040498702305269e-07	3.241232819404782e-07	1.157000349568053e-07	-1.455337884868344e-07	-2.295334508020269e-07	-4.650833652984341e-07	2.857284702026795e-08	-2.081775434990168e-07	9.885985183294396e-09	-7.213326117510393e-08	-2.375403626484165e-08	-5.88299454148661e-08	-1.697977864325761e-07	-4.655855497589284e-07	5.235008812415939e-07	1.170135821877513e-06	-5.716453692666021e-08	-1.464672279577651e-07	3.496687427628974e-07	6.542630367596323e-07	1.047197536758949	-3.378153823568738e-08	-7.137400828282294e-08	-7.577905025152888e-08	3.725482373147966e-07	1.155355543861454e-06	-9.939686409033099e-09	-1.128090990615457e-07	6.778601588549237e-09	1.764764776980663e-08	1.259591566675256e-07	9.017081237046201e-08	1.047197560093704	1.921995572609142e-08	-9.679844613739583e-08	-7.627093040544919e-08
0.84	-2.970417313973932e-07	-1.285971000944264e-06	-1.973900128372909e-07	-4.098960770805234e-07	-1.192409322851089e-07	-5.002662189434341e-07	-2.448693719791363e-08	-4.240003200981916e-08	0.969000006331131	-8.049799362291412e-08	-7.431076333987747e-08	-1.594362820148266e-08	2.033362111059567e-07	1.198649579974046e-06	-5.009929546397097e-08	2.462066820007144e-08	2.161480131502252e-07	3.855049456216995e-07	0.09754366771728189	-0.008149816993358421	0.0008378236714470527	-0.003150528732801605	-0.05319776379806656	-0.04274328810714133	0.05299972563502123	0.2405565898254889	0.007549227038153039	0.1231086855350685	0.004943450562255951	-0.08541213235465372	2.5992772092868e-08	1.718880683941821e-07	-0.00439144780302829	0.02926735199556528	0.009737528308451078	-0.03726211991497389	0.00181647596720446	-0.004538843623432068	0.000298240558799459	-0.01458390349701813	-0.0003504140550563278	0.008494907590609982	-6.444670927199886e-07	-7.7081803023517e-07	-4.003549472983785e-07	-1.29179110563616e-06	-3.652261009437391e-07	-1.35186911635659e-06	-3.533745619798288e-07	-2.135830684175086e-08	-2.181786982209567e-07	-2.958214743708217e-07	1.051450310959242e-07	1.245687498218117e-07	0.001136911709897028	-6.157091786279618e-08	0.04435048743954612	1.155515581997198e-06	-0.4187122284884336	-2.887838514408227e-07	9.475763003352358e-09	3.023302138479991e-07	1.210402013391083e-07	4.825918160564113e-07	1.279901278879342e-07	3.423154389435367e-07	-2.876246373373075e-07	-2.177050729893595e-07	-1.012654036205559e-07	2.787642960163104e-07	1.143374649415905e-07	-1.395914723504572e-07	-2.341818245369656e-07	-4.627434886612631e-07	2.661104447897862e-08	-1.959171988812213e-07	9.162917513740157e-09	-7.372668119453782e-08	-2.434806677886682e-08	-5.895306107464609e-08	-1.745063039233499e-07	-4.716047619632901e-07	5.353329765831551e-07	1.180103974970716e-06	-5.862630889583252e-08	-1.461641302280556e-07	3.562156187599439e-07	6.534383696167816e-07	1.047197536421762	-3.368361269515549e-08	-7.204092776372648e-08	-6.565877944870973e-08	3.840732915098703e-07	1.154867380101012e-06	-1.099204774301237e-08	-1.039949718160172e-07	6.977038914791422e-09	1.954822784510622e-08	1.268897134935373e-07	9.382936092808386e-08	1.047197560287219	1.969111835027482e-08	-9.751345106627066e-08	-7.119383933726191e-08
0.85	-3.098946308879921e-07	-1.28544135915464e-06	-2.014852198923411e-07	-4.08818496847189e-07	-1.242455869209663e-07	-5.025136591649786e-07	-2.491138672570038e-08	-4.277423235725073e-08	0.9690000055275863	-7.995629549577011e-08	-7.447031318384686e-08	-1.566013949405978e-08	2.153172382873907e-07	1.19950942280123e-06	-4.985118313768915e-08	2.466743943553098e-08	2.20003915759085e-07	3.853337780595574e-07	0.09834274010906614	-0.07507078782779528	0.0007709530132466654	0.01020339728930581	-0.05357024532252018	-0.03452959458583357	0.05284699593341111	0.1648287620710417	0.007473972115536914	0.08305406876413618	0.0049726717124224	-0.05759978697169451	2.771094278766548e-08	1.719383079900447e-07	-0.00440833432530608	0.02886811125861572	0.009785520117016123	-0.03816115157486179	0.001823195267532487	-0.001674283627193676	0.0002887515493741511	-0.02323481142099934	-0.0003552492345264568	0.008493406772981181	-6.52174281210537e-07	-7.71815025098864e-07	-4.132754904331448e-07	-1.292199588776901e-06	-3.787468042909813e-07	-1.352336458962479e-06	-3.535857471075677e-07	-1.85188138584945e-08	-2.211360917099027e-07	-2.945539148290754e-07	1.063913207554119e-07	1.260965934764883e-07	0.001136911096872375	-6.1104831907028e-08	0.04435049900012565	1.158520110256267e-06	-0.418712231380264	-2.882719164983199e-07	1.249668064436332e-08	3.018244107670339e-07	1.258664678157067e-07	4.821893699176998e-07	1.314116107638138e-07	3.418072327532446e-07	-2.898070109356315e-07	-2.184750162019102e-07	-9.848682691034914e-08	2.776616478139232e-07	1.129464848619792e-07	-1.387982692337375e-07	-2.388109058779922e-07	-4.629150958804556e-07	2.465322342465531e-08	-1.96089393083914e-07	8.42717409523981e-09	-7.314821953678896e-08	-2.4938116939279e-08	-5.913017597904374e-08	-1.792220720643819e-07	-4.7274299847763e-07	5.471409342008116e-07	1.18446846056526e-06	-6.008792115703601e-08	-1.460438766208671e-07	3.627519021485156e-07	6.547612111706966e-07	1.047197536084872	-3.369787668761775e-08	-7.269755961096465e-08	-6.577826505804599e-08	3.956192177630002e-07	1.154998073143412e-06	-1.203214248508691e-08	-1.043043175299435e-07	7.173162105670553e-09	1.971983443787795e-08	1.278274982935367e-07	9.368847143559066e-08	1.047197560483892	1.964343416446152e-08	-9.822497525496184e-08	-7.126361777999219e-08
0.86	-3.225682494193052e-07	-1.260051846548819e-06	-2.054090249194573e-07	-3.844347499450859e-07	-1.293003104315455e-07	-5.050468428686918e-07	-2.536041946508029e-08	-4.558932380287145e-08	0.9690000047426526	-7.832102604091363e-08	-7.463970028137048e-08	-1.815804158179219e-08	2.270883792270496e-07	1.165962478829523e-06	-4.96322304011538e-08	2.004710975351498e-08	2.238066945191211e-07	3.788813961476814e-07	0.0991133135170854	-0.1089113693974921	0.0006894513852344119	0.01802508983717346	-0.05392727573347139	-0.02880972689375435	0.05277356768919546	0.04946701619843531	0.007468760897477099	0.05297675422346147	0.004998513782694951	-0.01525125505447794	2.941955846596035e-08	1.712987127840366e-07	-0.004416291289808415	0.0283493589269488	0.009831756699085859	-0.04109587410783973	0.001822058584710485	-0.000336800929583673	0.0003216589570329474	-0.02783662845507587	-0.0003578759628107605	0.00827257544913519	-6.597535817764374e-07	-7.480543166031029e-07	-4.26169242161543e-07	-1.287013278053828e-06	-3.923378863466828e-07	-1.36173269930415e-06	-3.53932766403807e-07	-4.723328216286815e-08	-2.240821586345074e-07	-2.964557555088692e-07	1.075602666642206e-07	1.105122520880181e-07	0.00113691058291044	-4.731143134926e-08	0.04435051077255479	1.183392416704304e-06	-0.4187122343900224	-3.09847753217992e-07	1.551231481305386e-08	3.021188438810025e-07	1.309367093115127e-07	5.205314227016351e-07	1.348629625324247e-07	3.471153773744609e-07	-2.918831177306259e-07	-1.992296980648699e-07	-9.606859889728945e-08	2.241187417141671e-07	1.116827391408735e-07	-1.207428139599538e-07	-2.434753398297512e-07	-4.675099568275004e-07	2.27957736887793e-08	-1.804371727522919e-07	7.712894747701574e-09	-7.147605457930812e-08	-2.554134204033615e-08	-6.059578961970839e-08	-1.840235496442298e-07	-4.830324732817104e-07	5.591499118616663e-07	1.204168406698658e-06	-6.154326902078973e-08	-1.452661592381346e-07	3.693217538118316e-07	6.565379022480225e-07	1.047197535749618	-3.346204194848904e-08	-7.327465320135562e-08	-5.374114562144894e-08	4.071166417237934e-07	1.147158524582608e-06	-1.303263065323082e-08	-9.753871207827449e-08	7.392581095752414e-09	2.277304245175816e-08	1.28784429982035e-07	9.701081647337208e-08	1.047197560675363	1.91870770213025e-08	-9.890233076927703e-08	-6.570824056702071e-08
0.87	-3.352182811223678e-07	-1.269997383840583e-06	-2.092552541857019e-07	-3.798617209049035e-07	-1.343298759634092e-07	-5.037632000794668e-07	-2.581217811725527e-08	-4.461303725990113e-08	0.9690000039491183	-7.913513801167484e-08	-7.482937372432932e-08	-2.009278583626357e-08	2.388062260182987e-07	1.176205397494763e-06	-4.945127308253428e-08	1.966562304062666e-08	2.276020951302121e-07	3.805817714645825e-07	0.09987062376870479	-0.09780200837657416	0.0006564266313212428	0.01428423393082108	-0.05433674907065394	-0.0330646355018577	0.05282144879083126	0.02607104754332127	0.00749206008391259	0.009855776621388607	0.004998665641414283	-0.0075689661108648	3.11789987806433e-08	1.807130849836235e-07	-0.004443317180804961	0.01969835339325913	0.009891727431345245	-0.03466618441744584	0.001816467429322461	0.0003814436066717457	0.000356613799500084	-0.01046198851610919	-0.000366484541783843	0.005282269797892323	-6.671941265594427e-07	-7.320122479327077e-07	-4.390426693797463e-07	-1.285815770029146e-06	-4.059599860426573e-07	-1.345845881824033e-06	-3.544171205316259e-07	-4.625919856093645e-08	-2.270549892565133e-07	-3.002502297263801e-07	1.086251278495432e-07	1.037491523492523e-07	0.001136910102723748	-4.880761077326114e-08	0.04435052259846649	1.186670588563787e-06	-0.4187122375206631	-3.166802011717955e-07	1.854643632066363e-08	2.999801168231206e-07	1.361298085678334e-07	5.165603651792151e-07	1.383446482995505e-07	3.495104269650819e-07	-2.938953865668473e-07	-2.043822347712375e-07	-9.376445382501413e-08	2.293445564456465e-07	1.104966100691078e-07	-1.138255871864788e-07	-2.481567999064419e-07	-4.706372676849227e-07	2.09927918041866e-08	-1.811569336239545e-07	6.992818276899722e-09	-7.208641442987705e-08	-2.614566399148538e-08	-6.049260399339144e-08	-1.888409185515961e-07	-4.810145485688626e-07	5.711252264351377e-07	1.194962108775789e-06	-6.299357060959676e-08	-1.44966547287826e-07	3.7587036127634e-07	6.540936329300316e-07	1.047197535414807	-3.33269218524186e-08	-7.382375562523205e-08	-5.484637261143543e-08	4.185786868583555e-07	1.144430516978697e-06	-1.401409985580721e-08	-1.000142819224136e-07	7.619425992389141e-09	2.257641813418736e-08	1.297571933249706e-07	9.72009715542161e-08	1.047197560869417	1.962759015914083e-08	-9.956088020468166e-08	-6.619538746687567e-08
0.88	-3.478635922266605e-07	-1.265836524099921e-06	-2.130779849346464e-07	-3.84454145739487e-07	-1.39370194506484e-07	-5.038744568897861e-07	-2.626339634399018e-08	-4.526168735600142e-08	0.9690000031596819	-7.910043758195889e-08	-7.502205675314832e-08	-1.911436346764227e-08	2.505128972836187e-07	1.173119567775221e-06	-4.924877161132149e-08	1.926192435535939e-08	2.313998221891059e-07	3.792764229663326e-07	0.1005213994351149	-0.07250108795450493	0.0006436241885219718	0.0165306179527483	-0.0547554318616314	-0.03658998959124003	0.05282757751806626	0.05966146761890824	0.007617207275940245	0.00179484644697178	0.005022175287162145	-0.02034966076286684	3.293679997718305e-08	1.768495851473341e-07	-0.004436327844571873	0.002636752363008161	0.009908335705143236	-0.01415302334503627	0.001806286371954963	-0.00164790794580883	0.0003436008445316534	0.02089594110970428	-0.0003636152424915438	-0.0001673136068701061	-6.745933315579324e-07	-7.423473098359801e-07	-4.519102756798627e-07	-1.288160448653082e-06	-4.195115206789024e-07	-1.364791872341156e-06	-3.549046614845582e-07	-4.616762397163268e-08	-2.300343862482953e-07	-2.974472413505184e-07	1.09688472607904e-07	1.073994462694923e-07	0.00113690962298673	-4.883171470023789e-08	0.04435053444211082	1.183343527200509e-06	-0.4187122406629948	-3.131692922685984e-07	2.156142692517763e-08	3.031964623363011e-07	1.413116988054101e-07	5.180367158753683e-07	1.418274916272227e-07	3.47420731202449e-07	-2.959123914093235e-07	-2.01982061605112e-07	-9.150019215294799e-08	2.297310675917287e-07	1.093270668139206e-07	-1.183752553335827e-07	-2.528432956787802e-07	-4.672959956517085e-07	1.919017682443628e-08	-1.806182377374417e-07	6.273976227543378e-09	-7.215123477232666e-08	-2.675038109966208e-08	-6.038441847576018e-08	-1.936524546834646e-07	-4.808507170043972e-07	5.830988116458159e-07	1.197537183329703e-06	-6.44442135492781e-08	-1.450307998124546e-07	3.824169792079138e-07	6.549964991997894e-07	1.047197535080555	-3.346722365961977e-08	-7.43698171243497e-08	-5.507385267344408e-08	4.3003846107582e-07	1.145155259787533e-06	-1.499744832768469e-08	-9.823923808373352e-08	7.845783776946994e-09	2.261031303173606e-08	1.307283100708843e-07	9.71372074257044e-08	1.047197561064209	1.943785193294692e-08	-1.002183342553386e-07	-6.582094407849269e-08
0.89	-3.605243161676364e-07	-1.26755873175281e-06	-2.168938512920076e-07	-3.730425310192223e-07	-1.443875261111616e-07	-4.990668476223562e-07	-2.671394581861256e-08	-4.456880915456125e-08	0.9690000023585973	-8.161196487331166e-08	-7.522576187094114e-08	-2.321907713392603e-08	2.622269888463513e-07	1.16787552500208e-06	-4.904924264420509e-08	2.311412581693987e-08	2.352023488147865e-07	3.822311482883177e-07	0.1012002776990579	-0.07652705910345632	0.0006166041779539659	0.01482341621226106	-0.055144899606231	-0.03322753801520833	0.05283553553098397	0.03097142339131862	0.007526303178560616	-0.004046100285032442	0.005012963815356669	-0.01339213479813321	3.468604150679366e-08	1.706916449617512e-07	-0.004431763423766469	-0.0001310031902476671	0.009912520993184386	-0.00498895082617568	0.001815819763652426	-0.001340051394982807	0.0002799564078740617	0.02408804107362751	-0.0003598746593057261	-0.0006082558182086379	-6.8202139083857e-07	-7.416239703492782e-07	-4.647714510138268e-07	-1.280555419472471e-06	-4.331194847171112e-07	-1.345899453427628e-06	-3.55451635032136e-07	-6.920067367837571e-08	-2.330069385203385e-07	-2.982080298739495e-07	1.107231457327671e-07	9.740452241847618e-08	0.001136909148110801	-4.483194263938824e-08	0.04435054627073622	1.184455005648496e-06	-0.4187122438739219	-3.380633357178046e-07	2.4602498946637e-08	3.039984257834133e-07	1.464947421979998e-07	5.183166017629566e-07	1.453175254499908e-07	3.52045023367685e-07	-2.979492535965207e-07	-2.086658394684669e-07	-8.922753623519792e-08	2.184626315324861e-07	1.081879101086683e-07	-1.031849855035061e-07	-2.575260901975835e-07	-4.707630204627305e-07	1.740159641079171e-08	-1.759602643505847e-07	5.554617782693942e-09	-7.101130251177973e-08	-2.735321739346922e-08	-6.020744924895102e-08	-1.98444873612913e-07	-4.763179789163224e-07	5.949906810954395e-07	1.174613840407901e-06	-6.589561778517965e-08	-1.456265988676757e-07	3.889393945073812e-07	6.471874407136668e-07	1.04719753474501	-3.361935596895691e-08	-7.492611844075658e-08	-5.590463705797458e-08	4.41493621768485e-07	1.145480442258817e-06	-1.597159366017798e-08	-9.642187577857443e-08	8.071362337538811e-09	2.244268541546235e-08	1.317041342757984e-07	9.84345508670037e-08	1.047197561261437	2.024750364561463e-08	-1.008755028591551e-07	-6.579027153085687e-08
0.9	-3.732031392185965e-07	-1.267728012957421e-06	-2.206228330604973e-07	-3.71971851654745e-07	-1.493795440451402e-07	-4.988280257695683e-07	-2.715921732522221e-08	-4.450775068174477e-08	0.9690000015428187	-8.17654576318443e-08	-7.545887654197725e-08	-2.356586514585676e-08	2.739098903290952e-07	1.167501927488691e-06	-4.881590344561729e-08	2.367135808557916e-08	2.390245759819638e-07	3.824738008602514e-07	0.1018567210435464	-0.06090842594816789	0.000570375632637402	0.01869397183069931	-0.0555202627708558	-0.0368367547289225	0.05278596412705982	-0.02486727195856244	0.007668457316436323	-0.01294344983869301	0.005012708128131426	0.006723193710366634	3.639453455893621e-08	1.703662840256586e-07	-0.004411099342631115	-0.004276774993422956	0.00989770551862173	-0.0002661978446651317	0.001810508282437514	0.0009426416524548566	0.000266180553367142	0.002329625324509558	-0.0003516183765878324	-0.001376133230175577	-6.894327763752439e-07	-7.409009543582643e-07	-4.775769537085913e-07	-1.27999958722519e-06	-4.465737979764266e-07	-1.343780163717431e-06	-3.561391879544266e-07	-7.094332453469139e-08	-2.359927732784798e-07	-2.983268668691455e-07	1.116985616749167e-07	9.65823756327594e-08	0.001136908699522631	-4.458576269919934e-08	0.04435055811684531	1.184726820995484e-06	-0.4187122472550781	-3.400516162484704e-07	2.764032289791293e-08	3.038556293997428e-07	1.516761971532718e-07	5.181019542953265e-07	1.488376862439223e-07	3.52376427161733e-07	-3.000378084585314e-07	-2.092455953088591e-07	-8.704482500851739e-08	2.172926875818378e-07	1.0716037383209e-07	-1.018777888140284e-07	-2.622341824835388e-07	-4.710368551731793e-07	1.564071801833955e-08	-1.755971626103799e-07	4.844760599183439e-09	-7.093948572596271e-08	-2.795537106356563e-08	-6.019014171816618e-08	-2.032077708243528e-07	-4.75819792089084e-07	6.067369108301503e-07	1.172694175847361e-06	-6.73520287427043e-08	-1.456610961074684e-07	3.954113060708038e-07	6.465380610261863e-07	1.047197534408892	-3.362211932947402e-08	-7.548484315319864e-08	-5.596929317905849e-08	4.529479844943025e-07	1.145437619611698e-06	-1.69372496669217e-08	-9.630813928154402e-08	8.295706727596162e-09	2.241782671609558e-08	1.326882074561724e-07	9.850565324234074e-08	1.047197561464081	2.032272515134997e-08	-1.015336005483813e-07	-6.576180618157468e-08
0.91	-3.858738703647729e-07	-1.266688192433864e-06	-2.243079689460938e-07	-3.600162811367211e-07	-1.543475106266282e-07	-4.946848619628517e-07	-2.760231635249316e-08	-4.390640989456364e-08	0.969000000715017	-8.399469598289236e-08	-7.570389544348434e-08	-2.661707478264144e-08	2.855527711147581e-07	1.158919726781616e-06	-4.857442210050706e-08	2.712733751683141e-08	2.428592996249656e-07	3.853361762302429e-07	0.1024976210681658	-0.0548845584123497	0.0005222273858119589	0.01111577539538156	-0.05590105514227461	-0.03851196247942165	0.05286637830387072	-0.06617419317346472	0.007588143377138579	-0.009094798849942291	0.004968372246574524	0.02322519557248436	3.8077176413835e-08	1.645498739359819e-07	-0.004429400985657747	0.0110569581893937	0.009919080893858253	-0.01542927344199887	0.001818905604125652	0.001906003891208218	0.0002891971003359078	-0.01431387531367675	-0.0003558009514872615	0.003593786685601712	-6.968450988493351e-07	-7.38325652943033e-07	-4.903517530320297e-07	-1.272337315037671e-06	-4.599347940841614e-07	-1.317467378530959e-06	-3.569453174999605e-07	-9.530169192121251e-08	-2.389685698822149e-07	-2.976232683237216e-07	1.126236390384374e-07	8.634983151599685e-08	0.001136908270126762	-4.03034117660472e-08	0.04435056995762977	1.185425333248981e-06	-0.4187122507280934	-3.613627635518802e-07	3.06844009259168e-08	3.034726423942161e-07	1.568634255690614e-07	5.187314781579262e-07	1.523791581575226e-07	3.571413405015515e-07	-3.021428443241944e-07	-2.140171996313836e-07	-8.490074128957751e-08	2.055056147958526e-07	1.061765830529592e-07	-9.001339979865051e-08	-2.669544373866882e-07	-4.743034199617682e-07	1.390518623075677e-08	-1.705479742467567e-07	4.139222557104902e-09	-6.967688167847273e-08	-2.855652497399229e-08	-6.006308650594803e-08	-2.079519209298187e-07	-4.717828496880229e-07	6.183866708550194e-07	1.152600843451683e-06	-6.880999014740999e-08	-1.46171718716492e-07	4.018498377589843e-07	6.394084083888498e-07	1.047197534072408	-3.364489132412016e-08	-7.604649936916474e-08	-5.6115935250973e-08	4.644120248366807e-07	1.147137505393053e-06	-1.788986450783845e-08	-9.405214372671818e-08	8.519616558132276e-09	2.230220241162024e-08	1.336783777097297e-07	9.975677538835456e-08	1.047197561669131	2.088496520408543e-08	-1.02189871932452e-07	-6.552700541986283e-08
0.92	-3.984525618897043e-07	-1.252085081605444e-06	-2.279010341970008e-07	-3.577768028547351e-07	-1.593226185922515e-07	-4.983040326156639e-07	-2.804851212950262e-08	-4.536402620243899e-08	0.9689999998908503	-8.19896720272408e-08	-7.59634761908592e-08	-2.589532908027472e-08	2.970584899273243e-07	1.143548571710321e-06	-4.827414216260362e-08	3.031426545630558e-08	2.46705666867999e-07	3.840367123028959e-07	0.1030972185322266	-0.02847879007387333	0.0005091145467979891	0.01190383658344186	-0.05633778016646442	-0.04298822149932742	0.05287002479870379	-0.01985405944109398	0.007742181877232767	-0.01364142906684085	0.00498602918900003	0.009158602165376091	3.965812482941113e-08	1.536644383242961e-07	-0.004438133517875417	0.002643806420807109	0.009942201538862366	-0.01215734308116495	0.001807585609516953	0.001097299540273498	0.0003325304735922794	-0.004618660873213932	-0.0003568752217603924	0.0005705731607757912	-7.042159938731711e-07	-7.333714350299915e-07	-5.030423437140351e-07	-1.262990956030417e-06	-4.731331059643098e-07	-1.31444377200645e-06	-3.579045747801527e-07	-1.003409886722616e-07	-2.419357647489849e-07	-2.945608472913736e-07	1.135265613433426e-07	9.198432070372174e-08	0.00113690786631748	-3.910054646111944e-08	0.044350581829691	1.187803157409918e-06	-0.4187122543289218	-3.685852896189095e-07	3.370472174462153e-08	3.020239328256487e-07	1.620601818323807e-07	5.243892042832559e-07	1.559384166563579e-07	3.573194821559713e-07	-3.042497064201424e-07	-2.091719423339182e-07	-8.29611848754319e-08	1.857702539163026e-07	1.052670516450094e-07	-9.12516164309364e-08	-2.716938851928149e-07	-4.717819602636595e-07	1.220446757399615e-08	-1.678169458340349e-07	3.443579371908152e-09	-6.90720326003268e-08	-2.915877055489667e-08	-6.026023316610243e-08	-2.126979225159255e-07	-4.776244382438724e-07	6.300141340328699e-07	1.169419228129965e-06	-7.027007909525516e-08	-1.452710424692775e-07	4.082704900083274e-07	6.433314997177572e-07	1.047197533734694	-3.372729091566809e-08	-7.659700961326557e-08	-5.391137288319036e-08	4.759131044770476e-07	1.151087394574835e-06	-1.882224557978587e-08	-9.242799307410858e-08	8.743677949581444e-09	2.252373048226049e-08	1.3466876717153e-07	9.820824186761887e-08	1.047197561878061	2.074598570022059e-08	-1.028401211055717e-07	-6.471079732111899e-08
0.93	-4.108969219788264e-07	-1.263034066991525e-06	-2.314722278025304e-07	-3.549001023808632e-07	-1.643149555573877e-07	-4.992526680353311e-07	-2.850707352993598e-08	-4.394586715978877e-08	0.9689999990906732	-7.694818886249524e-08	-7.620013023452371e-08	-2.961997805360812e-08	3.084949023631885e-07	1.147345553569059e-06	-4.803358113550896e-08	3.993416579043065e-08	2.505686242613278e-07	3.854739943373175e-07	0.1036784499605429	-0.04458048176335326	0.0005029400425775588	0.009063133558395171	-0.05675823577022442	-0.0364657048681327	0.05290517255656819	0.01472355999593552	0.007621167530137859	0.005493277134180347	0.004986363210299549	-0.004751370027072233	4.121423151764438e-08	1.510649021492403e-07	-0.004454395337853534	0.006880918711016347	0.009961689691901938	-0.01257903491854085	0.001814981840526261	-0.001587377886680322	0.0003110692512554745	0.01404144323684219	-0.0003598546408595787	0.001667343293947795	-7.116317031055306e-07	-7.285527126112497e-07	-5.156931745311665e-07	-1.282430050109881e-06	-4.86957374640146e-07	-1.24380118665383e-06	-3.588479454858678e-07	-7.791444956356155e-08	-2.448451802709009e-07	-3.066980351302076e-07	1.143662231299405e-07	9.126850534243881e-08	0.001136907361968943	-2.639965606969571e-08	0.04435059370610673	1.189370690245533e-06	-0.4187122578744193	-4.000064009737304e-07	3.679920144159767e-08	2.866670849342604e-07	1.671148622506148e-07	5.254244957282448e-07	1.594194233763092e-07	3.645567858507192e-07	-3.063818563759524e-07	-2.268957893464437e-07	-8.107795857092894e-08	1.762345681554499e-07	1.042950717841867e-07	-8.007364978360122e-08	-2.76458232051412e-07	-4.667564202722403e-07	1.050265800550571e-08	-1.708088236756602e-07	2.720205594767944e-09	-6.74111718235847e-08	-2.975863207398086e-08	-6.031135078309099e-08	-2.174943308292055e-07	-4.77128088013071e-07	6.418019113205988e-07	1.163747819288957e-06	-7.174913803251423e-08	-1.457432344683014e-07	4.14759241462581e-07	6.410026555528075e-07	1.047197533388551	-3.289970299155826e-08	-7.716992357747888e-08	-5.449863735055661e-08	4.875110827949955e-07	1.125226049175015e-06	-1.972102758919668e-08	-9.825011992815965e-08	8.968822584287055e-09	2.223381930914075e-08	1.356902759939661e-07	9.691966627421346e-08	1.047197562090337	2.070240277992613e-08	-1.034980091296933e-07	-6.657251221120094e-08
0.9400000000000001	-4.234834222604539e-07	-1.251369251592368e-06	-2.34977773000381e-07	-3.485672558607364e-07	-1.693349363505627e-07	-5.031582780047825e-07	-2.895427246331377e-08	-4.55801305576767e-08	0.9689999983328107	-7.553386470199247e-08	-7.649637380690184e-08	-2.808522697872458e-08	3.199346161119259e-07	1.141542273524681e-06	-4.762753243601741e-08	3.532585021137801e-08	2.544111266128044e-07	3.847541165912669e-07	0.1042843402379532	-0.02892304725753255	0.0005011442555145699	0.01371526313410107	-0.05717373671627645	-0.03951087674101827	0.05286145564509095	0.04433837319955965	0.007732654917773944	-0.005736844208012583	0.005001073632243921	-0.01807960918563623	4.269517713767171e-08	1.485187781080428e-07	-0.00444291338140513	-0.005288295049434903	0.00995661729405249	-0.0003512123083945156	0.001807010032852424	-0.0006118611991060585	0.0002838246236521414	0.01294559611680914	-0.0003542790284119528	-0.002006717683618832	-7.188361822569571e-07	-7.187202949993144e-07	-5.2847606313057e-07	-1.272002890111064e-06	-4.994261948903199e-07	-1.284570134702845e-06	-3.596217554209091e-07	-7.839474279864158e-08	-2.479007368677006e-07	-3.003600591768432e-07	1.153022610384998e-07	8.995125010691025e-08	0.001136907081005795	-3.502793690001828e-08	0.04435060561674653	1.193399795027281e-06	-0.4187122619398784	-4.006466874232166e-07	3.967698344691694e-08	2.947689605013522e-07	1.723818427138365e-07	5.227557846759535e-07	1.630691157131858e-07	3.613617790156514e-07	-3.086552095158463e-07	-2.240712330950226e-07	-7.941076321008348e-08	1.659241767183572e-07	1.034915841096212e-07	-8.403892260376803e-08	-2.810983285668803e-07	-4.672783488795446e-07	8.796578157728995e-09	-1.703164853804625e-07	2.042291424346092e-09	-6.889663497679542e-08	-3.036148310024996e-08	-6.032001721680132e-08	-2.223085015894213e-07	-4.845522037694829e-07	6.535357305195496e-07	1.183729325957712e-06	-7.320116264631412e-08	-1.456824097668545e-07	4.211979133184399e-07	6.480824262766498e-07	1.047197533058562	-3.346663744247027e-08	-7.771343653379903e-08	-5.499264306270884e-08	4.987848358886254e-07	1.136255068504636e-06	-2.069510595073638e-08	-9.560276433366275e-08	9.190926468174063e-09	2.238952654891842e-08	1.366559101028573e-07	9.790287969374991e-08	1.04719756229886	2.094188362095113e-08	-1.041637389136672e-07	-6.653946836326702e-08
0.9500000000000001	-4.359599858582192e-07	-1.260641889108289e-06	-2.384905777805573e-07	-3.515241826116971e-07	-1.743529788985474e-07	-4.999325699698025e-07	-2.940893594351127e-08	-4.381792383344293e-08	0.9689999975820405	-7.414577396813471e-08	-7.675935951900299e-08	-2.94728561422592e-08	3.313667728120184e-07	1.148560429526263e-06	-4.733501077522457e-08	3.548824132893618e-08	2.582847944599425e-07	3.88448930627939e-07	0.1048396507528301	-0.03176847545729725	0.0004685429572805384	0.01098286195649246	-0.0575534431882324	-0.03813122413312475	0.05286835768941739	0.03279136199446815	0.007690995787313794	0.02124549385201254	0.004977111336323747	-0.01330426589778773	4.421423499663289e-08	1.524208237908708e-07	-0.004436462720118791	0.005917955467854015	0.009943410745429697	-0.008027228637668743	0.001810856435816663	-0.0008643495524080411	0.0002636357710348851	-0.0008692661979980784	-0.0003514553366035185	0.001782175458354176	-7.261406214573254e-07	-7.286011534585129e-07	-5.412332911483682e-07	-1.289463754290107e-06	-5.127827706877284e-07	-1.265890007777426e-06	-3.603751046485324e-07	-6.474393845054396e-08	-2.508827194479347e-07	-3.069990488753722e-07	1.16123965735431e-07	8.189883057996263e-08	0.001136906651930986	-3.055612564648537e-08	0.0443506175400734	1.194343871191995e-06	-0.4187122657878143	-4.035261599634807e-07	4.267805151725063e-08	2.890326796687239e-07	1.774591635853148e-07	5.165560551296569e-07	1.666056455330545e-07	3.614849468351518e-07	-3.109015054123159e-07	-2.295647983278755e-07	-7.766289175379789e-08	1.764946337808663e-07	1.026044886468038e-07	-7.896052683132263e-08	-2.858296398947434e-07	-4.724580415172437e-07	7.080152669924726e-09	-1.723221068899711e-07	1.33227622590633e-09	-6.800367711563629e-08	-3.096313497331512e-08	-6.047417371226479e-08	-2.271413742835013e-07	-4.786617610702098e-07	6.65388144074375e-07	1.171321359077515e-06	-7.468073026925213e-08	-1.475125848754103e-07	4.277027578870639e-07	6.449224732236483e-07	1.047197532718073	-3.309338632891045e-08	-7.828585234014328e-08	-5.597644916895695e-08	5.102034840397336e-07	1.121667000292495e-06	-2.163717520081792e-08	-9.959916464464781e-08	9.415220858216098e-09	2.234387412894694e-08	1.376653745412255e-07	9.875321304155696e-08	1.047197562510016	2.067669662176818e-08	-1.048345498038042e-07	-6.739169588168638e-08
0.96	-4.485479616449642e-07	-1.256839438636611e-06	-2.419840520120775e-07	-3.47676723957735e-07	-1.793682839145993e-07	-5.027533645081858e-07	-2.985081447453533e-08	-4.454945903091101e-08	0.9689999968474912	-7.303683708683628e-08	-7.705908107098665e-08	-3.052369821938858e-08	3.428231613867863e-07	1.142206725620497e-06	-4.6959759662633e-08	3.931071666755358e-08	2.621574359910296e-07	3.860990225054041e-07	0.1054213665441539	-0.0224441799712877	0.0004441265847419606	0.01046999529739695	-0.05796063744964557	-0.03965899584658614	0.05287347218075605	0.04266941684367328	0.007740717718745402	0.02108491888098381	0.004966320090624169	-0.01500860592935883	4.571022991148395e-08	1.46775769413029e-07	-0.004440726453440474	0.0093762640953852	0.00995040115174089	-0.01494941390770574	0.001807414406616322	0.000536323077381102	0.0002823612036019127	-0.01596944256474634	-0.0003522484097584115	0.002903693372607756	-7.333552301603669e-07	-7.136308057494629e-07	-5.541006692699896e-07	-1.282845518247884e-06	-5.253034525013165e-07	-1.234375964474333e-06	-3.610262917107056e-07	-6.651684796309155e-08	-2.539586678146947e-07	-3.080303672323623e-07	1.169759630217562e-07	8.85394325287025e-08	0.001136906360717046	-2.684810013282928e-08	0.04435062948999528	1.195780313125535e-06	-0.4187122699000015	-4.199411812399402e-07	4.555194978897222e-08	2.85514932761323e-07	1.826618101786653e-07	5.260304749408382e-07	1.702388818226928e-07	3.658677678235804e-07	-3.13199662554502e-07	-2.28859961440771e-07	-7.597395586318015e-08	1.616285148274099e-07	1.018255575092805e-07	-7.648564322605208e-08	-2.905223994854508e-07	-4.663091375576363e-07	5.363512918362543e-09	-1.704271703757319e-07	6.549810378873866e-10	-6.708932308951069e-08	-3.156784662751975e-08	-6.052211137281614e-08	-2.319540790246467e-07	-4.838214175328716e-07	6.771499138994085e-07	1.180925576959149e-06	-7.614752954763788e-08	-1.456040925581179e-07	4.341601438401178e-07	6.462726604395431e-07	1.047197532388309	-3.278978854615123e-08	-7.883805848927116e-08	-5.400927989202705e-08	5.214076399796903e-07	1.118968554016247e-06	-2.26332677673963e-08	-9.988121175194149e-08	9.638264483837948e-09	2.232209519975564e-08	1.386422849961606e-07	9.627830317810065e-08	1.047197562716919	2.060256854312969e-08	-1.055067108174341e-07	-6.689144100675033e-08
0.97	-4.611129541286098e-07	-1.280280210900003e-06	-2.454728252102932e-07	-3.486040294963932e-07	-1.843966557200691e-07	-5.014036950318085e-07	-3.029411321855178e-08	-4.217081188204894e-08	0.9689999961361169	-7.089963716525172e-08	-7.736386789613353e-08	-3.785862516000872e-08	3.542488754045201e-07	1.145262386911081e-06	-4.656258078038336e-08	5.989059265582572e-08	2.660307439912739e-07	3.841291727240329e-07	0.1059705463150626	-0.02034554020455021	0.0004222672434006993	0.004757523599703903	-0.05836759000482686	-0.04006772839396572	0.05292067685164514	0.05583066087383828	0.007712514303923677	0.0391062597006606	0.004953273848968735	-0.0184212108816857	4.717603206533841e-08	1.404400114388341e-07	-0.004449059555646348	0.01655208838593849	0.009965106467255408	-0.02316500262979012	0.001808587907074092	-0.0007110073009150979	0.0003050904248769042	-0.01400513458558912	-0.0003544402988774572	0.004951478312890258	-7.405398093617594e-07	-7.007663449469138e-07	-5.669892601897761e-07	-1.301217937640054e-06	-5.377155586803065e-07	-1.052484531918147e-06	-3.616255810655395e-07	-5.383441762829167e-08	-2.570631667714258e-07	-3.281819581357159e-07	1.178382272525842e-07	1.018853223264724e-07	0.001136906087982747	5.716523309038873e-09	0.04435064143184549	1.194365893942956e-06	-0.4187122741112452	-4.745943045431504e-07	4.838301896364284e-08	2.552414536957444e-07	1.87837598207637e-07	5.547631657495708e-07	1.738734361054645e-07	3.871259142110912e-07	-3.155540625289185e-07	-2.422072290638083e-07	-7.436412590072792e-08	1.48620922633024e-07	1.010574656215462e-07	-5.643655927919152e-08	-2.951798637394499e-07	-4.515810113128274e-07	3.646091667466893e-09	-1.692254523366347e-07	-2.574427624231435e-11	-6.036701292451503e-08	-3.217130466528937e-08	-6.088014618360501e-08	-2.36796205031338e-07	-4.798269452046895e-07	6.889718365448278e-07	1.159299036136158e-06	-7.761507959595633e-08	-1.420463375959799e-07	4.406330620567664e-07	6.344159817965565e-07	1.047197532059441	-3.042353990617889e-08	-7.939082646335254e-08	-4.895497634001477e-08	5.325628223696509e-07	1.077169862857314e-06	-2.363533817568938e-08	-1.099842244421939e-07	9.860345091871572e-09	2.198895907304185e-08	1.396156624963654e-07	8.851692300404267e-08	1.047197562924336	1.971561349788029e-08	-1.061841164108558e-07	-6.718937456831621e-08
0.98	-4.738873352707697e-07	-1.308677965656325e-06	-2.489380044372382e-07	-3.469279486735051e-07	-1.895381450272844e-07	-5.401763080231841e-07	-3.074930120715324e-08	-4.896259277342678e-08	0.9689999954165456	-7.214871746989591e-08	-7.769561227969796e-08	-3.283458807867993e-08	3.658195189066939e-07	1.195682356134822e-06	-4.600996751360365e-08	7.333502572326253e-08	2.698489954711208e-07	3.753946014595875e-07	0.1065563921739615	0.0006898999465287106	0.000421965620060993	0.003326768571201013	-0.05879681977954974	-0.03936238549480005	0.05296301478819687	0.08825807329419719	0.007751042107346709	0.02475644550574039	0.004948507819674515	-0.03143958055311228	4.865769614751859e-08	1.63968901028411e-07	-0.004459330434807943	0.009365363962071929	0.009984900825913433	-0.01688649975483821	0.001805596905267525	-0.0006707953690864245	0.0003113033993365974	-0.003048178461514684	-0.0003569092674881145	0.002505424895161101	-7.476435408392756e-07	-7.132090396141414e-07	-5.798542702212974e-07	-1.281410056150812e-06	-5.4981653964601e-07	-1.306058402681744e-06	-3.620148429294663e-07	2.012694813283053e-08	-2.601615063838493e-07	-2.956455513019402e-07	1.188037683454646e-07	9.889808067959517e-08	0.001136905889981881	-3.098477688873162e-08	0.04435065348011401	1.227328832515448e-06	-0.4187122786428553	-4.785125294135051e-07	5.113394112162383e-08	2.795026215826286e-07	1.931371572786008e-07	5.129221533928209e-07	1.776112178639605e-07	3.740358251431063e-07	-3.179151322660102e-07	-2.443699270241704e-07	-7.286177813867188e-08	1.460414204317388e-07	1.003673874076723e-07	-6.522398805728009e-08	-2.997045554669201e-07	-4.387890592778156e-07	1.880724827407304e-09	-1.936049962950412e-07	-6.858500494003205e-10	-6.820986841498166e-08	-3.277368619602216e-08	-5.950141822567739e-08	-2.416624680085401e-07	-4.926511249540676e-07	7.007925484408003e-07	1.195370176401209e-06	-7.905045587849128e-08	-1.42433643070378e-07	4.470684539497585e-07	6.45615731774999e-07	1.047197531735324	-3.354740614281964e-08	-7.99081707514733e-08	-5.104228743405289e-08	5.435786870040074e-07	1.097580572484829e-06	-2.466738509107122e-08	-1.040322363775655e-07	1.008288879547854e-08	2.262543837210867e-08	1.405520911940558e-07	9.563516265987322e-08	1.047197563127888	2.027540408769544e-08	-1.068285510787496e-07	-5.862903674533013e-08
0.99	-4.866676903718269e-07	-1.328810990236126e-06	-2.52565631302488e-07	-2.741615775694428e-07	-1.948244877176812e-07	-4.847648500505744e-07	-3.120401447936554e-08	-5.443993909806263e-08	0.9689999947334254	-9.561973736469208e-08	-7.802766904423279e-08	-2.972322925720077e-08	3.776510480819118e-07	1.102539552918457e-06	-4.522600201784046e-08	-3.75019117389098e-08	2.736027773320404e-07	4.019483888861424e-07	0.1070944886925677	0.01487131121424018	0.0004033533758213611	0.001167882289762063	-0.05918999997297451	-0.0425678451179991	0.05297417821580511	0.09401883696836119	0.007766195651556773	0.03918118442439861	0.004939935691018361	-0.03442814061972128	5.026794180532186e-08	1.123985145614794e-07	-0.004447654178418081	0.006817923875335496	0.009978631833164713	-0.01069471836496243	0.001806295473914357	-0.002233484149531133	0.00028808969281713	0.005764725785818702	-0.0003526810277050648	0.001722925392520454	-7.543898379925091e-07	-8.952575930939075e-07	-5.925146077426778e-07	-1.337702935244173e-06	-5.618795288995454e-07	-1.528314337997358e-06	-3.620004016944732e-07	-1.416014967756807e-07	-2.633171486087062e-07	-2.449143797828915e-07	1.200944812591323e-07	-6.935107051722161e-08	0.001136905574898493	-1.195250041673916e-08	0.04435066536251629	1.335889286155476e-06	-0.4187122832098858	-4.756010127133031e-07	5.398243302053325e-08	2.64602564609304e-07	1.980104902938961e-07	6.825377206336854e-07	1.812197614117847e-07	4.115427280842723e-07	-3.208934714915285e-07	6.491231149122999e-08	-7.14589236488422e-08	2.07242256760945e-07	9.984562485403278e-08	-1.62843857962811e-07	-3.040676380174371e-07	-5.219233385040606e-07	-5.820497774312549e-11	-1.180887604848215e-07	-1.378257751169967e-09	-6.103653879033779e-08	-3.336616716245554e-08	-6.322827397684216e-08	-2.465448579701399e-07	-4.942401727929763e-07	7.126760077465628e-07	1.194838280494019e-06	-8.050323312537285e-08	-1.352900177665576e-07	4.535531771062724e-07	6.315681496744792e-07	1.047197531401482	-3.189145048722493e-08	-8.047596516818323e-08	-3.055150741275045e-08	5.547669828225494e-07	1.029394968793797e-06	-2.571495479434626e-08	-8.929378981620685e-08	1.030415084220304e-08	2.409907367901806e-08	1.416010029059448e-07	4.570482819209085e-08	1.047197563339587	1.607278045081401e-08	-1.074883242333381e-07	-4.141549566158234e-08
1	-4.999928763698764e-07	-1.359564724133087e-06	-2.56032691531065e-07	-3.6639271685825e-07	-2.003644891830185e-07	-5.910128245230189e-07	-3.171392323435748e-08	-5.218479839168494e-08	0.9689999939957115	-6.84327548754746e-08	-7.836026059541591e-08	-3.514797894181932e-08	3.898388570523195e-07	1.279376889422157e-06	-4.438819786138467e-08	1.329271455116801e-07	2.773206296320516e-07	3.585105831545155e-07	0.1076700331199611	0.03629747002618267	0.0003891687892575092	0.001106146054008876	-0.05959495676216011	-0.04263090186319352	0.05298999581127974	0.09824864400065265	0.007801199976831766	0.02685946241360988	0.004924694543459349	-0.03644270621046931	5.199958348746313e-08	2.01283892052759e-07	-0.004442408074786876	0.003713383473388016	0.009974234898660917	-0.0054356367791373	0.001806051744945563	-0.0008633449666551403	0.0002660087435609191	-0.001040540528071353	-0.0003508695797281978	0.001009860051686766	-7.615238754145047e-07	-6.607725255606694e-07	-6.053039025660157e-07	-1.260092508303942e-06	-5.7539258807157e-07	-1.346237060747528e-06	-3.614804483461806e-07	1.482569983939336e-07	-2.661791159542894e-07	-2.889998362133075e-07	1.210458729047456e-07	1.42051833851224e-07	0.001136905233226473	-4.405246458883117e-08	0.04435067780755847	1.235692345329281e-06	-0.4187122882139893	-5.360300780385043e-07	5.67798134244821e-08	2.842740069134664e-07	2.031254017762225e-07	4.586540108450592e-07	1.849940872367084e-07	3.717622477501167e-07	-3.232945237505211e-07	-3.283705802317299e-07	-6.998915621067036e-08	1.263036041542126e-07	9.920976862047641e-08	-3.042719809260928e-08	-3.08389488471297e-07	-3.963145718036702e-07	-2.069565143528015e-09	-2.355402236441206e-07	-2.061358515619392e-09	-7.071297432130152e-08	-3.395848036121128e-08	-5.766446698361579e-08	-2.515105616106745e-07	-5.009802550973469e-07	7.246789980769985e-07	1.208107195781417e-06	-8.191045121699807e-08	-1.404855040088362e-07	4.599973065510697e-07	6.472667856552612e-07	1.047197531061496	-3.508859462632503e-08	-8.096614760951476e-08	-5.235734107382413e-08	5.656689400909184e-07	1.09871131726138e-06	-2.676499893933985e-08	-1.109892521738823e-07	1.053369815548238e-08	2.294987264428508e-08	1.425413280159663e-07	1.070494585426037e-07	1.047197563538764	2.064962788920232e-08	-1.08026354345407e-07	-5.230253390503617e-08
1.01	-5.137997802790235e-07	-1.447690276945817e-06	-2.600650155004041e-07	-3.587900563777856e-07	-2.067846388299272e-07	-6.538749882578417e-07	-3.222753008367277e-08	-5.891695914986535e-08	0.9689999934313902	-6.907922801268585e-08	-7.876592145700083e-08	-4.182815264391257e-08	4.035060709984826e-07	1.37917619472807e-06	-4.22022025299382e-08	1.967493788790147e-07	2.80692854792182e-07	3.404271280027382e-07	0.1081890924529826	0.0515475981120358	0.0003576578476900431	-0.0006357202000640853	-0.05998252372629395	-0.04352358723714065	0.0530092867400231	0.08432752275754404	0.00782756620659399	0.04672603474626468	0.004909778868414192	-0.02999151581759345	5.442519271248561e-08	2.400914394427257e-07	-0.004425554923405412	0.008781980543926217	0.009960570114766755	-0.009133786633071865	0.001805318175892574	-0.001358666988537919	0.0002641288383427745	-0.01073136476841877	-0.0003459232331151052	0.002778261366082644	-7.670689856711786e-07	-6.522824165269038e-07	-6.175635914771581e-07	-1.259396689165007e-06	-5.880400843973224e-07	-1.481994893470669e-06	-3.585430260055617e-07	3.080642267766683e-07	-2.692832216091998e-07	-2.653815156145167e-07	1.234433755370398e-07	1.542186603451189e-07	0.001136904634800162	-5.683233114827105e-08	0.04435068973092229	1.285988059091937e-06	-0.4187122941919899	-6.693039240739167e-07	5.972575262621532e-08	2.85161432091165e-07	2.06709964190653e-07	4.380220668499916e-07	1.885650493868914e-07	3.88978425420805e-07	-3.283499798289501e-07	-3.489948905504189e-07	-6.919382814937123e-08	9.563773039397023e-08	9.960926574410758e-08	5.432044395698366e-09	-3.117311435691818e-07	-3.509617520804557e-07	-4.997422433310112e-09	-2.802735639837503e-07	-2.805776765177052e-09	-7.0983021908137e-08	-3.450798800172199e-08	-5.588756065260233e-08	-2.565276062127489e-07	-5.091946965254577e-07	7.368349368291363e-07	1.229621354374044e-06	-8.333271048691578e-08	-1.348609597276016e-07	4.665378439172245e-07	6.453104255427362e-07	1.047197530696555	-3.657378107281339e-08	-8.158212107903201e-08	-4.645815517005798e-08	5.768841547263971e-07	1.062796109580197e-06	-2.798763440369903e-08	-1.187919125297929e-07	1.075918581232697e-08	2.393611809305984e-08	1.438875650115019e-07	1.074489311910497e-07	1.047197563759532	1.898687950191192e-08	-1.085748867593996e-07	-3.514792999849076e-08
1.02	-5.282748130289331e-07	-1.470888684034674e-06	-2.640495810460421e-07	-4.115272889656287e-07	-2.136677034402372e-07	-7.170299493273933e-07	-3.279405048619014e-08	-5.807603410568733e-08	0.9689999928549226	-5.41207392526938e-08	-7.921055029518468e-08	-4.540929046824298e-08	4.179053030965534e-07	1.485393625456965e-06	-3.95790714588212e-08	2.967856224708486e-07	2.839370059006861e-07	3.147484750173571e-07	0.1087504487567661	0.06464735511293263	0.0003403927839567636	-0.005279276589762604	-0.06039130114318627	-0.04129627779601427	0.05306345835197316	0.07930514744837161	0.007828693383001578	0.03872657144434746	0.00488914681438599	-0.02775488239020792	5.714080824185849e-08	2.922572633749618e-07	-0.004434151961996063	0.01093017862190873	0.009971537489481668	-0.01254978068031547	0.001804391824292585	-0.0005424130251941578	0.0002766169361877889	-0.01583514365805917	-0.0003490504437468854	0.003440427549624189	-7.725767994369208e-07	-5.184872382744279e-07	-6.298183272989024e-07	-1.21344957993519e-06	-6.018008024244184e-07	-1.387359494916669e-06	-3.544602565405322e-07	4.803184274140946e-07	-2.721823706287078e-07	-2.889454814565174e-07	1.258819078329559e-07	2.746201516329549e-07	0.001136903944229266	-7.631926605963908e-08	0.04435070206335533	1.232370858844959e-06	-0.4187123010650169	-7.120980019956176e-07	6.267133189791473e-08	2.970581676999323e-07	2.101658171917932e-07	3.09800245043078e-07	1.922633475289103e-07	3.667189504147612e-07	-3.33495323790242e-07	-5.724263922672279e-07	-6.856928679958302e-08	4.922548321647698e-08	1.002225309304967e-07	8.251099946780588e-08	-3.147641214367516e-07	-2.778526346790762e-07	-8.237457814253794e-09	-3.488969265101156e-07	-3.552320756600375e-09	-7.642744488381405e-08	-3.504548139453002e-08	-5.266124198825242e-08	-2.616203253546017e-07	-5.135211405622419e-07	7.491487464178477e-07	1.238305722585522e-06	-8.471131084920274e-08	-1.37482912923936e-07	4.730591273361988e-07	6.540962685631633e-07	1.047197530320059	-3.849214500613628e-08	-8.214965606468251e-08	-5.857681062750644e-08	5.878441730707638e-07	1.10029572382484e-06	-2.926177642434055e-08	-1.315758275580237e-07	1.099241252961257e-08	2.336356732571824e-08	1.452254132285096e-07	1.42210310827862e-07	1.047197563968874	2.143562430732036e-08	-1.089938363240988e-07	-4.013427594386524e-08
1.03	-5.429233077643114e-07	-1.519644314116334e-06	-2.682777147255957e-07	-3.84392039559882e-07	-2.208772908168563e-07	-7.295381371280907e-07	-3.336031662194464e-08	-6.343774003140928e-08	0.968999992343567	-6.210941378073501e-08	-7.968344190745546e-08	-4.6074328387404e-08	4.32872348244309e-07	1.500913206795787e-06	-3.643515074437035e-08	2.860203105405123e-07	2.870469400643025e-07	3.156070515228009e-07	0.1092903302876264	0.07638258081346294	0.0003172674017609445	-0.00765950665582533	-0.0607878740753488	-0.04014514714415457	0.05309464690319759	0.06482144614755674	0.007850942093356197	0.03981645663150164	0.004878846755397044	-0.02246139827739038	6.011970870074161e-08	2.93373447608019e-07	-0.004432878289338892	0.00948229595481676	0.009979001822219986	-0.01103071414337376	0.001801773568225446	-0.001235198337822574	0.0002885520319317771	-0.00962042600603733	-0.0003489284702143518	0.00289177512078556	-7.774333789173204e-07	-5.805122054320748e-07	-6.418303173223298e-07	-1.233802618071616e-06	-6.151661083781371e-07	-1.539040980788223e-06	-3.494697207853571e-07	4.99850788129767e-07	-2.75187171552531e-07	-2.583254041126406e-07	1.28900454908313e-07	2.219219529723337e-07	0.001136903147395289	-7.570774174655272e-08	0.04435071417137583	1.295378890957785e-06	-0.4187123082933059	-7.587951353733189e-07	6.568600876683857e-08	2.909643272490484e-07	2.130063984216907e-07	3.56953453189264e-07	1.958639070355471e-07	3.874145210858619e-07	-3.397023009831709e-07	-4.765892654421978e-07	-6.819142971793139e-08	5.949183135421557e-08	1.012393488329818e-07	6.153824247378089e-08	-3.174248417431833e-07	-2.856854050235473e-07	-1.182620903051145e-08	-3.441925537937394e-07	-4.323515702794445e-09	-7.437032251712737e-08	-3.556653283320597e-08	-5.316837100844764e-08	-2.667322529262608e-07	-5.19246228430666e-07	7.615166667026636e-07	1.248572623257533e-06	-8.60975742803183e-08	-1.325443530496332e-07	4.796198677981219e-07	6.487442392979707e-07	1.047197529933635	-3.866966660092301e-08	-8.2771265954352e-08	-4.897571350976366e-08	5.989475315019045e-07	1.063012332085747e-06	-3.060301617708082e-08	-1.299810996952415e-07	1.122397507565794e-08	2.428215843560155e-08	1.46726915294902e-07	1.256332620696302e-07	1.047197564187006	1.954369882499889e-08	-1.094201323500495e-07	-2.703152955489288e-08
1.04	-5.574553136813005e-07	-1.446776999889584e-06	-2.727587247985734e-07	-4.548674540067357e-07	-2.2821453177789e-07	-7.348836309463662e-07	-3.390435502564224e-08	-5.366082912744538e-08	0.968999991902729	-4.177143995339681e-08	-8.015846345102259e-08	-4.809212065933921e-08	4.480656426986404e-07	1.521640569901667e-06	-3.296352942705073e-08	3.524903708595541e-07	2.900843385093577e-07	3.033393678044326e-07	0.109858883742426	0.08646034941584538	0.0003023238556628657	-0.00916720304471752	-0.06118831545975836	-0.03806367025302177	0.05312238833474602	0.05588701463581162	0.007854651851846924	0.02037570389339539	0.004867041971090272	-0.02033366007110437	6.323047413716418e-08	3.131544525338821e-07	-0.00443945784735119	0.003727229244197617	0.009991989056635233	-0.003811717162750927	0.001801896072042653	-0.0007881997478148171	0.0002830003754981332	-0.0009712455284184777	-0.0003508766716249609	0.00108456666544579	-7.817625483138823e-07	-4.11021781960857e-07	-6.536812612050253e-07	-1.176910900422082e-06	-6.277232215788531e-07	-1.21491688675973e-06	-3.44058366371816e-07	5.477540405363224e-07	-2.783383214586823e-07	-3.206601149129912e-07	1.3242896384434e-07	3.662870805741237e-07	0.001136902282057952	-8.594626288885344e-08	0.04435072588565935	1.158698717835193e-06	-0.4187123154604671	-7.128214337979569e-07	6.874870818991183e-08	3.070996488648774e-07	2.15311189216417e-07	2.181329402638484e-07	1.993486025338465e-07	3.438925608319035e-07	-3.468830479835336e-07	-7.449444223433047e-07	-6.796147066646813e-08	1.789845191176591e-08	1.025379564232865e-07	1.381814547843425e-07	-3.198435953916178e-07	-2.361654746952893e-07	-1.562493476914553e-08	-3.840770324579166e-07	-5.118350743931112e-09	-7.92445567764834e-08	-3.607534883380212e-08	-5.070741135374754e-08	-2.718264770735202e-07	-5.069859151677017e-07	7.738308917912459e-07	1.230501753561585e-06	-8.750738316592328e-08	-1.421970170430208e-07	4.862109139493251e-07	6.608798457392864e-07	1.047197529543327	-3.902589595574585e-08	-8.345986450868369e-08	-7.13030726441653e-08	6.102738245971431e-07	1.137650857074368e-06	-3.198013713615926e-08	-1.389006084361911e-07	1.144982471940779e-08	2.230822231688926e-08	1.483866027070419e-07	1.700096704604213e-07	1.047197564418984	2.317775661985718e-08	-1.099066948374911e-07	-5.207039021398105e-08
1.05	-5.719072877556864e-07	-1.448178266433182e-06	-2.772524144029213e-07	-4.508678084166594e-07	-2.355887999234202e-07	-7.373387217116698e-07	-3.444225951919711e-08	-5.377218058758262e-08	0.968999991496271	-4.137825630148874e-08	-8.065076292633822e-08	-4.933439841496213e-08	4.632852469422587e-07	1.525404616541389e-06	-2.94095427230362e-08	3.523061550845058e-07	2.931079604880643e-07	3.025457304976638e-07	0.1103975622634543	0.09971058965623981	0.0002781608157134195	-0.007676204927421457	-0.06157636484544284	-0.04044105915229	0.05311513958896721	0.03727248454396552	0.007887289269508106	0.01452517171171886	0.004864555778078976	-0.01391579080160553	6.638749662184922e-08	3.160914952578722e-07	-0.004429136647450033	-0.001524498461007779	0.009988354680621274	0.003930672608438148	0.001801446243539707	-0.0009189586415143026	0.0002692672170125735	0.003334065090394156	-0.0003474051732166384	-0.0004327517689375722	-7.858140117717761e-07	-4.027732729855073e-07	-6.654664773524683e-07	-1.177076236317112e-06	-6.39941316614148e-07	-1.223718508754641e-06	-3.385669494656466e-07	5.507452964590121e-07	-2.815868002655345e-07	-3.24582478974968e-07	1.36116522850162e-07	3.687046071736061e-07	0.001136901450929982	-8.355808965455315e-08	0.04435073749850332	1.160560512535429e-06	-0.4187123226716615	-7.206530293010282e-07	7.180677302455991e-08	3.070032777134523e-07	2.175092979515308e-07	2.196835685243304e-07	2.027777508152168e-07	3.43441636884938e-07	-3.54323252479852e-07	-7.433568613613597e-07	-6.788132747255787e-08	1.280969056061202e-08	1.03966987012557e-07	1.430665245959505e-07	-3.222014223151452e-07	-2.352401746851164e-07	-1.947980353161973e-08	-3.85798322198762e-07	-5.909764154969945e-09	-7.880887608453233e-08	-3.658373926720763e-08	-5.090741261461495e-08	-2.7691174820526e-07	-5.085859237024296e-07	7.862009379608688e-07	1.237608696777823e-06	-8.893134150072849e-08	-1.423501850451535e-07	4.928363059964131e-07	6.629076862737059e-07	1.047197529152219	-3.915904951750005e-08	-8.416864529554422e-08	-7.090370717855683e-08	6.216587631375212e-07	1.139931085944703e-06	-3.337734235452373e-08	-1.401780068518893e-07	1.167442577370884e-08	2.244902172268428e-08	1.50086551241733e-07	1.698844084739116e-07	1.047197564651461	2.312899912057444e-08	-1.104243922314248e-07	-5.188724708875249e-08
1.06	-5.864232793484475e-07	-1.459293092021111e-06	-2.816749460326299e-07	-4.337293827484344e-07	-2.430159441148651e-07	-7.492851525407447e-07	-3.49813078762003e-08	-5.429058414233048e-08	0.9689999910964089	-3.932232866356385e-08	-8.116864062409821e-08	-5.485214716673624e-08	4.786151582467376e-07	1.545547761208516e-06	-2.586432203310972e-08	3.526679449995332e-07	2.961206476529799e-07	3.001092027318712e-07	0.1109409414937114	0.1039526887039152	0.0002552203878645063	-0.007598668749184276	-0.06197064149810649	-0.0405039186704693	0.05311592405761084	0.01430196015243656	0.00789176825916291	0.004643369088352623	0.004858990470203878	-0.00550489582574749	6.960250244066366e-08	3.28228164143718e-07	-0.004427238964081761	-0.002705461019129209	0.009987223112844364	0.006626927503481793	0.001802380098891502	-0.0002511447142886399	0.0002583743851795342	0.0001849422032892198	-0.0003467221757022097	-0.0006418509641406711	-7.897131470207772e-07	-3.695916071475711e-07	-6.772431637184506e-07	-1.175892474753915e-06	-6.523119326613372e-07	-1.253512939361635e-06	-3.329776872233604e-07	5.707993218342734e-07	-2.849235687562151e-07	-3.419613841215051e-07	1.39847904251152e-07	3.775675272722752e-07	0.001136900666454262	-7.277839418254545e-08	0.04435074915632618	1.171723643932237e-06	-0.4187123300300912	-7.534667771801633e-07	7.486478273561436e-08	3.05760763415067e-07	2.197366561844717e-07	2.270587793422723e-07	2.061986394341259e-07	3.411377006138092e-07	-3.617377980536681e-07	-7.378891340381906e-07	-6.788749845881362e-08	-9.842879237765348e-09	1.054808271552481e-07	1.620285710796146e-07	-3.245347175021049e-07	-2.30279283057851e-07	-2.337646938969718e-08	-3.944509776293822e-07	-6.689287643831064e-09	-7.6270421940819e-08	-3.709600086616698e-08	-5.172742797227871e-08	-2.820176732782915e-07	-5.130570638208914e-07	7.986990745608466e-07	1.265400331351601e-06	-9.03593793082048e-08	-1.432630196544979e-07	4.995023786244362e-07	6.714188165896926e-07	1.047197528759342	-3.953738787379663e-08	-8.487438900947376e-08	-6.996504385770735e-08	6.330686461275228e-07	1.143443268094944e-06	-3.480469051230623e-08	-1.462693470274865e-07	1.190086229704306e-08	2.285899863639164e-08	1.51781676572175e-07	1.687707339415971e-07	1.047197564881573	2.258665836516655e-08	-1.109448881286849e-07	-5.237834138503325e-08
1.07	-6.009825683538102e-07	-1.458612154973173e-06	-2.86019696972179e-07	-4.323970626689963e-07	-2.504900069037207e-07	-7.505415302411085e-07	-3.552266514397565e-08	-5.446408493696118e-08	0.9689999907053094	-3.867422298292449e-08	-8.170886454672794e-08	-5.511906962722061e-08	4.940181915257766e-07	1.545028571246527e-06	-2.231410065973749e-08	3.543184801845343e-07	2.991247393636094e-07	3.000360876690456e-07	0.1114671841736932	0.1030115625282271	0.0002284436949973819	-0.007391007909581825	-0.06235785788203649	-0.04031737561864494	0.05311242467373335	-0.01160271140944129	0.007900535384936428	0.001535194159723467	0.004856917984025626	0.004094298120920781	7.28611336890519e-08	3.29022109208686e-07	-0.004424714110206365	-0.001920665892838021	0.009987263052014762	0.005729363754529744	0.001801315813533592	0.0001007081092496748	0.0002626659564485556	-0.004247097868861733	-0.0003459448073966502	-0.0003128473329009936	-7.934847438459895e-07	-3.678073847602775e-07	-6.890188173195639e-07	-1.175829028604346e-06	-6.647947178055721e-07	-1.252151630639681e-06	-3.273063372239852e-07	5.719843232316539e-07	-2.883235873274516e-07	-3.426038242411957e-07	1.436112549927513e-07	3.777316222317622e-07	0.001136899923618321	-7.145997261188835e-08	0.0443507608629312	1.173359285083664e-06	-0.4187123375228342	-7.555070404594288e-07	7.791586645832243e-08	3.047173836031749e-07	2.219967830198002e-07	2.279979071662231e-07	2.09607773414554e-07	3.408723841421202e-07	-3.691304211684785e-07	-7.379103150329884e-07	-6.798536032671577e-08	-1.431949973894748e-08	1.070719240528509e-07	1.628811134895905e-07	-3.268503894710817e-07	-2.299435306411968e-07	-2.73069093377637e-08	-3.949029202321848e-07	-7.457937051210885e-09	-7.618272608566841e-08	-3.761159654283268e-08	-5.173772508850506e-08	-2.871415330396293e-07	-5.129518497900075e-07	8.113029359059902e-07	1.267005719841333e-06	-9.179096865498606e-08	-1.433938805399409e-07	5.062000969793938e-07	6.718520245490215e-07	1.047197528364911	-3.951739745565494e-08	-8.557515988493921e-08	-6.996628510165248e-08	6.444825438007743e-07	1.142079103881305e-06	-3.625711778047189e-08	-1.463164339446421e-07	1.212877605990803e-08	2.287394737638356e-08	1.53471322206813e-07	1.686779339717526e-07	1.047197565109211	2.252448737867371e-08	-1.114675255913209e-07	-5.251500176024605e-08
1.08	-6.156012063079931e-07	-1.466137492717588e-06	-2.902537258787207e-07	-4.114402633146819e-07	-2.580451169456953e-07	-7.64230104953355e-07	-3.606938090612896e-08	-5.5526393847344e-08	0.9689999903307841	-3.514996265568792e-08	-8.228369491950108e-08	-6.087057827935378e-08	5.095344510517698e-07	1.559654458892167e-06	-1.875199588591709e-08	3.590081593541452e-07	3.02113056005348e-07	2.978527011952752e-07	0.1119976523363604	0.0940302803802737	0.0002046398601836156	-0.008361659958733654	-0.06274395555466454	-0.03835294726866494	0.05311532053277425	-0.03066179644496542	0.00788929161265352	-0.007906138644147961	0.004852527636711253	0.01077355103774584	7.619588286499678e-08	3.407972180884067e-07	-0.004433933126712244	-0.001536607828595747	0.00999875780115443	0.004322807001524521	0.00180060753747522	0.0005342948134496438	0.0002743997247109137	-0.003788393980646105	-0.000348807926670208	-0.0002486392263280974	-7.970390015794117e-07	-3.329685396029216e-07	-7.007818921633143e-07	-1.174837232084518e-06	-6.774331393793475e-07	-1.273161985642072e-06	-3.215069373985935e-07	5.927574047028763e-07	-2.918213441496622e-07	-3.575105746790882e-07	1.474241458758131e-07	3.849472007092669e-07	0.001136899255012722	-5.849903040448735e-08	0.04435077264758729	1.188026719117223e-06	-0.4187123452213056	-7.910746470545217e-07	8.095151338730133e-08	3.004532527372247e-07	2.243093098881533e-07	2.377563797566315e-07	2.130036130933326e-07	3.377755905070615e-07	-3.764925740872502e-07	-7.330024483984473e-07	-6.824680365872568e-08	-4.5852606190306e-08	1.087854076715037e-07	1.831007494171654e-07	-3.29133245802543e-07	-2.249094570646742e-07	-3.129083388139741e-08	-4.034611670661309e-07	-8.2090920952722e-09	-7.332888242966658e-08	-3.813238631714864e-08	-5.254363885933097e-08	-2.922899990553173e-07	-5.166926010535381e-07	8.240853707672196e-07	1.295426335920313e-06	-9.322864729314866e-08	-1.444873505132926e-07	5.129518960043033e-07	6.801892226603743e-07	1.047197527968402	-3.983473596980578e-08	-8.626979653036337e-08	-6.875498768736343e-08	6.559074155681086e-07	1.140098113878313e-06	-3.774477670853348e-08	-1.519215989943927e-07	1.23592203723825e-08	2.325403735160225e-08	1.551534579098262e-07	1.671828456897215e-07	1.047197565332534	2.173322122112064e-08	-1.119948484820439e-07	-5.337242676171195e-08
1.09	-6.302447018740481e-07	-1.466326496558977e-06	-2.944061441532491e-07	-4.084060696774779e-07	-2.656509573967406e-07	-7.649902478970975e-07	-3.662062030039597e-08	-5.551857677402454e-08	0.9689999899689341	-3.482530599538228e-08	-8.288024296220385e-08	-6.141137490842097e-08	5.251003689301579e-07	1.560069391672637e-06	-1.517430253985043e-08	3.598639335860647e-07	3.050928756981785e-07	2.976778363402857e-07	0.1125144282840869	0.0827111900789511	0.0001803644429341492	-0.007402902911368209	-0.06312338771587891	-0.03812653818245895	0.05309600017601658	-0.04162279781120573	0.007885686679792206	-0.01474190198384646	0.004855348613433895	0.01444466684733549	7.95736035170322e-08	3.41366636552089e-07	-0.004439810865266075	-0.003666147545360011	0.01000981661151525	0.005823395723579155	0.001799933144278927	0.0004136591678457844	0.000281450811469869	0.002168529206716396	-0.0003503368432052297	-0.001019102733856748	-8.004568375047904e-07	-3.31164121051412e-07	-7.125419969621231e-07	-1.17576805739682e-06	-6.901524814706154e-07	-1.276183039583977e-06	-3.15633854460227e-07	5.939347777599557e-07	-2.953686326629338e-07	-3.590837753987245e-07	1.512629545731843e-07	3.857007150597898e-07	0.001136898634509127	-5.767631547775142e-08	0.04435078448719348	1.189191183897281e-06	-0.4187123530555443	-7.948710981237984e-07	8.39715628139151e-08	3.000306543210864e-07	2.266604615319564e-07	2.385247186743934e-07	2.16387399155896e-07	3.371351206910454e-07	-3.838340973590521e-07	-7.324754815890903e-07	-6.862353057524491e-08	-4.879763700891118e-08	1.105784970492566e-07	1.850333100074364e-07	-3.313981560589426e-07	-2.248841315621283e-07	-3.530546818147244e-08	-4.040912276461907e-07	-8.949165488053893e-09	-7.317711138229596e-08	-3.865636238069869e-08	-5.260872377358355e-08	-2.974544597522566e-07	-5.173163938254301e-07	8.369762452219371e-07	1.297381599067094e-06	-9.467014134436659e-08	-1.445542019882967e-07	5.197345893908476e-07	6.806585981492303e-07	1.04719752757045	-3.988015928764437e-08	-8.695842505479747e-08	-6.851424188803345e-08	6.673265607413511e-07	1.139670379857316e-06	-3.925324957796583e-08	-1.52531684399397e-07	1.259119953519289e-08	2.328895004180659e-08	1.568297778929499e-07	1.670349940457861e-07	1.047197565552755	2.172189543810407e-08	-1.125244366361361e-07	-5.331360531983797e-08
1.1	-6.448899531279515e-07	-1.471391891306705e-06	-2.984313826591824e-07	-3.934093329339536e-07	-2.733133982782568e-07	-7.869978033347898e-07	-3.717736351163941e-08	-6.02874689311951e-08	0.9689999896236007	-2.904642337808605e-08	-8.350132821139072e-08	-6.361424895263419e-08	5.407139954001436e-07	1.57068463838674e-06	-1.153326116970412e-08	3.77253017749901e-07	3.080298230946357e-07	2.887243564506447e-07	0.1130309895589082	0.07012838105799611	0.0001569883747911091	-0.00619244244164917	-0.06350188393729714	-0.03868750253472926	0.05307005154555876	-0.05155563076357227	0.007874025247697786	-0.02474683088679532	0.00485925726615552	0.01769013136137677	8.289318341410603e-08	3.110437325074738e-07	-0.004445749599693995	-0.006439862992636676	0.01001894134026241	0.008617042073465041	0.001800745812898628	0.0005385979927055905	0.0002779062608397339	0.007298445357027311	-0.0003517007278964458	-0.001938222980782928	-8.038262486663614e-07	-3.66051499933999e-07	-7.242611771599917e-07	-1.160111160854197e-06	-7.032369651500711e-07	-1.413489855714059e-06	-3.096780772996172e-07	6.528060758863521e-07	-2.989827862558763e-07	-3.599853802168488e-07	1.549639961349e-07	3.527312557436104e-07	0.001136898084162515	-6.572619606516903e-08	0.04435079631816684	1.210601101993507e-06	-0.4187123612282276	-8.766946917653867e-07	8.69665653899142e-08	2.96196051137435e-07	2.291175134627737e-07	2.700259248959894e-07	2.197659478619299e-07	3.321789983658173e-07	-3.910559087286892e-07	-7.077754539235873e-07	-6.917464525710128e-08	-8.736834974556814e-08	1.124839582001073e-07	1.95209843309903e-07	-3.336405804497749e-07	-2.164594374586192e-07	-3.934646434260113e-08	-4.035423445713586e-07	-9.663044273577736e-09	-7.104802153169186e-08	-3.918593731659889e-08	-5.383269436545109e-08	-3.026884008525331e-07	-5.453923512867609e-07	8.500248288094914e-07	1.337391949755221e-06	-9.611504254131548e-08	-1.454048027853868e-07	5.265528271274725e-07	6.869322936264724e-07	1.047197527171037	-4.060607568917265e-08	-8.761302616762898e-08	-5.88267790244869e-08	6.788239961556895e-07	1.124299647417967e-06	-4.074744614877969e-08	-1.480760790369933e-07	1.282977697709481e-08	2.551916984896752e-08	1.585007561160905e-07	1.624200376700434e-07	1.047197565769041	1.940565945894565e-08	-1.130383494200146e-07	-4.937711481988685e-08
1.11	-6.595358449001423e-07	-1.474147434247072e-06	-3.024369059811134e-07	-3.923872460888504e-07	-2.80979734083815e-07	-7.952219439011353e-07	-3.773560907497808e-08	-6.211524798568408e-08	0.9689999892779507	-2.668506173841141e-08	-8.412370908630457e-08	-6.382050680907798e-08	5.563398423647818e-07	1.572987633535418e-06	-7.880918667673697e-09	3.810523576852152e-07	3.109546349391139e-07	2.879230382113436e-07	0.1135280942475958	0.0577513821739476	0.0001308257069584761	-0.003111338327774345	-0.06387528814102744	-0.03890658024274967	0.05303098225259707	-0.06054379284914771	0.007876565619303531	-0.0279096357075388	0.00486918955719594	0.02102846296053839	8.617109893585592e-08	3.08154610601965e-07	-0.004444923334613258	-0.007851674441595308	0.0100197411083315	0.01018347568992159	0.001800769912290318	0.0006034485643866259	0.0002723043452421278	0.007879041118634649	-0.0003510137601200302	-0.002356834107538184	-8.072353961101324e-07	-3.736870652158589e-07	-7.359448427176189e-07	-1.158983318067751e-06	-7.164932753552825e-07	-1.436151725627283e-06	-3.036838534756631e-07	6.724330994503119e-07	-3.02603693046087e-07	-3.577289903748062e-07	1.585856966883286e-07	3.555766642048569e-07	0.001136897529398016	-6.992211707799667e-08	0.04435080813074382	1.224059823891306e-06	-0.4187123695102999	-8.864917798734642e-07	8.996093297823998e-08	2.949865617748264e-07	2.316177053461663e-07	2.74697731805587e-07	2.231408176342385e-07	3.297898260231202e-07	-3.982188925110524e-07	-7.09220495446088e-07	-6.973690194883607e-08	-9.835161808722149e-08	1.144040076013397e-07	1.943479582500455e-07	-3.358793759258263e-07	-2.130843039062159e-07	-4.338230693824523e-08	-4.03871074464638e-07	-1.037054812174692e-08	-7.183846370253475e-08	-3.971695716675931e-08	-5.39836807776584e-08	-3.079501887575813e-07	-5.511610622322033e-07	8.63102444921153e-07	1.347301259678549e-06	-9.755973691840553e-08	-1.457993111864596e-07	5.333722736181352e-07	6.88800980149428e-07	1.047197526771453	-4.082739015117301e-08	-8.824936035855473e-08	-5.819986057604526e-08	6.903440015634674e-07	1.110479811649174e-06	-4.223035730743257e-08	-1.488682840641776e-07	1.307150764104173e-08	2.580598296272776e-08	1.601680031536998e-07	1.610276050240406e-07	1.047197565982905	1.874025577306986e-08	-1.13542687615817e-07	-4.98092513633911e-08
1.12	-6.742822740878788e-07	-1.486227159937234e-06	-3.06336319996915e-07	-3.814309311753557e-07	-2.889517820474061e-07	-8.303767674919051e-07	-3.836234920293613e-08	-7.00727437978098e-08	0.9689999890154316	-1.697778263471559e-08	-8.476169679409201e-08	-6.529460561599877e-08	5.72090788330931e-07	1.586715216840282e-06	-4.050431167937871e-09	4.003802643361251e-07	3.138156235014356e-07	2.820382830388117e-07	0.1140092975812237	0.03963187395979208	0.0001030488761751471	-0.0007428614833985654	-0.06424054078145548	-0.03706844118088457	0.05299702095319765	-0.06496206098072589	0.007863138588138158	-0.02549569823167751	0.004877578724852278	0.02280502017690815	8.919107157312838e-08	2.819669816181818e-07	-0.004447002696717754	-0.005645702761034935	0.01002069491734878	0.0072390726601163	0.001801332832766852	0.0007469944717113394	0.0002711407401691567	0.004313143033284864	-0.0003514035777258621	-0.001660344017049834	-8.110419692409116e-07	-4.174934564422821e-07	-7.474783218288073e-07	-1.142010366422076e-06	-7.311508426629098e-07	-1.589005087366722e-06	-2.968731961405442e-07	7.676091404461331e-07	-3.06181061649471e-07	-3.514936858159528e-07	1.620296279905512e-07	3.39742857818041e-07	0.001136896819170416	-8.886726001087095e-08	0.04435082036324194	1.275171435137419e-06	-0.4187123785392124	-9.660340565957223e-07	9.290800181640514e-08	2.893968022228787e-07	2.344311079679237e-07	3.092195639476279e-07	2.264289326091736e-07	3.18883726673575e-07	-4.052272804288379e-07	-6.940080795626534e-07	-7.074402742137116e-08	-1.477451124055819e-07	1.163588775103762e-07	1.962352365672036e-07	-3.379974986063088e-07	-1.991778507617691e-07	-4.741532905575268e-08	-4.035180329461345e-07	-1.108137767040632e-08	-7.282135937182989e-08	-4.025907844620202e-08	-5.515495103997277e-08	-3.135141040774686e-07	-5.843037707193568e-07	8.766372755246776e-07	1.398204901700106e-06	-9.901771201903293e-08	-1.473502063186617e-07	5.402669660471169e-07	6.971223099350085e-07	1.047197526362617	-4.186215151480717e-08	-8.880429181773322e-08	-4.9469822945756e-08	7.014645471746693e-07	1.059953540169368e-06	-4.370248019745017e-08	-1.487529068335117e-07	1.333447132668388e-08	2.809940829656001e-08	1.617715662123899e-07	1.535114206565493e-07	1.047197566166147	1.515625608215167e-08	-1.140274243604763e-07	-4.8123370025391e-08
1.13	-6.890628837471522e-07	-1.482847563173243e-06	-3.102073481163255e-07	-3.851750137582393e-07	-2.970353367927778e-07	-8.19612072787288e-07	-3.901393092994424e-08	-6.777979993613412e-08	0.9689999887838611	-1.993545695004331e-08	-8.540421981289665e-08	-6.452531130491362e-08	5.878769803985143e-07	1.582063592795894e-06	-1.602052862943594e-10	3.936162354315859e-07	3.1665874530844e-07	2.845646333129396e-07	0.1144763893186992	0.02157162687171994	7.569206108997091e-05	0.001378402573704671	-0.06459760289046156	-0.03459431717769183	0.05296694429390313	-0.05960352539810236	0.007854667593864828	-0.02070864629966268	0.004884905451710761	0.02095195220497122	9.213561647802112e-08	2.914459724492819e-07	-0.004450807486160375	-0.002704780671947736	0.01002408696405851	0.002617328604048812	0.001801007621206314	0.0008234436655823005	0.000278390850510266	0.0007448976145810983	-0.0003524399968834644	-0.0007913228691775484	-8.149763356998392e-07	-4.041515109144666e-07	-7.589691279711939e-07	-1.144990897027289e-06	-7.462404189261142e-07	-1.542136088664631e-06	-2.897830679172952e-07	7.410984273747849e-07	-3.097371477836304e-07	-3.524389064791051e-07	1.654473737781348e-07	3.450554179300077e-07	0.001136896053806623	-8.436605600966636e-08	0.04435083275900801	1.260815240335195e-06	-0.4187123877871061	-9.404770281321754e-07	9.583568755044901e-08	2.907619996746421e-07	2.373395568066466e-07	2.994255859844599e-07	2.296854817164356e-07	3.209002968492156e-07	-4.122046173087583e-07	-6.977139077274149e-07	-7.191203921061318e-08	-1.312174584943456e-07	1.183170218763954e-07	1.940185751972586e-07	-3.400701730556443e-07	-2.028627280494081e-07	-5.144873009752487e-08	-4.031600796617048e-07	-1.179715016335252e-08	-7.28671183124583e-08	-4.080453243366379e-08	-5.475043527038628e-08	-3.191763241789896e-07	-5.738127705491757e-07	8.903288062395636e-07	1.382366767740981e-06	-1.004803538945115e-07	-1.468478642533351e-07	5.471891036455975e-07	6.942193829525526e-07	1.047197525950521	-4.150253590694063e-08	-8.933706959127622e-08	-5.165539783196612e-08	7.124257229504496e-07	1.07219993507851e-06	-4.51752040933187e-08	-1.492460907533509e-07	1.360394797986319e-08	2.74334398433219e-08	1.633530808448334e-07	1.554100581302343e-07	1.047197566339198	1.604736326278321e-08	-1.145090649869129e-07	-4.864644850761134e-08
1.14	-7.039234685552422e-07	-1.490267117515241e-06	-3.140295728843668e-07	-3.834885353638774e-07	-3.053137525285613e-07	-8.367009076294346e-07	-3.971088193099979e-08	-7.183288398322835e-08	0.9689999886076039	-1.490829212978987e-08	-8.605231484842805e-08	-6.461074494633006e-08	6.037306790694374e-07	1.585612629998488e-06	3.820534142131581e-09	3.994846888096509e-07	3.194992547032592e-07	2.871167565501107e-07	0.1149299584423293	0.003148523761725718	4.969515652686054e-05	0.002837963804748293	-0.06494761609519055	-0.03126970989212965	0.05294280165584155	-0.04326628051029172	0.007838861367075928	-0.01328989731531448	0.00488970387314178	0.01515760802589603	9.498106511951655e-08	2.890720837273474e-07	-0.004456769148153646	0.0001747877025299881	0.01003006102527834	-0.002050615660819231	0.001801194057791098	0.0005394726067986823	0.0002865771071705084	0.0003672503629848214	-0.0003541294996248672	-1.118273446372343e-05	-8.191290212535416e-07	-4.188122716409155e-07	-7.703589426586113e-07	-1.137603875957286e-06	-7.620815958625147e-07	-1.58807906938248e-06	-2.821215101183993e-07	7.908930814970075e-07	-3.132471088777213e-07	-3.466062024582037e-07	1.688338532641319e-07	3.527894038808003e-07	0.001136895158177992	-9.722552331839826e-08	0.04435084549658019	1.296215282544615e-06	-0.4187123974142167	-9.601923502292026e-07	9.872612688156743e-08	2.867394164499794e-07	2.404331603873156e-07	3.119538041721804e-07	2.328630897424642e-07	3.126712678910538e-07	-4.191161066283359e-07	-6.974827085109984e-07	-7.333537645706221e-08	-1.520317464471825e-07	1.202602271162025e-07	1.892791318520768e-07	-3.420708544835566e-07	-1.964470429011716e-07	-5.547658393485852e-08	-4.02649800710604e-07	-1.252732512590035e-08	-7.539493734271341e-08	-4.13554347932761e-08	-5.502540470359802e-08	-3.249988353804627e-07	-5.842811724414592e-07	9.042808845914336e-07	1.402069937933226e-06	-1.019520185355453e-07	-1.476324907162235e-07	5.54151330303734e-07	6.973073128445633e-07	1.047197525532844	-4.195138082389834e-08	-8.982591893714373e-08	-4.934616618243933e-08	7.230183728724323e-07	1.031735279052164e-06	-4.666833827766387e-08	-1.531729199010581e-07	1.388494272864953e-08	2.815274100903442e-08	1.648837790176563e-07	1.505827604412154e-07	1.047197566489885	1.407783587917313e-08	-1.149869422851515e-07	-4.939613993771284e-08
1.15	-7.188595343968999e-07	-1.497568836530046e-06	-3.178389571452356e-07	-3.833732755445533e-07	-3.137538293488646e-07	-8.554355016349191e-07	-4.044427821579228e-08	-7.593846163327598e-08	0.9689999884801476	-9.284117213851847e-09	-8.670486464247631e-08	-6.510529125627729e-08	6.196266279743064e-07	1.588618029167904e-06	7.861291833202011e-09	4.064021827736623e-07	3.223682320604832e-07	2.8964982506864e-07	0.1153731470683159	-0.008627950872161727	2.662451878196914e-05	0.004155649508648765	-0.06529371391430512	-0.02860241158255586	0.05292287372253396	-0.0154065859103755	0.00783472213339974	-0.006292448060439802	0.004892962789486257	0.005085427000318568	9.781610754463239e-08	2.886175488778156e-07	-0.004460493091497682	0.001186913905856338	0.01003397359529159	-0.004283808388991298	0.001801027470386313	0.0001604614973660371	0.000289512759785541	0.001875681418009123	-0.0003550620286427632	0.0001974064628275625	-8.234005705486408e-07	-4.305120184580324e-07	-7.817275772161347e-07	-1.138081741865601e-06	-7.782727147398401e-07	-1.617888782612758e-06	-2.740097472790928e-07	8.359836367050531e-07	-3.167092536337024e-07	-3.408486295639218e-07	1.723341038189032e-07	3.706658060533173e-07	0.001136894149189114	-1.084027573090656e-07	0.04435085858298714	1.33507956318733e-06	-0.418712407191273	-9.703039296974114e-07	1.015857621251081e-07	2.829666563131995e-07	2.436172511787592e-07	3.188747117271052e-07	2.35976868890333e-07	3.064776801287124e-07	-4.260735246028296e-07	-7.066369039797658e-07	-7.496169705498917e-08	-1.768922047719051e-07	1.22169932272477e-07	1.851963685495197e-07	-3.440252436730702e-07	-1.904028583639079e-07	-5.950847006763621e-08	-4.035994160689021e-07	-1.328119434643216e-08	-7.839481578901315e-08	-4.190879784108331e-08	-5.522972896021852e-08	-3.309083116074493e-07	-5.932930138921622e-07	9.184023451391011e-07	1.421144371418974e-06	-1.034324887893322e-07	-1.485713257674277e-07	5.611443738156111e-07	7.013165130867164e-07	1.047197525110321	-4.250045031282609e-08	-9.030917809521817e-08	-4.995768963634993e-08	7.332297153532197e-07	9.904083220821266e-07	-4.820540462423964e-08	-1.578793843286485e-07	1.41703404031882e-08	2.849592687664007e-08	1.663731460749915e-07	1.465540586066269e-07	1.047197566624632	1.259742330861631e-08	-1.154785990118476e-07	-5.142847329777853e-08
1.16	-7.338511246368565e-07	-1.497395119720569e-06	-3.216478093365208e-07	-3.72346777486886e-07	-3.222862709436001e-07	-8.59068571615438e-07	-4.119291610410978e-08	-7.838216825880289e-08	0.9689999883768597	-3.322190917424163e-09	-8.735119146759995e-08	-6.193989413370686e-08	6.355319111311993e-07	1.589559855342019e-06	1.195561084298967e-08	4.233646256468723e-07	3.253110328421096e-07	2.921002241801366e-07	0.1157984300989638	-0.01288166299900095	3.339428791034014e-06	0.005095500966945989	-0.06563524051993568	-0.0270167435805738	0.05290962953732542	0.01753714817487123	0.007840739527594648	0.005576797659157306	0.004893706211919937	-0.006723419389702761	1.007383593323533e-07	2.877455769090276e-07	-0.004458958514006228	0.002358848104989825	0.01003078965990173	-0.005702250489800914	0.001800769881307716	-0.0003779824123441387	0.000285241206562186	0.002159762963570984	-0.0003544110535774206	0.0005222269624193483	-8.276851642445683e-07	-4.276862451701802e-07	-7.931933349090121e-07	-1.153991326075597e-06	-7.944918722823501e-07	-1.633026971897392e-06	-2.657394639517812e-07	8.397658296035852e-07	-3.201519680147542e-07	-3.243424335598536e-07	1.760887298189069e-07	3.640077498554394e-07	0.001136893077838219	-1.087530253309771e-07	0.04435087188107396	1.336862558987535e-06	-0.4187124167728028	-9.626388665521467e-07	1.044180807364672e-07	2.823598861387193e-07	2.467892770061725e-07	3.232429300230343e-07	2.390694167109823e-07	3.218304807243174e-07	-4.331264923382797e-07	-7.008876010326784e-07	-7.674628173682908e-08	-1.999962072714107e-07	1.239943682456385e-07	1.786472741801909e-07	-3.459353395356677e-07	-1.924577405263288e-07	-6.354824893008739e-08	-4.078467046962925e-07	-1.405910121918776e-08	-7.671845195706023e-08	-4.2463264609236e-08	-5.687125929547652e-08	-3.368347235046854e-07	-6.077904635232141e-07	9.32491323526788e-07	1.417144357458716e-06	-1.049262205932329e-07	-1.495252432910783e-07	5.681331484797836e-07	7.055341166285372e-07	1.047197524685598	-4.276779119376883e-08	-9.083031716691415e-08	-5.761731550497982e-08	7.431625211601271e-07	9.897551617947644e-07	-4.978833209801049e-08	-1.567211436777507e-07	1.445317655377517e-08	2.791540089492678e-08	1.678466851108195e-07	1.512166486245973e-07	1.047197566756514	1.526009605199284e-08	-1.160017095650085e-07	-5.783367683345485e-08
1.17	-7.488116184032474e-07	-1.497788551628512e-06	-3.254423494853904e-07	-3.715125457270068e-07	-3.308414431863581e-07	-8.603288417552696e-07	-4.19582507115415e-08	-7.909652377279257e-08	0.9689999883043179	-2.028875884602214e-09	-8.79859798989936e-08	-6.150331294316503e-08	6.513927385396643e-07	1.590403482818406e-06	1.609434650107323e-08	4.262283278926638e-07	3.282401991597477e-07	2.911942902547481e-07	0.1162167054011669	-0.01216595390039377	-2.453088831099872e-05	0.004640992416816991	-0.06596029648032085	-0.02599943724893993	0.0529116664066778	0.04841387381336948	0.007840610618938912	0.01913732977594406	0.00488867945055397	-0.01746596201981872	1.036201777868688e-07	2.872802509363649e-07	-0.004455591553924478	0.005132187445907606	0.01002444572790598	-0.008489979023573839	0.001801275957401351	-0.0006566373698615463	0.0002786533142715162	-0.001633274646636927	-0.0003532619799953875	0.001419986595943917	-8.320363125017707e-07	-4.270035557876767e-07	-8.046744891669165e-07	-1.154906584460103e-06	-8.107511153416499e-07	-1.63156135334476e-06	-2.574303995230765e-07	8.439609782115382e-07	-3.23495123286364e-07	-3.201090934614126e-07	1.798055296729463e-07	3.622078295354326e-07	0.001136891998132338	-1.094924017995135e-07	0.04435088522072982	1.338689204236334e-06	-0.4187124263794096	-9.638328418901759e-07	1.07245519814565e-07	2.824538489734546e-07	2.50000465845166e-07	3.237320031266123e-07	2.422151529239863e-07	3.241093632023738e-07	-4.401540882569938e-07	-7.012040352865809e-07	-7.862232002860636e-08	-2.024407152602965e-07	1.258022549894565e-07	1.784101630175562e-07	-3.478527021511251e-07	-1.928531102115059e-07	-6.759519804068874e-08	-4.089903740572137e-07	-1.483349014435266e-08	-7.653141819798514e-08	-4.302369367802021e-08	-5.716033678647993e-08	-3.428315830986599e-07	-6.103158994189398e-07	9.466336800463251e-07	1.418873977097534e-06	-1.064172532686948e-07	-1.49437992656775e-07	5.751508983349297e-07	7.069717741971656e-07	1.047197524259771	-4.281003554261289e-08	-9.136735905948487e-08	-5.863124016511076e-08	7.530710860185632e-07	9.88891118002469e-07	-5.136015796991349e-08	-1.566363346738647e-07	1.473467277917784e-08	2.7840161009499e-08	1.693313673688514e-07	1.519095302602042e-07	1.047197566896231	1.557869048344347e-08	-1.165424613071416e-07	-5.887776598273718e-08
1.18	-7.637991908617278e-07	-1.491133287624349e-06	-3.291177899079451e-07	-3.661354119989432e-07	-3.394605984457443e-07	-8.689761585627686e-07	-4.275029582877814e-08	-8.459088053386779e-08	0.9689999882920122	7.725278210320545e-09	-8.859111671885983e-08	-5.751184536171146e-08	6.673034336910002e-07	1.5816139954712e-06	2.044992533857735e-08	4.435806798907147e-07	3.311906818468332e-07	2.890513337895495e-07	0.1166310561597742	0.003248464254641351	-5.241499911817201e-05	0.002879389443263407	-0.06628072727324134	-0.02892777920223345	0.05293842656216403	0.07656326546176215	0.007861649319434588	0.03030385053243685	0.004876350901758138	-0.02727173309869788	1.064653807270703e-07	2.75306895259853e-07	-0.004451648273933865	0.007532069832098854	0.01001730002102347	-0.01106511237642517	0.001800273890351233	-0.0007277097323028134	0.0002786625266070738	-0.006721794625910706	-0.0003521237077460593	0.0022203128385739	-8.364133187063037e-07	-4.498696900754009e-07	-8.163121398685216e-07	-1.164644854647649e-06	-8.273407655464749e-07	-1.656797549164885e-06	-2.489984904654339e-07	8.595580056367661e-07	-3.266848815744426e-07	-2.886742915709262e-07	1.834388116088284e-07	3.527446327380807e-07	0.001136890896258658	-1.130943372192198e-07	0.04435089859308175	1.349845322791752e-06	-0.4187124359781225	-9.704295566858842e-07	1.100638957464027e-07	2.823779558365001e-07	2.532860038346009e-07	3.359506840753842e-07	2.455095413808129e-07	3.431172589616057e-07	-4.470929127615713e-07	-6.963874226005376e-07	-8.076258162406625e-08	-2.307611211477554e-07	1.275522636121583e-07	1.719457353670718e-07	-3.497771661783193e-07	-1.933473185780467e-07	-7.168806910465703e-08	-4.134437810432174e-07	-1.558663975445164e-08	-7.45338521694606e-08	-4.360351057375872e-08	-5.943913180131943e-08	-3.490034031138672e-07	-6.357497988763908e-07	9.607332461295356e-07	1.433611978637992e-06	-1.079206244031017e-07	-1.490248040814118e-07	5.82206319802386e-07	7.165102202368159e-07	1.047197523830857	-4.319402895220902e-08	-9.196934155406438e-08	-6.52011724209292e-08	7.629522025532895e-07	9.83519207506011e-07	-5.291941066655539e-08	-1.526551321841088e-07	1.501305448666367e-08	2.740667906160924e-08	1.708575285746499e-07	1.554096923628369e-07	1.047197567058853	1.824739927297623e-08	-1.171417630506293e-07	-6.525581712926198e-08
1.19	-7.787825244947206e-07	-1.497903799378949e-06	-3.327752374538146e-07	-3.594152678990674e-07	-3.481009295367188e-07	-8.707963324489348e-07	-4.355315907375077e-08	-8.358876113147939e-08	0.9689999882977606	6.951254247261861e-09	-8.918835511781365e-08	-5.730076503149347e-08	6.832150945885506e-07	1.591418741238339e-06	2.484382102198102e-08	4.569107897740514e-07	3.341458701245417e-07	2.938019766987746e-07	0.1170408106875012	0.01977147185938126	-8.435460472260699e-05	-0.0007117593680033511	-0.06658423755265984	-0.03163143426883651	0.05298210558535729	0.09741206994090014	0.007866865849405829	0.04392815276168256	0.004858337733396862	-0.0343108926361393	1.092940894200048e-07	2.77993164030482e-07	-0.004448518115817003	0.01058003984440399	0.01001201270669947	-0.01392504648982005	0.001800309908264135	-0.001220566962524802	0.0002798331182236968	-0.009120719500697492	-0.00035120437039028	0.00318459387419664	-8.40802928378505e-07	-4.39527751206051e-07	-8.279798571298448e-07	-1.174593948476321e-06	-8.439955679557416e-07	-1.672199709895368e-06	-2.405347195370398e-07	8.611618565395596e-07	-3.298173056680566e-07	-2.929012255347482e-07	1.870481877847831e-07	3.506129349226172e-07	0.001136889789284067	-1.133476718408698e-07	0.04435091197510358	1.345755033053539e-06	-0.4187124455908381	-9.657548839710954e-07	1.128840859087262e-07	2.805805706955432e-07	2.565880489874664e-07	3.357780429767038e-07	2.488399166691781e-07	3.44762522323754e-07	-4.540353834955835e-07	-6.888535537027679e-07	-8.295419432591829e-08	-2.398458841838925e-07	1.292927732453008e-07	1.724384275788998e-07	-3.516947051034809e-07	-1.932122787438719e-07	-7.579421620283604e-08	-4.141079196607409e-07	-1.633474014566127e-08	-7.370396222747623e-08	-4.418754752423065e-08	-5.988644062737424e-08	-3.552196970325288e-07	-6.344315963255128e-07	9.74858594748877e-07	1.416456145857657e-06	-1.09424785716296e-07	-1.503942638508271e-07	5.892818510935078e-07	7.129208046435541e-07	1.047197523400921	-4.3267602577258e-08	-9.25884244928845e-08	-6.648153250529042e-08	7.728377833486458e-07	9.842676197394502e-07	-5.44698014374498e-08	-1.539864203524098e-07	1.529045411712037e-08	2.741924659852273e-08	1.723934213148096e-07	1.57608256797863e-07	1.047197567227092	1.858937860843011e-08	-1.177553677822109e-07	-6.606374629773591e-08
1.2	-7.938263195216848e-07	-1.505849780342036e-06	-3.362777934058941e-07	-3.418411489517429e-07	-3.568308007829633e-07	-8.796230868781238e-07	-4.437749585177117e-08	-8.50433241191542e-08	0.9689999883570078	1.118461647721833e-08	-8.975177014092607e-08	-5.403348344383854e-08	6.992213912728088e-07	1.604170095961813e-06	2.957433611597429e-08	4.912202336505428e-07	3.371855933749148e-07	3.055845970818592e-07	0.1174722696250707	0.04944871348537284	-0.0001145137155448217	-0.005151210373110551	-0.06688420327350071	-0.03420932917071901	0.05304449188619102	0.1072880130690057	0.007894184148527043	0.04202859728533203	0.004834915507494398	-0.03786964160629596	1.120738114059527e-07	2.743577868588366e-07	-0.004448198657835654	0.009152126743714791	0.01001058183387498	-0.01194744145533702	0.001798966968593399	-0.001107748143505047	0.0002808516702309903	-0.008684866424720723	-0.0003511062095015135	0.002764834767200376	-8.452409391285253e-07	-4.402960611877479e-07	-8.399068287632377e-07	-1.203971904786998e-06	-8.612168298154942e-07	-1.739870010009885e-06	-2.31964594115099e-07	8.684888452686486e-07	-3.328120896008726e-07	-2.841399040722275e-07	1.905770196322028e-07	3.433259966735209e-07	0.001136888655925149	-1.150702036347739e-07	0.04435092534691468	1.340232284598584e-06	-0.4187124551578286	-9.588806767917198e-07	1.156811742707236e-07	2.782427107659413e-07	2.599878443211505e-07	3.445878421356212e-07	2.52342341412862e-07	3.608693459854997e-07	-4.608210550075385e-07	-6.738196918008851e-07	-8.550480861807625e-08	-2.760188644839973e-07	1.309778292505736e-07	1.664539271671446e-07	-3.536008790495178e-07	-1.901393758977213e-07	-7.994350623865046e-08	-4.185278791595412e-07	-1.705012239797146e-08	-7.012134929110424e-08	-4.479634409637838e-08	-6.227098882288914e-08	-3.616181063143328e-07	-6.510703851057666e-07	9.887964780761071e-07	1.393001351202813e-06	-1.109519050440207e-07	-1.53410904607709e-07	5.963625875869417e-07	7.120443300992616e-07	1.04719752296688	-4.370019311081485e-08	-9.327995655196412e-08	-7.411435029239654e-08	7.827148949102946e-07	9.864497421410791e-07	-5.600552307324196e-08	-1.524324077526635e-07	1.55652336587917e-08	2.7168873255677e-08	1.739851600748151e-07	1.633458835911542e-07	1.047197567421152	2.116116374956347e-08	-1.184275036004108e-07	-7.178991458177426e-08
1.21	-8.089288751644944e-07	-1.51131607315201e-06	-3.395982039399083e-07	-3.243096628518378e-07	-3.656669347308142e-07	-8.918697439556896e-07	-4.523303480466496e-08	-8.937281057428945e-08	0.9689999884872543	1.978411675008094e-08	-9.027476156693032e-08	-4.963824135099734e-08	7.153353864102211e-07	1.615609612336731e-06	3.464416782031994e-08	5.2445564646738e-07	3.403161620330243e-07	3.133252367573042e-07	0.1179022872304896	0.078356008544779	-0.0001516668774420369	-0.008970142059646947	-0.06716537462832507	-0.03453549850079805	0.05310639847101471	0.1005609779726245	0.007917661404670349	0.04197121385622854	0.004811687814531663	-0.03528401112040748	1.147994710948632e-07	2.687286045215948e-07	-0.004442789720038738	0.007015859960800863	0.01000546850874498	-0.00761922045337785	0.001798492002565391	-0.001427147535228105	0.0002758529090976046	-0.005464373962637167	-0.0003493113875286546	0.002168259974127932	-8.496461487407989e-07	-4.337718360940023e-07	-8.521055833730384e-07	-1.230050673236849e-06	-8.790292761856705e-07	-1.791556498273312e-06	-2.232608420118751e-07	8.866748249719977e-07	-3.35635503628487e-07	-2.609475177144956e-07	1.939836116581373e-07	3.286626896944891e-07	0.00113688750216012	-1.176642014910571e-07	0.04435093869725616	1.339830796150926e-06	-0.4187124646988599	-9.601367180248491e-07	1.184553096121428e-07	2.770504307720448e-07	2.634750169582376e-07	3.525159390658667e-07	2.560298397485246e-07	3.809957973039045e-07	-4.675035290396499e-07	-6.688395025351812e-07	-8.844518503915482e-08	-3.130806441804848e-07	1.325963454032494e-07	1.605740832837985e-07	-3.554723251807934e-07	-1.859341343263275e-07	-8.415537812549788e-08	-4.265292331548601e-07	-1.773188416066693e-08	-6.671098304001859e-08	-4.543094900376027e-08	-6.494469416135076e-08	-3.682189139007045e-07	-6.73034179582376e-07	1.002605457949781e-06	1.387844006343494e-06	-1.125054954624272e-07	-1.556243559321175e-07	6.034782742510664e-07	7.187197210588353e-07	1.04719752252768	-4.428569563815177e-08	-9.406464626883655e-08	-8.466099733382702e-08	7.926035644565602e-07	9.889674478837505e-07	-5.751936405713569e-08	-1.495582740773468e-07	1.583522525299867e-08	2.659067447036195e-08	1.756451467748976e-07	1.707046812971108e-07	1.047197567646587	2.453765496741742e-08	-1.191769397805644e-07	-8.056678443836178e-08
1.22	-8.240590340469377e-07	-1.510043868887335e-06	-3.428539381390145e-07	-3.233740482230736e-07	-3.745553119782216e-07	-8.898500627928408e-07	-4.611525057602974e-08	-8.773039961266578e-08	0.9689999886698749	1.935223062404679e-08	-9.078038740003722e-08	-5.103509755427008e-08	7.315172262267945e-07	1.616574255773622e-06	3.987790418719771e-08	5.244406268682731e-07	3.434453050186987e-07	3.147402361359471e-07	0.1183488477728722	0.0948504850945688	-0.0001901558302192275	-0.009904091535105495	-0.0674411211171235	-0.03365678306613126	0.05313598129499859	0.07530932629911728	0.007933307234368707	0.03455663753678547	0.004798915296776474	-0.02670533419466268	1.174946278919799e-07	2.699847611483434e-07	-0.004438875307399699	0.004241660196012035	0.01000183263817609	-0.003044868292483413	0.001798802206333414	-0.001246317183109428	0.0002664016790411235	-0.004477716509282597	-0.0003478682837661415	0.001399765061521529	-8.538810038341309e-07	-4.190284977185623e-07	-8.643734924293389e-07	-1.230536637469351e-06	-8.968378155613852e-07	-1.780020987914829e-06	-2.144500596711151e-07	8.853782575419746e-07	-3.383065900020881e-07	-2.735067212498221e-07	1.972636277808523e-07	3.346102051764088e-07	0.001136886316866557	-1.154050265692968e-07	0.0443509520429082	1.336270179395894e-06	-0.4187124743014702	-9.590119175482738e-07	1.212442966317487e-07	2.759632272047989e-07	2.669809042604509e-07	3.534636440045905e-07	2.598391737526406e-07	3.810749193855029e-07	-4.742146611445861e-07	-6.698358997911558e-07	-9.156924684641698e-08	-3.173547528378332e-07	1.342208831318674e-07	1.648203651598082e-07	-3.573348748710059e-07	-1.863681228064561e-07	-8.842278682610028e-08	-4.256796900960074e-07	-1.839543549353221e-08	-6.612322298140154e-08	-4.60802878923405e-08	-6.523887857833479e-08	-3.749337489768445e-07	-6.721584632611743e-07	1.016441149250024e-06	1.391622766150534e-06	-1.140611561273404e-07	-1.555633075429164e-07	6.106561235887707e-07	7.200913472584232e-07	1.047197522085983	-4.42904804393964e-08	-9.491603714876101e-08	-8.406852668445724e-08	8.025355421571008e-07	9.917537512171894e-07	-5.90208302443381e-08	-1.518745749121686e-07	1.610207345176477e-08	2.675585430783206e-08	1.773571797075917e-07	1.704023100136287e-07	1.047197567890601	2.444339710255889e-08	-1.199869543685036e-07	-8.074731028005551e-08
1.23	-8.391879450663586e-07	-1.514627598859836e-06	-3.461054853588808e-07	-3.271628908123053e-07	-3.834450718872373e-07	-8.855971029804293e-07	-4.699590325051995e-08	-8.675022151686247e-08	0.9689999888543607	1.72707797168955e-08	-9.128976478482324e-08	-5.166755254057693e-08	7.476955506561872e-07	1.621505063562978e-06	4.51343717110694e-08	5.217193635374468e-07	3.465834303297287e-07	3.128456114896605e-07	0.1188024386442863	0.1086865973703486	-0.0002254658003598573	-0.01035914906808318	-0.06772301987953012	-0.03388152153987386	0.05315483488697439	0.04324544372522356	0.007955373813893768	0.02059407447875012	0.004788029195940391	-0.01561978220072036	1.2019509113457e-07	2.703387188317199e-07	-0.004436917199315525	0.001419071753006704	0.009999965049592097	0.001288707018204386	0.001797754989176071	-0.0006023317564955073	0.0002638982150666607	-0.005330453659364122	-0.0003472210459271594	0.0006455589865193433	-8.580410385461855e-07	-4.105165665221068e-07	-8.766480552860027e-07	-1.226636715147955e-06	-9.145801043626247e-07	-1.760242813637639e-06	-2.056214281790441e-07	8.801851968382352e-07	-3.409951617213167e-07	-2.77691379694923e-07	2.00554672909218e-07	3.323882614597485e-07	0.00113688512709616	-1.180672567476538e-07	0.04435096540146339	1.329793810726355e-06	-0.4187124839305084	-9.598589448801338e-07	1.240352552331477e-07	2.790114258059213e-07	2.705030022301624e-07	3.524336427532541e-07	2.636451655485125e-07	3.81702089090546e-07	-4.809141153752583e-07	-6.710712346398007e-07	-9.47228666513597e-08	-3.111295434998713e-07	1.358558383303461e-07	1.646529179000288e-07	-3.592004362565153e-07	-1.856861919936528e-07	-9.268811990270785e-08	-4.267708365033033e-07	-1.906042049796499e-08	-6.662304009443353e-08	-4.673067597268482e-08	-6.510167367634919e-08	-3.816525561875082e-07	-6.70584996318175e-07	1.030282977758634e-06	1.383229840597182e-06	-1.156177095315682e-07	-1.555099815083263e-07	6.178343782515203e-07	7.181532303390581e-07	1.047197521642858	-4.411905104323663e-08	-9.576440895748179e-08	-8.519028608010736e-08	8.124550390203426e-07	9.94116190189782e-07	-6.052779597896183e-08	-1.528106664589308e-07	1.636936550472639e-08	2.673975627769185e-08	1.790615094194783e-07	1.71475294547476e-07	1.047197568134798	2.446505973744591e-08	-1.207936468754958e-07	-8.126471153670388e-08
1.24	-8.543176248016779e-07	-1.513749825320761e-06	-3.493623454910573e-07	-3.259448582084272e-07	-3.922933883361913e-07	-8.851019056609769e-07	-4.785394028465792e-08	-8.610289977202683e-08	0.9689999890248254	1.696053233096585e-08	-9.181464919597038e-08	-5.246630848805939e-08	7.639101881157838e-07	1.621266826866648e-06	5.035817360402066e-08	5.241022008300809e-07	3.497249910933321e-07	3.141368550550346e-07	0.1192508872952668	0.1149346550434609	-0.0002614892646182888	-0.01185086170469977	-0.06799972558932856	-0.03230730947012452	0.05317902379015155	0.01099247070952389	0.007958267895181691	0.007997064890056591	0.004774575560756437	-0.004119018317893708	1.22905654513109e-07	2.712356580666179e-07	-0.004438343525177918	-0.0006574675547951702	0.0100027908029862	0.00432030606888005	0.001797038032290832	-0.0001814278145493122	0.0002670654080299636	-0.003984102884204094	-0.0003476088457356394	5.317810475315053e-05	-8.620686079263144e-07	-3.996156496563937e-07	-8.889064484135096e-07	-1.224960386410279e-06	-9.321891519763557e-07	-1.758570606155661e-06	-1.968454084608819e-07	8.777287719261264e-07	-3.438385809541218e-07	-2.817387753077762e-07	2.038988432341131e-07	3.321516480804095e-07	0.001136883961437904	-1.181250141945556e-07	0.04435097867600338	1.328578578072686e-06	-0.418712493515982	-9.614557079013673e-07	1.268221856101283e-07	2.798991155451793e-07	2.740119459806952e-07	3.509786348650938e-07	2.674608045466453e-07	3.811394373084923e-07	-4.876512578372878e-07	-6.731418892446003e-07	-9.787721767956837e-08	-3.163859281719596e-07	1.375333103591305e-07	1.674572744777342e-07	-3.610677090716092e-07	-1.86880850226865e-07	-9.694945214905046e-08	-4.263863581233032e-07	-1.971673468309623e-08	-6.579576539695994e-08	-4.738338269523966e-08	-6.522654238044687e-08	-3.883511908935641e-07	-6.700996840165951e-07	1.044145332964082e-06	1.383677255818775e-06	-1.17171571736266e-07	-1.554886722759891e-07	6.250274275198902e-07	7.183908817797114e-07	1.047197521201828	-4.418296130242667e-08	-9.661463634581825e-08	-8.514887707470101e-08	8.224409077174853e-07	9.977706857087699e-07	-6.2060742018421e-08	-1.527159562276929e-07	1.663828270177066e-08	2.689358170946994e-08	1.807770196643435e-07	1.711277658617148e-07	1.047197568377928	2.429249560475913e-08	-1.216098743194246e-07	-8.141138595044903e-08
1.25	-8.694800225190412e-07	-1.513445948805892e-06	-3.526414293984032e-07	-3.259795124556849e-07	-4.011123659087904e-07	-8.823492065381555e-07	-4.870631419080311e-08	-8.461084150594339e-08	0.9689999891773359	1.594866884093226e-08	-9.234582919377766e-08	-5.340484564372831e-08	7.801530709759241e-07	1.623609529478732e-06	5.557998871814237e-08	5.205645105041002e-07	3.528523428341947e-07	3.138846459242288e-07	0.1196969629854713	0.1122256175895718	-0.0002966592356799078	-0.01094832753991946	-0.06827430313771801	-0.03236513308942538	0.05317111836947878	-0.02029267952112689	0.007963996333528617	-0.006400178701244956	0.004775859922299842	0.00699945130885445	1.256225803510169e-07	2.716299770146593e-07	-0.00444228424438443	-0.004037271301724716	0.01000872749560933	0.008087110084178931	0.001796029821943806	0.0001628608705432068	0.0002703159131866249	8.170146730680515e-05	-0.0003486992765628432	-0.001014886841265594	-8.659969904821078e-07	-3.955757868694521e-07	-9.011177085650567e-07	-1.224040714416492e-06	-9.496754698985669e-07	-1.755387891597287e-06	-1.881378681734948e-07	8.7269669518356e-07	-3.466897507460345e-07	-2.918494640352308e-07	2.071941046511497e-07	3.36123224299022e-07	0.00113688276445263	-1.156216690996589e-07	0.04435099190307401	1.322279746088048e-06	-0.4187125031294372	-9.568173829535072e-07	1.296454550941214e-07	2.790843026120307e-07	2.774930345999316e-07	3.493007958906598e-07	2.712748427029212e-07	3.819464150947065e-07	-4.944087354838528e-07	-6.760431255470013e-07	-1.01013027925802e-07	-3.153797721875626e-07	1.392183870067006e-07	1.703322506496956e-07	-3.629370786717695e-07	-1.869007932396906e-07	-1.012201303198683e-07	-4.260159169046216e-07	-2.037198171400272e-08	-6.496548031632361e-08	-4.803479546051261e-08	-6.536526285613731e-08	-3.950367372255693e-07	-6.685607312629294e-07	1.057914231042791e-06	1.385496779087637e-06	-1.187258130415716e-07	-1.552480550893539e-07	6.32195415915607e-07	7.195080910834745e-07	1.047197520761934	-4.396040638999611e-08	-9.747497217459061e-08	-8.522015447606899e-08	8.324626726983206e-07	1.003362958274869e-06	-6.358825215703368e-08	-1.54150804959196e-07	1.690761646084472e-08	2.699444236333537e-08	1.824974207756552e-07	1.722155247971958e-07	1.047197568619765	2.420948144953626e-08	-1.224307429052203e-07	-8.217399606426873e-08
1.26	-8.846178131953943e-07	-1.511110278040739e-06	-3.558963156878037e-07	-3.226244110247529e-07	-4.099224504447313e-07	-8.860757513891436e-07	-4.954510939344289e-08	-8.57004105956064e-08	0.9689999893274276	1.70437190839871e-08	-9.288768582175619e-08	-5.317434275032857e-08	7.964002228970618e-07	1.619451558382792e-06	6.078954037453858e-08	5.269006257863685e-07	3.559929214079948e-07	3.159463692665864e-07	0.1201417025814153	0.1028132200126768	-0.0003299839861505225	-0.01067524375969349	-0.06854298420236618	-0.03243217737543332	0.05315732518675751	-0.05071462700203055	0.007951172323993913	-0.02207555049833975	0.004778819700356984	0.01748675638472655	1.283452265721879e-07	2.718512838466482e-07	-0.004447554790249756	-0.007016445286401199	0.01001648876617742	0.01149982765157757	0.001796614329074307	0.0006022121884424807	0.0002700896137019254	0.004242389759066799	-0.0003500181947183688	-0.001946101649276493	-8.698759525143971e-07	-3.943194266758392e-07	-9.133306913501992e-07	-1.22368129464889e-06	-9.672332624169359e-07	-1.772639569614861e-06	-1.794582092083761e-07	8.746491762374906e-07	-3.496481945681182e-07	-2.846978029378339e-07	2.105498190482739e-07	3.328386613592594e-07	0.001136881608819051	-1.164158067538694e-07	0.04435100509441918	1.328741792518709e-06	-0.4187125127049851	-9.621883759080832e-07	1.32448506335214e-07	2.796977060716265e-07	2.809656037806279e-07	3.487697365827106e-07	2.750911533773652e-07	3.801981695995165e-07	-5.011906362560912e-07	-6.754837344319107e-07	-1.041891333051348e-07	-3.240227042000679e-07	1.409461809700235e-07	1.71050530798691e-07	-3.648131407981833e-07	-1.885693108513097e-07	-1.054782195543523e-07	-4.253074719395017e-07	-2.101276203235231e-08	-6.419604606026294e-08	-4.868899429723752e-08	-6.539139295336351e-08	-4.017127210840921e-07	-6.697850556868096e-07	1.071756859272492e-06	1.38786512633133e-06	-1.202774481129607e-07	-1.553806328154761e-07	6.393886849539308e-07	7.195209376282282e-07	1.047197520322678	-4.427168952974535e-08	-9.832843466918485e-08	-8.458993670775388e-08	8.425475746381714e-07	1.003590223906125e-06	-6.512636991525072e-08	-1.515808372805982e-07	1.717899149172515e-08	2.711443456697589e-08	1.842216533797405e-07	1.706817197456331e-07	1.047197568860164	2.404740209237967e-08	-1.232548015388025e-07	-8.13487716936556e-08
1.27	-8.997695703086338e-07	-1.513302339235044e-06	-3.591429911553885e-07	-3.225005765807327e-07	-4.187371334235769e-07	-8.829916902022662e-07	-5.038794096960243e-08	-8.451079393003083e-08	0.9689999894684936	1.450573980294608e-08	-9.343062940227621e-08	-5.421862666699998e-08	8.126505192164125e-07	1.623606322081887e-06	6.601338522499457e-08	5.222290570468747e-07	3.591278813036383e-07	3.137356069010399e-07	0.1205726589995777	0.08816269138394377	-0.0003625509525809312	-0.007788204278600492	-0.06880499664929376	-0.03278026555421666	0.05311915308588819	-0.07655001920679731	0.007947200929263947	-0.03369002867429197	0.004790490445046448	0.02639901940172673	1.310672546499719e-07	2.718097123463124e-07	-0.004450450129336276	-0.009693595169353735	0.01002142022598505	0.0140785693980609	0.001796753776850041	0.0009348986741309748	0.0002698476070987464	0.006764874905812374	-0.000350523072136934	-0.002787514395609459	-8.737594740329608e-07	-3.945679876396525e-07	-9.255029295090921e-07	-1.217324045072234e-06	-9.849365380498052e-07	-1.785566155028314e-06	-1.708238408935861e-07	8.632437595712914e-07	-3.525621972935413e-07	-2.904494365603079e-07	2.138617182575646e-07	3.327514634636047e-07	0.001136880441432308	-1.147382645938815e-07	0.04435101828476307	1.319829443820779e-06	-0.4187125223177888	-9.597829092318391e-07	1.352741261688588e-07	2.812686516643534e-07	2.844147499420624e-07	3.446478024750342e-07	2.788968955697806e-07	3.799666185643284e-07	-5.079795008947973e-07	-6.787578494726703e-07	-1.073782930425622e-07	-3.209412639267357e-07	1.42678978768042e-07	1.744709368298988e-07	-3.666943783698909e-07	-1.879262380459531e-07	-1.097358739947788e-07	-4.249948387519035e-07	-2.164464477335662e-08	-6.238102445187256e-08	-4.934186525814842e-08	-6.531985371013821e-08	-4.083841315470869e-07	-6.673716146601898e-07	1.085567524125081e-06	1.384807012665812e-06	-1.218287236367629e-07	-1.550270496489669e-07	6.465699528893698e-07	7.189333164686745e-07	1.047197519882912	-4.398461972978742e-08	-9.918281494128549e-08	-8.478231837344394e-08	8.52678910983587e-07	1.015081299813097e-06	-6.663882625563319e-08	-1.502575029379e-07	1.745155382494179e-08	2.731425991299196e-08	1.859457488554459e-07	1.724414775747133e-07	1.047197569098663	2.381052482399771e-08	-1.2407506116858e-07	-8.166073147644224e-08
1.28	-9.149382364907371e-07	-1.523218258628018e-06	-3.623331790706334e-07	-3.183900592062862e-07	-4.275662377431068e-07	-8.827366014196322e-07	-5.124944792019829e-08	-8.463853192294024e-08	0.968999989653008	8.139592674823715e-09	-9.394548810294638e-08	-5.724052772442019e-08	8.288081292559946e-07	1.640099117990145e-06	7.12311252708226e-08	5.164658000234703e-07	3.623337569913496e-07	3.028765026996584e-07	0.1209815617357576	0.06577257097470798	-0.0003921878846404675	-0.004811241133404316	-0.06906655373355126	-0.03211381016083112	0.05307120588212132	-0.0915160356845422	0.007931640224476502	-0.03697759318653343	0.004802482404218272	0.03148091450639188	1.338127342624644e-07	2.745414217368505e-07	-0.00445434815931524	-0.009442763026494499	0.01002495895524037	0.01315173862055873	0.00179745247008157	0.001010089590432519	0.0002699661218916932	0.00708412953909059	-0.0003514034427968786	-0.00274492255386306	-8.775673741855506e-07	-3.946739916227733e-07	-9.377698356848671e-07	-1.204693504814909e-06	-1.002983775955664e-06	-1.765686302944612e-06	-1.61989965060964e-07	8.396251818713311e-07	-3.553553093566106e-07	-2.850178489355916e-07	2.170453579075274e-07	3.388954834071599e-07	0.001136879330249392	-1.249515326036753e-07	0.04435103165166678	1.308599133040775e-06	-0.4187125320231168	-9.512877968666167e-07	1.380213384537356e-07	2.925686825317526e-07	2.878285497311515e-07	3.669810611792011e-07	2.827534951893291e-07	3.691241019364264e-07	-5.146793980839632e-07	-6.452356458879908e-07	-1.104999975150499e-07	-3.068384090584404e-07	1.442246220061138e-07	1.960938066303938e-07	-3.686447521114823e-07	-1.823933146064249e-07	-1.140168600904176e-07	-4.222552682662454e-07	-2.231343306592145e-08	-5.80159414250074e-08	-4.999409300098064e-08	-6.542945529413185e-08	-4.150355812614954e-07	-6.72212606109472e-07	1.099492527468876e-06	1.367790792947725e-06	-1.233687189525355e-07	-1.54192649549873e-07	6.538064604292471e-07	7.108150961105686e-07	1.047197519445186	-4.352577462215693e-08	-1.00044647111198e-07	-8.307947386895908e-08	8.625785725776791e-07	1.040986318697455e-06	-6.819701021717244e-08	-1.477675096854687e-07	1.772073391341527e-08	2.724437332161946e-08	1.876311849352403e-07	1.754938262827668e-07	1.047197569334911	2.580226370814021e-08	-1.249279666687819e-07	-7.800144417414358e-08
1.29	-9.300233368524501e-07	-1.517286770298152e-06	-3.654956056363516e-07	-3.19469821662622e-07	-4.363875147054892e-07	-8.829419646403436e-07	-5.210181672275354e-08	-8.578824422989516e-08	0.96899998987865	1.682696508819337e-08	-9.445399916881073e-08	-5.241821515590447e-08	8.448095986474987e-07	1.619452114982304e-06	7.645530384292093e-08	5.191286183655831e-07	3.656248200549816e-07	3.175078591407497e-07	0.1213646307594741	0.04138427440375434	-0.0004155020099144048	-0.0008715345467355585	-0.06933872099705871	-0.03163511420657843	0.05300894217903743	-0.08713793512014573	0.007929406586488075	-0.03422489074489329	0.004820455355454789	0.03022341420145725	1.365282426673454e-07	2.736894967567644e-07	-0.004457791331069791	-0.008033643867332378	0.01002631135532295	0.01014822180851378	0.001796722850034823	0.0009516039008507827	0.00027309614801739	0.005773483191018103	-0.000352297208871734	-0.002374699372922463	-8.812586143730566e-07	-3.818809678233512e-07	-9.501403858253055e-07	-1.22258172309077e-06	-1.021293658103296e-06	-1.802248418310942e-06	-1.52982357687822e-07	8.76507620470756e-07	-3.582198674392849e-07	-2.808677386216377e-07	2.201728955531507e-07	3.22608685956666e-07	0.001136878318748942	-1.11918308813088e-07	0.04435104508566411	1.331088027030923e-06	-0.418712541813156	-9.651881978152014e-07	1.406686337019847e-07	2.765277578774453e-07	2.910995837238465e-07	3.45427842705931e-07	2.866510233501161e-07	3.826785640982181e-07	-5.215735466148546e-07	-6.66705817956314e-07	-1.13740104975385e-07	-3.107705441055877e-07	1.456709248707678e-07	1.610054280429705e-07	-3.706179514371334e-07	-1.927575130417349e-07	-1.183096316250593e-07	-4.268911844083519e-07	-2.30049772317756e-08	-6.567380867930922e-08	-5.064726220281472e-08	-6.527613351649774e-08	-4.216236064219921e-07	-6.65079493956547e-07	1.113565449291247e-06	1.389669172101491e-06	-1.249034029012675e-07	-1.538677791560356e-07	6.611120589615579e-07	7.221355320603209e-07	1.047197519012058	-4.36366815393147e-08	-1.008979527282685e-07	-8.548566634315794e-08	8.722618575080746e-07	9.981785692548368e-07	-6.975907023574653e-08	-1.542080899706797e-07	1.799089443461178e-08	2.695256339603043e-08	1.892896336334127e-07	1.691332644887836e-07	1.047197569550487	2.389576959226371e-08	-1.258118042895818e-07	-8.435554197199475e-08
1.3	-9.452240127998235e-07	-1.525781146763759e-06	-3.686899194856452e-07	-3.176119135254763e-07	-4.452178055715689e-07	-8.830463094378993e-07	-5.295838868044826e-08	-8.51126385082901e-08	0.9689999900204402	7.801368327895528e-09	-9.49906873252952e-08	-5.70648531508456e-08	8.610747833003545e-07	1.641616136286163e-06	8.162979650070415e-08	5.131071209382257e-07	3.687517926011564e-07	3.01872045729677e-07	0.1217426376980771	0.0116584726779598	-0.0004399951030988735	0.001147671816656785	-0.0695978177667233	-0.0240108831368646	0.05297405550581716	-0.07924855003842123	0.007890163878616739	-0.02995488615216191	0.004829834953205568	0.02738964539404056	1.392695182210036e-07	2.748395826859221e-07	-0.004465243865232831	-0.00423148876350628	0.01003151971484575	0.004561344950090715	0.001798115658621385	0.001012526258541848	0.000277699879414542	0.003367039686785431	-0.0003543663348186716	-0.001260364702016333	-8.851118074478527e-07	-3.903867292204729e-07	-9.623082923396461e-07	-1.204510434384667e-06	-1.039212459379827e-06	-1.77158026123302e-06	-1.443269602135208e-07	8.397257794324523e-07	-3.610256225585285e-07	-2.812826977717805e-07	2.234455825194415e-07	3.37796722388864e-07	0.001136877159624693	-1.246914549403031e-07	0.04435105833398564	1.310082897334451e-06	-0.4187125514143809	-9.493059853125481e-07	1.434816280516285e-07	2.921071123414934e-07	2.946309593057358e-07	3.713982285416561e-07	2.904368606889684e-07	3.680164859004159e-07	-5.281502303795597e-07	-6.359611783086693e-07	-1.168131318555826e-07	-3.005870933086067e-07	1.473763732671016e-07	1.946595487711846e-07	-3.725177567060403e-07	-1.830771477402698e-07	-1.225651520981568e-07	-4.220665687938646e-07	-2.36415693434974e-08	-5.857219645495023e-08	-5.130040218302712e-08	-6.547642289643473e-08	-4.282954559299349e-07	-6.714825153670344e-07	1.127394106069701e-06	1.368197436598992e-06	-1.264420038515451e-07	-1.536226381642421e-07	6.682993396102193e-07	7.112057700451554e-07	1.047197518576107	-4.328639181104112e-08	-1.017470959184736e-07	-8.287697533219986e-08	8.823719384288908e-07	1.040375567811088e-06	-7.128532895681501e-08	-1.48254256125671e-07	1.826072006633676e-08	2.710208630265806e-08	1.909967948109553e-07	1.743482348065922e-07	1.047197569796902	2.607462399371817e-08	-1.266375582372422e-07	-7.852822566205776e-08
1.31	-9.603693807297213e-07	-1.522574587658024e-06	-3.718581236339969e-07	-3.20135205966507e-07	-4.540477195306431e-07	-8.833105482368301e-07	-5.380841599089441e-08	-8.40567010858328e-08	0.9689999901852273	5.95580227866845e-09	-9.552889440303203e-08	-5.862963038999357e-08	8.772364534154199e-07	1.644714903184951e-06	8.682728622190216e-08	5.143886497398068e-07	3.719354942620402e-07	2.988957129661836e-07	0.1220919414673929	-0.002524154388042647	-0.0004573880171089276	0.003712935524619957	-0.06986572745005119	-0.02103053126594593	0.05293188272359232	-0.05195644735422515	0.007908588794239205	-0.02042081848993764	0.004842741339387684	0.01771526668159063	1.419935198557394e-07	2.729043644381746e-07	-0.004466848890714455	-0.003195731319001221	0.01003043826366757	0.001473857675609593	0.001795900130739061	0.0006138233362977093	0.0002852450420380962	0.00319089290042421	-0.0003547146282230268	-0.001052945573065417	-8.888945154832345e-07	-3.987987048265208e-07	-9.74581692827291e-07	-1.201541775085363e-06	-1.057307403942625e-06	-1.762595080028893e-06	-1.355692275065302e-07	8.298035646054415e-07	-3.63904469410287e-07	-2.898989408494308e-07	2.266879072431859e-07	3.462761298144884e-07	0.001136876060307074	-1.256497544125315e-07	0.04435107164572345	1.301641438219813e-06	-0.4187125611018094	-9.445853326157099e-07	1.462359484743345e-07	2.948800332122902e-07	2.980714502554612e-07	3.708133059501496e-07	2.94248680434204e-07	3.658555537268424e-07	-5.34868222579293e-07	-6.459620396032973e-07	-1.199998794312472e-07	-3.086852445863574e-07	1.490375335867074e-07	2.050990374199228e-07	-3.744343092552377e-07	-1.794198942078106e-07	-1.268267679529736e-07	-4.204635961155296e-07	-2.428675477890653e-08	-5.619367058686765e-08	-5.195558833160601e-08	-6.557696141509037e-08	-4.349310805198434e-07	-6.721827533416667e-07	1.141348791751501e-06	1.366782526621067e-06	-1.279787030818302e-07	-1.543581852571825e-07	6.755423402769938e-07	7.098158904975273e-07	1.047197518143789	-4.342534404650432e-08	-1.025866964344974e-07	-8.210893626039531e-08	8.923519062814659e-07	1.053201084819906e-06	-7.280629532197518e-08	-1.448762618100115e-07	1.853228784680132e-08	2.738526003679487e-08	1.926902216639794e-07	1.764510334682053e-07	1.047197570025448	2.579049993235881e-08	-1.274850468666131e-07	-7.688113154602058e-08
1.32	-9.756835353762742e-07	-1.528510454307913e-06	-3.750493651302092e-07	-3.156670391425196e-07	-4.628855542210332e-07	-8.836538876821569e-07	-5.46614281953859e-08	-8.522119261555111e-08	0.9689999902231493	5.525901765290335e-09	-9.611495095893193e-08	-5.831096293701966e-08	8.937778833824424e-07	1.646015506080968e-06	9.194904753809869e-08	5.113183701274422e-07	3.748811680136268e-07	2.991166219721646e-07	0.1224359952434306	-0.02095251800979015	-0.000476942096381816	0.002628500508172421	-0.07011735473109501	-0.01200736912345657	0.05291967560048857	-0.02077309745435226	0.007869368594078786	-0.007756032209292585	0.004841775604308329	0.006713541134984619	1.447562679954087e-07	2.753832930181238e-07	-0.004472312004273163	0.001052903807338016	0.01003106688239446	-0.003547865484593179	0.001798173513911095	0.0001542293670446193	0.0002835266125461314	0.002724166396426524	-0.0003561084480080215	0.0002010848704633776	-8.928811795672593e-07	-3.883018032072278e-07	-9.865540033015106e-07	-1.205280069474689e-06	-1.074844319693802e-06	-1.774030963880984e-06	-1.273350102160561e-07	8.325188369121262e-07	-3.667052275317169e-07	-2.814434356691109e-07	2.301350461747788e-07	3.395696340631728e-07	0.00113687473894201	-1.274029493914125e-07	0.0443510846774149	1.30929976019317e-06	-0.4187125705327555	-9.482306446285355e-07	1.49241182681984e-07	2.954502940341393e-07	3.019114433049221e-07	3.796989600329636e-07	2.978817213097968e-07	3.645833643440347e-07	-5.41094137062198e-07	-6.254504019466356e-07	-1.229481139985499e-07	-2.977135994759876e-07	1.511138784087369e-07	2.01947253558293e-07	-3.762370293249642e-07	-1.823819805425468e-07	-1.310317261589865e-07	-4.207863409792214e-07	-2.484319447416008e-08	-5.697465180931764e-08	-5.261132502904935e-08	-6.572474792220623e-08	-4.416909638022382e-07	-6.725449808742929e-07	1.154938410538418e-06	1.368054167869353e-06	-1.295185423912676e-07	-1.533589357604109e-07	6.826076466385015e-07	7.107753951033323e-07	1.047197517709461	-4.295959749462759e-08	-1.034135410084224e-07	-8.170316370003031e-08	9.0296259276912e-07	1.048625802054596e-06	-7.42693361566342e-08	-1.46466965049884e-07	1.880383505263421e-08	2.716995963738007e-08	1.94460776511472e-07	1.748954531026053e-07	1.047197570298528	2.610932666795914e-08	-1.282444021510958e-07	-7.80261992298393e-08
1.33	-9.909267156360135e-07	-1.515101191342652e-06	-3.782696062624315e-07	-3.435671916668986e-07	-4.717388786009199e-07	-8.96559376846613e-07	-5.551437977946607e-08	-8.86676374467067e-08	0.9689999902777181	-4.992360743714043e-10	-9.66917723424761e-08	-5.530155874540439e-08	9.102087506933357e-07	1.635194388043112e-06	9.712428756053625e-08	5.455233119081889e-07	3.778512747206594e-07	2.810150344089338e-07	0.1227738751074763	-0.01495817216279238	-0.0004917882103119339	0.003323082176346841	-0.07038237209952788	-0.0117580996118536	0.05291130732106927	0.01289287435546132	0.0079083650994614	-0.001034817002405385	0.004841216589194832	-0.005091464239587321	1.47464987325307e-07	2.523119015968596e-07	-0.004469944049438242	0.0003068279995192377	0.01002431111781572	-0.003795450034322513	0.001795526824399697	5.541326630101547e-05	0.0002845678831417275	0.001212854895596793	-0.0003551614238824015	-5.339351363489553e-05	-8.968512927833221e-07	-4.232422851030206e-07	-9.985664286880731e-07	-1.189082126364975e-06	-1.092538668105656e-06	-1.770475587694333e-06	-1.190931942899524e-07	7.659617462959971e-07	-3.695202366001987e-07	-2.620782440081678e-07	2.336514426976293e-07	4.078084358357335e-07	0.001136873452442528	-1.453815585804471e-07	0.04435109768496068	1.263935861487969e-06	-0.4187125799690571	-9.190475978338305e-07	1.521902861335928e-07	2.991313434528018e-07	3.057475113074989e-07	4.348072884824037e-07	3.014991425060784e-07	3.360132211866913e-07	-5.4731587815545e-07	-5.407704529008818e-07	-1.260184648086973e-07	-3.319993683013976e-07	1.531363980409756e-07	2.093251151309761e-07	-3.779916721963155e-07	-1.39409093889616e-07	-1.352287280473528e-07	-4.106341925260924e-07	-2.541600838985123e-08	-5.831478907353302e-08	-5.325911181573204e-08	-5.988180843959959e-08	-4.484473870683302e-07	-6.961279846201422e-07	1.16856089441617e-06	1.326256749394323e-06	-1.310533062227534e-07	-1.518382187437597e-07	6.896749621211617e-07	6.824001806702062e-07	1.047197517277829	-4.288614228603076e-08	-1.042321993376504e-07	-7.921424927057875e-08	9.13518818838732e-07	1.099674476207361e-06	-7.570719897675193e-08	-1.279851726476053e-07	1.907461462461069e-08	2.626384944758295e-08	1.96235232471459e-07	1.891084468310421e-07	1.047197570567255	3.165298159311692e-08	-1.29011965120013e-07	-7.049573534118053e-08
1.34	-1.006298339440648e-06	-1.723156146285224e-06	-3.814484894726985e-07	-1.263792128083754e-07	-4.805463538568737e-07	-7.763007409245345e-07	-5.635100652806154e-08	-4.719533550824557e-08	0.9689999902237914	-4.31449473924308e-08	-9.732481896203123e-08	-1.287400023069796e-07	9.269549088925817e-07	2.0138707815054e-06	1.021405126311066e-07	1.844052559287192e-07	3.806254882981946e-07	2.58156783969621e-07	0.1230909920127168	-0.01279997829933099	-0.0005149695266280891	0.00247015731625332	-0.07062696402319538	-0.01455941596555182	0.05292613558052471	0.04324847379061202	0.007892907967783946	0.0194620409075989	0.004833138462272723	-0.0148152133293319	1.502498461648879e-07	4.735079109938022e-07	-0.004467195827968251	0.005070115157835479	0.01001429629395348	-0.007944987042552356	0.001797069966815491	-0.0007717156275326881	0.0002784975462122639	-0.0008451987126720945	-0.0003541250303020242	0.001443848140353917	-9.008811168598897e-07	-3.300773921741177e-07	-1.010278675972202e-06	-1.069703957944101e-06	-1.109555005206356e-06	-1.266491691826643e-06	-1.112698375892625e-07	9.37314079511887e-07	-3.723957782346962e-07	-4.616336129597162e-07	2.373101039668159e-07	-9.304274464074653e-09	0.001136872022561007	-1.374109527023166e-07	0.0443511104493762	1.402823078599841e-06	-0.418712589150072	-9.70619426809934e-07	1.553516393962192e-07	4.579858687515931e-07	3.098261502839223e-07	1.777405475033199e-07	3.050002799232839e-07	4.614019014816495e-07	-5.533026939841683e-07	-1.092292454971914e-06	-1.288621883585725e-07	7.291589743503279e-08	1.555239779525596e-07	5.141912286335165e-07	-3.79692057054665e-07	-4.23297946911798e-07	-1.393747238694093e-07	-4.542886975862603e-07	-2.590599186722898e-08	3.576673032594738e-08	-5.391516585780009e-08	-1.143335158421211e-07	-4.552480707519822e-07	-5.689755978574195e-07	1.181909797593027e-06	1.420267720054772e-06	-1.325997131188141e-07	-1.747381731888926e-07	6.966239179795616e-07	7.986535299215851e-07	1.047197516843936	-4.748493801638942e-08	-1.050413931489903e-07	-9.142795471081014e-08	9.245484354274106e-07	1.160516668447204e-06	-7.710744511051467e-08	-2.37258361366054e-07	1.934794673093295e-08	3.690922624136911e-08	1.980608265298408e-07	1.324139821136115e-07	1.047197570861897	1.217170164891081e-08	-1.297071480845195e-07	-5.996925219453401e-08
1.35	-1.021970451761188e-06	-1.576887331998001e-06	-3.8428381388903e-07	-2.710572518096346e-07	-4.891602081122112e-07	-8.542958088417846e-07	-5.712497840636997e-08	-7.519817984502571e-08	0.9689999901079226	-1.346829597512945e-08	-9.807167380353884e-08	-7.878268219721593e-08	9.442146377245822e-07	1.74157501720778e-06	1.065743673304883e-07	4.219901601652647e-07	3.833693595189661e-07	2.735327731885453e-07	0.1234271634321986	0.006643191277085326	-0.000533160996729878	0.001582841733513394	-0.07087175143448442	-0.02058378470730794	0.05295686656481864	0.07036733323835061	0.007920625390005789	0.02342472691004951	0.004823126490302823	-0.02446545147139029	1.533633276548848e-07	3.224925471122728e-07	-0.004465507992556309	0.005348641348506543	0.01000680665999913	-0.008682754462132869	0.001795725069309274	-0.000480586562718075	0.0002775673642094506	-0.005191498260793429	-0.0003534184600258438	0.001579377209553618	-9.0477318442069e-07	-3.852949509572164e-07	-1.021804446616662e-06	-1.145927385727747e-06	-1.12572461395e-06	-1.584867858574022e-06	-1.032232657461473e-07	8.113483137861882e-07	-3.755940065413142e-07	-3.316876254014473e-07	2.403326251307513e-07	2.798900431390964e-07	0.001136870621180436	-1.386153675408657e-07	0.04435112345788945	1.310950129072691e-06	-0.4187125984231909	-9.313650174492823e-07	1.587333908405249e-07	3.450643255608611e-07	3.135256967876209e-07	3.568464503389583e-07	3.086962156104259e-07	3.765137404712949e-07	-5.600950991710664e-07	-7.067658613947179e-07	-1.311248554977337e-07	-2.074503253294888e-07	1.583524593708438e-07	2.981027469135609e-07	-3.818453650476062e-07	-2.322626315213507e-07	-1.435720441637517e-07	-4.21105826179653e-07	-2.625430140969459e-08	-2.98962640465832e-08	-5.465568630015029e-08	-7.702924391598412e-08	-4.618414600144326e-07	-6.518397530129232e-07	1.195423518065727e-06	1.35799863554766e-06	-1.341812263853319e-07	-1.593910837676282e-07	7.037544680279214e-07	7.196925848371443e-07	1.047197516402856	-4.434506201605575e-08	-1.058675545874383e-07	-8.313438244826858e-08	9.356318561992375e-07	1.108581730435822e-06	-7.867184581459223e-08	-1.623540004103629e-07	1.963904321297685e-08	2.977109013970715e-08	1.997937771765539e-07	1.698487418036056e-07	1.047197571127321	2.557325184346185e-08	-1.303834256886666e-07	-6.688077897813005e-08
1.36	-1.037611417328337e-06	-1.770569188540419e-06	-3.870836004225959e-07	-6.635991350176692e-08	-4.97753420972458e-07	-7.444505863904163e-07	-5.789909545516967e-08	-3.7165988729856e-08	0.9689999900005772	-5.220705850858829e-08	-9.882628786649902e-08	-1.48225239190489e-07	9.613531216953038e-07	2.090628389213101e-06	1.109327348150085e-07	8.384184380591951e-08	3.861220063063461e-07	2.538016866483029e-07	0.1237543809348154	0.03059353284986771	-0.0005573952400900744	-0.00153211659227857	-0.07110335483113191	-0.02735781591111939	0.05301110264245249	0.07902049607272774	0.007933157590932095	0.03499038994053474	0.004804572289396571	-0.02729439834817735	1.564597429543189e-07	5.256590366325824e-07	-0.004460840829424612	0.007523381843011246	0.009996448519456832	-0.009744971110883967	0.001795519468393618	-0.001031195760621526	0.0002775082058496685	-0.006393244579562261	-0.0003518682403983224	0.002304936198070564	-9.08702393351195e-07	-3.140927365570285e-07	-1.033327774894162e-06	-1.041040334945872e-06	-1.141738688126196e-06	-1.118574341794534e-06	-9.524134428534928e-08	9.722157964678869e-07	-3.788345417256149e-07	-5.164770907333775e-07	2.433326051864571e-07	-1.179174838265797e-07	0.001136869252103449	-1.313432004243659e-07	0.04435113655546151	1.452959504315179e-06	-0.4187126077353521	-9.91765529467477e-07	1.620720004350819e-07	4.909484331228999e-07	3.172305491271994e-07	1.140841061998182e-07	3.124027159467263e-07	4.940274074094994e-07	-5.668497777639237e-07	-1.225050898515861e-06	-1.334600705401058e-07	1.616168470584481e-07	1.61157180439097e-07	5.877850591554813e-07	-3.840600780222327e-07	-5.037019512458704e-07	-1.477410350368723e-07	-4.612458138605866e-07	-2.660120637728274e-08	5.968177857267504e-08	-5.540203553293998e-08	-1.289473434896896e-07	-4.684035769967594e-07	-5.335102805673836e-07	1.208993806960096e-06	1.4546377330169e-06	-1.357640109665403e-07	-1.806010558380079e-07	7.10902833078799e-07	8.310436041924053e-07	1.047197515961332	-4.876138450815468e-08	-1.066912121635467e-07	-9.405354040480172e-08	9.466325105727184e-07	1.163928781848037e-06	-8.023841171308958e-08	-2.647580756566924e-07	1.993407915973423e-08	4.022559900492789e-08	2.015115786616197e-07	1.160487932233766e-07	1.047197571393535	7.442009471697464e-09	-1.310527039531607e-07	-5.622403055103381e-08
1.37	-1.057277386860539e-06	-2.138918691639819e-06	-3.857263042026315e-07	3.130926428944263e-07	-5.040889281914054e-07	-5.374153467312871e-07	-5.788573784083476e-08	3.501020272212668e-08	0.9689999890801276	-1.267982639247683e-07	-1.009990390049124e-07	-2.779575323506306e-07	9.858232105218545e-07	2.761601367977841e-06	1.08411546011855e-07	-5.454473857847698e-07	3.884597007955781e-07	2.161229636338816e-07	0.1241132358884028	0.0585535476521529	-0.0005789887965564889	-0.00517911162905558	-0.07133263321231743	-0.03055114882396255	0.0530712147840515	0.07349530105217235	0.007955360379753506	0.0275680335388036	0.004783389974766632	-0.02573021895196616	1.637806763249725e-07	9.124791689788143e-07	-0.004461672376139105	0.005228104145366378	0.009993013587878536	-0.006576704864848058	0.001794680777390529	-0.0007117153728019317	0.0002766801859271392	-0.005604635932539145	-0.0003519045374643201	0.001633519280813241	-9.110578903617765e-07	-1.702160508896007e-07	-1.042656369798893e-06	-8.397700541553228e-07	-1.14829015484199e-06	-2.536996009585091e-07	-8.38965195237174e-08	1.278944466195987e-06	-3.858396348214428e-07	-8.609606321979313e-07	2.381934491438752e-07	-8.625058735006208e-07	0.001136868002145613	-1.201874111024092e-07	0.04435115242174319	1.705145944860768e-06	-0.4187126182157296	-1.098451701458093e-06	1.684764724431997e-07	7.718641108285339e-07	3.159586193327281e-07	-3.409503090290405e-07	3.185204195728263e-07	7.148220830018803e-07	-5.842921930584178e-07	-2.202640539806318e-06	-1.280735967728025e-07	8.688981638263775e-07	1.699305607512389e-07	1.133824817691451e-06	-3.917736398538184e-07	-1.006646988682987e-06	-1.527684663265231e-07	-5.397516868753298e-07	-2.511096338509965e-08	2.278057878061346e-07	-5.720492935628559e-08	-2.255028046606418e-07	-4.725678303484938e-07	-3.141225041436171e-07	1.224443551046196e-06	1.625159500469884e-06	-1.377820116398298e-07	-2.203785405798745e-07	7.203076548297472e-07	1.037015995033428e-06	1.047197515430623	-5.686896626331433e-08	-1.077407987484091e-07	-1.14637025353245e-07	9.588675440591229e-07	1.277201907081864e-06	-8.391191222353138e-08	-4.576396043665192e-07	2.043723812353068e-08	5.921373324777835e-08	2.021414785325744e-07	1.657879967150815e-08	1.04719757128567	-2.677437001885507e-08	-1.315146281849491e-07	-3.730874648509995e-08
1.38	-1.080739369374302e-06	-2.253246714387603e-06	-3.804712088915527e-07	4.278496967357707e-07	-5.082972786621447e-07	-4.743959718484617e-07	-5.713094385682185e-08	5.714211884678377e-08	0.9689999873903232	-1.501219740090385e-07	-1.04506035346473e-07	-3.174846759012401e-07	1.017201658734862e-06	2.971373581297062e-06	9.942425462868327e-08	-7.361521827923649e-07	3.904133420465817e-07	2.045239418535017e-07	0.1244737180604015	0.08168372780932401	-0.0006047122867902426	-0.00727049971149202	-0.0715559748871344	-0.0305852070606278	0.05311666495535693	0.05052118494067806	0.007979323434293466	0.02102482942248219	0.00476624673737599	-0.01794961784027317	1.750802441894489e-07	1.031931088592391e-06	-0.00445775268548488	0.002134270667105701	0.009986581648773042	-0.001322127714754987	0.001793916017275487	-0.0007647153537336441	0.0002733928975935498	-0.002339740618540006	-0.0003504503755202359	0.000743856533116827	-9.119451301506712e-07	-1.251691907447588e-07	-1.049922750115903e-06	-7.781302957189199e-07	-1.145972324781328e-06	6.154884947040527e-09	-6.939218163302445e-08	1.374837359202047e-06	-3.96382236525052e-07	-9.651128117306416e-07	2.2538112517692e-07	-1.09087224859002e-06	0.001136866863860421	-1.177856879029261e-07	0.04435117088144021	1.779499230321644e-06	-0.4187126298106532	-1.130544118524548e-06	1.77773435918187e-07	8.596356469314545e-07	3.100127611367373e-07	-4.800755461409526e-07	3.269107236856959e-07	7.823778692332732e-07	-6.117893178978472e-07	-2.503395268217567e-06	-1.154130988361425e-07	1.08856389747708e-06	1.84318841241534e-07	1.301632469173987e-06	-4.046575843750937e-07	-1.158892359395788e-06	-1.586041770983706e-07	-5.646553363240312e-07	-2.188955478999888e-08	2.793815420013698e-07	-6.000203125520433e-08	-2.549533786794495e-07	-4.744784807736114e-07	-2.479243905101314e-07	1.24164779336804e-06	1.67545818242081e-06	-1.402084917902107e-07	-2.325105324109284e-07	7.318292469978626e-07	1.099469830034323e-06	1.047197514816341	-5.933987688378344e-08	-1.090005656547473e-07	-1.209421192217181e-07	9.722745582897698e-07	1.314688832882421e-06	-8.956642203234458e-08	-5.165977189554381e-07	2.113599039718101e-08	6.491142987187098e-08	2.017476734278976e-07	-1.349143035052468e-08	1.047197570825166	-3.73341335323561e-08	-1.317821421521544e-07	-3.176196126828404e-08
1.39	-1.104193141179394e-06	-2.29886822390789e-06	-3.752124812086362e-07	4.77026564210498e-07	-5.125133361970269e-07	-4.507688681030464e-07	-5.637905966713345e-08	6.52907119094368e-08	0.9689999857059952	-1.580067809149482e-07	-1.08015579116705e-07	-3.350261353040312e-07	1.04854595655324e-06	3.046854139363466e-06	9.043285662168578e-08	-8.178369202635341e-07	3.923748396079764e-07	2.022977167626233e-07	0.1248543362300084	0.09595032094715318	-0.0006329715089977681	-0.008539083912655242	-0.07176819821298418	-0.03154404268030098	0.05314685699669654	0.01512963214469699	0.007987886308112575	0.004315896883119047	0.004754213312146899	-0.005372709873456404	1.863618636978048e-07	1.074929648968881e-06	-0.004458432591627258	-0.001845835883793766	0.009985174387787774	0.004464620718288045	0.001794128175463745	-0.0002083698245626441	0.0002679435327427913	0.0001127712191535567	-0.000350366426410529	-0.0004123376313247395	-9.129023752901442e-07	-1.350500908269728e-07	-1.057218093607815e-06	-7.657658085433096e-07	-1.143676882111759e-06	1.057410928836503e-07	-5.489359676428645e-08	1.411530300295712e-06	-4.069196880130532e-07	-1.005980120546101e-06	2.125408180005467e-07	-1.198208151703265e-06	0.001136865728565048	-1.155483185521796e-07	0.0443511893916361	1.829790713810366e-06	-0.4187126414496408	-1.159096950727246e-06	1.870552176837271e-07	8.915198513434237e-07	3.040592764553138e-07	-5.420322236838055e-07	3.353024881479802e-07	8.11682105352168e-07	-6.392891386155132e-07	-2.630557012454084e-06	-1.027960894361966e-07	1.165265552199615e-06	1.98717050837323e-07	1.376361029336111e-06	-4.175667590838615e-07	-1.233016950726609e-06	-1.644344070547006e-07	-5.729495055395841e-07	-1.866354513237594e-08	3.031398940109046e-07	-6.280273624440811e-08	-2.688401656986771e-07	-4.7638781381285e-07	-2.186191097353425e-07	1.258884041097399e-06	1.707488108534746e-06	-1.426342323380997e-07	-2.374134332933252e-07	7.433602139074067e-07	1.128984196465521e-06	1.047197514201769	-6.050312527172955e-08	-1.102583379400854e-07	-1.227553340993032e-07	9.856645399569865e-07	1.324719533408316e-06	-9.522122914614684e-08	-5.412925507007549e-07	2.183672989831006e-08	6.810029633764408e-08	2.01349770379237e-07	-2.78044308845214e-08	1.047197570365112	-4.160540318373583e-08	-1.320466508912088e-07	-2.832584100879986e-08
1.4	-1.127159378588684e-06	-2.296686279599191e-06	-3.7041496185713e-07	4.807017518201708e-07	-5.172303988839923e-07	-4.795038895741916e-07	-5.578192959571821e-08	5.74229300635253e-08	0.9689999841865919	-1.495129393985966e-07	-1.113451757432462e-07	-3.320660465306175e-07	1.078908908888522e-06	3.033525868707414e-06	8.240031790049302e-08	-7.975997072045498e-07	3.944457873368234e-07	2.08401692959592e-07	0.1252388243373305	0.102802482570476	-0.0006599161729103894	-0.008179120613761566	-0.0719836123798283	-0.03339340500818386	0.05315556736668769	-0.02946543246562234	0.007999473593060174	-0.01487600978900108	0.004749135365982491	0.01004040975521899	1.971022030490707e-07	1.073230575183325e-06	-0.004458638103791252	-0.006036249929345336	0.00998492269018574	0.01013674319376752	0.001793496194300383	0.0004556358909538491	0.0002673950437491992	0.002176418537906867	-0.0003502275142475897	-0.001633932892599826	-9.140845412827266e-07	-1.132398815360817e-07	-1.065075482479677e-06	-7.933827918055216e-07	-1.142958289633509e-06	6.13517877885244e-08	-4.07371886134424e-08	1.420391239856229e-06	-4.167454131033344e-07	-9.719325654992554e-07	2.007388565743464e-07	-1.176578371411466e-06	0.001136864552307014	-1.187608996439076e-07	0.04435120795363959	1.86625438956488e-06	-0.4187126529411297	-1.146814936919525e-06	1.959029724524427e-07	8.830646194990531e-07	2.985107573498214e-07	-5.581601468095569e-07	3.434419780267973e-07	8.156203714881549e-07	-6.65640084276243e-07	-2.636238900126109e-06	-9.136108285518114e-08	1.136998329269983e-06	2.125120761926619e-07	1.380012110243425e-06	-4.298715945740158e-07	-1.22931240719386e-06	-1.701790194776307e-07	-5.755619385257557e-07	-1.560722944288609e-08	3.063577806128212e-07	-6.549577363525216e-08	-2.693997361191784e-07	-4.786777591697367e-07	-2.31713014366782e-07	1.276145571456909e-06	1.732086908300854e-06	-1.450183530868937e-07	-2.387442756336048e-07	7.547089985219782e-07	1.136908089945027e-06	1.047197513605027	-5.939074502709626e-08	-1.114430437431593e-07	-1.171914061691793e-07	9.988989560764885e-07	1.321044420443729e-06	-1.00622064107402e-07	-5.396034901401334e-07	2.252552906995282e-08	6.909389978297447e-08	2.010819476415276e-07	-2.647971284041106e-08	1.04719756995156	-4.129503327887159e-08	-1.32343155924078e-07	-3.031585763558363e-08
1.41	-1.150112486702499e-06	-2.291807827617004e-06	-3.65628495577107e-07	4.746296381198541e-07	-5.220413009202603e-07	-4.844395039354849e-07	-5.520950756994314e-08	5.670328771494624e-08	0.9689999826904577	-1.495410735677664e-07	-1.146612926046911e-07	-3.304857536299099e-07	1.109216713893263e-06	3.023879254695486e-06	7.44401426561495e-08	-7.926376612871283e-07	3.965314833926622e-07	2.087511805490197e-07	0.1256121576632176	0.08963345082174286	-0.0006903489959443786	-0.006499991602191948	-0.07218211892168605	-0.03660879470799402	0.05313202424028627	-0.07340962749701643	0.007983833373402046	-0.02717751664178376	0.004758093881852422	0.02544162461701355	2.078297277481187e-07	1.07151267257937e-06	-0.004462059237688213	-0.007602374121953525	0.009988456005540939	0.01194630673030042	0.001794189274651089	0.0007569640633388425	0.0002686229650623216	0.004300808390870336	-0.0003510899449135176	-0.002130258933199367	-9.152101694081596e-07	-1.111352603037409e-07	-1.073066464479796e-06	-8.10616159032566e-07	-1.142402102844014e-06	4.485110014828238e-08	-2.658911291780592e-08	1.402007177873167e-06	-4.264641184218656e-07	-9.706283750168487e-07	1.89039995514529e-07	-1.155141716055307e-06	0.001136863364263921	-1.188297404966856e-07	0.04435122662286769	1.8680590732751e-06	-0.4187126643342569	-1.122813612101647e-06	2.047261079183485e-07	8.802784682733939e-07	2.929422113511675e-07	-5.567690338402658e-07	3.515832113547813e-07	8.108154212726485e-07	-6.919455100530337e-07	-2.621107038143687e-06	-8.001326962753127e-08	1.12976044302334e-06	2.263103184946703e-07	1.378699306075577e-06	-4.421622809992027e-07	-1.228228613308317e-06	-1.759212323478771e-07	-5.714681289139245e-07	-1.254456134374597e-08	3.060821916887296e-07	-6.819090287730856e-08	-2.696660281148154e-07	-4.80996435707948e-07	-2.332513280691482e-07	1.293476242421162e-06	1.735154053278708e-06	-1.474095920563026e-07	-2.398314403761138e-07	7.660808557442503e-07	1.137616948654879e-06	1.047197513010887	-5.943483013989703e-08	-1.126092018577637e-07	-1.154389951864219e-07	1.012140193718155e-06	1.330379090405065e-06	-1.060066449780265e-07	-5.360371583077255e-07	2.321889203089783e-08	6.973913783366353e-08	2.008169965539531e-07	-2.621545555854048e-08	1.04719756953881	-4.111713712081264e-08	-1.326435503816954e-07	-2.966449416538652e-08
1.42	-1.173163160126079e-06	-2.314256387890464e-06	-3.607717103113806e-07	4.901820951024542e-07	-5.270811777377777e-07	-5.050038646136885e-07	-5.471438953343125e-08	4.812128004249264e-08	0.968999981276643	-1.400050558794408e-07	-1.179594635180579e-07	-3.302953719617715e-07	1.139590554184497e-06	3.05032107592027e-06	6.665091834134966e-08	-7.79744960402293e-07	3.986459728526053e-07	2.094365624127745e-07	0.1259857579535838	0.06316627027538496	-0.0007181840362661325	-0.004873699021404428	-0.07236078466543854	-0.02895955398806346	0.05309042126885993	-0.1018471207856312	0.007960547067301519	-0.04438963531186312	0.004774425722365794	0.03526345988488471	2.185302796763489e-07	1.07021023428724e-06	-0.004471070200031037	-0.009273999984896114	0.009998676960310975	0.01261114736986281	0.001794914587204761	0.001541610210027626	0.0002744770471423311	0.00563557004293043	-0.0003537030116237966	-0.00269783981559065	-9.162270601290632e-07	-1.056454308391775e-07	-1.08120663207592e-06	-8.100977875145318e-07	-1.142022109398582e-06	4.992114072363886e-08	-1.197024107819192e-08	1.490139704821142e-06	-4.357852859412811e-07	-9.213323797795974e-07	1.771527641393384e-07	-1.213967012139827e-06	0.001136862121950063	-1.264136754371272e-07	0.04435124563194924	1.907365943574649e-06	-0.4187126759233374	-1.177670070173096e-06	2.135554402110531e-07	8.88556845610185e-07	2.873816181225926e-07	-5.507859336855779e-07	3.598581947010855e-07	8.351570873621928e-07	-7.183222232484117e-07	-2.644331445636097e-06	-6.875946654341495e-08	1.135681538001395e-06	2.40134679791109e-07	1.383259761625062e-06	-4.544185214438456e-07	-1.226316004009603e-06	-1.817547632575707e-07	-5.888279536527864e-07	-9.463511813946837e-09	3.082337566615738e-07	-7.088593503434038e-08	-2.694144705337669e-07	-4.833256296604769e-07	-2.272077464281795e-07	1.310943276907588e-06	1.744527778006083e-06	-1.498033242366471e-07	-2.389687444607844e-07	7.775147360916077e-07	1.144148464578614e-06	1.047197512424584	-5.866122910928347e-08	-1.137603411798522e-07	-1.169534214369054e-07	1.025158537569877e-06	1.288233153100819e-06	-1.114020292630853e-07	-5.416336316301672e-07	2.391429625897803e-08	6.915987398878692e-08	2.005500643632052e-07	-2.747988214862345e-08	1.047197569122607	-4.203947245889521e-08	-1.32973011719594e-07	-3.421257889635124e-08
1.43	-1.196282111273603e-06	-2.310110167183296e-06	-3.558822843357875e-07	4.90269732830927e-07	-5.321622553436065e-07	-5.284479439003039e-07	-5.423977462222537e-08	4.246494349087145e-08	0.968999979883174	-1.343905382040423e-07	-1.212563010242952e-07	-3.27791313429141e-07	1.170047485613209e-06	3.035348071966486e-06	5.888282687803825e-08	-7.625612908806426e-07	4.007494493805476e-07	2.145790072289728e-07	0.1263171111933579	0.03036429609660081	-0.0007437396354769492	0.0009417441829236029	-0.07253343623924574	-0.02989277815750706	0.05301690818474429	-0.1209908706976123	0.007943971559063106	-0.04125578556382064	0.004802519639968538	0.04114043163586125	2.292253074945482e-07	1.069141898093624e-06	-0.004472937787965281	-0.008292252540687618	0.01000205907751203	0.0100864880296188	0.001795436215448275	0.001052242485408596	0.0002791856906122892	0.007881337928568372	-0.0003541035917549285	-0.002519425285731567	-9.172570909470065e-07	-8.806179832580154e-08	-1.089358489161496e-06	-8.34794122172807e-07	-1.141597735575716e-06	-3.797641071573174e-09	2.87833468591481e-09	1.483324142835118e-06	-4.449772165231685e-07	-9.010543931854646e-07	1.650933158502404e-07	-1.180534010389193e-06	0.001136860857725196	-1.27835795569175e-07	0.04435126472994802	1.933302297626125e-06	-0.4187126876352902	-1.16181046776421e-06	2.224209983677449e-07	8.785906675666585e-07	2.818558537097649e-07	-5.626568291825447e-07	3.681970234679604e-07	8.329791673812472e-07	-7.447393065600445e-07	-2.640948741300513e-06	-5.745455591375566e-08	1.106308587571876e-06	2.539641549422398e-07	1.385251179306509e-06	-4.66673506946246e-07	-1.220906470794087e-06	-1.876325824768673e-07	-5.886861011221648e-07	-6.379657384465966e-09	3.099396500485207e-07	-7.35805585688889e-08	-2.693328425603415e-07	-4.856193960716071e-07	-2.427771510236958e-07	1.328415448525835e-06	1.765890003176643e-06	-1.521958444332329e-07	-2.397743046862883e-07	7.889619917687065e-07	1.149300729038563e-06	1.047197511839033	-5.781746388285156e-08	-1.149202295391199e-07	-1.118635757178826e-07	1.038065079544818e-06	1.292710705750796e-06	-1.168085781455113e-07	-5.389689965591746e-07	2.460785704542469e-08	7.019129956086515e-08	2.002782275608218e-07	-2.530965369652235e-08	1.047197568703479	-4.151253512519048e-08	-1.333146005478248e-07	-3.527787765507628e-08
1.44	-1.219236668629897e-06	-2.292707976235871e-06	-3.510083106135561e-07	4.865810217632821e-07	-5.375908944063812e-07	-5.437143047257365e-07	-5.3850400837018e-08	3.888582212250654e-08	0.9689999785934128	-1.286650028843907e-07	-1.245075636855417e-07	-3.248640616332618e-07	1.200163978493402e-06	3.007804073145867e-06	5.144440294872654e-08	-7.419807108986961e-07	4.029880168045952e-07	2.25216636506272e-07	0.1266482350609525	-0.01056987223356574	-0.0007668816338703361	0.002314436857566703	-0.07267000550687733	-0.0131126190278656	0.05295960015561613	-0.1091545506788657	0.007894965139574845	-0.04490156502360297	0.004821778541932113	0.03690414314250995	2.398577549576045e-07	1.062587554711643e-06	-0.004484690109202532	-0.006016974882976406	0.01001299351034657	0.005586670324596855	0.001798022324100252	0.001499443695148029	0.0002821278428656945	0.006696727495936077	-0.0003575723843358883	-0.001916662163293092	-9.179525740307746e-07	-6.72086019115711e-08	-1.097825115593587e-06	-8.474765719218663e-07	-1.141780088791629e-06	-1.956768437238724e-08	1.764727665075774e-08	1.473363975226838e-06	-4.538356641491021e-07	-8.861167871632323e-07	1.534880929724459e-07	-1.156427813865316e-06	0.001136859573419489	-1.282013991540233e-07	0.0443512841896093	1.945920024273412e-06	-0.4187126991292255	-1.146633938934126e-06	2.311025458792684e-07	8.664992450739818e-07	2.761573040286348e-07	-5.707368320354194e-07	3.76528987536565e-07	8.324503130378949e-07	-7.711007193793213e-07	-2.634814281272996e-06	-4.667048965998416e-08	1.074630957300807e-06	2.678032534328326e-07	1.383675940392897e-06	-4.788473199529143e-07	-1.217072653208477e-06	-1.934901656477023e-07	-5.847841258594775e-07	-3.265821992509097e-09	3.114999289368087e-07	-7.627848773727633e-08	-2.698680510078339e-07	-4.881100915849321e-07	-2.499176801786714e-07	1.34618354623429e-06	1.777706652579906e-06	-1.546049704539862e-07	-2.410683057877197e-07	8.004880493076421e-07	1.152765515767258e-06	1.047197511270028	-5.680424887899294e-08	-1.15990059455258e-07	-1.063094684688028e-07	1.05099893777211e-06	1.294801532363381e-06	-1.221739627341856e-07	-5.361575163568466e-07	2.531496461101902e-08	7.078980857673911e-08	2.000239379827002e-07	-2.547435082648873e-08	1.047197568291993	-4.108591124898642e-08	-1.336637696444351e-07	-3.465110667834751e-08
1.45	-1.242160335111948e-06	-2.289941026242167e-06	-3.461339940115262e-07	4.914946459802614e-07	-5.430358630083217e-07	-5.475385134904573e-07	-5.346407454365663e-08	3.764399599243937e-08	0.9689999773108647	-1.263346918941576e-07	-1.277560851446719e-07	-3.248245674867671e-07	1.230233440514205e-06	3.001759595645981e-06	4.403204794211411e-08	-7.377565531306506e-07	4.052411454852933e-07	2.255643266144968e-07	0.1269324324278899	-0.0358087457841503	-0.0007917857624220143	0.003415087982119556	-0.07278693971128976	0.003832958503858879	0.05290627157385431	-0.08152670738318782	0.007899282283208041	-0.02931864096800756	0.004840641642278505	0.02726022347961159	2.504866490187166e-07	1.064884213985611e-06	-0.004481686714783827	-0.003924942212398686	0.01001073198009104	0.001671716435542723	0.001797285617003192	0.0007936036869990317	0.0002875695671890142	0.005939598104203727	-0.0003565604733423804	-0.001369644132557802	-9.186244752705366e-07	-6.73738377233786e-08	-1.106327944517407e-06	-8.669601411158547e-07	-1.142030203934848e-06	-5.51080028638935e-08	3.237768116126251e-08	1.468661785275017e-06	-4.626998938454916e-07	-8.904914362638448e-07	1.419120631132471e-07	-1.163555866778774e-06	0.001136858295762183	-1.250148732097926e-07	0.0443513036720089	1.959340023373517e-06	-0.4187127106317846	-1.169439046637239e-06	2.397650538932758e-07	8.649575455210371e-07	2.704259090774852e-07	-5.869632575884091e-07	3.848572019643564e-07	8.341083479573519e-07	-7.974713931738544e-07	-2.64896483484232e-06	-3.595589301956049e-08	1.054085763827135e-06	2.816322905666517e-07	1.377930539376179e-06	-4.910223465615483e-07	-1.220152700432281e-06	-1.993386180365053e-07	-5.84679793389161e-07	-1.51968872211284e-10	3.105318046828235e-07	-7.897744629494687e-08	-2.700657204760242e-07	-4.906191701632024e-07	-2.559695502564181e-07	1.363984003573866e-06	1.792316300016116e-06	-1.570166967953899e-07	-2.418204383258786e-07	8.120218853562255e-07	1.156535453697533e-06	1.0471975107016	-5.711030968461152e-08	-1.170556694332222e-07	-1.081390921945954e-07	1.063947940604221e-06	1.296529694309239e-06	-1.275320240997278e-07	-5.336267409142766e-07	2.602330786641045e-08	7.107492487562392e-08	1.997706837388177e-07	-2.450173509324028e-08	1.047197567879939	-4.189420762156644e-08	-1.340117576630476e-07	-3.550108673575691e-08
1.46	-1.265155179683041e-06	-2.291636602909711e-06	-3.412603945995006e-07	4.905060416925009e-07	-5.484793938375627e-07	-5.461102510159584e-07	-5.307415286982577e-08	3.797407474646416e-08	0.9689999760370903	-1.247591574223243e-07	-1.310181149365792e-07	-3.259379501251816e-07	1.260402128502265e-06	3.007402048097213e-06	3.66339727290007e-08	-7.3854219302331e-07	4.0749390687953e-07	2.261972341955056e-07	0.1272092658685748	-0.05799400516860186	-0.0008114672710843186	0.001452667249599827	-0.07288793194119883	0.0252605525455539	0.05288493000041058	-0.03187376576268967	0.007870216528145131	-0.01559866630997382	0.004845537223605783	0.01021107452377974	2.611705354142308e-07	1.070421367485091e-06	-0.004487294378276627	0.0005242130164992504	0.01001228644583486	-0.004108677556318233	0.001799045446754595	0.000490918060913629	0.0002870435081666644	0.003701451205151647	-0.0003583528652188443	-6.662007374278499e-05	-9.190871075767662e-07	-4.245075936650042e-08	-1.114906387900833e-06	-8.744800328655057e-07	-1.142267552795339e-06	-7.658055046568201e-08	4.720211501999378e-08	1.472053525454759e-06	-4.716302904772758e-07	-8.99962605256146e-07	1.303599590223046e-07	-1.163470319749277e-06	0.001136857060827096	-1.128754039314766e-07	0.04435132314880424	1.955399074208326e-06	-0.4187127222021358	-1.177413429969934e-06	2.484549001359067e-07	8.684815816219915e-07	2.646198300747972e-07	-6.048084195351296e-07	3.93145274177866e-07	8.303618975960452e-07	-8.238744306678401e-07	-2.660472838149003e-06	-2.520471817195838e-08	1.05518564903099e-06	2.955109843852994e-07	1.381687260606878e-06	-5.031890423464841e-07	-1.219952564439878e-06	-2.052335364055712e-07	-5.895583522352756e-07	2.964864327861637e-09	3.101676468717391e-07	-8.167750085015777e-08	-2.701623010315688e-07	-4.931371015504995e-07	-2.574670569796647e-07	1.381796444941826e-06	1.797106240571128e-06	-1.594276736666912e-07	-2.424274875236774e-07	8.235671171128529e-07	1.159083338340658e-06	1.047197510135511	-5.709936138404179e-08	-1.181230381910032e-07	-1.094159331396511e-07	1.076892857126802e-06	1.302910188135098e-06	-1.329171529873821e-07	-5.343286354585046e-07	2.673087207932058e-08	7.105849855196248e-08	1.995216224219728e-07	-2.233735526529781e-08	1.04719756747212	-4.138989869884731e-08	-1.343725950647403e-07	-3.722843426271873e-08
1.47	-1.288207572474063e-06	-2.318287802015743e-06	-3.365992605375083e-07	4.601219625159015e-07	-5.538245659458237e-07	-5.300817304920076e-07	-5.263939285446784e-08	4.550246480067518e-08	0.9689999747391677	-1.316259745466177e-07	-1.343015458713844e-07	-3.302156069728538e-07	1.290758209086723e-06	3.054421780199827e-06	2.919726733474087e-08	-7.450424461373548e-07	4.097264768581919e-07	2.221693561006428e-07	0.1274580898176939	-0.0482355698232225	-0.0008190257646060628	0.002527997815039665	-0.07302834255059053	0.02258693560752725	0.05287721858720379	0.02280309246231713	0.007923629196069561	0.002328351704114345	0.004844142955720747	-0.008319334819971968	2.72016386432751e-07	1.087523897345224e-06	-0.004479495378751653	0.001164925749705662	0.0100007080598769	-0.005663502660482808	0.001795191524299276	-0.0002000862922596385	0.0002881606055585117	0.002062373774094699	-0.0003561708914909526	0.000101366098338245	-9.190864612318597e-07	2.401305179624712e-08	-1.123479579915882e-06	-8.460467802078398e-07	-1.142523600099053e-06	2.011668852220176e-08	6.200478184783798e-08	1.497904834666519e-06	-4.807238349843578e-07	-9.12505119274002e-07	1.189515898569195e-07	-1.129693419297164e-06	0.001136855861263324	-1.225376075226784e-07	0.04435134226472348	1.895557005563381e-06	-0.418712733609562	-1.123823960271472e-06	2.571768665481003e-07	8.752555848155055e-07	2.587537185649546e-07	-5.73361172468377e-07	4.013836187334202e-07	8.180671777337331e-07	-8.501761198424859e-07	-2.615041326119436e-06	-1.424711461050047e-08	1.121416424496094e-06	3.095341342498603e-07	1.414823882035647e-06	-5.152790755058448e-07	-1.203878320523461e-06	-2.111588037185305e-07	-5.973350771492656e-07	6.110257090798937e-09	3.162668384889667e-07	-8.437605975829313e-08	-2.697162862646688e-07	-4.95594478363956e-07	-2.396902031323037e-07	1.399453802786564e-06	1.74916593321892e-06	-1.618208660326532e-07	-2.381062998927077e-07	8.350702769342803e-07	1.146654774689476e-06	1.047197509580992	-5.472586141713474e-08	-1.191718791844423e-07	-1.025329953956475e-07	1.089992650452685e-06	1.304284184446263e-06	-1.383229575967685e-07	-5.473319284715835e-07	2.743931599510756e-08	7.042238104445855e-08	1.993104695012955e-07	-2.221964914989144e-08	1.047197567073216	-3.862531508798495e-08	-1.347348384717518e-07	-3.661337507196e-08
1.48	-1.311378208082238e-06	-2.284315135604104e-06	-3.320111139046809e-07	4.818356631657967e-07	-5.591251074162925e-07	-5.443810937549003e-07	-5.218303865407018e-08	3.932920675422168e-08	0.9689999734267372	-1.248705596385811e-07	-1.376045553189165e-07	-3.259320120370251e-07	1.321301378562577e-06	3.001712666815232e-06	2.174876595680547e-08	-7.359902851001105e-07	4.11949720543235e-07	2.253035026037988e-07	0.1277145227557281	-0.03623241249403805	-0.0008348378738792218	0.002416985654669202	-0.07315382126809657	0.0007054651165601506	0.0529140411197368	0.05642649749140612	0.007885865868292343	0.0241262753281449	0.004825878955144532	-0.01947996426567127	2.82919245351715e-07	1.075795067768616e-06	-0.004477816331932292	0.00750164994161208	0.0099919028201166	-0.01146437655133711	0.001797949394055547	-0.0009036557080687647	0.0002788820134800972	-0.001731804514636148	-0.0003557131001260747	0.002109674338269376	-9.188097428604853e-07	-4.270112230915714e-08	-1.131981380032994e-06	-8.868265256176555e-07	-1.142464543242432e-06	-1.223570700222353e-07	7.695367877249312e-08	1.454411583604553e-06	-4.89876115764141e-07	-9.080685689047214e-07	1.076483372637621e-07	-1.164412809052673e-06	0.001136854660237583	-1.143808802262397e-07	0.04435136121291357	1.947414536736328e-06	-0.4187127448878475	-1.184813683613586e-06	2.659335750909965e-07	8.649796479062135e-07	2.529584520501411e-07	-6.156518862000751e-07	4.09564296402808e-07	8.337945662680122e-07	-8.763562790397159e-07	-2.66231418188817e-06	-3.065990233489669e-09	1.039630633190134e-06	3.236813130312816e-07	1.380084123065088e-06	-5.273185772176367e-07	-1.219193520066109e-06	-2.171367633909696e-07	-5.86318330234428e-07	9.273137887367671e-09	3.109109516741769e-07	-8.707374258158414e-08	-2.701812965531199e-07	-4.979998941154041e-07	-2.585257383732002e-07	1.416973028375914e-06	1.799919989396425e-06	-1.642023641905499e-07	-2.419758886509544e-07	8.465444579702495e-07	1.158544986073905e-06	1.04719750903396	-5.685149540237996e-08	-1.202018965332027e-07	-1.098821008919014e-07	1.10307768814754e-06	1.315029277227652e-06	-1.437868432893854e-07	-5.301544609932853e-07	2.81445926307131e-08	7.147173459740384e-08	1.990977550842151e-07	-1.973311331484576e-08	1.047197566686351	-4.206250964469655e-08	-1.351029154302572e-07	-3.666772373214066e-08
1.49	-1.33449019584363e-06	-2.322954078666853e-06	-3.274421822344507e-07	4.505131221945344e-07	-5.644269446901846e-07	-5.256511285132748e-07	-5.172590248957355e-08	4.763733647563956e-08	0.9689999721152089	-1.331819023547244e-07	-1.409022705751749e-07	-3.313020667879083e-07	1.351778466105522e-06	3.065830880962177e-06	1.430794361277656e-08	-7.470816354114447e-07	4.141731920933945e-07	2.215606308412996e-07	0.1279903878527198	-0.000309684343781475	-0.0008369393749787161	0.003236173164544888	-0.07332004356323721	-0.0110762251105428	0.05295616254624037	0.08575070426251016	0.007961981672439654	0.02295346714339926	0.004808619115792025	-0.02965905132168246	2.938237036719281e-07	1.093977985751082e-06	-0.004472858547143346	0.004830715745526766	0.009981049513035785	-0.009192850706134828	0.001792718311597949	-0.0003624894113389069	0.0002825675789119514	-0.005796106941234423	-0.0003544233002248731	0.00135975157625433	-9.186161182731669e-07	4.22496821430701e-08	-1.140519447149017e-06	-8.395285019458432e-07	-1.14262361854063e-06	3.120983987184087e-08	9.180181754980639e-08	1.500885476063207e-06	-4.990364213910977e-07	-9.175268785142982e-07	9.632416946523081e-08	-1.120964331151994e-06	0.001136853450646986	-1.223888339471156e-07	0.04435138015874591	1.878023660208614e-06	-0.4187127561976755	-1.111098613970154e-06	2.746689632502745e-07	8.774483685025351e-07	2.471238328531756e-07	-5.700034312437095e-07	4.177723947226499e-07	8.151137125301976e-07	-9.025560152191363e-07	-2.604778696522307e-06	8.021886277536065e-09	1.136662496414057e-06	3.377982786165478e-07	1.423781857764722e-06	-5.393646901593702e-07	-1.199613749263299e-06	-2.230893692102278e-07	-5.997567997561294e-07	1.243554923943531e-08	3.179209620241379e-07	-8.977152126997967e-08	-2.696361120011795e-07	-5.004137820187937e-07	-2.350624372993144e-07	1.434521009963815e-06	1.73821526115944e-06	-1.665843791173648e-07	-2.370198794887166e-07	8.580197692908659e-07	1.143896759870309e-06	1.047197508486338	-5.407913558253968e-08	-1.212362882164182e-07	-1.010981197438142e-07	1.116212039722896e-06	1.309510078605072e-06	-1.492229684517519e-07	-5.497238596487696e-07	2.885187557690716e-08	7.033463278716262e-08	1.988938959681856e-07	-2.127734115436232e-08	1.047197566295017	-3.784964034487677e-08	-1.354663778887141e-07	-3.652781041368286e-08
1.5	-1.357653784469417e-06	-2.291343567924733e-06	-3.229168946434056e-07	4.56345902756434e-07	-5.697031846031459e-07	-5.331768667757318e-07	-5.125771852027926e-08	4.454827372841684e-08	0.9689999707972086	-1.291823893795435e-07	-1.442093923292947e-07	-3.277783743924882e-07	1.382349238881506e-06	3.023080525715057e-06	6.851091929711902e-09	-7.420220064934625e-07	4.163930732341289e-07	2.227079877036503e-07	0.1282557516384115	0.02008013861856519	-0.0008503649980010899	-0.0002314391764575161	-0.07348690848519566	-0.02680560248259643	0.05301374332653054	0.07475060372246839	0.007939746686832696	0.04232250404268382	0.004784233764272654	-0.02569862684301558	3.047714584687112e-07	1.093174123711603e-06	-0.004466572130537092	0.009757230614015483	0.009968569752572437	-0.01209602262083315	0.001794760060793909	-0.00158657245533914	0.0002769983990111616	-0.005399132147002529	-0.0003524162171582614	0.002949080680707787	-9.182495900390707e-07	-3.593004863481777e-10	-1.1490235983655e-06	-8.764800721999423e-07	-1.142662515748535e-06	-1.018444199017375e-07	1.067099770996607e-07	1.451551521854724e-06	-5.082335666280191e-07	-9.2005740810627e-07	8.505366451118704e-08	-1.145184429635099e-06	0.001136852263025169	-1.167481595034945e-07	0.0443513990117299	1.905194622238935e-06	-0.4187127674411055	-1.155161313106669e-06	2.834297312155697e-07	8.681759634346772e-07	2.412972152625284e-07	-6.088544436841423e-07	4.25948501816585e-07	8.293096445938745e-07	-9.287116693202848e-07	-2.639787165900221e-06	1.922730002602116e-08	1.069819807705278e-06	3.519772363929797e-07	1.396510931251948e-06	-5.513864668934657e-07	-1.209625360136872e-06	-2.290699910786963e-07	-5.875489385990702e-07	1.560594211444073e-08	3.147319700901642e-07	-9.246895374790004e-08	-2.699326484481144e-07	-5.028036800698469e-07	-2.490660401831239e-07	1.452009461365406e-06	1.776382620752755e-06	-1.689614097921039e-07	-2.392994632295805e-07	8.694839956745829e-07	1.151559967414395e-06	1.047197507942194	-5.542178301127822e-08	-1.222630086191429e-07	-1.06460161064056e-07	1.129359916078199e-06	1.32976401257296e-06	-1.546828709141417e-07	-5.327396054605325e-07	2.955799708533655e-08	7.155031029966577e-08	1.986946778887942e-07	-1.664845087454778e-08	1.047197565909767	-4.10882909536183e-08	-1.35833344574949e-07	-3.55744493423783e-08
1.51	-1.380895379549392e-06	-2.329956921176928e-06	-3.184812730713012e-07	4.383175388823074e-07	-5.749329800645291e-07	-5.192519110194707e-07	-5.0768559978351e-08	5.019734324006399e-08	0.9689999694540068	-1.359116010441971e-07	-1.475266466177636e-07	-3.328992857758189e-07	1.413063216693471e-06	3.081171586932981e-06	-6.424222705937972e-10	-7.519748370667987e-07	4.186050808424822e-07	2.208806972325937e-07	0.128579973973608	0.05347178870616818	-0.0008494133128354055	-0.002006750844411277	-0.07367376289395423	-0.0296024114094096	0.05306741779455385	0.06981232593978472	0.007991853890031982	0.01630640665805998	0.004761887169612576	-0.02457325083033202	3.157709865590117e-07	1.102314177010253e-06	-0.004471776819087393	0.003023827327878032	0.009968495882522939	-0.005155071671512026	0.001791452867829196	-7.868201090650506e-05	0.0002786355884742402	-0.005655772848578557	-0.000353851567162199	0.0009420659560766583	-9.177189397802769e-07	6.646608460997632e-08	-1.157381201872568e-06	-8.251180797385574e-07	-1.142319055387961e-06	7.211340963397923e-08	1.216986535703315e-07	1.505476902198004e-06	-5.174346915772436e-07	-9.197551740689095e-07	7.389375059733942e-08	-1.111559852388041e-06	0.00113685104699672	-1.211597381289486e-07	0.044351417685582	1.85633265385792e-06	-0.4187127784735254	-1.091404074643368e-06	2.922194696390608e-07	8.810475221859424e-07	2.356061798253446e-07	-5.607866871726484e-07	4.340890043058545e-07	8.115819688271922e-07	-9.546948059672244e-07	-2.588181424438406e-06	3.067707483049127e-08	1.164020952806579e-06	3.662604742696812e-07	1.437464732001218e-06	-5.633581492663271e-07	-1.194091600578549e-06	-2.350733714505875e-07	-6.023799356790302e-07	1.879542676871168e-08	3.201751465499905e-07	-9.516488625935923e-08	-2.694643145076497e-07	-5.051281143183504e-07	-2.288557157583315e-07	1.469336618281225e-06	1.720094730850523e-06	-1.713242537809178e-07	-2.354577414785608e-07	8.809066134962325e-07	1.138996915078744e-06	1.04719750740505	-5.336843049102678e-08	-1.232656552541708e-07	-9.886575302884758e-08	1.142509502812113e-06	1.311818814550843e-06	-1.601837747767749e-07	-5.543161392237725e-07	3.026201797858111e-08	7.028947564207127e-08	1.984920148291375e-07	-2.112187971370116e-08	1.047197565534332	-3.667725747873303e-08	-1.361945967027602e-07	-3.585471338684915e-08
1.52	-1.404164715637782e-06	-2.324149212267377e-06	-3.141891454694271e-07	4.307798731348535e-07	-5.800828892206054e-07	-5.133165663106685e-07	-5.026072424731953e-08	5.149085974985464e-08	0.9689999680876676	-1.368389311463457e-07	-1.508638710572647e-07	-3.349189131693764e-07	1.4438383197353e-06	3.074767795372206e-06	-8.191911813925819e-09	-7.525532881399263e-07	4.208146963986425e-07	2.198705689032791e-07	0.1288608827624926	0.07371286458046045	-0.0008657021652930825	-0.004873572255524474	-0.07384574892025871	-0.02888454163818571	0.05311349510505133	0.04108778951298617	0.008004484305477951	0.02384839001154348	0.004745869259138614	-0.01387829851300599	3.268107397263703e-07	1.103955187946284e-06	-0.004461923098616255	0.002390995874134914	0.009955196024088014	-0.001249509737323685	0.001791489702043428	-0.001141214154830566	0.000274005057670802	-0.0005111493687315188	-0.0003504727689087069	0.0008306733614007578	-9.170075187538999e-07	7.830714195940951e-08	-1.165639909378504e-06	-8.28542926058915e-07	-1.141460984741619e-06	9.346303561229436e-08	1.366373196558005e-07	1.48882360956702e-06	-5.26630628422626e-07	-9.225814562002629e-07	6.266318082028283e-08	-1.124209730757329e-06	0.001136849876918908	-1.151053382992185e-07	0.04435143620581712	1.847631146181701e-06	-0.4187127894120456	-1.099969429044788e-06	3.010061703173758e-07	8.769430829992703e-07	2.299102734902007e-07	-5.696430385699247e-07	4.422508663920774e-07	8.171620964331471e-07	-9.80656927621057e-07	-2.590269023026056e-06	4.2360425506984e-08	1.16469489378105e-06	3.806561948619529e-07	1.445724342961353e-06	-5.752881162555478e-07	-1.19300417424813e-06	-2.410774417258464e-07	-5.988760739769119e-07	2.199228177487569e-08	3.20852760543953e-07	-9.785721664919029e-08	-2.691972502688918e-07	-5.074200358882527e-07	-2.299927262271866e-07	1.486461129025448e-06	1.70964889143714e-06	-1.736765934823527e-07	-2.351163601063463e-07	8.92265427104212e-07	1.134348984591244e-06	1.047197506869346	-5.346894680061865e-08	-1.242670953069934e-07	-9.943522691211788e-08	1.155584769919442e-06	1.308524835601132e-06	-1.657303315561021e-07	-5.562118839658767e-07	3.09687628704264e-08	7.085068038812183e-08	1.982768114101136e-07	-2.116183661103182e-08	1.047197565168229	-3.659437325820381e-08	-1.365524541209077e-07	-3.514901786136461e-08
1.53	-1.427402200470443e-06	-2.325634580628778e-06	-3.099407424167027e-07	4.242355365903247e-07	-5.852283947174599e-07	-5.16857173706193e-07	-4.975582000054824e-08	4.956413219527446e-08	0.968999966721089	-1.362635489692386e-07	-1.541914269914654e-07	-3.310335409176387e-07	1.474574653844111e-06	3.075388983362509e-06	-1.57635995106313e-08	-7.597921345864749e-07	4.230406952999459e-07	2.242919598599239e-07	0.1292046517321311	0.08702550220976202	-0.0008738629930585351	-0.005739054538027387	-0.07401604136084348	-0.02992761821690988	0.05314169116014032	0.004574176377558041	0.008011365885960112	-0.006532409584525866	0.004738873540401345	-0.001427801852412621	3.378412953448267e-07	1.1023943468241e-06	-0.004470015659079476	-0.003655589153792639	0.009958698598077376	0.005834520771455366	0.001791859052483086	0.0003228805597385633	0.0002675890493167042	0.0009802807012816038	-0.0003524175521931324	-0.000958780087798089	-9.164317193578477e-07	4.691320834671368e-08	-1.173872460723482e-06	-8.200484563634614e-07	-1.140630024467817e-06	7.348743536563577e-08	1.51549887396284e-07	1.497508617237001e-06	-5.358047328268021e-07	-9.132770915700239e-07	5.142143725705109e-08	-1.121535990242815e-06	0.001136848705570221	-1.19614806383328e-07	0.04435145476030369	1.861244968994052e-06	-0.4187128003302522	-1.084327514622588e-06	3.097859834275543e-07	8.799076683515987e-07	2.242479441048131e-07	-5.637563819770093e-07	4.50404358900226e-07	8.133741770741604e-07	-1.00663582346379e-06	-2.602515339815683e-06	5.404560347428566e-08	1.171832660473739e-06	3.950022559907838e-07	1.426518847282304e-06	-5.872346504373038e-07	-1.195144571856497e-06	-2.470669610996605e-07	-6.002315644236867e-07	2.518851576899482e-08	3.185980516770789e-07	-1.005500669242389e-07	-2.693699295436932e-07	-5.097440945922611e-07	-2.32538471956992e-07	1.503609117557246e-06	1.719747087382994e-06	-1.76027419746454e-07	-2.351916204268157e-07	9.03624978569811e-07	1.138040725044409e-06	1.047197506330045	-5.406947132932133e-08	-1.252686766371148e-07	-1.005639666366389e-07	1.168640207206323e-06	1.304908755577799e-06	-1.712685549511539e-07	-5.518315468966742e-07	3.167809878271871e-08	7.076746131946078e-08	1.980472773786854e-07	-2.356095638180061e-08	1.047197564799795	-3.693096566189293e-08	-1.369016579506482e-07	-3.527359686306294e-08
1.54	-1.450731884261785e-06	-2.325670531387637e-06	-3.05654735042536e-07	4.243235465657793e-07	-5.90441092538744e-07	-5.190860332217588e-07	-4.926957346080696e-08	4.860422403964981e-08	0.9689999653628395	-1.35680597846367e-07	-1.574903936704643e-07	-3.291301826573344e-07	1.505412005852145e-06	3.074933863441624e-06	-2.336436343110328e-08	-7.622144994651417e-07	4.252872590383021e-07	2.260955958842848e-07	0.1295096769426874	0.08739447567210805	-0.0008881192573146945	-0.004141738748072226	-0.07417758054184104	-0.03128308077209831	0.05312896301387936	-0.04105250724892575	0.008024550494766181	-0.01234080989394382	0.004745873440492297	0.01398522872249198	3.488677007503761e-07	1.100923299913912e-06	-0.004463881550929589	-0.005822948941440081	0.009951157464965249	0.009653881739403587	0.001791308834149565	0.0001934077327448242	0.0002673285047129217	0.002857421443330505	-0.0003500231280642498	-0.001549007205346412	-9.159923913497788e-07	3.522486636172227e-08	-1.182040895901331e-06	-8.171595070865701e-07	-1.14005708122254e-06	6.512076281430731e-08	1.666593602099031e-07	1.502898608648669e-06	-5.449224478084396e-07	-9.086430967657539e-07	4.028626346175564e-08	-1.118710027343973e-06	0.001136847462000261	-1.218392183545794e-07	0.04435147342978325	1.86716771407505e-06	-0.418712811100884	-1.077136323289226e-06	3.186253324362428e-07	8.81190231815099e-07	2.186383658015845e-07	-5.601377281796938e-07	4.585053507336273e-07	8.111920983395305e-07	-1.032691050018159e-06	-2.605381983214794e-06	6.578264331247185e-08	1.174146035372845e-06	4.09216155295034e-07	1.418078146634838e-06	-5.99183681509096e-07	-1.196050990186241e-06	-2.531086401675528e-07	-6.007600722207991e-07	2.836268182835073e-08	3.178451377349017e-07	-1.032453858001563e-07	-2.694587966561417e-07	-5.120379913893667e-07	-2.33601284886779e-07	1.520863735143912e-06	1.725743364607903e-06	-1.783831885643956e-07	-2.352315280208596e-07	9.15039301268549e-07	1.140130702449313e-06	1.047197505790588	-5.42055927031422e-08	-1.262769282287429e-07	-1.006186003817612e-07	1.181711975129804e-06	1.304244374347798e-06	-1.767714123218601e-07	-5.49912866028799e-07	3.238043495582274e-08	7.066391644782349e-08	1.978160513702158e-07	-2.434118312385087e-08	1.047197564431487	-3.709854977558864e-08	-1.372671076098237e-07	-3.531683595842417e-08
1.55	-1.474121786618302e-06	-2.34639658113251e-06	-3.013409298203723e-07	4.370335622658126e-07	-5.957087475655664e-07	-5.352028183441685e-07	-4.879835079023091e-08	4.46886847029533e-08	0.9689999640097369	-1.339134434052686e-07	-1.607625113156348e-07	-3.228369550298072e-07	1.536324445507752e-06	3.099426572740944e-06	-3.09964729435474e-08	-7.671710317589017e-07	4.27561868883577e-07	2.311231478342217e-07	0.1298335183355147	0.06298573559933267	-0.0008995940006915253	-0.002898660935681638	-0.0743250144209959	-0.02873217948500139	0.05309487057751036	-0.07857955491478992	0.007990868306145704	-0.03046436935550227	0.004757763198591444	0.02687111165586276	3.598973069962873e-07	1.101310659044134e-06	-0.004476336195532084	-0.00651249531206092	0.009959343871600987	0.009411268845757563	0.001793015959261823	0.001074305344066817	0.000269637747029183	0.002791958676321081	-0.0003534187970498827	-0.001804589464037083	-9.157018820679341e-07	4.713848131347794e-09	-1.190140175342606e-06	-8.012910157906251e-07	-1.139724388441324e-06	-8.635846272573545e-10	1.81927904096355e-07	1.550745974845296e-06	-5.539906859788761e-07	-8.982524885674771e-07	2.925108046744509e-08	-1.0883740045627e-06	0.00113684615495208	-1.397897848415612e-07	0.04435149220284583	1.893548454875652e-06	-0.4187128217295641	-1.041901996451151e-06	3.275208020302175e-07	8.965388049581221e-07	2.131102615042013e-07	-5.410606345138802e-07	4.665505057205795e-07	7.965296561107731e-07	-1.058797694287281e-06	-2.616885769187026e-06	7.756320208914108e-08	1.18325791366902e-06	4.233103996927131e-07	1.390177623664712e-06	-6.111446544542041e-07	-1.198128116852434e-06	-2.591872017640791e-07	-6.128127863537432e-07	3.152414757974752e-08	3.141107181130612e-07	-1.059440922858648e-07	-2.702925198100322e-07	-5.143202828863769e-07	-2.269051921137769e-07	1.538212380384297e-06	1.750699897531943e-06	-1.807430732388652e-07	-2.364710107661322e-07	9.264986050253251e-07	1.152977438509455e-06	1.047197505249733	-5.41628903164041e-08	-1.272864945777874e-07	-1.009463508711877e-07	1.194802116422639e-06	1.310729858670498e-06	-1.822399908275792e-07	-5.420420894863859e-07	3.307862501636545e-08	6.912809572936335e-08	1.975769708566678e-07	-2.500984250844637e-08	1.047197564063026	-3.700689094709589e-08	-1.376394669006185e-07	-3.844457824388397e-08
1.56	-1.497648880684251e-06	-2.348469156299906e-06	-2.969145892930504e-07	4.375192870601526e-07	-6.01076410194398e-07	-5.363325054374197e-07	-4.83488419019053e-08	4.45501487336414e-08	0.9689999626691727	-1.339794769208243e-07	-1.640026453431786e-07	-3.226882127729542e-07	1.567397211762083e-06	3.102089267902387e-06	-3.863987608648755e-08	-7.670454552401655e-07	4.29854239514876e-07	2.313041656000083e-07	0.1301200390203401	0.03364799048677055	-0.0009091195455224371	0.0005055388781673193	-0.0744659340875429	-0.02215816292713359	0.05303043825593728	-0.09624138428528596	0.007983985241038971	-0.03377898165367834	0.004779641556183504	0.032475243527249	3.709278905948031e-07	1.101762077441052e-06	-0.004479794465539149	-0.00660965729435265	0.009962235597760466	0.008075424080754819	0.001792397039805694	0.00105737806559838	0.0002785672459284709	0.003952269866624624	-0.0003541374826266292	-0.001925591635051645	-9.155164070186606e-07	1.340404529889832e-09	-1.198164151460884e-06	-7.993186202782253e-07	-1.139764720948059e-06	-7.955505102775028e-09	1.974996731983237e-07	1.554236707844698e-06	-5.63010665633649e-07	-8.990001840665342e-07	1.841133967133299e-08	-1.085120389376702e-06	0.001136844742084941	-1.415184413511991e-07	0.04435151111410905	1.895657447330728e-06	-0.4187128321647328	-1.040362747139541e-06	3.365079822452151e-07	8.978499331286e-07	2.076807345285413e-07	-5.384843896785829e-07	4.745118125262892e-07	7.950012846305193e-07	-1.084950311458064e-06	-2.617145581424916e-06	8.93873045247163e-08	1.182605233292061e-06	4.372684603001236e-07	1.389229962858472e-06	-6.231097642551302e-07	-1.198731129553708e-06	-2.653443934132491e-07	-6.138660823347987e-07	3.466473911793808e-08	3.139932830192175e-07	-1.086473403863246e-07	-2.703998780362452e-07	-5.16545133129232e-07	-2.264937792786738e-07	1.555702189702464e-06	1.75225065430471e-06	-1.831108763376133e-07	-2.365840039051257e-07	9.380351006212597e-07	1.153859101944437e-06	1.047197504711806	-5.421440895943883e-08	-1.282958709498115e-07	-1.008825407329094e-07	1.207941750681093e-06	1.311473280345164e-06	-1.876688146795173e-07	-5.417940658843963e-07	3.376590354060745e-08	6.904361519213092e-08	1.973423982501863e-07	-2.525284314381764e-08	1.047197563695977	-3.700293558150313e-08	-1.380355567570201e-07	-3.855671058658822e-08
1.57	-1.521240758430536e-06	-2.383532788034999e-06	-2.92542091237389e-07	4.393958153852059e-07	-6.063984815986481e-07	-5.336031656045896e-07	-4.786937215495226e-08	5.771558640489469e-08	0.9689999613275111	-1.295295778723643e-07	-1.672903911810899e-07	-3.386984198777549e-07	1.598583846013398e-06	3.174752562958437e-06	-4.626248568199119e-08	-7.54841907089345e-07	4.321428393691802e-07	2.415769480126544e-07	0.1303830936678335	-0.010422142210093	-0.0009153265747642923	0.002357398474579531	-0.07459404067149211	-0.005437038355424939	0.05295906021625083	-0.08796634559215996	0.007942487924309712	-0.02936831662147941	0.004803240702658856	0.02920614702071609	3.81990341409934e-07	1.110904719562172e-06	-0.004489380993988725	-0.003678600417193674	0.00996823768814295	0.002962996883064552	0.001794162599358334	0.000798679028781285	0.0002822200004872222	0.004846391471538833	-0.0003568288539388975	-0.001180803567211603	-9.150329669334619e-07	9.967845566390442e-08	-1.206221530801978e-06	-7.980672061140369e-07	-1.13942627495862e-06	1.284259570535316e-07	2.130298529859931e-07	1.592454213262209e-06	-5.722050726934169e-07	-9.886356375960219e-07	7.526250885809615e-09	-1.0423923587775e-06	0.001136843391567837	-1.295962249096847e-07	0.04435152982029975	1.81163639051075e-06	-0.4187128426893833	-1.03920158604284e-06	3.454651112442436e-07	8.965103398597072e-07	2.020686482582773e-07	-5.699358750577435e-07	4.825605313565238e-07	8.116015857762328e-07	-1.111262880500074e-06	-2.678091429078188e-06	1.012302424677795e-07	1.184423783460032e-06	4.514073045441699e-07	1.453570961621925e-06	-6.349985974200491e-07	-1.166830310277985e-06	-2.7155015300586e-07	-6.474443557915236e-07	3.780768850501665e-08	3.201242478031465e-07	-1.11340905950542e-07	-2.66513033988574e-07	-5.18754570242643e-07	-2.324851705864056e-07	1.573003709918999e-06	1.697469266160566e-06	-1.85484060904607e-07	-2.407684382026716e-07	9.49523143446152e-07	1.144246332342021e-06	1.04719750417808	-5.209670186505688e-08	-1.293156238685549e-07	-9.792231407729728e-08	1.221059825619536e-06	1.319690873320095e-06	-1.931538699300076e-07	-5.665290191235832e-07	3.44517781163004e-08	6.730343911148136e-08	1.971195384255333e-07	-2.407531858701706e-08	1.047197563337634	-3.286744092134915e-08	-1.384607523296732e-07	-5.195332637207432e-08
1.58	-1.544900410657596e-06	-2.378241793210352e-06	-2.882429848135072e-07	4.337585129658655e-07	-6.116564739627474e-07	-5.267746532817573e-07	-4.736838547100747e-08	5.527051470710271e-08	0.968999959971925	-1.329287069151285e-07	-1.70592106138642e-07	-3.347273111670339e-07	1.629919889422217e-06	3.164941393365094e-06	-5.391728766678933e-08	-7.626129258266654e-07	4.344829099789626e-07	2.442769821360036e-07	0.1306231703962935	-0.04936652344343331	-0.0009256927707623356	0.0004840052770035936	-0.07468704832594966	0.02744025987792114	0.05289551383171109	-0.05368764288823656	0.007921256573268603	-0.0192693124770443	0.004825463937138036	0.01811432037834895	3.931198466172245e-07	1.115231731472576e-06	-0.004493124868933859	-0.001007740578958414	0.009969452054446075	-0.001944647112552831	0.001794778088859506	0.0005930086244721164	0.0002852108050328249	0.003150320103321917	-0.000357788347833571	-0.0004641652445416093	-9.143488419501375e-07	8.954527979353942e-08	-1.214346564128886e-06	-8.058313162343257e-07	-1.138940565408971e-06	9.21891226675646e-08	2.285115422073194e-07	1.57037889075699e-06	-5.814601971939845e-07	-9.624551337382994e-07	-3.401153318307652e-09	-1.065627367561657e-06	0.001136842076557209	-1.288297494136335e-07	0.0443515484015358	1.828861200080824e-06	-0.4187128532380824	-1.047742296933353e-06	3.544600200852994e-07	9.016324720615075e-07	1.964305031484601e-07	-5.62877981805198e-07	4.906649492689362e-07	8.135706090290393e-07	-1.137675052882257e-06	-2.664826879460472e-06	1.132879716903771e-07	1.206695260824635e-06	4.6567678732299e-07	1.446798679015078e-06	-6.469243838971692e-07	-1.183895675958576e-06	-2.77771785646107e-07	-6.363589456344526e-07	4.096661075328325e-08	3.194807401175906e-07	-1.140323665546917e-07	-2.678414599721151e-07	-5.209984314635214e-07	-2.332100164017785e-07	1.590196105195349e-06	1.705653742428284e-06	-1.878578439189482e-07	-2.391688017847051e-07	9.609865445306857e-07	1.145347496433503e-06	1.047197503646228	-5.255514964866978e-08	-1.303328457815709e-07	-9.845881825875121e-08	1.234350849383529e-06	1.339459502580616e-06	-1.986636311306828e-07	-5.592950390798335e-07	3.513775137298812e-08	6.795107652556071e-08	1.969024137102948e-07	-2.35503062750489e-08	1.047197562991932	-3.275807200720768e-08	-1.388822190841209e-07	-4.631989742375019e-08
1.59	-1.568701269961106e-06	-2.379537706311097e-06	-2.839106529654854e-07	4.332575345213353e-07	-6.16924831117177e-07	-5.268275771673008e-07	-4.681054314277252e-08	5.559580577127174e-08	0.9689999586448637	-1.327943797529228e-07	-1.739429823757272e-07	-3.34946326432213e-07	1.661609948112691e-06	3.167748949438314e-06	-6.154518999811237e-08	-7.628272241105951e-07	4.369318461005774e-07	2.445266013910858e-07	0.1308335008198291	-0.06611427680532592	-0.0009395657094149634	-0.0002154887955514655	-0.07474160482108866	0.04182130487400793	0.05287621369819962	0.0009728109550881353	0.007907868369937853	0.001244990237317035	0.004837925173410917	0.0003035878522781343	4.042801488388569e-07	1.115835022770303e-06	-0.004493307405845165	0.003503741375650287	0.009965249430910853	-0.007930505539923164	0.00179560651943564	1.803633077999904e-05	0.0002865810894409923	0.0002238610307819306	-0.0003578282698062364	0.0008613125205097488	-9.134203609613171e-07	9.19262713517954e-08	-1.222404421251757e-06	-8.058835210066026e-07	-1.137976548865174e-06	9.48525074058909e-08	2.442445217161884e-07	1.572417107759706e-06	-5.911189566573532e-07	-9.646270097096426e-07	-1.402873955213359e-08	-1.063737563465107e-06	0.001136840787956357	-1.289122387100191e-07	0.04435156665851527	1.826804270837224e-06	-0.418712863693961	-1.046079983933854e-06	3.634817881381007e-07	9.020563243061465e-07	1.908024324353489e-07	-5.628428426930127e-07	4.988004426549698e-07	8.134233056561168e-07	-1.164353545399194e-06	-2.666807609280695e-06	1.253718204836438e-07	1.208009509263856e-06	4.801631518571102e-07	1.447952957026094e-06	-6.587547136303998e-07	-1.183326910940129e-06	-2.841511541585135e-07	-6.374002230023385e-07	4.416467127048912e-08	3.196813336711931e-07	-1.167094272983609e-07	-2.677555689513692e-07	-5.23335729262629e-07	-2.334317417792115e-07	1.607238221364437e-06	1.704740571260428e-06	-1.902513639373878e-07	-2.392845876661299e-07	9.724389430697995e-07	1.145280408947243e-06	1.047197503121188	-5.25255999907865e-08	-1.313161205231983e-07	-9.842755555979788e-08	1.247759391778004e-06	1.340422514538183e-06	-2.042661111070711e-07	-5.599336989522982e-07	3.581617827417963e-08	6.787044772874362e-08	1.966661643762563e-07	-2.357789649876756e-08	1.047197562666293	-3.263555359991178e-08	-1.393503979045393e-07	-4.666128269996429e-08
1.6	-1.59265272155126e-06	-2.42790756163978e-06	-2.795404583980064e-07	4.396769292051392e-07	-6.222161302067249e-07	-5.333187098484219e-07	-4.619253484143865e-08	7.324699421043389e-08	0.968999957353064	-1.229930837378516e-07	-1.773498236295094e-07	-3.50747836805976e-07	1.693654569626099e-06	3.27943659107454e-06	-6.91220686948786e-08	-7.517457622974852e-07	4.394846700981631e-07	2.733610298338174e-07	0.1310253028482989	-0.05944313538596808	-0.0009467264417305682	0.000746943920066922	-0.07478652390950642	0.03731935392778768	0.05288717544708053	0.07139724218278144	0.007923117195436665	0.02378995187023877	0.004836898296024129	-0.02351688808450135	4.15464858104392e-07	1.12595322807295e-06	-0.004489557595317783	0.006917676075798698	0.009956143169652024	-0.01227010713620639	0.00179517130751806	-0.0006104179768470487	0.0002861474219338306	-0.002963900081321449	-0.0003567675330130642	0.001885793226325187	-9.122510997652023e-07	1.708382298683004e-07	-1.230395619542655e-06	-7.877256996461099e-07	-1.136464302420352e-06	2.526236947134222e-07	2.602741626962931e-07	1.662282737026651e-06	-6.012165694928851e-07	-1.09220678324899e-06	-2.432360359725444e-08	-9.644129356619817e-07	0.001136839518759441	-1.243651622071407e-07	0.04435158456180408	1.722751981841676e-06	-0.4187128740403966	-1.006644402607143e-06	3.725139843597495e-07	9.083536114253861e-07	1.851567635533126e-07	-5.657067892019556e-07	5.069678705264761e-07	8.204075227201915e-07	-1.191338866847685e-06	-2.758266230225846e-06	1.374358213517094e-07	1.213353644902163e-06	4.94868650012565e-07	1.512329096377071e-06	-6.704527315215136e-07	-1.145729176834362e-06	-2.907109970681834e-07	-6.907533850884593e-07	4.740026767005921e-08	3.30857047543395e-07	-1.193690092573103e-07	-2.627222611891371e-07	-5.257618291358728e-07	-2.583016149734281e-07	1.624098350319638e-06	1.652877047545182e-06	-1.926682550017036e-07	-2.460841905541222e-07	9.83873741806215e-07	1.140695951062357e-06	1.047197502604242	-5.02922648678328e-08	-1.32267779640086e-07	-8.977421039113891e-08	1.261210572220433e-06	1.36024198611545e-06	-2.09974155765965e-07	-5.914931042889511e-07	3.648672382545244e-08	6.523992161748686e-08	1.964117004494367e-07	-2.851698369856519e-08	1.047197562359042	-2.697103598355886e-08	-1.398786825864919e-07	-6.417477798924439e-08
1.61	-1.616916586973962e-06	-2.41494398744235e-06	-2.751507105982636e-07	4.313734033190037e-07	-6.275445488284605e-07	-5.285748920663379e-07	-4.546676267275999e-08	6.687715868313653e-08	0.9689999561184217	-1.277035954951097e-07	-1.808504234466617e-07	-3.440478481759933e-07	1.726411534532741e-06	3.245538127029188e-06	-7.664667029377516e-08	-7.589374514755848e-07	4.422096853037763e-07	2.654839479958698e-07	0.1312342956601605	-0.03588473563231219	-0.000959009972976605	0.002926640034988142	-0.07482276294244329	0.01030239159566644	0.05293792721189625	0.1094522695956095	0.007920782544051569	0.04292601151193345	0.004820541697798864	-0.03632523793872298	4.267242357927227e-07	1.126705967891792e-06	-0.004484786791005473	0.01097691704070524	0.009946223119046882	-0.01604908586804752	0.001796497905033709	-0.0011945359585481	0.0002817359723983856	-0.006638363575609272	-0.0003553488564765172	0.003176656731886586	-9.105709037034897e-07	1.445848533511576e-07	-1.238283835426897e-06	-7.992429840218782e-07	-1.134003774048468e-06	1.896474114326401e-07	2.768616980052626e-07	1.629564770298365e-06	-6.120859548777272e-07	-1.041230263123989e-06	-3.400861404187921e-08	-1.003294727568375e-06	0.001136838272745599	-1.271913051332362e-07	0.04435160182952407	1.760891395054964e-06	-0.4187128841195872	-1.01718873781913e-06	3.815984476018541e-07	9.100027170927774e-07	1.795028496975449e-07	-5.625989437641456e-07	5.151697123207808e-07	8.181125359821756e-07	-1.218889636583105e-06	-2.729580972512357e-06	1.495810680992746e-07	1.227954719290314e-06	5.099678097355735e-07	1.489220037669243e-06	-6.819286429131058e-07	-1.163660732986682e-06	-2.975977869189036e-07	-6.71409038867218e-07	5.070482125068038e-08	3.270337987788287e-07	-1.219983323950189e-07	-2.647071502914605e-07	-5.283364229688752e-07	-2.503314592319573e-07	1.640645406187207e-06	1.669222500236457e-06	-1.951263916047574e-07	-2.435741906873765e-07	9.952823352812452e-07	1.142093981358617e-06	1.047197502100411	-5.11612637537793e-08	-1.331691414119282e-07	-9.344691929121067e-08	1.27481359396196e-06	1.361319552568591e-06	-2.158765165256467e-07	-5.796843350479191e-07	3.714016381289218e-08	6.621986744085467e-08	1.961286826669033e-07	-2.629179413283984e-08	1.047197562087538	-2.863614532503726e-08	-1.405129574968206e-07	-5.714252582052767e-08
1.62	-1.641252007181358e-06	-2.46132085944452e-06	-2.708238981204977e-07	4.335955628487865e-07	-6.328471765747357e-07	-5.334150680685835e-07	-4.473302736802704e-08	8.275820880454848e-08	0.9689999548739824	-1.196405341133492e-07	-1.843475603001805e-07	-3.577852818411993e-07	1.759282254636186e-06	3.350361294928098e-06	-8.419316330159041e-08	-7.506902436595262e-07	4.449855204252225e-07	2.923645941894139e-07	0.1314550039046106	0.01296518406832019	-0.0009657290417034315	0.003165646298268572	-0.07486824499145184	-0.01770899552045914	0.05301846622316642	0.1408208598592475	0.007971861137102392	0.04939528366498475	0.00479269449509592	-0.04673353584450929	4.38035584342177e-07	1.138032510394353e-06	-0.004478371662156345	0.01022846661363013	0.00993514423249181	-0.01455275498780921	0.00179421803411096	-0.001261361616655466	0.0002809210584795429	-0.008951976192776869	-0.0003535948087385812	0.003010235432317843	-9.08854704361028e-07	2.172661891266843e-07	-1.246223071500104e-06	-7.850492473039269e-07	-1.131535073859138e-06	3.29158304138211e-07	2.934822298421716e-07	1.710758041419578e-06	-6.229533309074999e-07	-1.153758672398187e-06	-4.368982405155914e-08	-9.148012605164753e-07	0.00113683701445991	-1.239843114989934e-07	0.04435161905719032	1.667224856884878e-06	-0.4187128941524358	-9.788988998234016e-07	3.907274406586485e-07	9.180491632662146e-07	1.738672191537352e-07	-5.636681533464244e-07	5.233831644261674e-07	8.239183286569663e-07	-1.246536375973496e-06	-2.813840669018973e-06	1.619099571710751e-07	1.241767297144921e-06	5.250978648884382e-07	1.547492147183597e-06	-6.93436737346739e-07	-1.131706022872677e-06	-3.045089895547178e-07	-7.195998032393782e-07	5.401684762178169e-08	3.372969156648267e-07	-1.24627031298489e-07	-2.602572249893671e-07	-5.309394475566489e-07	-2.73183798323167e-07	1.657128437121814e-06	1.621259763183316e-06	-1.975875245513039e-07	-2.496909743466561e-07	1.006682687708663e-06	1.13781685397555e-06	1.047197501597245	-4.920302716993534e-08	-1.34072462430484e-07	-8.602421817015427e-08	1.288505018647406e-06	1.384031789603069e-06	-2.217870349323533e-07	-6.079912697748069e-07	3.779384994312245e-08	6.384321472293638e-08	1.958483459472464e-07	-3.045994061905166e-08	1.047197561822434	-2.33531653602738e-08	-1.411472439462373e-07	-7.255667661502967e-08
1.63	-1.665838324091559e-06	-2.455993816537822e-06	-2.661035493329315e-07	4.955012438101677e-07	-6.38345054689598e-07	-5.608069541193793e-07	-4.394369994561988e-08	7.604961099803488e-08	0.9689999537622227	-1.053826971793253e-07	-1.879316906280342e-07	-3.580776943335982e-07	1.792761398873858e-06	3.345414619436375e-06	-9.161293910326088e-08	-7.341050449540729e-07	4.479571780347861e-07	3.002207392186617e-07	0.1316937737279283	0.04089973023500906	-0.0009797007201250332	0.0002676219084541911	-0.07490815850288086	-0.02924573578338108	0.05309159816453454	0.1298403261035827	0.007969208487838971	0.05875769736391467	0.004770102566012524	-0.04315794847864298	4.492835653985253e-07	1.115249336157229e-06	-0.004470679538493992	0.01197842310232456	0.009924974834778118	-0.01406732806521289	0.001795644128674775	-0.001911496969325335	0.0002737345413903301	-0.009046088879692216	-0.0003512619549099665	0.003643884043627407	-9.071438867393572e-07	1.376663856418026e-07	-1.253644074071102e-06	-7.133840838889065e-07	-1.128164995550029e-06	3.388732093849541e-07	3.111702350102629e-07	1.805477338795184e-06	-6.342955632530357e-07	-1.117800779367315e-06	-5.292141676556281e-08	-9.301343570404688e-07	0.001136835778796422	-1.233469792835302e-07	0.04435163602055065	1.71520747101499e-06	-0.4187129041692743	-1.015916176191375e-06	3.997539714694241e-07	8.926346902463611e-07	1.682024998390933e-07	-5.692129256214445e-07	5.317213850534254e-07	8.406973061940139e-07	-1.274514861883045e-06	-2.78707305187463e-06	1.740993766798479e-07	1.203771861064826e-06	5.404730197795781e-07	1.529226276788971e-06	-7.047153540868359e-07	-1.125443632684505e-06	-3.117102139199536e-07	-7.203162575202611e-07	5.737262382319092e-08	3.341746668237406e-07	-1.272233463224561e-07	-2.591934305449512e-07	-5.337791184775602e-07	-2.912970284798185e-07	1.67333856984849e-06	1.62036137923795e-06	-2.000540239841322e-07	-2.446636790974591e-07	1.018046911788517e-06	1.135263793505514e-06	1.047197501110792	-4.833924644750018e-08	-1.349121332396017e-07	-8.336995522782266e-08	1.301737093328176e-06	1.286389801507355e-06	-2.278317189829377e-07	-6.011312440608835e-07	3.84294030553193e-08	6.336400980831023e-08	1.954917188970804e-07	-3.836177260343357e-08	1.04719756157834	-2.49458222833408e-08	-1.418717278606746e-07	-7.228866769216223e-08
1.64	-1.690429616181165e-06	-2.460295783758509e-06	-2.590391018849778e-07	8.510386086840157e-07	-6.444229321281668e-07	-6.52606347471741e-07	-4.327194658537695e-08	5.899352727740687e-08	0.9689999529289991	-6.359359735247327e-08	-1.916717251399999e-07	-3.862723614588121e-07	1.826186154236968e-06	3.338438806914653e-06	-9.941890095280983e-08	-7.964946653542308e-07	4.511469744528439e-07	3.343213597278683e-07	0.1319750457482474	0.0711733698042251	-0.0009862259499500638	-0.002341368859897606	-0.07496094749524847	-0.03015428119024451	0.05314633123439236	0.1009798565571692	0.008007754048646233	0.04171001764171708	0.004750480077291687	-0.03442254027060552	4.601155802664462e-07	1.057262997600404e-06	-0.004469388872300588	0.007581991098189838	0.009922373544488826	-0.008652919422133143	0.001793727569743343	-0.001074972765754328	0.0002720558714210695	-0.009703741633352917	-0.0003509698139551212	0.002371458439962523	-9.06960829537021e-07	-7.829857163993081e-08	-1.259112133983345e-06	-4.242944009875316e-07	-1.123723756192088e-06	4.715416611556975e-07	3.317301840842691e-07	2.242348464121373e-06	-6.45321944732486e-07	-1.082135161655865e-06	-6.239188144942489e-08	-9.695559045421906e-07	0.001136834532795437	-1.212582914551312e-07	0.04435165450568452	1.966163656407443e-06	-0.4187129154320491	-1.223286753294128e-06	4.081089348477082e-07	7.895947382885296e-07	1.626140985935358e-07	-5.411588287627144e-07	5.403027444753505e-07	8.830829970067421e-07	-1.30169611118467e-06	-2.648473630919535e-06	1.856828904933353e-07	1.096381306835373e-06	5.556082613688107e-07	1.507011151076577e-06	-7.158583689723524e-07	-1.114239293019335e-06	-3.18833119022806e-07	-7.070207313806172e-07	6.068612672332193e-08	3.300730287164129e-07	-1.298037066502755e-07	-2.580290386031068e-07	-5.369335283092628e-07	-3.473181631532595e-07	1.689712278042858e-06	1.661776244885875e-06	-2.023600485941975e-07	-2.193563917408102e-07	1.029393505262337e-06	1.137907584730924e-06	1.047197500658198	-4.323049038610438e-08	-1.354662396064974e-07	-3.765868578384565e-08	1.311413625630285e-06	7.392667058693796e-07	-2.339011602202089e-07	-6.068310451164391e-07	3.905416428062524e-08	6.194693223278866e-08	1.947576510772853e-07	-1.019382844026279e-07	1.04719756123213	-4.062297783005374e-08	-1.425529898309887e-07	-6.379136499297133e-08
1.65	-1.715098002654644e-06	-2.467422589774275e-06	-2.530298033229381e-07	5.46838478481814e-07	-6.501080948452455e-07	-5.517737061579516e-07	-4.252642191598126e-08	7.754359986914915e-08	0.9689999518708826	-1.140314272562598e-07	-1.952778010921282e-07	-3.550677704476726e-07	1.859736671189502e-06	3.3576219345134e-06	-1.074028574843465e-07	-7.956366107475974e-07	4.54137064646803e-07	2.921277437328123e-07	0.1322448642486435	0.09730930332343603	-0.0009929256620217345	-0.004615494835382067	-0.0750213285172735	-0.02787655817078695	0.05320109408707321	0.06764492197015166	0.008038540955157315	0.0307008561688153	0.004729259011059586	-0.02275559710274656	4.713218514902484e-07	1.132581891971579e-06	-0.004464701167418051	0.003996333827028548	0.009917352012116628	-0.002270295214428306	0.00179193627437913	-0.001021769097055709	0.000271957594397449	-0.005686643429479337	-0.0003497434261100357	0.001362420891337431	-9.054845051010662e-07	1.904331997308894e-07	-1.265705789609254e-06	-7.076163081511361e-07	-1.118421030425914e-06	5.338653903664221e-07	3.506318624823492e-07	1.816840769366722e-06	-6.566220358619423e-07	-1.137721866464013e-06	-7.148872637618902e-08	-8.99174326533785e-07	0.001136833264463793	-1.27693353426017e-07	0.04435167183817815	1.686035403194463e-06	-0.4187129253241739	-9.43306256590712e-07	4.169109370859616e-07	8.986536703094874e-07	1.568316615202449e-07	-5.859356719483607e-07	5.48569797308229e-07	8.162380322931706e-07	-1.329960922315797e-06	-2.860646364252604e-06	1.981866032872024e-07	1.278994618593676e-06	5.706208339314892e-07	1.500028416176561e-06	-7.268567007954129e-07	-1.097722060314481e-06	-3.259502152439697e-07	-7.130753423506121e-07	6.403341962811936e-08	3.354763228405603e-07	-1.323787891684223e-07	-2.574232106813606e-07	-5.396616986754966e-07	-2.590693644105091e-07	1.705826262991776e-06	1.601484908843535e-06	-2.047774091042933e-07	-2.463138031420151e-07	1.040690934649105e-06	1.128229018449754e-06	1.047197500206118	-4.572975691796167e-08	-1.360666092307121e-07	-6.562206894469882e-08	1.323045549820768e-06	1.252935108786001e-06	-2.400580216848899e-07	-6.164886101187112e-07	3.968546153998301e-08	6.337068791779876e-08	1.942852840026102e-07	-3.571222393183596e-08	1.047197560907031	-3.055990197174135e-08	-1.433070853127336e-07	-7.765151999965888e-08
1.66	-1.739787569270976e-06	-2.46671439085562e-06	-2.471667797738121e-07	5.415858458822068e-07	-6.555217537794943e-07	-5.303134216117389e-07	-4.171775155235076e-08	8.431101739442611e-08	0.9689999506848438	-1.243133354123441e-07	-1.988846307106533e-07	-3.613606294095616e-07	1.893318768158012e-06	3.356234053959393e-06	-1.157413095933576e-07	-8.266813268276308e-07	4.570720188143647e-07	2.916266151377421e-07	0.1325329072240153	0.1004118038490188	-0.0009996635649370585	-0.005243831872401467	-0.07508258372137495	-0.02613237550539023	0.05321820526253575	0.02015699662938535	0.008030527109980075	0.01383856429996552	0.004721675497136192	-0.006880462882765138	4.826784062892445e-07	1.142877447163684e-06	-0.004465208800274639	4.843216580021698e-05	0.009919330970612377	0.00323051750515261	0.001792727184383199	-0.0006279600666853629	0.0002660077066263182	-0.001709514839957766	-0.0003497345931723813	0.0001901100110249345	-9.033823451473701e-07	2.455566949723374e-07	-1.272665153845662e-06	-7.347405264367159e-07	-1.112496517514463e-06	5.396112848595697e-07	3.689388825708759e-07	1.770031532969733e-06	-6.682956705679293e-07	-1.184032228173822e-06	-8.039656533646502e-08	-8.926310561642868e-07	0.001136831957610084	-1.279898795542613e-07	0.04435168864196334	1.659020146822204e-06	-0.4187129348529028	-9.520195616730191e-07	4.259024369108781e-07	9.116919426169479e-07	1.509752305345501e-07	-5.772680450220237e-07	5.566015835194751e-07	8.020364649455428e-07	-1.358608875008624e-06	-2.861901937500612e-06	2.112011513722038e-07	1.296797553970082e-06	5.856976161273581e-07	1.526117188422667e-06	-7.377695187564713e-07	-1.099995650453214e-06	-3.330576877052692e-07	-7.126641526221563e-07	6.739916322445365e-08	3.388477671766003e-07	-1.349504683303418e-07	-2.582794853089997e-07	-5.42139026323801e-07	-2.488668050383021e-07	1.721831821315958e-06	1.608257819817309e-06	-2.07234284147382e-07	-2.481968522239319e-07	1.051964489730156e-06	1.131080384851685e-06	1.047197499753906	-4.621607156142696e-08	-1.366352191847399e-07	-6.264186735459889e-08	1.335174634299905e-06	1.282805816870612e-06	-2.463080490068636e-07	-6.24094041825653e-07	4.031993029229845e-08	6.388972408604944e-08	1.938929910549271e-07	-3.466915074045267e-08	1.047197560574917	-3.084672232364275e-08	-1.440736600236593e-07	-7.524026759087594e-08
1.67	-1.764492659836313e-06	-2.475565117148041e-06	-2.413043061547778e-07	5.200617810167893e-07	-6.60753381360947e-07	-4.924198465479292e-07	-4.085755293149573e-08	9.167794573139221e-08	0.9689999494153876	-1.426211273750161e-07	-2.02533634662424e-07	-3.567196190647264e-07	1.926908540894675e-06	3.366885541177145e-06	-1.243714946499509e-07	-8.804173052803931e-07	4.599965426584493e-07	2.799957092991734e-07	0.1328303899348993	0.1098886212500305	-0.0009981547536586294	-0.003348174220015828	-0.07515787385701748	-0.02779215038173209	0.05321687198496502	-0.02240033586488445	0.008060153141534009	-0.01540165846573187	0.004722133833949996	0.007383665262875606	4.941263375520951e-07	1.168589012848614e-06	-0.004467678578698332	-0.006765958487681616	0.009922436530399125	0.0114908355415668	0.00179061082526714	0.0005517370142259066	0.0002669367903315748	0.001437444042532698	-0.0003504990641856991	-0.001827367367312872	-9.008713813607074e-07	3.323011315884356e-07	-1.279823734131807e-06	-7.888112481600627e-07	-1.106352509960081e-06	6.751038955627464e-07	3.869451047805544e-07	1.693757857119632e-06	-6.803212734552807e-07	-1.224724524979127e-06	-8.921368689303967e-08	-8.554098947730916e-07	0.001136830633117525	-1.358746226864436e-07	0.04435170521525027	1.576821326776214e-06	-0.4187129443739981	-8.651718663045251e-07	4.349956633435359e-07	9.395610910954575e-07	1.451485142601994e-07	-5.986908108333208e-07	5.644911118893092e-07	7.639473366523448e-07	-1.387335728369436e-06	-2.943521971566983e-06	2.244587116338084e-07	1.39415594889057e-06	6.009285056203563e-07	1.515856992269908e-06	-7.486771003901681e-07	-1.080598496267603e-06	-3.401567472992222e-07	-7.09892471854056e-07	7.078369310597823e-08	3.398318174290667e-07	-1.375252399327436e-07	-2.568629656380073e-07	-5.444924890643931e-07	-2.033760368009933e-07	1.737844323227982e-06	1.580418525036246e-06	-2.097063881201451e-07	-2.545714590208676e-07	1.063246154245373e-06	1.123889587931813e-06	1.047197499299556	-4.558964721979162e-08	-1.371681123185094e-07	-5.624773676573781e-08	1.347446774986848e-06	1.348893254256363e-06	-2.526324824956405e-07	-6.393387274987539e-07	4.095708300004248e-08	6.404107761709229e-08	1.935095125387881e-07	-2.088540163592021e-08	1.047197560235331	-3.273895722789621e-08	-1.44829826499883e-07	-8.031197004179653e-08
1.68	-1.789227458341368e-06	-2.474486832155944e-06	-2.356467614570213e-07	5.945695348213288e-07	-6.657295685453714e-07	-4.981596272621747e-07	-3.993215179898465e-08	9.323785292210125e-08	0.9689999480175016	-1.397824073021997e-07	-2.061948355010644e-07	-3.702920045773725e-07	1.960535733850732e-06	3.362249046305576e-06	-1.333195445335349e-07	-9.119489643287182e-07	4.628705223796598e-07	2.898275845879868e-07	0.1330874267776119	0.08909971035124457	-0.001001121105218239	-0.002543557442120102	-0.07523153926388845	-0.02759635942117249	0.05317880215534039	-0.06568088564070536	0.008030389730497366	-0.01665881834372174	0.00473149931056484	0.02194897820929637	5.057353239422023e-07	1.160189440124326e-06	-0.004466190673501952	-0.006658412027999727	0.009922118164637481	0.01193750252983501	0.001792234372656486	0.0001266358626139137	0.0002640226227048538	0.004467134684106761	-0.0003497500639343956	-0.001800931474532491	-8.977005349188156e-07	3.172216809942789e-07	-1.287394185818338e-06	-7.420136961530652e-07	-1.099809835229011e-06	6.721629796714717e-07	4.043057080889145e-07	1.759085417153045e-06	-6.92741053897878e-07	-1.253888458291062e-06	-9.787566586471408e-08	-8.661724233533925e-07	0.001136829297311016	-1.338273231950001e-07	0.04435172131601413	1.622413477279716e-06	-0.4187129536035786	-9.403901601871656e-07	4.442801493224242e-07	9.241667860930902e-07	1.393099605241698e-07	-5.794129665039253e-07	5.721832916440489e-07	7.673410591427981e-07	-1.416372555039747e-06	-2.894707487486287e-06	2.381380988983282e-07	1.367776146876359e-06	6.162856147697568e-07	1.540535823630915e-06	-7.595460360772973e-07	-1.08619451179852e-06	-3.472460412056811e-07	-7.074350664348497e-07	7.419437601562266e-08	3.416559443553079e-07	-1.401017383295576e-07	-2.577580498632834e-07	-5.46638856677056e-07	-2.150153254145056e-07	1.753803658116135e-06	1.600945977009255e-06	-2.122161922534619e-07	-2.494996921098216e-07	1.074522669752488e-06	1.128608232643087e-06	1.047197498844024	-4.522060365439913e-08	-1.376756823449889e-07	-4.544058881298147e-08	1.360286050655693e-06	1.245237387710798e-06	-2.590456616753562e-07	-6.447743044734988e-07	4.15987241989223e-08	6.417944805673942e-08	1.931933277248079e-07	-3.673777005358172e-08	1.047197559892713	-3.584844315616389e-08	-1.455900887753815e-07	-7.480924066110339e-08
1.69	-1.813979599712265e-06	-2.485435743685931e-06	-2.288376238461178e-07	6.68145601207374e-07	-6.709010552150921e-07	-5.177156534868024e-07	-3.904373199816162e-08	8.931239324090768e-08	0.9689999467148636	-1.351013916740296e-07	-2.099447280755419e-07	-3.76308226100553e-07	1.994158075741241e-06	3.377119216779998e-06	-1.425869052245044e-07	-9.23774442506865e-07	4.658520129181022e-07	3.012791864230864e-07	0.133379034262214	0.06791998284897952	-0.0009910539261902215	0.0006054604468030473	-0.07532941846831812	-0.03317881803096925	0.05311743919609079	-0.1030556652289149	0.0080229473913621	-0.04545604166645228	0.00474958505341007	0.03448198277094692	5.171660677946631e-07	1.144873223728676e-06	-0.0044798652623411	-0.01000866867908854	0.00993394095421235	0.01361643969387737	0.001791415502561026	0.001637944623120117	0.0002700390105817316	0.004024357602497476	-0.0003538603517229023	-0.002868909719702706	-8.951333284116219e-07	2.71767029334744e-07	-1.294032655705772e-06	-6.484254918612064e-07	-1.092557631831972e-06	7.226157665868671e-07	4.229664943738844e-07	1.861944991495101e-06	-7.051306831194e-07	-1.238504352865328e-06	-1.066123166151414e-07	-8.75391016099801e-07	0.001136827933906273	-1.37446124133979e-07	0.04435173801036776	1.658320334514759e-06	-0.4187129634237144	-9.826766328349827e-07	4.532955265540505e-07	9.122444435778558e-07	1.334832781143388e-07	-5.792254141514287e-07	5.799193663877386e-07	7.767057074918204e-07	-1.445078555443423e-06	-2.868546765516625e-06	2.51685553811389e-07	1.362678851329105e-06	6.315671474556493e-07	1.533459371871099e-06	-7.703152984920922e-07	-1.070839470035287e-06	-3.542930792518924e-07	-7.031841810961679e-07	7.758905188750215e-08	3.403339211230903e-07	-1.42667896550375e-07	-2.560846540440493e-07	-5.488576332716166e-07	-2.180918526921592e-07	1.76979100672154e-06	1.58445706809505e-06	-2.146527939554749e-07	-2.423926427508996e-07	1.085775634367509e-06	1.119937281478345e-06	1.04719749840449	-4.380892292551015e-08	-1.380288138369808e-07	-3.4289481408302e-08	1.37144215354642e-06	1.131048002944132e-06	-2.654977221284826e-07	-6.432253666451637e-07	4.223543876356788e-08	6.375070897093094e-08	1.927086020022771e-07	-4.727572008368118e-08	1.04719755949623	-3.944521263541391e-08	-1.463243303294e-07	-7.074762982037421e-08
1.7	-1.839105470744397e-06	-2.536550679343936e-06	-2.224935670956328e-07	6.015184912044222e-07	-6.759985669579598e-07	-5.029162185337533e-07	-3.813570636247833e-08	9.179464776423824e-08	0.9689999452914371	-1.49926485159976e-07	-2.1370804711889e-07	-3.770687346784794e-07	2.0282250013776e-06	3.432464733349292e-06	-1.518669283673886e-07	-9.292050045174021e-07	4.688805726800836e-07	3.02853622159357e-07	0.1336130853875806	0.0286211671817209	-0.0009919849059707086	0.002857672567743507	-0.07540139465852015	-0.02355614197252953	0.05305172770136518	-0.1284685051344508	0.007985830767749856	-0.04100131995558374	0.004776038084266804	0.04372419505229727	5.286655724409849e-07	1.154294112698708e-06	-0.004482776043147142	-0.007437413748315059	0.009937925263615083	0.009694132857075667	0.001792367573438365	0.001126089812329407	0.0002786030385032117	0.005965786148440354	-0.0003544709464381044	-0.0021684410686672	-8.925300851285745e-07	2.616352177914998e-07	-1.300501860146368e-06	-6.436743591476041e-07	-1.085528162576271e-06	6.805471805768905e-07	4.41650288717939e-07	1.864937790575115e-06	-7.17516941120177e-07	-1.237327909561584e-06	-1.154394368737361e-07	-8.955177876596864e-07	0.001136826456834533	-1.558997332384059e-07	0.0443517544420575	1.631529187719879e-06	-0.4187129731951443	-9.784331447210738e-07	4.62613005224352e-07	9.512922185531748e-07	1.279025073942259e-07	-5.451623249162562e-07	5.877271862140855e-07	7.84752759143452e-07	-1.473695534136948e-06	-2.85934083102399e-06	2.656874964332137e-07	1.428708057220604e-06	6.468263219066027e-07	1.524715434384051e-06	-7.809936917848502e-07	-1.067030711397542e-06	-3.61311864651445e-07	-7.007163989359288e-07	8.098963037997747e-08	3.408918215677574e-07	-1.45219982701308e-07	-2.549657894355592e-07	-5.509938152852143e-07	-2.10915175905251e-07	1.785406260706461e-06	1.541992412172442e-06	-2.170704172560495e-07	-2.410833168571289e-07	1.096904533445452e-06	1.106682879294753e-06	1.047197497969446	-4.322791456691348e-08	-1.383614913314124e-07	-3.349684087554992e-08	1.382856858878633e-06	1.159624106950778e-06	-2.719395640587726e-07	-6.434261620108012e-07	4.287159845743196e-08	6.371777392174958e-08	1.922499803799686e-07	-4.32756265157488e-08	1.047197559109679	-3.795712099698496e-08	-1.470111081424293e-07	-6.692386223055208e-08
1.71	-1.864583553955478e-06	-2.567084986308247e-06	-2.166058497552077e-07	5.648261409883576e-07	-6.81006291130877e-07	-4.96745679572505e-07	-3.720778752538342e-08	9.431168258535882e-08	0.96899994375455	-1.610837851550804e-07	-2.174817500395701e-07	-3.784168457445434e-07	2.062693917243466e-06	3.470548952726155e-06	-1.611576143387768e-07	-9.27039243429593e-07	4.719308141461534e-07	3.074352170497097e-07	0.133846829256791	-0.02219711055595754	-0.0009806802902637918	0.004368162205129102	-0.07546037927257968	0.00127230020273144	0.05296556496072798	-0.1197032429889257	0.00794636725676001	-0.04632747139129942	0.004811084202691248	0.03985127510996146	5.402370960620528e-07	1.161854388808268e-06	-0.004497135002952827	-0.006262215629977755	0.009950241437478888	0.005228859811947252	0.001793844089972303	0.001526691701764694	0.0002852007848564936	0.006359094373612448	-0.0003584709647144775	-0.001973512354349024	-8.898841147463952e-07	2.770621050762194e-07	-1.306899021821727e-06	-6.320024262115472e-07	-1.07878202376022e-06	6.570721511514562e-07	4.603117913623599e-07	1.861329447889598e-06	-7.299108714243622e-07	-1.241541435684012e-06	-1.243849648330243e-07	-8.988970337233835e-07	0.00113682486319849	-1.653212374377994e-07	0.04435177064812553	1.604083780671656e-06	-0.4187129829200893	-9.661423779762e-07	4.722145606246604e-07	9.768475038956162e-07	1.225473054752001e-07	-5.226160592950184e-07	5.955963658696391e-07	7.910055580341199e-07	-1.502261159517663e-06	-2.854632780334179e-06	2.801112741180957e-07	1.4623799729386e-06	6.620581859783378e-07	1.523822839959376e-06	-7.916181010277063e-07	-1.056373061346485e-06	-3.683116233281222e-07	-6.985497843818795e-07	8.439264657631506e-08	3.39665707060093e-07	-1.477628395057554e-07	-2.535270963867661e-07	-5.530693568121297e-07	-2.032490008218701e-07	1.80069352331895e-06	1.504931386790689e-06	-2.194754863954913e-07	-2.393776351489886e-07	1.107924481405066e-06	1.093263366738564e-06	1.047197497537853	-4.305110592648599e-08	-1.386851971913004e-07	-3.135973006914815e-08	1.394538530359538e-06	1.187288200633206e-06	-2.783750514970705e-07	-6.423561949800607e-07	4.350843253702965e-08	6.381836098824299e-08	1.918220623459066e-07	-4.090307812750739e-08	1.047197558733514	-3.704239254899684e-08	-1.476635081875929e-07	-6.240510915083054e-08
1.72	-1.890254583882733e-06	-2.577615626135188e-06	-2.109278970178855e-07	5.606578238968719e-07	-6.859739798019766e-07	-4.94961558700942e-07	-3.626177926875384e-08	9.58793582523861e-08	0.968999942143843	-1.640395839157177e-07	-2.212658821694054e-07	-3.784172841938675e-07	2.097401054318184e-06	3.484922506105021e-06	-1.70427014496986e-07	-9.279303491956077e-07	4.750110535279191e-07	3.113439194632423e-07	0.1340322389352208	-0.06234890405811045	-0.0009786788703678843	0.0005719783553803368	-0.07547401363805442	0.04080210579249947	0.05290477547691805	-0.08696736635178776	0.007921000293513909	-0.0294735137970292	0.004832708783751408	0.02878565041456507	5.51859147854618e-07	1.165597190427244e-06	-0.004498695939044385	-0.002860760324836957	0.009950176597144552	-4.747446809353023e-05	0.001795149179595277	0.0007807080395437285	0.0002888870323190408	0.006317395538944015	-0.0003584481696299501	-0.001036478878864881	-8.871193749273773e-07	2.742276459931285e-07	-1.313218355855006e-06	-6.289679163819721e-07	-1.072227751789251e-06	6.526330079369832e-07	4.789482713074842e-07	1.870650557186324e-06	-7.423376155588494e-07	-1.246550765048561e-06	-1.333554552822852e-07	-8.907075166301297e-07	0.001136823202918073	-1.69737166559745e-07	0.04435178668212476	1.592059973993448e-06	-0.4187129925448968	-9.515954403022869e-07	4.819753748352956e-07	9.828707287174548e-07	1.173463460615242e-07	-5.064288013372234e-07	6.035078653006061e-07	7.927739521168558e-07	-1.530801126298539e-06	-2.848586115224068e-06	2.947321722803242e-07	1.476670695161084e-06	6.772794595975257e-07	1.517307865041958e-06	-8.021678953303402e-07	-1.048547968074216e-06	-3.752959960866507e-07	-6.975942689469311e-07	8.777847549775989e-08	3.368907681360467e-07	-1.502957931316922e-07	-2.522162548159371e-07	-5.551002107713488e-07	-1.98729033820862e-07	1.815710457392588e-06	1.487326886509005e-06	-2.218676140343069e-07	-2.386473184320469e-07	1.118841636758695e-06	1.086386476825548e-06	1.047197497106857	-4.30736162186134e-08	-1.389932758657282e-07	-2.87016755900612e-08	1.406373109677827e-06	1.184924286425701e-06	-2.848000156294623e-07	-6.435357448518691e-07	4.414672837113103e-08	6.374233121133993e-08	1.914087741934339e-07	-4.192829020202179e-08	1.047197558362735	-3.67796636460697e-08	-1.482850235473529e-07	-6.040694075132558e-08
1.73	-1.916174414640205e-06	-2.601669573784569e-06	-2.055542108040092e-07	5.17582028592263e-07	-6.909085926043796e-07	-4.928231519925337e-07	-3.529438690963265e-08	9.708364746289407e-08	0.9689999404503283	-1.738383352847943e-07	-2.250532140567612e-07	-3.793117875796518e-07	2.132460122726312e-06	3.520402037672706e-06	-1.797030372803942e-07	-9.256875202528731e-07	4.781626494825758e-07	3.173453604297006e-07	0.1342022028950312	-0.0880380468201719	-0.0009736118037533379	-0.0002991682054778986	-0.07546721792267035	0.06195340132117138	0.05286210515979627	-0.02872428988874142	0.007907864906147354	-0.01237738875774444	0.004848728185366842	0.009394329065311367	5.635570955684292e-07	1.172643145155555e-06	-0.004502727793670639	0.0008969181508230008	0.009948489453557037	-0.005759912399356395	0.001796173156822583	0.0003608166566510896	0.0002883794243431574	0.003585050006861594	-0.0003593410897085696	2.83397572781277e-05	-8.842901291848951e-07	2.967735479173772e-07	-1.319426788354098e-06	-6.131145044569441e-07	-1.065653171792526e-06	6.597476295522851e-07	4.976108659622994e-07	1.856546579630631e-06	-7.548197938420073e-07	-1.248073576030119e-06	-1.422168255616496e-07	-8.86115489259577e-07	0.001136821495248259	-1.704809282701781e-07	0.04435180242226641	1.561225366993127e-06	-0.41871300202954	-9.500491625045231e-07	4.919477076244254e-07	1.009032138388282e-06	1.12368307598101e-07	-4.958918126554146e-07	6.114549396692105e-07	7.962480463429401e-07	-1.559237143876311e-06	-2.842229268114351e-06	3.096988601288733e-07	1.508098200325979e-06	6.924825720330508e-07	1.526388094555636e-06	-8.125893586435259e-07	-1.038387527659169e-06	-3.822596012274043e-07	-6.95406346274691e-07	9.116841022194224e-08	3.414762053533699e-07	-1.528095732092211e-07	-2.510790437810595e-07	-5.57014462719429e-07	-1.866003286388646e-07	1.830476962621244e-06	1.470067062597201e-06	-2.242500875837413e-07	-2.379039608865168e-07	1.129677726088638e-06	1.081985196438989e-06	1.047197496677987	-4.274510144896737e-08	-1.392694777143917e-07	-2.758775529165556e-08	1.41847240353016e-06	1.235167595328504e-06	-2.91236112343449e-07	-6.425831350087637e-07	4.47829106202473e-08	6.362315228068588e-08	1.910019729553598e-07	-3.887701506084447e-08	1.047197558001326	-3.564693978608304e-08	-1.488654844521584e-07	-5.625197453491677e-08
1.74	-1.942205175228762e-06	-2.599390082453043e-06	-2.00380591492795e-07	5.27835022870279e-07	-6.958297505748707e-07	-4.930830841954888e-07	-3.432178110871923e-08	9.761492397313524e-08	0.9689999387072603	-1.736508655530142e-07	-2.288471116920389e-07	-3.795448040375296e-07	2.167673527603138e-06	3.517106876711089e-06	-1.889603093812743e-07	-9.243111528887667e-07	4.813353391823711e-07	3.179376355615455e-07	0.1343585588970946	-0.09725539595168793	-0.0009723978277466903	-0.001435063447061044	-0.07544758261884016	0.07272868234769637	0.05285115121091549	0.02613009188617285	0.007902299495161727	0.01109436669317398	0.00485180299419492	-0.008510299817007795	5.75287024943369e-07	1.173111628960733e-06	-0.004499999267122943	0.005891199497876973	0.009940568193120992	-0.01176801306289566	0.001796793882678629	-0.0002973549279502971	0.0002875110579296345	-0.001111071336859943	-0.0003582810699183546	0.001550543642516431	-8.813296010039632e-07	2.986976178609332e-07	-1.32556069655734e-06	-6.13130407109578e-07	-1.059103755013974e-06	6.504851937831414e-07	5.161825483616439e-07	1.858969598118389e-06	-7.673015206164016e-07	-1.249880448815932e-06	-1.510909110496944e-07	-8.847630205938796e-07	0.001136819777602609	-1.721854774373857e-07	0.04435181803647148	1.563049924303734e-06	-0.4187130115152624	-9.422770122259902e-07	5.02044611580713e-07	1.005901198220018e-06	1.07429584565604e-07	-4.922257051275409e-07	6.194206432244011e-07	7.964297463160093e-07	-1.587657607861281e-06	-2.842473265219689e-06	3.247915833823276e-07	1.502314220945845e-06	7.077343509408637e-07	1.523337171610953e-06	-8.229717308687229e-07	-1.03615597742068e-06	-3.892119052822133e-07	-6.950359304596187e-07	9.457629921105217e-08	3.384279647584263e-07	-1.553197575197452e-07	-2.507597740085794e-07	-5.588836008728325e-07	-1.87794573417516e-07	1.84514450426004e-06	1.461830983699609e-06	-2.266276571328383e-07	-2.37396404339181e-07	1.140483012510376e-06	1.077536654950452e-06	1.047197496250394	-4.291726282223707e-08	-1.395441794610657e-07	-2.670764028018351e-08	1.430802197652477e-06	1.224041142845386e-06	-2.976602221035806e-07	-6.419859191591748e-07	4.541964782153139e-08	6.379958011799031e-08	1.906134789119434e-07	-3.960947403154935e-08	1.047197557644977	-3.581227555750882e-08	-1.49426508257032e-07	-5.579309974859041e-08
1.75	-1.968195214656602e-06	-2.598281159205214e-06	-1.950928767981343e-07	5.274414221569332e-07	-7.007627627743843e-07	-4.92802060714404e-07	-3.334575215360013e-08	9.770392928936627e-08	0.9689999369717448	-1.734348797630131e-07	-2.326427418613531e-07	-3.794028858459977e-07	2.202840590209887e-06	3.515158870812594e-06	-1.982020485117135e-07	-9.241541443149014e-07	4.845153231489162e-07	3.18152381923995e-07	0.1345236014852399	-0.08957667695015963	-0.0009705904554881394	-0.0006068318367432439	-0.07542174930154426	0.06358166443745229	0.05287218314257195	0.07497385256337946	0.007899971757488234	0.02854692469262576	0.004844986810640513	-0.02433371894201645	5.870177810365456e-07	1.172343873664798e-06	-0.004499707048128963	0.01027193139960957	0.009935000639502544	-0.01713878103431342	0.001797053940085482	-0.0006029769132393216	0.0002888884930903511	-0.006274972407312916	-0.0003581467141180667	0.002891733311753829	-8.783396452955455e-07	2.993785186203536e-07	-1.331690467056699e-06	-6.128306666332152e-07	-1.052587177266629e-06	6.504862222499442e-07	5.347729994027812e-07	1.858555685408613e-06	-7.798016002550727e-07	-1.249724695460398e-06	-1.59933001305915e-07	-8.842262954819291e-07	0.001136818057514094	-1.721479146819466e-07	0.04435183366946863	1.562675936517176e-06	-0.4187130209370614	-9.404118486019096e-07	5.120997932393767e-07	1.005029814165507e-06	1.025076147952489e-07	-4.924275711139201e-07	6.273841245684261e-07	7.961184062613174e-07	-1.616081051948846e-06	-2.842798874498788e-06	3.398074240127573e-07	1.502305795626507e-06	7.229685426603862e-07	1.523350936420697e-06	-8.333329297133377e-07	-1.036598268802682e-06	-3.961622043548266e-07	-6.94759318079604e-07	9.795996063149917e-08	3.383979503509437e-07	-1.578272716446745e-07	-2.507729312486354e-07	-5.607602649152251e-07	-1.884355496330498e-07	1.859765078429951e-06	1.461721355733546e-06	-2.29001444690753e-07	-2.375528248793823e-07	1.151258682714688e-06	1.077332671567871e-06	1.047197495821103	-4.290009353279608e-08	-1.398103902778024e-07	-2.657404783904094e-08	1.443039423642594e-06	1.223628685681531e-06	-3.040803366951488e-07	-6.421818098931876e-07	4.605760066283275e-08	6.380113501769952e-08	1.902164660356704e-07	-3.986628923401031e-08	1.047197557286693	-3.583664939885293e-08	-1.499841283403418e-07	-5.587543066692347e-08
1.76	-1.994165802545939e-06	-2.598172516257856e-06	-1.898692384202721e-07	5.219472379866945e-07	-7.056714514665495e-07	-4.905579920189658e-07	-3.236369397858859e-08	9.837126333795356e-08	0.9689999352394093	-1.734315834379599e-07	-2.364325035016654e-07	-3.791074804353406e-07	2.237955527528301e-06	3.512988267065452e-06	-2.074406744071352e-07	-9.236439455703417e-07	4.876994066253823e-07	3.178412608387829e-07	0.1346769227801841	-0.05047687899985911	-0.0009642864413327989	0.004033835988997205	-0.07540394581665555	0.02326301127700708	0.05293405823210642	0.1209696813985783	0.00793603447808834	0.04801854717509695	0.00482631639740936	-0.03982823334762706	5.987285905021901e-07	1.172308300710973e-06	-0.004492725236569767	0.01261073500747785	0.009922860399217812	-0.01915223674802148	0.001795157985014963	-0.00131323726513621	0.0002890124796706113	-0.008835804882759375	-0.0003561498776082123	0.003631203973879019	-8.753240748134781e-07	3.026791362315519e-07	-1.33781708774521e-06	-6.127449247149421e-07	-1.046112827000222e-06	6.492534635495057e-07	5.533456387077244e-07	1.857394898451794e-06	-7.92297734405754e-07	-1.250487577153381e-06	-1.687751242659508e-07	-8.84133717978638e-07	0.001136816330697163	-1.727050590197447e-07	0.04435184927033937	1.559558444191345e-06	-0.4187130302777219	-9.337232086489306e-07	5.221396110722943e-07	1.004486996713518e-06	9.757682435756822e-08	-4.928627024180923e-07	6.353376944672356e-07	7.95352293545936e-07	-1.644530124204115e-06	-2.845287765345131e-06	3.548603804388619e-07	1.505662832242527e-06	7.382006856702643e-07	1.523323815076168e-06	-8.437144877770103e-07	-1.03818954598603e-06	-4.031016801388086e-07	-6.939862630335492e-07	1.01344742365664e-07	3.384623963253282e-07	-1.603355619730958e-07	-2.508259273644135e-07	-5.626656387029318e-07	-1.899191074849351e-07	1.874361644677546e-06	1.458769793620692e-06	-2.313821032587638e-07	-2.380022085811199e-07	1.162022039959828e-06	1.076133169221425e-06	1.047197495393211	-4.27881976361914e-08	-1.400773130624804e-07	-2.702029120420517e-08	1.455271503665885e-06	1.223142578078928e-06	-3.105101447620307e-07	-6.431941636813602e-07	4.669559367547039e-08	6.377089785230236e-08	1.898133575798545e-07	-4.02333334251076e-08	1.047197556928188	-3.584001813504851e-08	-1.505483434274955e-07	-5.6560775041406e-08
1.77	-2.02004115020337e-06	-2.582002349897016e-06	-1.846771159032461e-07	5.182413737710931e-07	-7.105855867335543e-07	-4.920873506692678e-07	-3.138716401686472e-08	9.72124693963846e-08	0.9689999335265511	-1.701373622279716e-07	-2.402063519511791e-07	-3.765095691635317e-07	2.272918435267875e-06	3.487430249858861e-06	-2.166925253256301e-07	-9.259283515995373e-07	4.909605406538852e-07	3.306747718422869e-07	0.1348528985618595	-0.003947155170133557	-0.0009502141560891802	0.004658047337682013	-0.07541014696374541	-0.01144265595216416	0.05302094219480178	0.1508418759753278	0.007963107474328917	0.05482668587475704	0.004793865766179071	-0.05017396430107744	6.103303698777791e-07	1.153653742556034e-06	-0.004489099616500038	0.0125757667385306	0.009914344835834782	-0.01781830380756962	0.001793859387395978	-0.001600146653770393	0.0002850441791443434	-0.008568707335880161	-0.0003551821486919573	0.003666010046160071	-8.724020662751177e-07	2.864169479720647e-07	-1.343954408564078e-06	-6.143107493001747e-07	-1.039875549026249e-06	6.107510958027584e-07	5.719089730695391e-07	1.856027901654097e-06	-8.047304313373488e-07	-1.23938866182499e-06	-1.77600380223721e-07	-8.815619181187031e-07	0.001136814597473476	-1.736575288967842e-07	0.04435186487376144	1.56138282573503e-06	-0.4187130395615157	-9.261558458699948e-07	5.321415711847908e-07	9.978707509893739e-07	9.259008274755937e-08	-5.015421676592993e-07	6.432885529947015e-07	7.949523943602242e-07	-1.672997848319912e-06	-2.847344917206764e-06	3.69953823560864e-07	1.510959234874769e-06	7.534352753963912e-07	1.523637642192131e-06	-8.541002442412653e-07	-1.038903809948738e-06	-4.100388427519947e-07	-6.936305339907613e-07	1.047326438377504e-07	3.389575521922879e-07	-1.628435356335452e-07	-2.507927614594816e-07	-5.646596731629489e-07	-2.043571413128993e-07	1.888991796484883e-06	1.465637318485983e-06	-2.337750165246642e-07	-2.399394170401392e-07	1.172789841696967e-06	1.077236162746374e-06	1.047197494968168	-4.235476865864847e-08	-1.403170020709336e-07	-2.22151919693106e-08	1.467502296433289e-06	1.222904085814766e-06	-3.169379067582951e-07	-6.425702410114497e-07	4.733728306424433e-08	6.438167365285503e-08	1.893997866101831e-07	-4.198680950417485e-08	1.047197556569424	-3.590144599551353e-08	-1.5111196160064e-07	-5.620786826293961e-08
1.78	-2.045860904453475e-06	-2.583193247357355e-06	-1.794987221053588e-07	5.187479130522773e-07	-7.155037332992434e-07	-4.919588472577622e-07	-3.041423993480023e-08	9.730048509285573e-08	0.9689999318248718	-1.703796614815838e-07	-2.439712862551491e-07	-3.767222899748846e-07	2.307794766123103e-06	3.489350896696914e-06	-2.259523319212449e-07	-9.257300702942363e-07	4.942649423690615e-07	3.297765206644675e-07	0.13504612955604	0.03383785284171315	-0.0009458478971957733	0.002454883635908824	-0.07541674112544465	-0.02486939309237109	0.05309126385435022	0.1448385934859924	0.007992734801758702	0.05945364704537426	0.004770328663418404	-0.0477390349044377	6.218696713752409e-07	1.15510545972672e-06	-0.004479488638320176	0.01113127207635339	0.009901940266369615	-0.01406920766315177	0.00179311783073261	-0.001956136792755154	0.0002755367675169138	-0.007914293082538139	-0.0003522181135568911	0.00332434522623872	-8.695357637237305e-07	2.874036267744148e-07	-1.350097054840656e-06	-6.142145329981251e-07	-1.033769253253619e-06	6.141398269731961e-07	5.904655168612773e-07	1.855990876980399e-06	-8.171259802644497e-07	-1.240252057766241e-06	-1.86415666694715e-07	-8.814909011621296e-07	0.00113681286117605	-1.735702613189028e-07	0.04435188048129444	1.561446895074573e-06	-0.4187130488170421	-9.268197259110995e-07	5.421215930899662e-07	9.983953025602716e-07	8.757071480822571e-08	-5.011749703324017e-07	6.512384267094838e-07	7.95038469905723e-07	-1.701475690714409e-06	-2.847471044814351e-06	3.850670527025751e-07	1.510553508715412e-06	7.686702348251625e-07	1.523589734857018e-06	-8.64488445067688e-07	-1.038978022158411e-06	-4.169746786742923e-07	-6.936760193964962e-07	1.081221557975824e-07	3.38903282065433e-07	-1.653512622811799e-07	-2.507858109516611e-07	-5.66702533733516e-07	-2.031767449388545e-07	1.903642251967429e-06	1.464965214960081e-06	-2.361746003863833e-07	-2.397785608474634e-07	1.183560802566055e-06	1.077151688638183e-06	1.047197494544617	-4.238585619403008e-08	-1.40541558669882e-07	-2.264593596077942e-08	1.479732130153505e-06	1.22277673996171e-06	-3.233635236689313e-07	-6.426245836821401e-07	4.798102530241034e-08	6.43332851889739e-08	1.889803825750869e-07	-4.186787474459697e-08	1.047197556210529	-3.589065255070575e-08	-1.516749067088515e-07	-5.627186631805369e-08
1.79	-2.071696817710394e-06	-2.585333463412038e-06	-1.743066722540954e-07	5.207918024570499e-07	-7.204234683120679e-07	-4.923195850064538e-07	-2.944123074472023e-08	9.726632942277632e-08	0.9689999301202928	-1.707447442109255e-07	-2.477394061092091e-07	-3.771525953620577e-07	2.342693571435631e-06	3.492190985858863e-06	-2.352086926090287e-07	-9.252457134507829e-07	4.975596551705591e-07	3.286243364905229e-07	0.1352619056468704	0.06878680169527905	-0.0009368356584869143	0.0004424913992198273	-0.07543055416354508	-0.03126335943095314	0.05315980413915804	0.1258321969467731	0.00802400957085824	0.05163156752109228	0.004750516917960163	-0.0416313908373683	6.334247555468218e-07	1.157028086541389e-06	-0.004473847361639036	0.008667986366697923	0.009893045152129874	-0.009320818400806953	0.001792497005467592	-0.001523211748622095	0.0002674949596203568	-0.009106288391023832	-0.0003505274877185089	0.002719200357650675	-8.666592229914104e-07	2.886304533654386e-07	-1.356238292656148e-06	-6.140470261216964e-07	-1.027611068392856e-06	6.21090293183981e-07	6.090255176949642e-07	1.856646701758505e-06	-8.295307709793725e-07	-1.241375829356347e-06	-1.952299296694683e-07	-8.813690853664383e-07	0.00113681112563827	-1.734865767707813e-07	0.04435189609937643	1.563203773457382e-06	-0.4187130580899565	-9.294579276267848e-07	5.521066187978273e-07	9.989765683337001e-07	8.256135508072938e-08	-4.996336169248984e-07	6.591890115789857e-07	7.95113762556918e-07	-1.729949431503482e-06	-2.84668001648862e-06	4.001694839729696e-07	1.508917341040806e-06	7.839062754634006e-07	1.523812177785681e-06	-8.748799819374153e-07	-1.039475049547777e-06	-4.239115576166377e-07	-6.938380008567485e-07	1.115109142517487e-07	3.38806613607912e-07	-1.678592147091638e-07	-2.508274294532808e-07	-5.687299911036264e-07	-2.011825637184183e-07	1.91829117456482e-06	1.465094467005131e-06	-2.385717107569709e-07	-2.394416913329373e-07	1.194332387889177e-06	1.077311946156819e-06	1.047197494120621	-4.244451060236882e-08	-1.407689169832715e-07	-2.288072073084834e-08	1.491958366965396e-06	1.222249701963899e-06	-3.297899939641893e-07	-6.427416137666297e-07	4.862419554550031e-08	6.426199948397499e-08	1.885617576620596e-07	-4.179402767558315e-08	1.047197555851609	-3.590081969834141e-08	-1.522375608420231e-07	-5.618393274499085e-08
1.8	-2.097584835568543e-06	-2.593619084034267e-06	-1.690505967505367e-07	5.317647808632137e-07	-7.253618622609646e-07	-4.957657470992888e-07	-2.846817260752449e-08	9.732457996180982e-08	0.9689999284198038	-1.69318832509828e-07	-2.515212656428272e-07	-3.794332375272877e-07	2.377633453197762e-06	3.496681744985805e-06	-2.444021604284501e-07	-9.125823385415433e-07	5.008383598993132e-07	3.270397307457687e-07	0.1354827341791448	0.0948253772875287	-0.0009268988733954796	-0.001625554430347916	-0.07544677454841148	-0.02783557785767104	0.05321813636825796	0.0924670029757365	0.008052057699779076	0.0428007828062105	0.004732742447850233	-0.03063319974565042	6.449806753172946e-07	1.154015749112908e-06	-0.004467501976699947	0.005974156850295179	0.009885576170916276	-0.004368719838725194	0.001791661284371458	-0.00126541470372836	0.0002647721488231409	-0.008891809428267856	-0.0003485637278912598	0.00202631523552546	-8.637698800042096e-07	2.889311256366318e-07	-1.362397005696746e-06	-6.182999581022999e-07	-1.021361444147082e-06	6.29830385820682e-07	6.276312420851868e-07	1.8655203858722e-06	-8.419766646686258e-07	-1.248468655396197e-06	-2.040495236050343e-07	-8.827419250897587e-07	0.001136809376379788	-1.76954534019318e-07	0.04435191175018374	1.567439156062237e-06	-0.4187130674819534	-9.511947088039267e-07	5.620908480771267e-07	9.978877372200571e-07	7.759703774261159e-08	-4.924772805851771e-07	6.671751417018068e-07	8.025224143326117e-07	-1.758336707201387e-06	-2.828946749294452e-06	4.151794494679728e-07	1.49195153008773e-06	7.991815913315954e-07	1.531819653331482e-06	-8.852967782491298e-07	-1.043977317069865e-06	-4.308653165673803e-07	-6.974260308885525e-07	1.149098304888262e-07	3.411301286717253e-07	-1.703678384320469e-07	-2.508832847210447e-07	-5.70752534454473e-07	-2.035377586488691e-07	1.932975901710511e-06	1.472730903263e-06	-2.409681599880554e-07	-2.398893931326037e-07	1.205109289730975e-06	1.078222205930169e-06	1.047197493696579	-4.235594756590413e-08	-1.409842708286591e-07	-1.983959835558664e-08	1.504168310724801e-06	1.219530079492669e-06	-3.362272432197669e-07	-6.448955058099284e-07	4.926427414468114e-08	6.369064746798418e-08	1.881356870383983e-07	-4.350092843491382e-08	1.047197555492883	-3.585565568758059e-08	-1.527998308823447e-07	-5.626806842112679e-08
1.81	-2.123665186077862e-06	-2.630689409768245e-06	-1.636771395679905e-07	5.460665037437101e-07	-7.303327224321436e-07	-4.974194899869538e-07	-2.750612099097543e-08	9.505247211477048e-08	0.9689999267001786	-1.768143710339536e-07	-2.552824800834539e-07	-3.717902930435845e-07	2.412732676375677e-06	3.530431433415815e-06	-2.536668791544236e-07	-9.489715558459778e-07	5.041145791773025e-07	3.282346079655638e-07	0.1357232170596391	0.1143749047114523	-0.0009144821855377946	-0.003045165249043861	-0.07546773579182328	-0.02641029548542268	0.053273600397772	0.05142383210070945	0.008067401388178365	0.02366407533572963	0.004713574600987636	-0.01714588028099757	6.565896359720959e-07	1.171421640235688e-06	-0.004468290910895218	0.001689616569627565	0.00988578313999737	0.001797875932177331	0.001791107201679094	-0.0006458612958367739	0.0002646846303851957	-0.006184583841467241	-0.0003487287016427582	0.0007846130599956773	-8.610131229872415e-07	2.563749085986285e-07	-1.36866169058417e-06	-6.37227462018053e-07	-1.015160129534264e-06	6.139426112074631e-07	6.463733802884251e-07	1.880944726309591e-06	-8.54354972934774e-07	-1.225200388417185e-06	-2.129128038188424e-07	-8.910519661326264e-07	0.001136807500830609	-2.0334134153935e-07	0.04435192738220246	1.555014636660165e-06	-0.4187130768122321	-9.084957525706909e-07	5.721192879109383e-07	1.0107069414296e-06	7.265468870091664e-08	-4.997174405320766e-07	6.750931803206691e-07	7.740484501122533e-07	-1.786687173506671e-06	-2.844235407343665e-06	4.304174681413534e-07	1.571488334964973e-06	8.143137017783841e-07	1.486932726175395e-06	-8.955783254995689e-07	-1.004335463138541e-06	-4.378872690579857e-07	-7.095406648285176e-07	1.182796849561498e-07	3.307864356948858e-07	-1.728628673912691e-07	-2.474603159636725e-07	-5.727899155846874e-07	-2.044534986503014e-07	1.947699069975595e-06	1.469321096049508e-06	-2.433683153136739e-07	-2.403601279975052e-07	1.215894539474419e-06	1.078540399684195e-06	1.047197493274792	-4.201842846017236e-08	-1.411828025571864e-07	-2.062129838495378e-08	1.516319078399666e-06	1.211714003768073e-06	-3.426511876252864e-07	-6.38868996570887e-07	4.989987384043583e-08	6.324191640383592e-08	1.877266328000772e-07	-3.642889655724285e-08	1.047197555134962	-3.586878752426989e-08	-1.533657497938395e-07	-5.731247359247425e-08
1.82	-2.151512716009403e-06	-2.832475130941229e-06	-1.577298974284384e-07	6.077558134844408e-07	-7.352911407313648e-07	-4.949542422542351e-07	-2.662878019273699e-08	8.546988217113733e-08	0.9689999246026867	-2.198449337307146e-07	-2.587047382552821e-07	-3.328683199825578e-07	2.44946126598553e-06	3.717711314265207e-06	-2.647370561650132e-07	-1.156826783359722e-06	5.074347693498104e-07	3.3314781651308e-07	0.1360021938144132	0.1107527949397091	-0.0009054022505549436	-0.001837536376633964	-0.07549790645576576	-0.02778285809445325	0.05326341985281271	-0.02524999673547965	0.008067898220819028	-0.009299602870600644	0.00471990218332162	0.00880794479993691	6.690089019205851e-07	1.26362430219897e-06	-0.004473302597988683	-0.005241827792739817	0.009894447256566966	0.01040113721355938	0.001790752825012301	0.0002706346706386136	0.0002672014603358991	0.0005898631761807248	-0.0003500099225841133	-0.001327637309239647	-8.598576884830303e-07	6.973579262357251e-08	-1.375777331898739e-06	-7.351894542590225e-07	-1.009576568130796e-06	5.370967760234204e-07	6.656486277622463e-07	1.942945015824699e-06	-8.657721560627829e-07	-1.115614029459167e-06	-2.221352062107303e-07	-9.319240330214588e-07	0.001136804378480677	-3.46375305021196e-07	0.04435194232631657	1.474748355756408e-06	-0.4187130841852893	-6.826066390778333e-07	5.827721418474169e-07	1.082467867196043e-06	6.725490080375934e-08	-5.528522449356493e-07	6.816045931397808e-07	6.124985394421986e-07	-1.815773320485831e-06	-2.92922432894426e-06	4.494626820228006e-07	2.009789859056976e-06	8.273998718681223e-07	1.252851543134274e-06	-9.040078321483868e-07	-7.926180876382849e-07	-4.454738246754532e-07	-7.737633224835642e-07	1.211690364588584e-07	2.759389784902223e-07	-1.751989413125172e-07	-2.292818303888967e-07	-5.748886960863461e-07	-2.116914420024914e-07	1.962187203378494e-06	1.442777896439777e-06	-2.458026291939239e-07	-2.444973569191936e-07	1.22669241376425e-06	1.080433137687479e-06	1.047197492864125	-4.078863958101847e-08	-1.414550885311115e-07	-2.944928978415422e-08	1.528238641424625e-06	1.18615191085316e-06	-3.488134451718662e-07	-6.093411022823444e-07	5.051222347496905e-08	6.063713893352957e-08	1.876679131257774e-07	3.615939584645961e-09	1.047197554772849	-3.623324681672354e-08	-1.539970063905105e-07	-6.507510650925318e-08
1.83	-2.179998006398253e-06	-2.89239289097294e-06	-1.516006447200839e-07	6.270103595363868e-07	-7.402494590157894e-07	-4.942161442067015e-07	-2.578485481683073e-08	8.270398735692423e-08	0.9689999223736994	-2.327467168386654e-07	-2.619976134991364e-07	-3.215728067818759e-07	2.486788131101264e-06	3.772611273911008e-06	-2.764619582097675e-07	-1.217860573050724e-06	5.107672046615975e-07	3.343417852410755e-07	0.1362533508275412	0.09703962666620504	-0.00088371159883675	-0.0008986121679602155	-0.07554802203851936	-0.02929519671931204	0.05321822222576841	-0.07753863384758233	0.00806074376793795	-0.0335541639358504	0.004730788565876476	0.02500483691939252	6.817206569926197e-07	1.291065024217633e-06	-0.004479297715749456	-0.01021377653735712	0.009902781937017087	0.01572075439297048	0.001790583884115561	0.0008682590371323418	0.0002686663387899345	0.00641472686882066	-0.0003515920291976037	-0.00289804649164686	-8.59303990655915e-07	1.646855521788456e-08	-1.383208565442819e-06	-7.632008545098515e-07	-1.004302394449217e-06	5.174560889339449e-07	6.851552675414392e-07	1.959688547764686e-06	-8.768175055661747e-07	-1.083673963359124e-06	-2.314914065129642e-07	-9.437779012841251e-07	0.001136800799946884	-3.882577521770314e-07	0.04435195702024669	1.451632540543824e-06	-0.418713090806392	-6.170533685598541e-07	5.936535219828056e-07	1.103551894980237e-06	6.169196920429437e-08	-5.686921276558445e-07	6.876027832413382e-07	5.649855952993155e-07	-1.845138408069455e-06	-2.953950625092656e-06	4.699147896147396e-07	2.13801884999966e-06	8.397269315950069e-07	1.184157032847293e-06	-9.117616521564914e-07	-7.305301861235452e-07	-4.532635950822884e-07	-7.928150560865947e-07	1.238832787787715e-07	2.597693777022656e-07	-1.774760910114714e-07	-2.239167468353406e-07	-5.770097628570884e-07	-2.136089586316661e-07	1.976600590648329e-06	1.434118183785198e-06	-2.482501212614568e-07	-2.456931671799244e-07	1.237498251266585e-06	1.080698201318038e-06	1.047197492457653	-4.042253298875804e-08	-1.41753607757891e-07	-3.209852810083783e-08	1.54006646317875e-06	1.178753674862461e-06	-3.548799852739693e-07	-6.005461279630752e-07	5.111667377682026e-08	5.9826720797172e-08	1.877347417567911e-07	1.552656953102508e-08	1.047197554411035	-3.644378671660608e-08	-1.546529622507318e-07	-6.733047406501943e-08
1.84	-2.208163363831449e-06	-2.73553766105668e-06	-1.456912117235595e-07	5.588191124697092e-07	-7.451277528473694e-07	-4.828928244363822e-07	-2.490753002886766e-08	9.307899760947104e-08	0.9689999202000705	-2.015212076616664e-07	-2.6537400274069e-07	-3.551151043667931e-07	2.523834343541131e-06	3.630535726638134e-06	-2.879347452126491e-07	-1.069207312333803e-06	5.141005214646566e-07	3.337321793046092e-07	0.1364844122942236	0.06506788922642874	-0.0008653203933246656	0.0007568186336051225	-0.07559783740312639	-0.02786909585008613	0.05314647097960855	-0.1154614547461362	0.008028448764105823	-0.04838042992716186	0.004746268590018607	0.03797943517385778	6.942635386289722e-07	1.215185415285159e-06	-0.004486841314977428	-0.01190264066114487	0.009911043525809959	0.01655113849330222	0.001791450486835709	0.001285286748936958	0.0002696551598807994	0.009184244219273068	-0.0003536624579784693	-0.003487131151170765	-8.585568416793401e-07	1.414155686182691e-07	-1.390487554821076e-06	-6.912761008529996e-07	-9.989036910814054e-07	5.769163396777969e-07	7.04466374736648e-07	1.897812528687516e-06	-8.881616353271777e-07	-1.189241236638813e-06	-2.407526759178988e-07	-9.089584221520681e-07	0.001136797440708076	-2.793574907689272e-07	0.04435197176393794	1.499304735926478e-06	-0.4187130978670607	-8.066216268321502e-07	6.044284128199595e-07	1.049483618938611e-06	5.616061829083282e-08	-5.347263393627696e-07	6.938468662817764e-07	6.887996033187095e-07	-1.874359748348142e-06	-2.886688845663137e-06	4.897224989777737e-07	1.807264108710061e-06	8.525025438697843e-07	1.377795685112495e-06	-9.198902480161658e-07	-8.988980258087464e-07	-4.609370459765107e-07	-7.406143824530685e-07	1.266970406860894e-07	3.041066980040588e-07	-1.797888337426763e-07	-2.392157212454457e-07	-5.791231725907658e-07	-2.087993820230651e-07	1.991027569408982e-06	1.452297265720723e-06	-2.507018399991994e-07	-2.441205237799608e-07	1.248314465813555e-06	1.082028861980211e-06	1.047197492046436	-4.1884885778724e-08	-1.420641841830842e-07	-2.912113445102178e-08	1.55200798482416e-06	1.210753840864055e-06	-3.610230083909263e-07	-6.283286405764808e-07	5.172662531517166e-08	6.210202515034445e-08	1.877417445828291e-07	-1.493425749264204e-08	1.047197554047118	-3.636445096008616e-08	-1.55309618949944e-07	-6.309103660628255e-08
1.85	-2.23561518225507e-06	-2.780483807052602e-06	-1.400734474921508e-07	5.720116457418539e-07	-7.499525789817066e-07	-4.8043283902721e-07	-2.398052458544735e-08	9.146214858095297e-08	0.9689999181634891	-2.116333487871412e-07	-2.68908123663027e-07	-3.473703471547228e-07	2.560227840957874e-06	3.671693653241965e-06	-2.987277825803403e-07	-1.116752368552562e-06	5.174402432454896e-07	3.351215116285703e-07	0.1366849421222327	0.02177227358900986	-0.0008469038476466372	0.005291236582715443	-0.07565179878787237	-0.02148221888232375	0.05304883267624253	-0.1338246221511035	0.008002378252291581	-0.05121400788574654	0.004777876085434557	0.04476930950137787	7.064590833614503e-07	1.235352209804199e-06	-0.004493092582054569	-0.01065985753712327	0.009916246562598903	0.01312203683972559	0.001791431220978896	0.00140563056671146	0.0002741210268375953	0.008672366289577639	-0.0003555018995924543	-0.003206081440637587	-8.572305248385064e-07	9.97168891174588e-08	-1.397444924141175e-06	-7.123826887064367e-07	-9.93161426301637e-07	5.651998234243352e-07	7.23466929492838e-07	1.907391851095607e-06	-9.000078855248115e-07	-1.168818416060666e-06	-2.498595787423189e-07	-9.169722464723607e-07	0.001136794579611547	-3.109028123048511e-07	0.04435198671814666	1.480501112641592e-06	-0.4187131058329348	-7.609652062009534e-07	6.149569872555803e-07	1.06528232673566e-06	5.078668928105079e-08	-5.473795351032769e-07	7.00658734605482e-07	6.532984802576172e-07	-1.903264629884301e-06	-2.904214084396731e-06	5.080013190023839e-07	1.903487243297886e-06	8.661735909149586e-07	1.328600096136944e-06	-9.287814272879278e-07	-8.533793450486782e-07	-4.68373500185961e-07	-7.546577928667612e-07	1.297126165381107e-07	2.922907769598704e-07	-1.821726778225168e-07	-2.354078649923102e-07	-5.812144723231044e-07	-2.103744217350767e-07	2.005535300678294e-06	1.445112047521755e-06	-2.531452401598373e-07	-2.45193093294249e-07	1.259135450186952e-06	1.082459871747864e-06	1.047197491628136	-4.16539043815964e-08	-1.42360348595928e-07	-3.156573579125892e-08	1.564105199110395e-06	1.206546308309884e-06	-3.672932117856127e-07	-6.224338762410553e-07	5.23464166736927e-08	6.153263194195678e-08	1.876115500581293e-07	-5.966248871206932e-09	1.047197553682886	-3.665073492817464e-08	-1.559445562016887e-07	-6.500646917755591e-08
1.86	-2.263440809765931e-06	-2.784139447092909e-06	-1.343460731559548e-07	5.691635671544627e-07	-7.54763864526312e-07	-4.842765862825657e-07	-2.306878027157337e-08	9.008926330339732e-08	0.9689999160446641	-2.109450846332963e-07	-2.723772973021227e-07	-3.465203860378904e-07	2.59696233289308e-06	3.674769906257954e-06	-3.099061932361879e-07	-1.114259813929211e-06	5.207919373816724e-07	3.356786372605441e-07	0.1368504220801685	-0.02592275159874297	-0.0008268005962174596	0.006314389275400604	-0.07568401968118174	-0.0003210455673869487	0.05297021687640856	-0.1167266891352983	0.007960119972722803	-0.04243816139550654	0.004808441801903947	0.03880475479795849	7.188237348384305e-07	1.237719969938392e-06	-0.004500781850240117	-0.005905978386362486	0.009921308111322429	0.005500687941783549	0.001792624466726298	0.001317793096020933	0.0002807185367218189	0.005888075689786627	-0.0003578311642369496	-0.001851821857770749	-8.562390367051465e-07	1.028488997477079e-07	-1.404581466608464e-06	-7.176653301764783e-07	-9.875219341100893e-07	5.560856745138241e-07	7.425522222121074e-07	1.912225756188028e-06	-9.116746705984013e-07	-1.160924774025002e-06	-2.590413098580044e-07	-9.238076905584758e-07	0.0011367914605538	-3.102690898889352e-07	0.04435200152775216	1.487113312407943e-06	-0.4187131134306702	-7.671041991340086e-07	6.25616024043971e-07	1.066041837664228e-06	4.530370726234669e-08	-5.526477885831007e-07	7.07177449084328e-07	6.520000874143838e-07	-1.932321479327877e-06	-2.911116641937627e-06	5.270679507049991e-07	1.903503768060815e-06	8.794345834991919e-07	1.324816461856845e-06	-9.372948379956172e-07	-8.511073555648694e-07	-4.759285358553101e-07	-7.570338184308754e-07	1.326304669607206e-07	2.920214560667216e-07	-1.845249375069972e-07	-2.352797979029096e-07	-5.833195213882348e-07	-2.111856623622515e-07	2.019988208963388e-06	1.448661645148923e-06	-2.555965697200924e-07	-2.44734411088111e-07	1.269961286640457e-06	1.084125301004423e-06	1.047197491212073	-4.140696831588617e-08	-1.426764601054553e-07	-3.202380784274186e-08	1.576165187384378e-06	1.205433147755134e-06	-3.735128862596006e-07	-6.213710159650466e-07	5.296134359197428e-08	6.145589793979488e-08	1.875562543650267e-07	-4.963022400811619e-09	1.04719755331646	-3.651666852014368e-08	-1.565956429993765e-07	-6.572853284427048e-08
1.87	-2.291259759381117e-06	-2.780965572312572e-06	-1.28657186740276e-07	5.690502364607029e-07	-7.595602856666229e-07	-4.71327625304635e-07	-2.214997964868332e-08	9.466490936057189e-08	0.9689999139188243	-2.146094333360324e-07	-2.758380514591911e-07	-3.485748060350516e-07	2.633731727883231e-06	3.675694419526931e-06	-3.210895163408463e-07	-1.124811503526143e-06	5.241429558529975e-07	3.360648171408179e-07	0.1369791015717883	-0.0632106517326454	-0.0008031981086219035	0.003313585261479086	-0.07570010955265279	0.03683490565700793	0.05291126066740619	-0.06394260279064626	0.007948072817494375	-0.02374267462053792	0.004827925038969748	0.02047839257091124	7.312040243502043e-07	1.235167817013016e-06	-0.004503652075012716	-0.001680239291652215	0.009920593836729698	-0.001551400919592124	0.001792512242970834	0.000787193929525222	0.0002880105081970827	0.003477831022419962	-0.0003586553262705458	-0.0006735887990778742	-8.553247962224016e-07	9.085523038315804e-08	-1.411686744399938e-06	-7.075241340517213e-07	-9.818258880181305e-07	5.820043353888083e-07	7.616385706524949e-07	1.898075116815781e-06	-9.233671436207727e-07	-1.186483913872401e-06	-2.681609083569463e-07	-9.055090540231941e-07	0.001136788329278032	-3.156051007550359e-07	0.04435201625180473	1.46138599720644e-06	-0.4187131209245826	-7.517181116999712e-07	6.362961304499845e-07	1.067968258437253e-06	3.988118899819668e-08	-5.372900424140726e-07	7.137097923988982e-07	6.554192704812381e-07	-1.961352920626171e-06	-2.896323459373091e-06	5.461927345296481e-07	1.916157219801996e-06	8.926877437751425e-07	1.331538303695334e-06	-9.45801556712274e-07	-8.528093638545145e-07	-4.834777756542325e-07	-7.532200376940842e-07	1.355406992198728e-07	2.898773473033631e-07	-1.86876560696239e-07	-2.350141396034923e-07	-5.854474969660902e-07	-2.089021253713483e-07	2.034458541560514e-06	1.439078345298636e-06	-2.580484543361631e-07	-2.466088223206014e-07	1.280788413044173e-06	1.07998512294166e-06	1.047197490796055	-4.210951038135302e-08	-1.429904810602889e-07	-3.138327748799683e-08	1.588313980992282e-06	1.217158310372501e-06	-3.79732461621216e-07	-6.239024983822458e-07	5.357708972774531e-08	6.150991729838732e-08	1.875075087545169e-07	-5.999760053804835e-09	1.047197552953218	-3.606815659168452e-08	-1.572369785703801e-07	-6.278736959393239e-08
1.88	-2.319076251825892e-06	-2.781227360600687e-06	-1.229024101317243e-07	5.735422847576005e-07	-7.642709042874922e-07	-4.703350125612008e-07	-2.12193586634338e-08	9.286514472169152e-08	0.9689999117760382	-2.14294501704965e-07	-2.793517424719392e-07	-3.520209085439691e-07	2.670304847118233e-06	3.652699446465884e-06	-3.323245046487778e-07	-1.122969135295074e-06	5.275394989046499e-07	3.410474973280015e-07	0.1370858978186901	-0.07323195994628198	-0.0007744957869408618	0.001642809979031704	-0.07573281870735124	0.04672973563849821	0.05288969632726993	0.003125825827175359	0.007949610834080452	-1.748253197120868e-05	0.004825715683616336	-0.002143166435371401	7.434956967679978e-07	1.227621249220801e-06	-0.004504006754702266	0.002650850548334428	0.009913499661481293	-0.007418407882858278	0.001792228823236431	-8.766713471481501e-05	0.0002888332942079456	0.001772735744868981	-0.0003587954855532012	0.0005693159934181169	-8.542090719786128e-07	1.147338122549313e-07	-1.418879367838633e-06	-7.229654495168721e-07	-9.762823515481736e-07	5.467612067517098e-07	7.805251969799932e-07	1.885095569769998e-06	-9.351790283332397e-07	-1.180938439527626e-06	-2.774279419586883e-07	-9.309449264279346e-07	0.001136785188483168	-3.137118717344917e-07	0.04435203113524933	1.493106586171345e-06	-0.4187131287891707	-7.95480492581767e-07	6.469125936460246e-07	1.060575634714163e-06	3.451588625176552e-08	-5.349520241805405e-07	7.202303502894707e-07	6.519355175494418e-07	-1.990236304940365e-06	-2.886283904879163e-06	5.651851568348753e-07	1.895565166979674e-06	9.060178168010387e-07	1.333479278888121e-06	-9.543970395507621e-07	-8.612312975832633e-07	-4.909678627062782e-07	-7.477082776087108e-07	1.384572843483741e-07	2.91767555311845e-07	-1.892289786440946e-07	-2.352751568014458e-07	-5.874546163903149e-07	-1.994102259159151e-07	2.048782718947511e-06	1.431630700705578e-06	-2.605118732488469e-07	-2.463867764104093e-07	1.291562743564055e-06	1.077035129354834e-06	1.047197490375416	-4.206663195289779e-08	-1.432808546163361e-07	-2.854886749821548e-08	1.600197245342108e-06	1.18402410423874e-06	-3.859661721343503e-07	-6.231167267461975e-07	5.419112239523275e-08	6.138567328118133e-08	1.874150479911427e-07	-9.800282949045209e-09	1.047197552583755	-3.695435677629044e-08	-1.578661597096159e-07	-6.257430255067173e-08
1.89	-2.346853498882208e-06	-2.780146236577371e-06	-1.171671257412989e-07	5.771241258471653e-07	-7.689082373338463e-07	-4.590783870805943e-07	-2.026856809736238e-08	9.631182812277763e-08	0.9689999096140406	-2.17347603635278e-07	-2.82876682819342e-07	-3.554419901345784e-07	2.706811867468424e-06	3.647422118139665e-06	-3.436069340110894e-07	-1.131097797464323e-06	5.309500467192303e-07	3.418564340391946e-07	0.1371941828963779	-0.05295235516953358	-0.0007527143401052931	0.002841463650738892	-0.0757617678006582	0.02751634148739752	0.05292380406827327	0.06625990231793975	0.00795914305469925	0.02077756326750864	0.004808196686612393	-0.02201026604082925	7.557623655086873e-07	1.224431582165994e-06	-0.004500039013347566	0.005833149026706483	0.009901560575923927	-0.01063684355088115	0.00179198718674447	-0.000685883092042738	0.0002835572091205214	-0.001248262558141358	-0.0003575830585365089	0.001567152216568535	-8.531403021723791e-07	1.173811207728114e-07	-1.426048398500613e-06	-7.191244438823436e-07	-9.706704575656409e-07	5.659121767355197e-07	7.992950532155454e-07	1.870977591130539e-06	-9.471023511573028e-07	-1.201983206054677e-06	-2.86628264928916e-07	-9.236762069581554e-07	0.00113678202338485	-3.173241830660021e-07	0.04435204592949491	1.483932811978625e-06	-0.4187131366166295	-7.986009846907425e-07	6.575271460016139e-07	1.059178334411731e-06	2.928323620256372e-08	-5.222156836177014e-07	7.267603213974132e-07	6.527605971675324e-07	-2.018995514849624e-06	-2.871845657716139e-06	5.842051174439133e-07	1.897553297699295e-06	9.193712487856052e-07	1.339852236803331e-06	-9.630172122099381e-07	-8.655084215848141e-07	-4.98412926218939e-07	-7.430653816694594e-07	1.413638175893405e-07	2.90586150657598e-07	-1.915801422698937e-07	-2.350362189947078e-07	-5.894476316466452e-07	-1.921491977636296e-07	2.063054342959855e-06	1.417455396081207e-06	-2.629825568615654e-07	-2.47673009749853e-07	1.302308113681414e-06	1.071439904861978e-06	1.047197489951542	-4.266026004716838e-08	-1.435577261524407e-07	-2.702800641493351e-08	1.61209373478344e-06	1.177266430872165e-06	-3.922045143264513e-07	-6.25609932663831e-07	5.480575347662841e-08	6.134190038441275e-08	1.87311776109683e-07	-1.229886054503375e-08	1.047197552215806	-3.704815278489403e-08	-1.584725963384778e-07	-6.034198785866e-08
1.9	-2.374636048322358e-06	-2.777097957626052e-06	-1.114102968482687e-07	5.74507543057707e-07	-7.73471380503395e-07	-4.535802001324177e-07	-1.929767245193214e-08	9.779022083748636e-08	0.9689999074335716	-2.186301338357686e-07	-2.864339121257387e-07	-3.565430258575427e-07	2.74326123218659e-06	3.641831541114194e-06	-3.54935888878245e-07	-1.134473388139627e-06	5.343742419632368e-07	3.432346151655193e-07	0.1373205933085879	-0.01101183113872758	-0.0007287949644188595	0.005416391870608663	-0.07582380988555265	-0.00440180056800689	0.05298746912791912	0.09535286337347867	0.00800013240403865	0.03384803991040278	0.004788070354898324	-0.03159698917114898	7.679971540187798e-07	1.222138265637702e-06	-0.004491653922899166	0.00676620775165135	0.009884916492541938	-0.01048313438212414	0.001790013344834438	-0.001055257625644871	0.0002781844785278094	-0.004309343597046202	-0.0003551274805682612	0.001943563664318594	-8.51994098157305e-07	1.152868255922986e-07	-1.433229235295312e-06	-7.186008885166132e-07	-9.649837540053677e-07	5.698727853683493e-07	8.179590339563381e-07	1.861464990862336e-06	-9.591635831973489e-07	-1.210573788327093e-06	-2.958339635966735e-07	-9.198879884219414e-07	0.001136778841166146	-3.187362361143138e-07	0.04435206072611903	1.478144998576136e-06	-0.4187131445787217	-7.992938151006161e-07	6.681200339945355e-07	1.058814123424712e-06	2.411270428952432e-08	-5.138355102865734e-07	7.332930359849142e-07	6.536891168142706e-07	-2.047668558962195e-06	-2.863822980765326e-06	6.031950547961784e-07	1.898403849706413e-06	9.327771452080504e-07	1.342087165444494e-06	-9.716794835148266e-07	-8.674693097889124e-07	-5.05826670799101e-07	-7.399730661233394e-07	1.442651837871895e-07	2.898042613854201e-07	-1.939300017476459e-07	-2.349417582862424e-07	-5.91368960880252e-07	-1.908568377144955e-07	2.077214821824831e-06	1.413589870024155e-06	-2.65462192888433e-07	-2.483128336611005e-07	1.313013290839782e-06	1.069463413239462e-06	1.047197489523692	-4.292609749384796e-08	-1.438236548213805e-07	-2.626272251085126e-08	1.623884364196428e-06	1.177997229056547e-06	-3.984612954351786e-07	-6.259342936036466e-07	5.541946284703741e-08	6.135724436003363e-08	1.871860733434073e-07	-1.309099200113662e-08	1.047197551846414	-3.686680579638888e-08	-1.590667923830866e-07	-5.873688006437062e-08
1.91	-2.402397343037757e-06	-2.769727268853512e-06	-1.056738473698418e-07	5.722555718315724e-07	-7.779652315785833e-07	-4.455119384949704e-07	-1.830308714007314e-08	9.950759863496679e-08	0.9689999052328401	-2.194656924575822e-07	-2.899980958605798e-07	-3.594443643229136e-07	2.779715007355147e-06	3.625165412840466e-06	-3.66317176911804e-07	-1.140384962926082e-06	5.378032123980059e-07	3.469206829165516e-07	0.1374836174745209	0.02658059572886684	-0.0007003903559050391	0.004034020193188294	-0.07592802787212553	-0.02619674353529413	0.05305457889990636	0.07742316566291266	0.008021661341480859	0.03528218231673306	0.004763967179634237	-0.02642078131325341	7.802229913751864e-07	1.215881785537434e-06	-0.004485924379032384	0.007112080041242308	0.009871557939525136	-0.009112317124209722	0.001789203268241233	-0.001128972373951972	0.0002729362855345241	-0.006234589359333667	-0.000353444267367027	0.002167377680706458	-8.509274693173203e-07	1.239426069492323e-07	-1.440356554227644e-06	-7.220705038571951e-07	-9.591636123788772e-07	5.657829824912577e-07	8.365474379824723e-07	1.840889059519578e-06	-9.713519945366473e-07	-1.222541001576529e-06	-3.049394438869932e-07	-9.232141584576517e-07	0.001136775629468363	-3.185987643584788e-07	0.04435207537762401	1.476170874890889e-06	-0.4187131524406659	-8.152005648992158e-07	6.787277025307681e-07	1.055856436241854e-06	1.904630050947866e-08	-5.106859822964307e-07	7.398458874408258e-07	6.549164680217622e-07	-2.0762538001111e-06	-2.855366208740408e-06	6.222617635568457e-07	1.892555901758751e-06	9.462100903852255e-07	1.348240758180348e-06	-9.803510207684869e-07	-8.71458667670961e-07	-5.132154714235315e-07	-7.365179342385388e-07	1.471538773059377e-07	2.890874057114505e-07	-1.962784521046315e-07	-2.34888790986695e-07	-5.932861612182287e-07	-1.874322761108011e-07	2.091335374357668e-06	1.407833165154409e-06	-2.679506330976831e-07	-2.497285907890998e-07	1.32369809420044e-06	1.067255269095804e-06	1.047197489092523	-4.347651283296957e-08	-1.440838999765821e-07	-2.614207907158991e-08	1.635754324554262e-06	1.174172330224768e-06	-4.047288665728083e-07	-6.257847077175156e-07	5.603380286168363e-08	6.12188252324347e-08	1.870564674453279e-07	-1.460821700380445e-08	1.047197551480227	-3.658416979744945e-08	-1.596421081001525e-07	-5.729420770421502e-08
1.92	-2.430006131333879e-06	-2.74889990733626e-06	-9.992503971680943e-08	5.791776766226821e-07	-7.825188993864437e-07	-4.707494851896371e-07	-1.733027706948971e-08	9.513309048685535e-08	0.9689999031422076	-1.954697718816227e-07	-2.936085245935109e-07	-3.638575642084354e-07	2.815864728152714e-06	3.601550745633021e-06	-3.776196673756578e-07	-1.11726859700887e-06	5.41271293984134e-07	3.440652355371241e-07	0.1376818822063428	0.05537633603076821	-0.0006667397913638707	0.001069755773937936	-0.07606245042955695	-0.02848474465790523	0.05310921329755668	0.04355794570845681	0.008054286782178623	0.01631902176293156	0.004737918595671931	-0.0158856683542267	7.922839288629789e-07	1.192894968709684e-06	-0.004486026587930641	0.00286157600201547	0.009865777743858757	-0.003263305242316477	0.001786762733768709	-0.0003402977465264362	0.0002745508306084668	-0.005339264471328072	-0.0003535552665873528	0.0009561316633594465	-8.498950707877095e-07	8.542563604414327e-08	-1.447575204361037e-06	-7.234426537585316e-07	-9.535890352117114e-07	5.389975238270566e-07	8.5524606246098e-07	1.908956582321873e-06	-9.835495698842879e-07	-1.223095587975135e-06	-3.14135869792911e-07	-9.092584294424441e-07	0.001136772514074032	-2.975428259933775e-07	0.04435209034927379	1.528089563879861e-06	-0.418713160865397	-8.73594905026826e-07	6.892036188856597e-07	1.032687697825213e-06	1.380569125141952e-08	-5.402517403320237e-07	7.464142777857123e-07	6.563228078623799e-07	-2.105069390567433e-06	-2.915105226837688e-06	6.408172321107775e-07	1.801431623833426e-06	9.597006028927041e-07	1.352593812705883e-06	-9.8900550218201e-07	-8.589358258007433e-07	-5.206752989801595e-07	-7.583578980785808e-07	1.499918632756159e-07	2.786588682807429e-07	-1.986204843844883e-07	-2.337786205172318e-07	-5.951568994780161e-07	-1.83633054025982e-07	2.105630788328581e-06	1.462774793758618e-06	-2.704343054171102e-07	-2.469571442017806e-07	1.334456992379936e-06	1.089514033441079e-06	1.047197488663154	-4.212369703982168e-08	-1.443872126630488e-07	-3.416193682941025e-08	1.647269812549035e-06	1.123751896036372e-06	-4.110134147711922e-07	-6.348507160223418e-07	5.663623285223738e-08	5.919441811948676e-08	1.869007924355067e-07	-1.834282848699199e-08	1.047197551110755	-3.755235295064229e-08	-1.602769955687711e-07	-7.051857489221369e-08
1.93	-2.457526790085726e-06	-2.746674631200337e-06	-9.41018170170294e-08	5.868563853599362e-07	-7.872364932130265e-07	-4.812765579015444e-07	-1.639047009511803e-08	9.186120105082912e-08	0.9689999012021359	-1.850805545346777e-07	-2.972520857757438e-07	-3.665560804638347e-07	2.851905206526087e-06	3.595417751987739e-06	-3.88742187055903e-07	-1.102543875888985e-06	5.447448697567299e-07	3.459103114310276e-07	0.1378781394243389	0.06332763971765042	-0.000644691151279411	-0.0004852072835580315	-0.07619691209817304	-0.02915079082487464	0.05312651574128766	-0.0007812205193652759	0.008058361521053549	0.00375249293109776	0.004724708902606972	-0.0001015483372046163	8.04209193480509e-07	1.182762135248603e-06	-0.004486009681043855	-0.0005132929915729677	0.009862110055195111	0.001879741667783027	0.001786071476565272	-0.0002690669189673861	0.0002747141204152333	-0.0003319930061507902	-0.0003534743123959523	-6.116783539247738e-05	-8.491778259466582e-07	5.458372759011288e-08	-1.454826274808146e-06	-7.26535376366039e-07	-9.482651835798627e-07	5.137994076791483e-07	8.744300959509923e-07	1.9464096223335e-06	-9.957164100529305e-07	-1.215554751479475e-06	-3.233265065302073e-07	-9.159465058638267e-07	0.001136769536028641	-2.92023573515385e-07	0.04435210567874585	1.556792361175216e-06	-0.4187131698156952	-9.199135211061986e-07	6.995469157258211e-07	1.025970110779329e-06	8.375570576411996e-09	-5.532028641375747e-07	7.530333326247841e-07	6.618572877393919e-07	-2.134221720006023e-06	-2.936266041959681e-06	6.587986161850918e-07	1.762195223105223e-06	9.73218179129563e-07	1.352860673581624e-06	-9.975632160934313e-07	-8.504356049412115e-07	-5.282841890145919e-07	-7.687432552977205e-07	1.527585540768596e-07	2.727414168359362e-07	-2.009527265581199e-07	-2.326214412065897e-07	-5.970020664410958e-07	-1.813136125058282e-07	2.120233153896213e-06	1.476697588979795e-06	-2.728984306587982e-07	-2.450645552735025e-07	1.345337921131985e-06	1.094542577063082e-06	1.047197488241493	-4.161149685572305e-08	-1.447404854249513e-07	-3.809336957628739e-08	1.658414749214807e-06	1.086580999416312e-06	-4.173530982818897e-07	-6.370749006786843e-07	5.722400942571542e-08	5.787503743185274e-08	1.867179372866121e-07	-2.002262157206855e-08	1.047197550731026	-3.851203584891893e-08	-1.609984192189339e-07	-7.754527739106954e-08
1.94	-2.484996559544519e-06	-2.747280798857462e-06	-8.817828547908391e-08	5.957522538660284e-07	-7.920908774721665e-07	-4.898622610338137e-07	-1.549251593941856e-08	8.84591298687031e-08	0.9689998994007718	-1.761638403578728e-07	-3.009312390207448e-07	-3.692548407631458e-07	2.887825865044992e-06	3.591249106309648e-06	-3.996860018276943e-07	-1.087504269941117e-06	5.482224037984659e-07	3.486947297547124e-07	0.1380868343711227	0.05250439241894497	-0.0006222830154448513	0.000887309928395442	-0.07633288341114294	-0.0277907136180747	0.05310054469261477	-0.03973231208673662	0.008051033417919917	-0.01757825112276904	0.004734045676804279	0.01349016684901155	8.159843828771593e-07	1.173673832135546e-06	-0.004491982290006484	-0.004692574495445408	0.009865136542234939	0.006489785958985989	0.00178624859295896	0.0004831731561255986	0.0002733344757383961	0.003364259386988296	-0.0003551276988683061	-0.001357426533647663	-8.488163650274632e-07	2.156313578424545e-08	-1.462103537461181e-06	-7.302764367292947e-07	-9.432295870562171e-07	4.882974858068744e-07	8.94074687368083e-07	1.980404081178108e-06	-1.007803190175864e-06	-1.205846369910074e-06	-3.325682518639981e-07	-9.282077686245091e-07	0.001136766616675243	-2.894663113490229e-07	0.0443521213967807	1.583278909138091e-06	-0.4187131792928107	-9.691615358913629e-07	7.097842565367727e-07	1.021566183061443e-06	2.778019152712506e-09	-5.650058554545306e-07	7.596908474370948e-07	6.691322610595024e-07	-2.163676456301527e-06	-2.952989477629288e-06	6.762389630781483e-07	1.728083341295933e-06	9.867385411891769e-07	1.352514384237871e-06	-1.006021825308495e-06	-8.414269304175091e-07	-5.360180674695968e-07	-7.779229511013481e-07	1.554521441166334e-07	2.669717760349533e-07	-2.032711153229519e-07	-2.312940524462109e-07	-5.988056470385777e-07	-1.793211824706686e-07	2.135032392185654e-06	1.484335158166717e-06	-2.753374399660329e-07	-2.43120960343891e-07	1.356290548128753e-06	1.096703077963358e-06	1.047197487827352	-4.123200147510885e-08	-1.451438095927839e-07	-4.18481980729506e-08	1.669054027879327e-06	1.048709108388565e-06	-4.237229701917642e-07	-6.378565833148614e-07	5.779517830111775e-08	5.654305061368155e-08	1.865125398150732e-07	-2.119248193659241e-08	1.047197550340321	-3.950200076310638e-08	-1.61812858864544e-07	-8.422931246996166e-08
1.95	-2.512424707139323e-06	-2.73835007330089e-06	-8.218430706498274e-08	6.032726760548057e-07	-7.970381305700835e-07	-5.028580956415967e-07	-1.462356027372365e-08	8.514715194696225e-08	0.9689998976958827	-1.627883027998438e-07	-3.046358625634056e-07	-3.722784455629878e-07	2.923646415713798e-06	3.575846558113099e-06	-4.105139448244521e-07	-1.074092362609515e-06	5.516911561932805e-07	3.467524237627112e-07	0.1382569461572503	0.02670534962068524	-0.000598851809136945	0.003317260769022571	-0.07646766097799863	-0.0200687944029133	0.05304082182481405	-0.05831066328061766	0.008040981670055307	-0.02093874031512337	0.004754787541937961	0.01917745431554484	8.276454520927435e-07	1.158574875060388e-06	-0.004492194694247901	-0.005323510695902683	0.009862388800034002	0.006762908028759686	0.001786583120467579	0.0004648752119499357	0.0002730713508731378	0.004720347459012333	-0.0003550354111087592	-0.001579591741479293	-8.486811306119468e-07	-2.286183764934645e-09	-1.46939245842499e-06	-7.305409251232949e-07	-9.383909440791654e-07	4.692013327869189e-07	9.140255660867371e-07	2.019740999555881e-06	-1.019843282550819e-06	-1.202633278058425e-06	-3.418266596020886e-07	-9.245558587872608e-07	0.001136763725577548	-2.830009201013572e-07	0.04435213739381821	1.619093501444882e-06	-0.4187131890904561	-1.004887820030754e-06	7.199423527308976e-07	1.009212312884137e-06	-2.931522997853286e-09	-5.799232548101269e-07	7.663554118818499e-07	6.680296495447916e-07	-2.193352490472946e-06	-2.985330682192014e-06	6.932921870293714e-07	1.675316583286092e-06	1.000259104703154e-06	1.353253150873662e-06	-1.014417056879189e-06	-8.348928603270579e-07	-5.438322966038183e-07	-7.887430288711257e-07	1.580972572663067e-07	2.608415204105517e-07	-2.055802261961476e-07	-2.303887445129979e-07	-6.005721425538973e-07	-1.74611772520718e-07	2.149966142728198e-06	1.508180176774407e-06	-2.777582579637563e-07	-2.409571672751926e-07	1.367292023922288e-06	1.106056355328692e-06	1.047197487418968	-4.039077758031167e-08	-1.455810540191028e-07	-4.626089414038624e-08	1.679320996454472e-06	1.005309835301225e-06	-4.301134326792375e-07	-6.417978260276651e-07	5.835497263636838e-08	5.520952363064911e-08	1.86291435582769e-07	-2.354358329843843e-08	1.047197549942783	-4.027545733163133e-08	-1.626930448083931e-07	-9.266221688069516e-08
1.96	-2.539772816886625e-06	-2.734228920233628e-06	-7.611780316067517e-08	6.101050136037748e-07	-8.021156990724967e-07	-5.111073583345932e-07	-1.378652920946087e-08	8.233614595770037e-08	0.9689998961206852	-1.536630999852918e-07	-3.083702360104816e-07	-3.742374888018517e-07	2.959334389040215e-06	3.566493490561211e-06	-4.212027396644714e-07	-1.063174635724226e-06	5.551482871579639e-07	3.475144626777161e-07	0.1384028954639173	-0.005001513203124671	-0.0005760541142457098	0.002287365751017398	-0.07658792790626846	-0.001064812031073315	0.05298563201487323	-0.04710830123834606	0.008016990733906541	-0.01754325449562286	0.00476927149583527	0.01519870245454077	8.391671069769156e-07	1.148868877785891e-06	-0.004496944889398134	-0.002984598294745782	0.009860987588259436	0.002823448814410205	0.00178767110201376	0.0005449623385679149	0.0002740873202958181	0.002525813981559269	-0.0003564936299471663	-0.0009185942572163839	-8.487961290827598e-07	-2.40868575448106e-08	-1.476693334269639e-06	-7.30660635621949e-07	-9.33758893834518e-07	4.585225967322332e-07	9.343715601140619e-07	2.048279853521187e-06	-1.031850059920983e-06	-1.195913649635128e-06	-3.510637675917555e-07	-9.289759014340329e-07	0.00113676091013642	-2.799856324804042e-07	0.04435215373162054	1.643936681271428e-06	-0.418713199272418	-1.038899961937472e-06	7.299834605367044e-07	1.00218962021049e-06	-8.791287394431767e-09	-5.911356886867965e-07	7.730263533890463e-07	6.703260762768052e-07	-2.223334013978894e-06	-3.005455679332967e-06	7.098370138819956e-07	1.641458094190708e-06	1.013790532289949e-06	1.352753949791564e-06	-1.022740802925506e-06	-8.294274826024139e-07	-5.517581600006132e-07	-7.964283594808212e-07	1.606816805352263e-07	2.558779567299296e-07	-2.078802224276583e-07	-2.295112606367743e-07	-6.022982748119294e-07	-1.725019186730333e-07	2.165134693499971e-06	1.521392723928442e-06	-2.801588324005815e-07	-2.393133333685501e-07	1.378385392823772e-06	1.11091350168088e-06	1.047197487018318	-3.992266497142121e-08	-1.46061265065086e-07	-4.973581626210781e-08	1.689185101441953e-06	9.728061254194726e-07	-4.365436254352272e-07	-6.433502620867041e-07	5.890164100655592e-08	5.415666000312413e-08	1.86047381667743e-07	-2.485096108324305e-08	1.047197549537166	-4.097191553560963e-08	-1.636537554320188e-07	-9.882460717559545e-08
1.97	-2.56705248515518e-06	-2.718432156194369e-06	-6.999643672973647e-08	6.226580790509955e-07	-8.072279590297723e-07	-5.105638104598869e-07	-1.296297594391841e-08	8.208707078468701e-08	0.9689998946008223	-1.488380715628839e-07	-3.121217855926428e-07	-3.772543739530443e-07	2.99489687663263e-06	3.538818698047614e-06	-4.318171821165118e-07	-1.052016466286366e-06	5.586039728410812e-07	3.487619910703565e-07	0.1385165721095008	-0.0214553330147108	-0.0005579105988183681	0.001611641284685777	-0.0766924071097434	0.01076635704882939	0.05295419064789702	-0.0123255085131297	0.008014985397689887	-0.003398975965972922	0.004776700740610425	0.003986655252022561	8.506240066938326e-07	1.144993370657296e-06	-0.004496546286023509	0.0003129437602672717	0.009854315734770559	-0.001981258433053431	0.001787328448733147	0.0001651669853638287	0.0002781805700501466	-0.0002931206373035013	-0.0003565505307374428	4.000728779562342e-05	-8.490391218390291e-07	-3.720529021258442e-08	-1.484010980537418e-06	-7.351834693443157e-07	-9.293453220880838e-07	4.064743083948009e-07	9.548362814211958e-07	2.043700074007799e-06	-1.043812284173201e-06	-1.189873660042446e-06	-3.602638115644926e-07	-9.145149164433312e-07	0.001136758089913432	-2.824253891353666e-07	0.04435217021227539	1.65508727752924e-06	-0.4187132095902392	-1.044107043313951e-06	7.399610024184859e-07	9.907645609741142e-07	-1.47117499833073e-08	-5.951628996369743e-07	7.796485587283839e-07	6.54602699907222e-07	-2.253489771111909e-06	-3.03384790145338e-06	7.261559362713108e-07	1.616873016718561e-06	1.027349515478923e-06	1.363028129411412e-06	-1.031039866845869e-06	-8.291793115132893e-07	-5.597067308075645e-07	-7.927581682362553e-07	1.63244969722289e-07	2.56034479079149e-07	-2.101726192027977e-07	-2.281808780635621e-07	-6.039720156492742e-07	-1.585745140357492e-07	2.180286519002988e-06	1.494990243710267e-06	-2.825499205933865e-07	-2.384100566791738e-07	1.389477698650721e-06	1.103064910891799e-06	1.04719748662207	-3.916533179597799e-08	-1.465630507144337e-07	-5.160771679925064e-08	1.698773315837581e-06	9.308521755618005e-07	-4.429682558283196e-07	-6.393820975398186e-07	5.944053944320256e-08	5.31093136553586e-08	1.857960895148889e-07	-2.548938264252925e-08	1.04719754912664	-4.192520250970807e-08	-1.646534171890676e-07	-1.028160504258307e-07
1.98	-2.594154987747283e-06	-2.710942933704515e-06	-6.368873151873314e-08	6.350949772882971e-07	-8.122898520141023e-07	-5.081640802345409e-07	-1.213979052595994e-08	8.203124084577509e-08	0.9689998931152816	-1.479702135532958e-07	-3.159084800737333e-07	-3.7901361138059e-07	3.030130677686182e-06	3.520040649244464e-06	-4.422819006974767e-07	-1.045958375762165e-06	5.621414791752622e-07	3.539646888824298e-07	0.1386266287999695	-0.01854982299811035	-0.0005417686631169422	0.001669439660768108	-0.0767900222133554	0.005258939925656697	0.05296647114564644	0.02634274562013787	0.008009237306743714	0.0101554412196853	0.004771864319629336	-0.00845955924831969	8.620749854622371e-07	1.14613332406097e-06	-0.004496995089744796	0.003540577110742681	0.009847618246601257	-0.006013118856666582	0.001787583457918455	-0.0002284365237573608	0.0002797411232277795	-0.002186290824251772	-0.0003569409715713607	0.0009922747921704686	-8.495132094449668e-07	-4.94028353339249e-08	-1.491439766582242e-06	-7.368693477522146e-07	-9.256245637591374e-07	3.767646098928351e-07	9.751290333761965e-07	2.027535142938743e-06	-1.055661995251538e-06	-1.186205106813237e-06	-3.694292033451006e-07	-9.126534589628966e-07	0.001136755228454024	-2.818860189121027e-07	0.04435218675643938	1.663881276406149e-06	-0.4187132201145646	-1.05111217990974e-06	7.498459777032018e-07	9.864426247238363e-07	-2.066117638951671e-08	-5.925442234907765e-07	7.861626700412543e-07	6.520011868320783e-07	-2.283923058590846e-06	-3.046820986069709e-06	7.422509212643479e-07	1.603949702862965e-06	1.041026499529002e-06	1.365226767160803e-06	-1.039335508718088e-06	-8.312807034230496e-07	-5.675878761479139e-07	-7.877179553270857e-07	1.658091948753629e-07	2.563845402403466e-07	-2.124458149716509e-07	-2.274112242001564e-07	-6.054941834177718e-07	-1.507078853420891e-07	2.194999596011648e-06	1.473972205863174e-06	-2.849293868640089e-07	-2.371798920039367e-07	1.400429128550101e-06	1.096319973410699e-06	1.047197486232093	-3.86951959446968e-08	-1.470900019750517e-07	-5.169108315035683e-08	1.707908929730369e-06	9.077889751569663e-07	-4.49314854126691e-07	-6.364248827138514e-07	5.996631222508278e-08	5.259955111051087e-08	1.855486498957088e-07	-2.597740051885549e-08	1.047197548701541	-4.291967050508017e-08	-1.656952750638475e-07	-1.051420684081696e-07
1.99	-2.621139966026452e-06	-2.689122901860185e-06	-5.721520441250479e-08	6.601613232832926e-07	-8.173010461427206e-07	-4.970583222164181e-07	-1.131624100771133e-08	8.238077064585736e-08	0.9689998916400689	-1.467561891248992e-07	-3.197194770436683e-07	-3.82958300953321e-07	3.065117821090264e-06	3.479997338507004e-06	-4.526564304008149e-07	-1.030712714269963e-06	5.6575413360888e-07	3.671037544950109e-07	0.1387518376373563	0.005367821734542274	-0.0005254686135506641	0.002513129512741563	-0.07689909015659525	-0.01162790400380839	0.05300729683655925	0.0458092476524371	0.008029864046035846	0.01570182435790887	0.004758286486675679	-0.01513630652086403	8.735421394347736e-07	1.14788154622054e-06	-0.004493571500115064	0.003488819353406999	0.0098383696278245	-0.005649232498573205	0.001786520745702995	-0.0004385706150970476	0.0002794693203946988	-0.002349168436298059	-0.0003561394739535664	0.0009834656863852555	-8.501310429115043e-07	-7.166018463025935e-08	-1.498949657855587e-06	-7.587147776129706e-07	-9.223530687429697e-07	2.93229575227939e-07	9.952149269822092e-07	1.992532626124977e-06	-1.067436884110406e-06	-1.171772505625128e-06	-3.786018181450912e-07	-9.187435660706175e-07	0.001136752342327126	-2.907532842558936e-07	0.0443522033419514	1.660200063142426e-06	-0.4187132307672009	-1.075391802737587e-06	7.596769339002848e-07	9.790955359343585e-07	-2.659339362712215e-08	-5.91952934777131e-07	7.926240737172413e-07	6.423425050975122e-07	-2.314520629411178e-06	-3.071633891745348e-06	7.582078731838212e-07	1.585244174857974e-06	1.054769060383132e-06	1.379735089625236e-06	-1.047635288445627e-06	-8.296011732277926e-07	-5.753959742912666e-07	-7.750478937600523e-07	1.683805499201217e-07	2.577823266517896e-07	-2.147057758636589e-07	-2.249647050772988e-07	-6.069073134384072e-07	-1.331004261616301e-07	2.209368166001131e-06	1.410342965250964e-06	-2.872971309724295e-07	-2.359419200299018e-07	1.411267060744768e-06	1.075024163851072e-06	1.047197485846813	-3.819311108555289e-08	-1.476265909399147e-07	-5.448545445807396e-08	1.716736629480207e-06	8.602006001745303e-07	-4.55601830070209e-07	-6.239204723866783e-07	6.04841014125147e-08	5.117588101969909e-08	1.853057233512252e-07	-2.36882725918492e-08	1.047197548264925	-4.448030804075646e-08	-1.667639108321244e-07	-1.087985535973097e-07
2	-2.648046820799526e-06	-2.686670403057812e-06	-5.066136069865129e-08	6.610713180160383e-07	-8.222681246599988e-07	-4.949321718900201e-07	-1.049079684997242e-08	8.255490481739091e-08	0.9689998901678833	-1.469014854439926e-07	-3.235446021061381e-07	-3.832029413705916e-07	3.099974771639514e-06	3.477180884156875e-06	-4.629711550491287e-07	-1.029590121621256e-06	5.694101090538649e-07	3.686403824814029e-07	0.1389007631547717	0.02939017394440786	-0.0005116828362010262	0.001552085218921973	-0.07702027459209894	-0.02248921773957728	0.05305391721682998	0.03666186037448146	0.008044280855572111	0.01334259766032962	0.00474172777151364	-0.01230969639590767	8.850146196548041e-07	1.147826093054582e-06	-0.004490056877887312	0.002126316061255717	0.009829498477675124	-0.00280460944149651	0.001786208286946977	-0.0004749912951818227	0.0002755976115819733	-0.001045955214402872	-0.0003552747569596325	0.0006168992195764204	-8.508222732423655e-07	-7.312585115012822e-08	-1.506547571724965e-06	-7.638427252751522e-07	-9.193891461430336e-07	2.818886294818225e-07	1.015190834343515e-06	1.989450183672159e-06	-1.079150422614106e-06	-1.169903625476021e-06	-3.877978687090945e-07	-9.213526141071575e-07	0.001136749410643106	-2.934594396731901e-07	0.04435221988605272	1.656107831265741e-06	-0.4187132415150641	-1.078487168485669e-06	7.694849368051724e-07	9.792881871581435e-07	-3.25335332703947e-08	-5.928286909340758e-07	7.990394517147872e-07	6.413946285624913e-07	-2.345200492187565e-06	-3.072816087108656e-06	7.741186989769187e-07	1.585710893234287e-06	1.068579847765075e-06	1.381850425040537e-06	-1.055921777698884e-06	-8.289215712245763e-07	-5.831614659942124e-07	-7.738199111957232e-07	1.709573964746005e-07	2.578981261071702e-07	-2.169562033064236e-07	-2.246726204159047e-07	-6.082585806129709e-07	-1.318761926893156e-07	2.223491270755886e-06	1.402546444319266e-06	-2.896631720533068e-07	-2.360871186899727e-07	1.422021849572145e-06	1.072314983102482e-06	1.047197485462631	-3.827147353815309e-08	-1.481759268373417e-07	-5.5231816216936e-08	1.72540141204982e-06	8.574086239630714e-07	-4.618378691128491e-07	-6.219061507881889e-07	6.09965687393811e-08	5.10072386532583e-08	1.850741152296316e-07	-2.294422903007598e-08	1.047197547823557	-4.448194391779132e-08	-1.678431238968674e-07	-1.088100294879758e-07
2.01	-2.674871777383452e-06	-2.682351805537699e-06	-4.398397304741034e-08	6.697815932795397e-07	-8.271992506841872e-07	-4.935784983567612e-07	-9.665484822502459e-09	8.240742403145679e-08	0.9689998887041326	-1.460500887278981e-07	-3.273863596600691e-07	-3.842440005557785e-07	3.134648562407754e-06	3.464674680104543e-06	-4.732239136810271e-07	-1.025224730654346e-06	5.731241631977789e-07	3.721062080928637e-07	0.1390715331543729	0.04390407021568003	-0.000501230929025942	0.0006177786593605214	-0.07714411319960417	-0.02568254761046099	0.05307857397068636	0.009182252204748977	0.008058110139099213	0.002031942450842095	0.004733000689473505	-0.003103174664251213	8.965036254921588e-07	1.149488338009769e-06	-0.004487707937863688	-0.0007836468291496275	0.009823474794492604	0.001473530042478017	0.001785834691781873	-8.780030564946465e-05	0.0002724413612176664	0.0001892595558384928	-0.0003547112450661535	-0.0002116266188252197	-8.516267881355353e-07	-8.277639334139399e-08	-1.514195696261353e-06	-7.623919726102233e-07	-9.16752082828092e-07	2.632124576275766e-07	1.035017346531237e-06	1.980906601326984e-06	-1.090809338402276e-06	-1.166016977048392e-06	-3.969971926339979e-07	-9.188374845603368e-07	0.001136746466430501	-2.926181367567088e-07	0.04435223647753748	1.663900705530422e-06	-0.4187132523514587	-1.083197423579708e-06	7.792518470681439e-07	9.756789475252919e-07	-3.845870115024837e-08	-5.91425972565667e-07	8.054207303736683e-07	6.386334227199072e-07	-2.376006299214309e-06	-3.083012686829765e-06	7.89929796761863e-07	1.578648280865022e-06	1.082425489119104e-06	1.382652190206687e-06	-1.064218672617492e-06	-8.310265919105465e-07	-5.908734111436054e-07	-7.707033166242443e-07	1.735382024529133e-07	2.579679972794943e-07	-2.191972399346267e-07	-2.241184470157728e-07	-6.095294032292595e-07	-1.261997280702237e-07	2.237368685976741e-06	1.38801925199247e-06	-2.920192202308713e-07	-2.351707006249068e-07	1.432696455272921e-06	1.067712051509942e-06	1.047197485082136	-3.791598701103336e-08	-1.487316882833009e-07	-5.523326950379021e-08	1.733829862720675e-06	8.389994973994281e-07	-4.680341571148619e-07	-6.202707637370371e-07	6.150303783447124e-08	5.061214467754499e-08	1.848435102494084e-07	-2.363168898970581e-08	1.047197547373214	-4.525149793912628e-08	-1.689434197188899e-07	-1.105811464939882e-07
2.02	-2.701709362663945e-06	-2.683154561286465e-06	-3.728136784319044e-08	6.689254771156467e-07	-8.321488012709244e-07	-4.907311810660216e-07	-8.842987632901646e-09	8.327697601952155e-08	0.9689998872462255	-1.469429081137593e-07	-3.312278180577323e-07	-3.843718048485488e-07	3.169302104280414e-06	3.462596069337722e-06	-4.834775887607819e-07	-1.023949033277491e-06	5.768375989219001e-07	3.736008061192702e-07	0.1392417987992996	0.03986046861772408	-0.0004917541979741272	0.0009891376043354373	-0.07727031232229323	-0.02407496386908148	0.05306836362443916	-0.02234024909878752	0.008057041673309279	-0.007121896132609514	0.004736229255032432	0.007162135451367756	9.080047249943705e-07	1.151775654570765e-06	-0.004486967191033944	-0.00232696607986519	0.009819790840580322	0.003675748564750606	0.00178600061518733	0.0001693473286136095	0.0002717663283525578	0.001145338504165648	-0.0003546448956391813	-0.0006558140336287402	-8.52455896919311e-07	-8.620470859974333e-08	-1.521774562971043e-06	-7.590891466437036e-07	-9.1404418467406e-07	2.653456514750365e-07	1.054844384462343e-06	1.97578229208078e-06	-1.102473659087228e-06	-1.167532057732555e-06	-4.061593877779131e-07	-9.157704807835639e-07	0.001136743564398486	-2.887894634056622e-07	0.04435225315282516	1.659762851787045e-06	-0.4187132631632321	-1.076761506067889e-06	7.889995522338407e-07	9.737608593418692e-07	-4.436583135675919e-08	-5.89968099140357e-07	8.118083547030953e-07	6.411919388999977e-07	-2.406841067383129e-06	-3.08196872279777e-06	8.057111176933204e-07	1.579688565926127e-06	1.096237045425731e-06	1.379644770369657e-06	-1.072533063596524e-06	-8.287897951291012e-07	-5.985846280426515e-07	-7.674198234718927e-07	1.761164380438024e-07	2.566358717722555e-07	-2.214393229532703e-07	-2.234357830512829e-07	-6.107905626971344e-07	-1.214597221503235e-07	2.251280539190513e-06	1.373263324735566e-06	-2.943684112518811e-07	-2.343648689668582e-07	1.44338526084937e-06	1.062917364534893e-06	1.04719748470421	-3.76453847202415e-08	-1.492783273661701e-07	-5.512528778219652e-08	1.742209540638325e-06	8.296093624683905e-07	-4.742503534607244e-07	-6.206801305413598e-07	6.200969679344322e-08	5.032424443084307e-08	1.846012730733313e-07	-2.298681643183851e-08	1.04719754691954	-4.568802642055333e-08	-1.700515264309416e-07	-1.108673770640028e-07
2.03	-2.728555542910541e-06	-2.700857366120209e-06	-3.081570844853581e-08	6.031897449623817e-07	-8.369609013645779e-07	-4.605784180406962e-07	-7.989713885596941e-09	9.155550764050566e-08	0.9689998857432284	-1.597573157771432e-07	-3.35034145783904e-07	-3.766990538409151e-07	3.204003233995665e-06	3.493129460859239e-06	-4.936794257661756e-07	-1.014780877539032e-06	5.805547203069011e-07	3.716103847898846e-07	0.1394017611250115	0.02089794329320801	-0.0004835817998881858	0.001046499772681162	-0.07738544962170947	-0.0151307575267026	0.05303389922056537	-0.03918384398185848	0.008043570348529783	-0.01339355316725896	0.004746344874206096	0.01274430442295788	9.195707712518976e-07	1.170825292289957e-06	-0.004489864222324294	-0.002474410067110851	0.009819800509842427	0.003185759026095043	0.001786449744527729	0.0004448549771106325	0.0002741483044603505	0.001138308035297693	-0.0003557216819638856	-0.0007275182270866991	-8.533979396806474e-07	-9.596013518797824e-08	-1.529234544889898e-06	-7.214072200866747e-07	-9.113154567710883e-07	2.986060563294328e-07	1.074470912502937e-06	1.951324347195041e-06	-1.114025319903797e-06	-1.151560735002203e-06	-4.154601788032705e-07	-9.247626625368906e-07	0.001136740692256883	-2.789075270304939e-07	0.04435226936724277	1.558233923638487e-06	-0.4187132736585569	-9.937026164382674e-07	7.988488208458131e-07	9.917583675439862e-07	-5.025182130595995e-08	-5.921641709435542e-07	8.182690818947546e-07	6.616865495329836e-07	-2.437489550528867e-06	-3.033321173866586e-06	8.21716862480942e-07	1.649772270319564e-06	1.109943380067703e-06	1.355106502336745e-06	-1.080705305550905e-06	-7.992138985917442e-07	-6.061934785230209e-07	-7.476619358216799e-07	1.786398722396482e-07	2.433119888472995e-07	-2.236500595257216e-07	-2.169131953024539e-07	-6.120360549257216e-07	-1.113409074479144e-07	2.264628338618464e-06	1.244953270417206e-06	-2.9668962762256e-07	-2.29870655720548e-07	1.453866466442709e-06	1.017189957175576e-06	1.047197484331971	-3.667791495067559e-08	-1.498123806313561e-07	-5.392056488329221e-08	1.750619395231726e-06	8.311082533265933e-07	-4.803970961019891e-07	-6.123580367721551e-07	6.250812401772373e-08	4.829377966903333e-08	1.844638700150626e-07	-3.16893330538627e-09	1.047197546465332	-4.585365884291245e-08	-1.711255711110325e-07	-1.032800004362944e-07
2.04	-2.755537793260047e-06	-2.704309590081234e-06	-2.481547447482791e-08	5.777992495224041e-07	-8.41573776871566e-07	-4.508784621560853e-07	-7.084781496170739e-09	9.334130333827325e-08	0.9689998841514277	-1.635090581993626e-07	-3.387826703764651e-07	-3.720658616825802e-07	3.238938537862688e-06	3.503667881416586e-06	-5.038004018296195e-07	-1.0092847722517e-06	5.842535114043799e-07	3.689812603896134e-07	0.1395332509056413	-0.001758243760377335	-0.0004768288084711987	0.0002444408235180512	-0.07748415687816686	6.592801997061895e-05	0.05299375723551004	-0.03047082615218345	0.008031971189784668	-0.009688434540766552	0.004758904182134583	0.009896537111208357	9.31281606669446e-07	1.17779588036614e-06	-0.004491600248992397	-0.001101671937761547	0.009818342117283838	0.0006206505469673079	0.001786633389537145	0.0003128734493389383	0.0002778948281963604	0.000884631934421092	-0.0003564937722514929	-0.0003679447654210746	-8.543495429675231e-07	-9.916853457028347e-08	-1.536425183999173e-06	-7.053914925821338e-07	-9.083707940628686e-07	3.061188991096825e-07	1.093929107388853e-06	1.938163900204671e-06	-1.12540603195974e-06	-1.132527667100002e-06	-4.248784059273529e-07	-9.440844769571891e-07	0.001136737868398086	-2.790565642593616e-07	0.0443522848807125	1.516562168564045e-06	-0.4187132835872198	-9.636704619925851e-07	8.088558456921319e-07	1.006395853825842e-06	-5.616513549271627e-08	-5.910828413812258e-07	8.248745301294616e-07	6.671871980294416e-07	-2.467793469176986e-06	-3.013977196308539e-06	8.38244518564499e-07	1.677037598876735e-06	1.123492026598554e-06	1.345693169201657e-06	-1.088670197144779e-06	-7.866189178152427e-07	-6.136677525026089e-07	-7.404810336937978e-07	1.810792478082436e-07	2.392274187342834e-07	-2.258154170207806e-07	-2.142756058604329e-07	-6.13233846003655e-07	-1.162504599758784e-07	2.277072737594917e-06	1.200602485701777e-06	-2.989788665952009e-07	-2.273396700390464e-07	1.464024086748805e-06	1.000046018239675e-06	1.047197483966581	-3.621951052915398e-08	-1.503340427236962e-07	-5.156180526935095e-08	1.759088773064605e-06	8.469699770214719e-07	-4.864710282162864e-07	-6.04756089365621e-07	6.299230611725045e-08	4.771160032958913e-08	1.844763624143082e-07	7.828872277229262e-09	1.047197546011746	-4.548518764610745e-08	-1.721457465893951e-07	-9.936502773527639e-08
2.05	-2.782566076902618e-06	-2.695085025145895e-06	-1.897676350814565e-08	5.91432501113875e-07	-8.46126487727485e-07	-4.583153974485329e-07	-6.167123603505531e-09	9.059143738572543e-08	0.9689998825317704	-1.596353531636644e-07	-3.425066389887856e-07	-3.723711789991775e-07	3.273959830503705e-06	3.494210936765153e-06	-5.138829963082535e-07	-1.010223123312852e-06	5.879404334792746e-07	3.680831791003725e-07	0.1396455005486917	-0.01359276180191233	-0.0004712155819850807	-0.0003385669312998603	-0.07756691185804401	0.007936184828609586	0.05297601136191095	-0.002196242969741356	0.008023360224874826	-0.0009726028739103997	0.004763815190748888	0.0007272638254599478	9.430458684345336e-07	1.171861981694113e-06	-0.004492526957281882	0.000823123610766274	0.009814836622317981	-0.002348426822027586	0.001786927831587811	3.95993310692818e-05	0.0002793025238091658	0.0002702009011157117	-0.0003570300602010542	0.0001687289387465802	-8.55281251063646e-07	-1.014609594307846e-07	-1.543517314395208e-06	-7.134814571342579e-07	-9.053693886987178e-07	2.945241892212889e-07	1.113325190851366e-06	1.937036740950902e-06	-1.136681778442646e-06	-1.126894576024793e-06	-4.343859025278548e-07	-9.568714543287105e-07	0.001136735045065794	-2.833626084862155e-07	0.04435230015416436	1.533350854608717e-06	-0.4187132933312112	-9.828488937356932e-07	8.189430460407261e-07	1.009311401927952e-06	-6.20868214497048e-08	-5.890945285814061e-07	8.315254903487901e-07	6.605777997707208e-07	-2.497975863297675e-06	-3.023546561187203e-06	8.549630773383562e-07	1.65909574914603e-06	1.136991139264867e-06	1.350830386059932e-06	-1.096562311516109e-06	-7.908170213749346e-07	-6.210981648528116e-07	-7.449989237249835e-07	1.834952109648812e-07	2.425203572994544e-07	-2.279650425208594e-07	-2.155069228398537e-07	-6.144404223741799e-07	-1.265043018010716e-07	2.289214703229877e-06	1.2337934309773e-06	-3.012553419158839e-07	-2.274764500821999e-07	1.474070196817302e-06	1.010617140087245e-06	1.047197483603729	-3.630864825300333e-08	-1.508459370680962e-07	-5.038263874084066e-08	1.767624307634848e-06	8.607872039350401e-07	-4.925067898669532e-07	-6.02347297019827e-07	6.347191647020562e-08	4.840305534109281e-08	1.845503945719502e-07	6.943664268104407e-09	1.04719754555973	-4.49812040336353e-08	-1.731454029044145e-07	-9.991077696831242e-08
2.06	-2.809619794307447e-06	-2.701768022592215e-06	-1.324419989122125e-08	5.699173810202659e-07	-8.506431402984897e-07	-4.519096340417171e-07	-5.242553009359492e-09	9.158271277294879e-08	0.9689998808951296	-1.630773851927177e-07	-3.462135870713115e-07	-3.689435810202812e-07	3.309035424801855e-06	3.507039722880256e-06	-5.239387060521207e-07	-1.003198645847872e-06	5.916174656377389e-07	3.660804268328098e-07	0.1397536284490447	-0.005552927361910333	-0.0004669678847881753	0.0003860339602587101	-0.07764621206507297	0.00100043584869327	0.05298896216622345	0.02479768257452028	0.008031151998583966	0.007775802040173948	0.004759042010358676	-0.008001445656502416	9.548451330450421e-07	1.179535616991065e-06	-0.004489988960563257	0.001872376146975709	0.009807294319693063	-0.003589756426781059	0.001786621383089074	-0.0002440335856712449	0.0002783039310127982	-0.0004917768800660427	-0.0003564988050938637	0.0004863980422381051	-8.561860920360238e-07	-9.202410032911347e-08	-1.550543027062149e-06	-7.006581550414555e-07	-9.023353294775454e-07	2.991445921131771e-07	1.132675098573058e-06	1.928332659704544e-06	-1.147878878913657e-06	-1.107749246763513e-06	-4.439623274713048e-07	-9.742251229729366e-07	0.001136732218608074	-2.85555850165198e-07	0.04435231527288728	1.503870487116479e-06	-0.4187133029570344	-9.614706905952198e-07	8.290886528091341e-07	1.023125129697158e-06	-6.801421914536413e-08	-5.916054779778495e-07	8.382046410308821e-07	6.667367212738293e-07	-2.528079607489681e-06	-3.007222041196121e-06	8.718030661383083e-07	1.685397258549743e-06	1.150461955551172e-06	1.346573724307787e-06	-1.104407775357779e-06	-7.814917916782314e-07	-6.285011036501826e-07	-7.399438808898484e-07	1.858981503916326e-07	2.406341703378923e-07	-2.301046267181925e-07	-2.135394223702047e-07	-6.156600725743953e-07	-1.302235111928071e-07	2.301169096781865e-06	1.195162463865958e-06	-3.035231363230659e-07	-2.257753276884779e-07	1.484046144899166e-06	9.962368285722106e-07	1.047197483242532	-3.596600179632919e-08	-1.513497208581554e-07	-4.869193283214836e-08	1.776220160284667e-06	8.749639105139701e-07	-4.985140717214421e-07	-5.958325538941499e-07	6.394868939497757e-08	4.781837710965571e-08	1.84666857720069e-07	1.60762816672072e-08	1.047197545109394	-4.453886495045415e-08	-1.741313029065956e-07	-9.726718917432312e-08
2.07	-2.836699891841285e-06	-2.710080736167782e-06	-7.6040339736135e-09	5.575026952250131e-07	-8.55127778409444e-07	-4.469217755149894e-07	-4.311245322707972e-09	9.316796375882087e-08	0.9689998792427458	-1.661543252136791e-07	-3.499066565041754e-07	-3.680980499739676e-07	3.344160554400322e-06	3.516777459461094e-06	-5.339717012548887e-07	-1.000460405407301e-06	5.952869497532089e-07	3.662106140366489e-07	0.1398756774801221	0.01322163322996533	-0.0004632576582752377	0.0009338671120041244	-0.07773386138303852	-0.01158685994657289	0.05302313586259586	0.03252998714927309	0.008043200178298458	0.01107816298825922	0.004747872029355458	-0.0105707904806955	9.666764869534114e-07	1.185451290218318e-06	-0.004486546725167608	0.001943978872164039	0.009798615725596881	-0.002966360696023962	0.001786373985020905	-0.000351047031938288	0.0002754844559727388	-0.001047120356644674	-0.00035565188040756	0.0005529832262655833	-8.5706243869923e-07	-8.437456288734418e-08	-1.557510579218155e-06	-6.931320816058376e-07	-8.992682367987076e-07	3.068224732228686e-07	1.151989601543696e-06	1.928500502376206e-06	-1.159013895072341e-06	-1.105385747384903e-06	-4.535870635500095e-07	-9.708003913314448e-07	0.001136729391292614	-2.842478688261323e-07	0.04435233026073161	1.4898641780122e-06	-0.4187133124778993	-9.466988706943336e-07	8.39279692620076e-07	1.02481657822672e-06	-7.394801996881525e-08	-5.943594141253386e-07	8.449102618214893e-07	6.723060056724913e-07	-2.558115485509926e-06	-2.998371838782985e-06	8.887518143922683e-07	1.703313282033074e-06	1.163908173299096e-06	1.343669917089741e-06	-1.112214170393418e-06	-7.775507767418841e-07	-6.358797607111388e-07	-7.365231424289993e-07	1.882895086496461e-07	2.3883975791845e-07	-2.322355839321197e-07	-2.124908181734165e-07	-6.168846354658775e-07	-1.249201591153394e-07	2.312955171189426e-06	1.167089102351208e-06	-3.057840390180021e-07	-2.25487949983569e-07	1.49396021339799e-06	9.869783119820028e-07	1.047197482882681	-3.586274604960122e-08	-1.518475469386999e-07	-4.90850012642643e-08	1.784857588175499e-06	8.701761516902022e-07	-5.044997415443894e-07	-5.958314238912768e-07	6.44227672462865e-08	4.72558988478082e-08	1.848176728100851e-07	1.845070932402985e-08	1.04719754466015	-4.471487597523957e-08	-1.751060863865637e-07	-9.65891166745614e-08
2.08	-2.871339940532477e-06	-4.15013387156377e-06	3.624202018205598e-10	1.023361805427141e-06	-8.539110644680648e-07	6.400119641447124e-07	-1.333860772298663e-09	4.854615366873341e-07	0.9689998751399862	-6.365476802784506e-07	-3.551338807718182e-07	-6.65210375873807e-07	3.392628537310009e-06	6.067495486645895e-06	-5.50801428629123e-07	-2.296887054425339e-06	5.979909739292628e-07	1.701850446772631e-07	0.1400175348271746	0.03003209195088772	-0.0004598685421974669	0.0006917748804204504	-0.07783120038759124	-0.01934665729079491	0.05305391994533598	0.01907127473801167	0.008056451287130348	0.006734533940597469	0.004737603151234407	-0.006305484284871376	9.857129952462307e-07	2.553874684832178e-06	-0.004483843251027352	0.0006897478037737758	0.009791589369878648	-0.0007364890740452222	0.001785979012627152	-0.0001941741247357711	0.0002736029217525727	-0.001039603833975613	-0.0003549637532544258	0.0002281693580832517	-8.600156903255931e-07	-5.033159563831526e-07	-1.565276990393188e-06	-8.627535761743311e-07	-8.981864698622713e-07	-9.578821807621706e-08	1.173525969204476e-06	2.340259792640834e-06	-1.181227093965954e-06	-3.24552998941891e-06	-4.553971558455954e-07	5.35416591114213e-07	0.001136721399754424	-1.269574677013125e-06	0.04435233702120529	-8.506367942256294e-08	-0.4187133214418672	-8.669508022101355e-07	8.56764699533557e-07	2.418130342209337e-06	-7.127477358404608e-08	1.059603314941655e-06	8.501624863206104e-07	4.046284996703788e-07	-2.581366985380629e-06	-1.679594388869863e-06	9.218396401787127e-07	4.75777169901324e-06	1.186503512566862e-06	3.104387084672685e-06	-1.123471041507238e-06	-1.433273044625903e-06	-6.462066617875743e-07	-1.304244158742333e-06	1.915787884986546e-07	4.123455116629725e-07	-2.349103623361314e-07	-3.175432680196775e-07	-6.182932905132171e-07	-1.580150679507638e-07	2.331112739896665e-06	2.399768339543914e-06	-3.079123279695413e-07	-2.006519096309687e-07	1.506813747666625e-06	1.554234271824665e-06	1.047197482504005	-4.019100101753906e-08	-1.523662350530791e-07	-5.25245863049209e-08	1.808995522367432e-06	3.854134708534819e-06	-5.123534610014051e-07	-9.499697751629518e-07	6.523306384952099e-08	1.124628881585706e-07	1.862854610415666e-07	2.683378282728806e-07	1.047197544780342	6.352328127664974e-08	-1.753674238844336e-07	4.027087558160767e-08
2.09	-2.898410532721464e-06	-2.085811753028284e-06	5.860628123048572e-09	3.680927812059986e-07	-8.582975614485165e-07	-8.883240239399914e-07	-3.863346480663535e-10	-6.565814551529744e-08	0.9689998735070506	2.713117750071157e-08	-3.587992740607622e-07	-2.470308252761418e-07	3.427764313103546e-06	2.441622268213894e-06	-5.609165570571154e-07	-4.423790868885073e-07	6.01707340116248e-07	4.287438358021487e-07	0.1401563993703652	0.037324090626315	-0.0004588831690881963	0.0003166191731479871	-0.07791919596262648	-0.02244051942724284	0.05307007871663506	0.008770570389419193	0.008060620577450323	0.003620045129524459	0.004732348920261459	-0.002749927964193973	9.976817304469636e-07	6.130099452396403e-07	-0.004483033599602305	0.0001263838018794098	0.009786735125677086	0.0003086597004205762	0.00178591226360764	-7.853937166400834e-05	0.0002735375319492698	-0.0009976589477150408	-0.0003548225368088774	8.666546486527222e-05	-8.609599306845939e-07	3.512834350470368e-08	-1.572258453589761e-06	-6.483283163470077e-07	-8.951930363096208e-07	4.259889862126306e-07	1.192980227413798e-06	1.732512731727673e-06	-1.192294489903174e-06	-2.239190797301309e-07	-4.64859050684358e-07	-1.561363600223258e-06	0.001136718472784874	1.250634335831613e-07	0.04435235202444821	2.127987299852725e-06	-0.4187133306557674	-9.970127054792728e-07	8.669752836788481e-07	4.404528741619441e-07	-7.720234954346826e-08	-1.284628129432736e-06	8.566580623267347e-07	7.790204608488648e-07	-2.611588926934469e-06	-3.529288817340043e-06	9.392727427323013e-07	4.384606483100418e-07	1.199883612882907e-06	6.250005883746278e-07	-1.131400366572472e-06	-5.020230776265557e-07	-6.535936818859202e-07	-5.004988702808839e-07	1.939633539762837e-07	1.702923783064917e-07	-2.370415510151589e-07	-1.690255366349358e-07	-6.194574222906901e-07	-8.74927902260649e-08	2.342885719566627e-06	6.223974841120563e-07	-3.101585533989501e-07	-2.320717259548535e-07	1.51672282330011e-06	7.385738920378364e-07	1.047197482148539	-3.459664208325756e-08	-1.52876754020403e-07	-4.725477742417608e-08	1.817517598541017e-06	-3.651020009623057e-07	-5.184042957158404e-07	-4.437941290609923e-07	6.570130386984061e-08	1.974959541460119e-08	1.864405871920147e-07	-8.5716574135858e-08	1.047197544335761	-9.120599283289619e-08	-1.763486839465066e-07	-1.531757336128575e-07
2.1	-2.872213121724328e-06	3.302175415652555e-06	-5.450803825766326e-09	-1.311118976882005e-06	-9.024010979234243e-07	-4.883059395291078e-06	-1.372875215063766e-08	-1.501022735468851e-06	0.9689998889516891	1.738410634744376e-06	-3.516901922321831e-07	8.302517060312954e-07	3.369091010315261e-06	-7.018445535394848e-06	-5.228763625803469e-07	4.442205354656459e-06	6.120478959663539e-07	1.076917672950586e-06	0.1402935182337887	0.03894422300330657	-0.0004604395536039477	0.0003609335942133718	-0.07799335230091456	-0.02298931327510109	0.05307709529095558	-0.0002732055170844097	0.008060888649691192	0.001074601718327079	0.004734343846166863	0.0004512300999176421	9.591636104509832e-07	-4.48966572379543e-06	-0.004483199489774123	-0.0002631294631603885	0.009783456139187534	0.0008577716936680556	0.001786092658345065	-8.068058325600546e-06	0.0002742069723790676	-0.000592889085208181	-0.000354903724954307	-2.407499862821014e-05	-8.47827322168086e-07	1.433256996979828e-06	-1.57371240039238e-06	-9.566017623573414e-08	-8.783826505589226e-07	1.80760705160999e-06	1.196400622680194e-06	5.694690704446861e-08	-1.12513956472206e-06	7.634019129187204e-06	-5.288958195729329e-07	-7.056262149472241e-06	0.001136751869921953	3.79617980315182e-06	0.04435242433724528	7.859151556459652e-06	-0.4187133436853634	-1.450908929877629e-06	8.260358480163375e-07	-4.711602490847311e-06	-1.438286166584329e-07	-7.403902158551714e-06	8.733025389224521e-07	1.82876867773742e-06	-2.689248151617814e-06	-8.254214050032271e-06	8.4430313419619e-07	-1.094390290270004e-05	1.149199088501292e-06	-5.797456739117416e-06	-1.11505794481224e-06	1.968899123215494e-06	-6.401025424692868e-07	1.607259702104574e-06	1.901226924759772e-07	-4.526613079852175e-07	-2.353256343124279e-07	2.19233170653325e-07	-6.188547735974588e-07	1.045075764078001e-07	2.308329040042371e-06	-4.099469555760084e-06	-3.132393464886928e-07	-3.132187749396071e-07	1.50541155679474e-06	-1.420148453068946e-06	1.04719748193341	-2.130450624379375e-08	-1.532260219877429e-07	-2.670140228630223e-08	1.716973537742213e-06	-1.132038133738323e-05	-5.112103167177821e-07	9.067758356629601e-07	6.377481200191475e-08	-2.2130487065847e-07	1.774163104929676e-07	-1.006565314932944e-06	1.04719753988176	-4.969835169931058e-07	-1.823037703012134e-07	-6.507204853390341e-07
2.11	-2.858830282443657e-06	9.490762113145988e-07	-1.340167337654153e-08	-6.009578177296901e-07	-9.368118764666128e-07	-3.163178799077505e-06	-2.37180653333409e-08	-8.86488015673881e-07	0.9689999005757847	1.003272019534755e-06	-3.469014354053805e-07	3.758051970605507e-07	3.332549072431429e-06	-2.931292524158757e-06	-4.972431177810279e-07	2.29758461780055e-06	6.213399049868937e-07	8.024494541394724e-07	0.1404316784672691	0.03759843037790399	-0.0004584813041280089	0.0005606169073707195	-0.07806732389248773	-0.02179108088888499	0.05307506220563125	-0.01062921528712811	0.008061774142310487	-0.002853464664780994	0.004737643654872826	0.003121435599430357	9.332680651909093e-07	-2.277707808585253e-06	-0.004483581438183718	-0.001100867352067362	0.009780706932061399	0.001827712065040073	0.001786239818572637	7.468356353579853e-05	0.0002744590383205068	0.0002960827124070342	-0.0003549840597306963	-0.0002810671707223754	-8.387928084199042e-07	7.579190284158513e-07	-1.576858678315791e-06	-3.837732270631093e-07	-8.649895192271585e-07	1.183968923464838e-06	1.205069494778845e-06	8.374639762215569e-07	-1.075586518349397e-06	4.307817563509981e-06	-5.795732927881173e-07	-4.685954794508369e-06	0.001136776075879859	2.198773885375157e-06	0.04435248425020152	5.45688520981573e-06	-0.418713353647756	-1.16758843887716e-06	7.974531355119974e-07	-2.465869021339455e-06	-1.957944877760025e-07	-4.743671597694797e-06	8.860075914877044e-07	1.337397551591001e-06	-2.757528333527165e-06	-6.264711086438275e-06	7.790997059199756e-07	-5.901152506300326e-06	1.113043510756138e-06	-3.052240984320991e-06	-1.105680858588056e-06	8.500012034931064e-07	-6.316660079113098e-07	6.952348229621191e-07	1.877815372460018e-07	-1.765760966800247e-07	-2.345621071781856e-07	4.926179015650188e-08	-6.187664421481264e-07	1.022513366864101e-08	2.285911975439472e-06	-2.022664458829973e-06	-3.160710799397004e-07	-2.770375485718857e-07	1.499535630723109e-06	-4.742832328883975e-07	1.047197481727962	-2.544794010257679e-08	-1.537111651763623e-07	-3.945006106652631e-08	1.641369841508651e-06	-6.613001420881049e-06	-5.076302944757101e-07	3.156905990508238e-07	6.239628497361967e-08	-1.175377351149318e-07	1.704669127366647e-07	-6.144074245920753e-07	1.047197536453957	-3.179207909182468e-07	-1.871320098150815e-07	-4.360650213547978e-07
2.12	-2.829047095667445e-06	3.614356418861348e-06	-2.577689687734811e-08	-1.413602936448107e-06	-9.839395439700041e-07	-5.171260906684834e-06	-3.812871710291611e-08	-1.603977392641361e-06	0.9689999171678896	1.850211309042941e-06	-3.390059013515999e-07	9.104269798982407e-07	3.26724313595396e-06	-7.620613364627664e-06	-4.557024845710518e-07	4.741242062657751e-06	6.319519012756577e-07	1.110714117834218e-06	0.1405695490742489	0.03916342643686049	-0.0004564958512205167	-4.652519363658816e-05	-0.07814183089145497	-0.02154853436838192	0.05307687453211733	-0.02037684879360554	0.008063772926822459	-0.008089593712466151	0.004731502674417311	0.006122969728021737	8.909325806720993e-07	-4.83065095515081e-06	-0.004484361309861721	-0.002338881805747901	0.009777856787193352	0.003351360139693168	0.001786204921399857	0.0002221366005909271	0.0002741706434976022	0.001248287152158317	-0.0003551836168941682	-0.0006570374296269608	-8.25264425054008e-07	1.470851084521028e-06	-1.57837393097257e-06	-1.097908807206631e-07	-8.474471314024696e-07	1.875697105051906e-06	1.207324659176719e-06	-3.482473340626008e-09	-1.002422501968984e-06	8.217525742266045e-06	-6.477421922807076e-07	-7.44126847370578e-06	0.001136812206204366	4.039677784096895e-06	0.04435256096591211	8.301390719948785e-06	-0.4187133669467787	-1.416586109885745e-06	7.530312294863626e-07	-5.027880085620253e-06	-2.666587101527311e-07	-7.78724746920958e-06	9.036435541517527e-07	1.904273722309961e-06	-2.838287427798405e-06	-8.570644979045225e-06	6.76233920973054e-07	-1.161891263910403e-05	1.057803708153377e-06	-6.241290038395579e-06	-1.087668660261374e-06	2.102103991130485e-06	-6.166500487842434e-07	1.744624453325724e-06	1.83589906280302e-07	-4.863365031479349e-07	-2.325820334759266e-07	2.427538342373092e-07	-6.181184765572202e-07	9.575931166682826e-08	2.247910858157093e-06	-4.374195240928527e-06	-3.192141735264261e-07	-3.210578603399941e-07	1.486665276225309e-06	-1.547557807172098e-06	1.047197481522673	-1.984310396129558e-08	-1.540468880694236e-07	-2.85200360262302e-08	1.533226221288012e-06	-1.20349821572494e-05	-4.993428657621635e-07	9.987176557125066e-07	6.030382737226134e-08	-2.365600480799455e-07	1.607702433098692e-07	-1.070958725002163e-06	1.047197531727134	-5.20326300178925e-07	-1.934141741492256e-07	-6.825694808329171e-07
2.13	-2.817823794416112e-06	3.265925794587749e-06	-3.213003649853441e-08	-1.283261821607618e-06	-1.01660576071496e-06	-4.911573925419395e-06	-4.735308100927216e-08	-1.506254274135663e-06	0.9689999275935871	1.724428109830027e-06	-3.350603237364365e-07	8.284464841888878e-07	3.235165348189189e-06	-6.9948919152393e-06	-4.310141986854835e-07	4.456292105147043e-06	6.401065471443952e-07	1.048480696467726e-06	0.1406997116655777	0.03458105931870184	-0.0004601351783575371	0.0003364811673447812	-0.07820474451943903	-0.01900552476258162	0.05306672269195432	-0.02950894865010041	0.008062120816322111	-0.008544226145634019	0.004736351204221629	0.00969134959827681	8.665875321988874e-07	-4.521415450366613e-06	-0.00448351968915172	-0.002511892947353657	0.009773495078933474	0.003813362253055629	0.001786363014560684	0.0001477604570477599	0.0002726432245627473	0.001665326300925683	-0.000354904923473222	-0.0007054750897271029	-8.170753417579334e-07	1.390066158218573e-06	-1.58175717284577e-06	-1.382975657821147e-07	-8.348136265533139e-07	1.792963400167884e-06	1.214637185184383e-06	3.98978315575485e-08	-9.574626975533756e-07	7.663456610486783e-06	-6.962204848827285e-07	-7.093682157041831e-06	0.001136835414769038	3.820814704572808e-06	0.0443526166249622	7.876652429801062e-06	-0.4187133796751636	-1.478200753326141e-06	7.268382293908096e-07	-4.6909936252725e-06	-3.159506501899708e-07	-7.39236873510146e-06	9.176049602285813e-07	1.89050233974844e-06	-2.901885390036821e-06	-8.186779688353829e-06	6.132152415293127e-07	-1.097286747029149e-05	1.025899563138752e-06	-5.785342703399696e-06	-1.078137377738656e-06	1.980425436444934e-06	-6.090380300569631e-07	1.611684293726671e-06	1.816781415217456e-07	-4.427819551359336e-07	-2.319683381322361e-07	2.184346551310557e-07	-6.178194269508439e-07	9.156074347020141e-08	2.225777260455946e-06	-4.125041727568164e-06	-3.219856823650682e-07	-3.158287191238268e-07	1.481102187768753e-06	-1.427340234466011e-06	1.047197481266396	-2.203124048061142e-08	-1.543928637928026e-07	-2.531149051927174e-08	1.464192184963356e-06	-1.127642269348298e-05	-4.956820933805622e-07	9.298386109202413e-07	5.905947038567329e-08	-2.200050112520849e-07	1.543933070603505e-07	-1.007006567628362e-06	1.04719752841537	-4.961329114548294e-07	-1.978920439419509e-07	-6.460983423749303e-07
2.14	-2.814414981892073e-06	-1.670426192530037e-06	-3.607970318161155e-08	4.475185087690321e-07	-1.04344701221154e-06	-1.083274726202569e-06	-5.450120705111438e-08	-1.114195927906373e-07	0.9689999355591848	3.0472424248603e-08	-3.326320498965291e-07	-2.589159459339784e-07	3.21680039681385e-06	1.925139345201141e-06	-4.135118931735611e-07	1.094885665786626e-07	6.472817309734537e-07	2.471462378478352e-07	0.1408318093297282	0.02750981459757221	-0.0004596671096723811	0.001045526877135943	-0.07826704332893906	-0.01696811545746174	0.05305386999052292	-0.03641586581690769	0.008057623303018702	-0.01190236736294315	0.004743319343839526	0.01159929402784705	8.497220063250291e-07	1.826341434451221e-07	-0.004484862460197938	-0.002455751086923607	0.009771347390271539	0.003502537133187404	0.001786436320345303	0.000374018587348895	0.0002729775089792289	0.000799485037340496	-0.000355330745784714	-0.0006816097128724851	-8.11366233887479e-07	-1.245959620981596e-07	-1.58620246400626e-06	-7.071064468562117e-07	-8.244884252031581e-07	3.189440253110278e-07	1.224560836221439e-06	1.156514212376662e-06	-9.236503104511642e-07	2.31284024516787e-08	-7.366197855550846e-07	-1.859915099237162e-06	0.001136853195845988	4.361102867293135e-07	0.0443526641468299	2.06981928414278e-06	-0.4187133913903253	-1.626775011930375e-06	7.082226627532724e-07	1.977141569234595e-07	-3.562704221959699e-07	-1.620302307265228e-06	9.298280483261698e-07	1.140512962859622e-06	-2.958777866203352e-06	-3.241370833551838e-06	5.673125190149926e-07	-6.823227997412545e-07	1.003253947901934e-06	5.766164372747824e-07	-1.072391959509141e-06	-1.297067140386369e-07	-6.045092146541874e-07	-3.614289144994686e-07	1.807040739971613e-07	1.812122563091133e-07	-2.31928299569702e-07	-1.441759694659729e-07	-6.177999630867528e-07	1.855636345754426e-08	2.210640665710789e-06	-6.354016978862827e-08	-3.246189341249443e-07	-2.170686344046876e-07	1.478716289135157e-06	4.602502272745939e-07	1.047197480995762	-4.278187727193741e-08	-1.547798527073981e-07	-1.176462894828671e-08	1.411070247330217e-06	-5.84799027569232e-07	-4.940031129269345e-07	-2.129816555863454e-07	5.816352189866675e-08	1.108258141022131e-08	1.493513853056172e-07	-9.61926084910274e-08	1.047197525706268	-1.271298925733338e-07	-2.01645103524969e-07	-1.484385342228025e-07
2.15	-2.830376983581193e-06	-1.60977063862538e-06	-3.165371156835281e-08	5.753037133576926e-07	-1.054916134126323e-06	-1.157849347016801e-06	-5.583864341119694e-08	-1.333672283007996e-07	0.9689999361327206	5.607551094932004e-08	-3.350351994433555e-07	-2.315450879073826e-07	3.234692552737259e-06	1.81529830422532e-06	-4.117018794997464e-07	1.914619529379133e-07	6.499782441110256e-07	3.272810853628802e-07	0.1409618016256168	0.02182539290077532	-0.0004605836555171903	-0.0004842142124333952	-0.07832549947763368	-0.009758294442344153	0.05304766635197677	-0.04424996457090753	0.008054453265957962	-0.01482274726924775	0.004742547720665531	0.01430732275183806	8.507784747058054e-07	8.966027557548778e-08	-0.00448650029910813	-0.002605870700881616	0.009770008120299383	0.003369548954987425	0.001786188335492011	0.0004961718383513279	0.0002764234635967947	0.001003743097358477	-0.0003558657330101113	-0.0007412357809776833	-8.123957922169379e-07	-1.014707324386307e-07	-1.593303857732332e-06	-7.830928967769785e-07	-8.215546565545341e-07	-4.03248884638025e-08	1.235910297639232e-06	1.105042599071784e-06	-9.221960283420952e-07	1.448594651940825e-07	-7.563873532878864e-07	-2.184391796958306e-06	0.001136858132025806	5.06400511860467e-07	0.04435268574130018	2.126546216368506e-06	-0.418713407848645	-1.775594597941139e-06	7.095513065976201e-07	2.055513820353606e-07	-3.733978244723538e-07	-1.707715641597838e-06	9.413682501113231e-07	1.163522513758067e-06	-2.99215883276935e-06	-3.428609377896693e-06	5.588207791775977e-07	-8.644926219152598e-07	1.007973805843733e-06	4.51031878312615e-07	-1.073389404704932e-06	-1.180347803026689e-07	-6.078088767116392e-07	-3.279037823454754e-07	1.82425583822184e-07	1.7697950716371e-07	-2.333184704706039e-07	-1.428093613977625e-07	-6.177411894489403e-07	-7.721641280787393e-08	2.209550633825348e-06	1.166731633737935e-08	-3.267905382999255e-07	-2.074381617958696e-07	1.483064360813914e-06	4.608670858782841e-07	1.047197480572547	-4.143686267922641e-08	-1.549043963544862e-07	-1.238407244248486e-08	1.403701864900284e-06	-6.223007932549927e-07	-4.959532309551191e-07	-1.959472424352692e-07	5.824441596559518e-08	1.220814012321601e-08	1.482623139749014e-07	-9.76935301063794e-08	1.047197524379395	-1.318519843205441e-07	-2.031852464683074e-07	-1.351888220558794e-07
2.16	-2.846575368248311e-06	-1.630390033833073e-06	-2.530650105526468e-08	7.933119140167214e-07	-1.06663568632772e-06	-1.195580181724468e-06	-5.718657185709505e-08	-1.366552420370543e-07	0.968999936715306	5.84702793330196e-08	-3.373430463499552e-07	-2.219240213579835e-07	3.252981043406818e-06	1.849799354715112e-06	-4.095697138960419e-07	2.474948083863989e-07	6.535136531440253e-07	4.174112146913744e-07	0.1410845391720388	0.01314254342831311	-0.0004648460616538569	-0.0009060061074483126	-0.07836639945933563	-0.002650427776202946	0.05303549075401037	-0.04539305132468391	0.008048562233217101	-0.01521858711680381	0.004750273357054654	0.0151309038232257	8.515367823549535e-07	4.341862522722503e-08	-0.004488213294322977	-0.002848569934762322	0.00976909009328732	0.003407991263915012	0.001786505610752944	0.0003932929104156769	0.0002774180842996473	0.002720912405130434	-0.0003563470396709538	-0.0008561328034028821	-8.136907521623913e-07	-1.437745335450666e-07	-1.60146457690793e-06	-9.003478237747125e-07	-8.233488770958199e-07	-5.658989041464248e-07	1.246861607741755e-06	1.048986340855307e-06	-9.207138611745993e-07	1.571668923823802e-07	-7.790764994150856e-07	-2.517996783883017e-06	0.001136863337449028	5.481127238756717e-07	0.04435270715265615	2.117901989816162e-06	-0.4187134262944681	-2.018581800581981e-06	7.119150043861461e-07	3.149139643466561e-07	-3.905516322684072e-07	-1.7247043233943e-06	9.53095560601571e-07	1.195217544092062e-06	-3.026900458075262e-06	-3.578799221983219e-06	5.498395359820685e-07	-9.566826667918527e-07	1.012454162108761e-06	4.235779289406841e-07	-1.074697296930451e-06	-1.461091954699844e-07	-6.110890165732447e-07	-3.229705901296438e-07	1.842293159190681e-07	1.868182329823484e-07	-2.347623594923461e-07	-1.482056781655059e-07	-6.187826749974834e-07	-1.949179569228753e-07	2.210060294117904e-06	1.714344479042842e-07	-3.288376231380537e-07	-1.937729174567797e-07	1.487779961614177e-06	4.958473855168848e-07	1.047197480154415	-4.129044226567068e-08	-1.55054558849033e-07	-1.528001101647366e-08	1.397840375818402e-06	-4.633319689438641e-07	-4.979181889448247e-07	-1.92865963542532e-07	5.838166476525294e-08	1.827469702333667e-08	1.473108400775305e-07	-8.325600337452791e-08	1.047197523063486	-1.317719085185326e-07	-2.045238861959034e-07	-1.157591498489424e-07
2.17	-2.862931128810719e-06	-1.635831676049503e-06	-1.730431290320372e-08	7.984066453895096e-07	-1.07864353334131e-06	-1.200881161817145e-06	-5.855843859157698e-08	-1.371965694770882e-07	0.9689999373198651	6.062825426259611e-08	-3.395832364093602e-07	-2.243732020909824e-07	3.271539956310399e-06	1.856058844048773e-06	-4.069999088022522e-07	2.573300173448012e-07	6.577370205400884e-07	4.218581762057603e-07	0.1412075923373583	0.005326044906097175	-0.00046274108061994	0.0008278230133972776	-0.07841465942287291	-0.003255108005379181	0.05301599924362069	-0.04763682169748017	0.008045254979338673	-0.01715228845898473	0.004758687943281145	0.01502319991844586	8.519515432981001e-07	4.165418138023466e-08	-0.004488829677734711	-0.003358969495381781	0.009766959476175221	0.003732640827299585	0.001786896397983745	0.0004340390689061525	0.0002756352521070341	0.003342655257814522	-0.0003564265013967059	-0.001025724811083672	-8.153362302111367e-07	-1.661983710908586e-07	-1.610516051249253e-06	-9.044473135725811e-07	-8.291292342242405e-07	-5.739154080724296e-07	1.257401689232093e-06	1.055174347919292e-06	-9.191569517719949e-07	1.55320655402665e-07	-8.042658099528171e-07	-2.515322822818456e-06	0.00113686886357102	5.525290644073438e-07	0.04435272851545859	2.138399395862768e-06	-0.4187134465784159	-2.026713168984214e-06	7.151064240705073e-07	3.183151402975804e-07	-4.078440996914723e-07	-1.72939536293905e-06	9.650594350980851e-07	1.196223039397237e-06	-3.062798429856483e-06	-3.589046571506828e-06	5.401344332201819e-07	-9.709415737195626e-07	1.016734810402711e-06	4.289820574910772e-07	-1.07621732244229e-06	-1.524067095988431e-07	-6.143354273024768e-07	-3.248565248085836e-07	1.861044357471635e-07	1.874999490060763e-07	-2.362460562761845e-07	-1.483371993463064e-07	-6.207033718291633e-07	-1.903726817234661e-07	2.211759440140557e-06	1.679977539073863e-07	-3.307831555763294e-07	-1.948097755358093e-07	1.492760043980761e-06	4.978578689913504e-07	1.047197479736082	-4.189608724410236e-08	-1.55233722206374e-07	-1.814939730749497e-08	1.393153877288446e-06	-4.709893664376541e-07	-4.998607999747293e-07	-1.944696858715788e-07	5.856409624626757e-08	1.816847092475426e-08	1.464654677293501e-07	-8.485887520421174e-08	1.04719752174984	-1.313301275011229e-07	-2.057227911201739e-07	-1.205272940806216e-07
2.18	-2.879347189635508e-06	-1.668386540882277e-06	-8.576474422862687e-09	1.120322709103948e-06	-1.090769469939252e-06	-1.256137411200894e-06	-5.994188377007465e-08	-1.426706638518894e-07	0.9689999379290662	6.283404318448816e-08	-3.417809407108367e-07	-2.071859615821287e-07	3.290196555529764e-06	1.904505259397332e-06	-4.04260339341693e-07	3.363549254169895e-07	6.622502778247994e-07	5.509197309465244e-07	0.1413270213607178	-0.004273142851724556	-0.0004656683233284802	-0.001764234520204381	-0.07844963430483712	0.01102485939466188	0.05300259633807113	-0.04794866053835984	0.008039548955273151	-0.0176280228592689	0.004759472596171299	0.01566957729108605	8.522139053025078e-07	-2.881039640656629e-08	-0.004489350590912594	-0.003071963364246918	0.009763967154280705	0.003289953692664965	0.001787241584689784	0.000552565767601864	0.0002752858689190077	0.002338270129883863	-0.0003565398961629373	-0.00092788451133269	-8.170756699827545e-07	-2.184070913182503e-07	-1.619956274403917e-06	-1.076906104123167e-06	-8.365721651664018e-07	-1.319225741506144e-06	1.267726742850808e-06	9.640744832923813e-07	-9.175329369482857e-07	1.854309366308471e-07	-8.305874912269725e-07	-3.016294612273078e-06	0.001136874534463803	6.165958303446108e-07	0.04435274980789525	2.121024795451895e-06	-0.418713467658192	-2.385266442542669e-06	7.186661005421e-07	4.828200827021086e-07	-4.252023912802068e-07	-1.757158855138042e-06	9.771215292550886e-07	1.242295111864046e-06	-3.099215470893129e-06	-3.815717794582603e-06	5.301593468670618e-07	-1.093117031560964e-06	1.020896728627547e-06	3.828488947357831e-07	-1.077823043940467e-06	-1.966389578619243e-07	-6.175598776039069e-07	-3.163537639775045e-07	1.880113265706838e-07	2.032770916908524e-07	-2.37747778187721e-07	-1.56781528055049e-07	-6.230375887739898e-07	-3.695314086483494e-07	2.214005480776741e-06	4.115458015421819e-07	-3.326791371131947e-07	-1.735897881617281e-07	1.497854090631179e-06	5.501387784770747e-07	1.047197479320547	-4.091993038665179e-08	-1.554163130948594e-07	-2.003832802257509e-08	1.389035313292538e-06	-2.186513487812084e-07	-5.017899546513828e-07	-1.903141665040622e-07	5.876758156034043e-08	2.752097322029792e-08	1.456767924195509e-07	-6.081885588320853e-08	1.047197520435321	-1.319186809521223e-07	-2.068488273733677e-07	-9.037105625314633e-08
2.19	-2.896144484356311e-06	-1.698619308101605e-06	3.163969228855122e-09	1.251264591155124e-06	-1.103471240924859e-06	-1.291779349759596e-06	-6.138629888767095e-08	-1.47016739633989e-07	0.9689999385860317	7.020356239269939e-08	-3.438376257567992e-07	-2.049725412461526e-07	3.309383809782127e-06	1.942653807313434e-06	-4.00677641946764e-07	3.919329975132104e-07	6.679734278249137e-07	6.04697832138308e-07	0.141437548142354	-0.01363919737598446	-0.000472259930426893	-0.003236541799170189	-0.07846729596530433	0.02299228575550044	0.05299225239816797	-0.04198375728534761	0.008035748450973691	-0.01482448327168521	0.004767033200207308	0.01461899399377752	8.518409893543268e-07	-4.961468812072964e-08	-0.004490171601905142	-0.002074339575846747	0.009761669891527255	0.001839955939886128	0.001787342994860801	0.0005120970469404227	0.000277770440901973	0.001516552010856547	-0.0003568088248780164	-0.000637140029646877	-8.195577758200683e-07	-2.993540912993394e-07	-1.630990920463961e-06	-1.140915613330234e-06	-8.50669523780794e-07	-1.551004681985883e-06	1.277276189494348e-06	9.462018756750843e-07	-9.156018520034551e-07	2.015450522235606e-07	-8.614344598913826e-07	-3.18066739240599e-06	0.001136880879426387	6.593021466293266e-07	0.04435277116620689	2.164413953386986e-06	-0.4187134920905574	-2.529353372382065e-06	7.237821634563711e-07	5.528563665616382e-07	-4.429317553854346e-07	-1.793907582398434e-06	9.895912272050089e-07	1.25481546595426e-06	-3.137913296364503e-06	-3.944031542697053e-06	5.189328149790294e-07	-1.169354241258266e-06	1.024651999045762e-06	3.692320909516242e-07	-1.079888687232251e-06	-2.228383230681339e-07	-6.207311879194955e-07	-3.19177378453888e-07	1.900645998626003e-07	2.088886033325738e-07	-2.393256195199161e-07	-1.59331232077816e-07	-6.269749204583746e-07	-4.256755183927641e-07	2.218420547019224e-06	4.835922562450386e-07	-3.34387217986915e-07	-1.673477461963626e-07	1.503443244382662e-06	5.722601451908483e-07	1.047197478909378	-4.169998229726666e-08	-1.556511111983217e-07	-2.908147136041809e-08	1.387152873190673e-06	-1.489551746253065e-07	-5.036955593593547e-07	-1.915394858577256e-07	5.905608261759406e-08	3.071117235265409e-08	1.451012568567262e-07	-5.405515502978897e-08	1.047197519120856	-1.306482883808048e-07	-2.077634493125925e-07	-9.44378238102058e-08
2.2	-2.912724260360442e-06	-1.65247569637432e-06	1.457585475138697e-08	1.116692693414613e-06	-1.11594395201899e-06	-1.239456283242011e-06	-6.278657374234868e-08	-1.382608001466903e-07	0.9689999391398859	5.228377336507435e-08	-3.459015808864587e-07	-2.100008389489754e-07	3.328364125745575e-06	1.892666855030092e-06	-3.975065039627591e-07	3.039425805079246e-07	6.736306493238193e-07	5.613088884355385e-07	0.1415391767985271	-0.02339568930999691	-0.0004759859937924686	-0.003182990796083621	-0.07846912467129412	0.03046123891159875	0.05298080935739696	-0.02750375513842887	0.00802929418154218	-0.009625947487909438	0.004779350905741496	0.009637681104610191	8.513909429136162e-07	-4.857980943442082e-08	-0.004491048837520254	-0.0009545571007729613	0.009760053632397387	9.563661303016875e-05	0.001787816750700778	0.0003016423108389571	0.0002792558036034737	0.001652065658675821	-0.0003570307532125938	-0.0003326539983904452	-8.213000396089771e-07	-1.586901883618609e-07	-1.64193362102688e-06	-1.086948280671078e-06	-8.659883796107452e-07	-1.568074862361938e-06	1.286799196557144e-06	9.608952865573663e-07	-9.139192390140138e-07	1.538683895585036e-07	-8.923892963230412e-07	-3.077855230191724e-06	0.001136886789998585	5.71644443087432e-07	0.04435279197389548	2.077101919327532e-06	-0.4187135163369736	-2.409732652591373e-06	7.286675331485741e-07	4.741965032151873e-07	-4.600480625312936e-07	-1.685042631873165e-06	1.002192169389708e-06	1.266135862723961e-06	-3.175495374927457e-06	-3.704007001446063e-06	5.081041929083333e-07	-1.071864964310142e-06	1.028582519586818e-06	4.099017874871531e-07	-1.081853157138157e-06	-1.974362183763257e-07	-6.238442510465044e-07	-3.107721330767698e-07	1.921482664715469e-07	2.103213978589091e-07	-2.409167681649327e-07	-1.596800946572313e-07	-6.308982652724942e-07	-3.791834330498082e-07	2.223048142724117e-06	4.60301024505978e-07	-3.36100725910216e-07	-1.736275815764266e-07	1.509002048219015e-06	5.545572181979792e-07	1.047197478503004	-4.103583198272839e-08	-1.557631579532704e-07	-7.840839897021431e-09	1.385390101809348e-06	-1.868712978798426e-07	-5.055815145525725e-07	-1.898049485920307e-07	5.934390423256477e-08	2.827777662752866e-08	1.444927583380022e-07	-6.504806359500112e-08	1.047197517786011	-1.341296997549256e-07	-2.08472812317972e-07	-6.712301960994896e-08
2.21	-2.929125142402567e-06	-1.650390995901204e-06	2.461398824385384e-08	1.121659445555744e-06	-1.128139750585229e-06	-1.236598985654019e-06	-6.415040621801569e-08	-1.376363611645384e-07	0.9689999396518424	4.957475872066174e-08	-3.480537154286729e-07	-2.089508308672558e-07	3.347101257769166e-06	1.89046457518477e-06	-3.947525501320754e-07	2.973047770386909e-07	6.787816806740985e-07	5.634291364752663e-07	0.141640107928258	-0.02500106182296118	-0.0004699698156509276	-0.00265702977908519	-0.07848803780023032	0.02918426326211981	0.0529737204208456	-0.01151199921109209	0.008031813129755235	-0.007133237670150534	0.004776578069973769	0.003101867220239076	8.511410483998594e-07	-5.370366397889672e-08	-0.004491580453168018	-0.0009150692371351959	0.009757322588923588	-0.0004254444791133747	0.001787702061007174	0.0002145673268721855	0.0002792225141158586	0.001807571373752418	-0.0003571439592267818	-0.0003504523015469911	-8.226503432410111e-07	-1.412050641394432e-07	-1.652215661223676e-06	-1.09126621046411e-06	-8.789899110885017e-07	-1.617708421840751e-06	1.296697541139793e-06	9.551782333451084e-07	-9.124642468709502e-07	1.524303831167246e-07	-9.21437183645308e-07	-3.101496127169937e-06	0.00113689228803013	5.648932037002482e-07	0.04435281278083033	2.06390282980968e-06	-0.4187135391697791	-2.419990401399603e-06	7.328403790454517e-07	4.763386523974585e-07	-4.768060914102987e-07	-1.672985849994551e-06	1.014691666078068e-06	1.271056752153803e-06	-3.211756544432782e-06	-3.688067521157269e-06	4.97841978973302e-07	-1.063639197866096e-06	1.032827314721898e-06	4.116556426085144e-07	-1.083674994846673e-06	-1.979774515814209e-07	-6.269765822922282e-07	-3.090829585588287e-07	1.941966753252823e-07	2.12133863762494e-07	-2.424847491273139e-07	-1.604561139650443e-07	-6.340776394181815e-07	-3.865604610958237e-07	2.226812226608901e-06	4.761679155330837e-07	-3.379095469679894e-07	-1.727568743816279e-07	1.514363438700477e-06	5.560698994491903e-07	1.047197478091022	-4.072081187260538e-08	-1.558299289178279e-07	-4.550807708595665e-09	1.382681273488235e-06	-1.693391707618145e-07	-5.074936387098957e-07	-1.89496714447719e-07	5.959437281777395e-08	2.871232556721748e-08	1.437652731261296e-07	-6.422756391237692e-08	1.047197516445402	-1.34843844565206e-07	-2.092416643204059e-07	-6.110925079576602e-08
2.22	-2.945528759490825e-06	-1.655508673733475e-06	3.466075081778706e-08	1.133582978729024e-06	-1.14033958800506e-06	-1.242293463557412e-06	-6.551486421137891e-08	-1.386012777345074e-07	0.9689999401661947	5.156744395113745e-08	-3.502060587386866e-07	-2.088987308237562e-07	3.365842887513901e-06	1.895780408020098e-06	-3.919909531873898e-07	3.064499219339213e-07	6.839359266926155e-07	5.678565139704143e-07	0.1417338425704335	-0.02213499082068736	-0.0004688143082507019	-0.001653593862604227	-0.078512663574793	0.02188963848377838	0.05297197036347849	0.002816493190069479	0.008034273027006168	-0.0007614043505821474	0.00476688746393367	-0.001055919893708036	8.508951016602762e-07	-5.415566396247266e-08	-0.004490343710062903	-4.913864265918114e-06	0.009751554593139004	-0.001341252445443264	0.001787480381415428	-5.365718672658741e-05	0.0002773935268014278	0.001278405457659165	-0.0003568283662683762	-8.049584815848005e-05	-8.240194837079198e-07	-1.577339941863335e-07	-1.662497420520472e-06	-1.096660003891603e-06	-8.91983026828722e-07	-1.61537052991424e-06	1.306598727679738e-06	9.552786262028447e-07	-9.110082397680534e-07	1.569915562448124e-07	-9.504827629495339e-07	-3.109532722185534e-06	0.001136897793642075	5.731625445636462e-07	0.0443528335950801	2.075962775718314e-06	-0.4187135620070649	-2.431304536444821e-06	7.37016383619116e-07	4.8381233207661e-07	-4.935758270587226e-07	-1.682670569915969e-06	1.027187834542085e-06	1.270292100661007e-06	-3.248039609574607e-06	-3.709701670511029e-06	4.875680131339539e-07	-1.074373899111077e-06	1.037067588472152e-06	4.089764176082802e-07	-1.085495459888707e-06	-2.014818358910231e-07	-6.301100802515189e-07	-3.101961849724693e-07	1.962434970145876e-07	2.122350529197996e-07	-2.440521599741069e-07	-1.604778744850449e-07	-6.372577768342803e-07	-3.898800071430196e-07	2.230571244113662e-06	4.778517463261143e-07	-3.397179703616273e-07	-1.724379682483299e-07	1.519725095069226e-06	5.580388737702792e-07	1.047197477678791	-4.087722435956719e-08	-1.558996614005791e-07	-6.802370515881089e-09	1.379964156711488e-06	-1.676685380904321e-07	-5.09405362993571e-07	-1.899212748861813e-07	5.984482700291369e-08	2.891220025815449e-08	1.430378922405159e-07	-6.362040773074295e-08	1.047197515105433	-1.344430785306722e-07	-2.100144140505556e-07	-6.434840765465397e-08
