Coordinates
version=1
nRows=316
nColumns=53
inDegrees=yes

Units are S.I. units (second, meters, Newtons, ...)
If the header above contains a line with 'inDegrees', this indicates whether rotational values are in degrees (yes) or radians (no).

endheader
time	pelvis_tilt	pelvis_list	pelvis_rot	pelvis_tx	pelvis_ty	pelvis_tz	hip_flex_r	hip_add_r	hip_rot_r	pf_flex_r	pf_rot_r	pf_tilt_r	pf_tx_r	pf_ty_r	pf_tz_r	knee_flex_r	knee_add_r	knee_rot_r	knee_tx_r	knee_ty_r	knee_tz_r	ankle_flex_r	subt_angle_r	mtp_angle_r	hip_flex_l	hip_add_l	hip_rot_l	pf_l_r3	pf_l_tx	pf_l_ty	knee_flex_l	ankle_flex_l	subt_angle_l	mtp_angle_l	lumbar_ext	lumbar_latbend	lumbar_rot	neck_ext	neck_latbend	neck_rot	arm_add_r	arm_flex_r	arm_rot_r	elbow_flex_r	pro_sup_r	wrist_flex_r	arm_add_l	arm_flex_l	arm_rot_l	elbow_flex_l	pro_sup_l	wrist_flex_l
      6.64000000	     -2.69237277	      6.14960498	      4.53464406	     -0.03963305	      0.88058255	      0.19439523	     31.83400315	    -10.12517134	    -10.72097069	     10.58740033	      0.26458149	     -1.28405266	      0.05143209	     -0.00409675	      0.00425947	     14.65680670	      0.68793283	      1.73766673	      0.00373645	      0.00051011	     -0.00114966	      4.28411569	    -14.03872034	      0.00000000	     -9.73698503	     -7.46719611	     -0.83455127	      0.06513700	      0.04435000	     -0.41871200	      0.19404130	      0.30339284	      0.00145090	      0.00000000	    -11.28663037	     -2.00639876	     -2.47403130	      0.00000000	      0.00000000	      0.00000000	      0.00000000	      0.00000000	      0.00000000	      0.00000000	     60.00000000	      0.00000000	      0.00000000	      0.00000000	      0.00000000	      0.00000000	     60.00000000	      0.00000000
      6.64400000	     -2.87618933	      6.18114056	      4.53287131	     -0.03488243	      0.87996295	      0.19518396	     31.81784226	    -10.09708208	    -10.69981161	     10.59502164	      0.26840643	     -1.27425247	      0.05141617	     -0.00413789	      0.00426098	     14.70650503	      0.69086675	      1.73611822	      0.00373923	      0.00050913	     -0.00114671	      4.26224487	    -14.02458792	      0.00000000	     -9.84185128	     -7.42462203	     -0.83079466	      0.06513700	      0.04435000	     -0.41871200	      0.19511054	      0.30348363	      0.00154907	      0.00000000	    -11.27497412	     -2.04084207	     -2.48910577	      0.00000000	      0.00000000	      0.00000000	      0.00000000	      0.00000000	      0.00000000	      0.00000000	     60.00000000	      0.00000000	      0.00000000	      0.00000000	      0.00000000	      0.00000000	     60.00000000	      0.00000000
      6.64800000	     -3.23940489	      5.67276133	      4.80073426	     -0.03009717	      0.87879785	      0.19550276	     32.40383927	     -9.70215177	    -10.15684560	     10.77172622	      0.35389455	     -1.07292658	      0.05110426	     -0.00504466	      0.00432820	     15.78957212	      0.74857626	      1.69404766	      0.00380888	      0.00046999	     -0.00123130	      3.74750066	    -13.73290904	      0.00000000	     -9.80588622	     -6.74384388	     -0.67878181	      0.06513700	      0.04435000	     -0.41871200	      0.19291729	      0.30770580	      0.00415266	      0.00000000	    -10.67807690	     -2.88499723	     -2.84687945	      0.00000000	      0.00000000	      0.00000000	      0.00000000	      0.00000000	      0.00000000	      0.00000000	     60.00000000	      0.00000000	      0.00000000	      0.00000000	      0.00000000	      0.00000000	     60.00000000	      0.00000000
      6.65200000	     -3.40708344	      5.75216771	      4.75800725	     -0.02546815	      0.87822734	      0.19661624	     32.37742316	     -9.68367192	    -10.16051782	     10.78010307	      0.35784352	     -1.06430080	      0.05108979	     -0.00508519	      0.00433180	     15.83842419	      0.75109668	      1.69184757	      0.00381268	      0.00047027	     -0.00123529	      3.72996231	    -13.73398466	      0.00000000	     -9.89340105	     -6.71013011	     -0.68507424	      0.06513700	      0.04435000	     -0.41871200	      0.19416334	      0.30771758	      0.00432338	      0.00000000	    -10.66269266	     -2.89257495	     -2.85893955	      0.00000000	      0.00000000	      0.00000000	      0.00000000	      0.00000000	      0.00000000	      0.00000000	     60.00000000	      0.00000000	      0.00000000	      0.00000000	      0.00000000	      0.00000000	     60.00000000	      0.00000000
      6.65600000	     -4.37170549	      5.94000079	      4.44161980	     -0.02073355	      0.87539155	      0.19761853	     34.57955734	     -9.98997401	    -10.06674735	     11.26633579	      0.56342327	     -0.65432499	      0.05034386	     -0.00707047	      0.00455776	     18.24818461	      0.86931092	      1.55283165	      0.00396125	      0.00036337	     -0.00141394	      2.16769896	    -13.93865675	      0.00000000	     -9.15348244	     -6.90323519	      0.26297629	      0.06513700	      0.04435000	     -0.41871200	      0.19625572	      0.32131772	      0.01594354	      0.00000000	     -8.49413360	     -3.66532921	     -3.99269026	      0.00000000	      0.00000000	      0.00000000	      0.00000000	      0.00000000	      0.00000000	      0.00000000	     60.00000000	      0.00000000	      0.00000000	      0.00000000	      0.00000000	      0.00000000	     60.00000000	      0.00000000
      6.66000000	     -4.53054665	      5.99631940	      4.42824423	     -0.01619236	      0.87480586	      0.19832789	     34.55938011	     -9.96250799	    -10.06889274	     11.27039189	      0.56484668	     -0.65147375	      0.05033827	     -0.00708307	      0.00455921	     18.26493111	      0.87009825	      1.55164967	      0.00396223	      0.00036279	     -0.00141542	      2.15784692	    -13.94017490	      0.00000000	     -9.25081280	     -6.89777087	      0.25039651	      0.06513700	      0.04435000	     -0.41871200	      0.19779327	      0.32111807	      0.01616753	      0.00000000	     -8.49276455	     -3.66379505	     -4.00009843	      0.00000000	      0.00000000	      0.00000000	      0.00000000	      0.00000000	      0.00000000	      0.00000000	     60.00000000	      0.00000000	      0.00000000	      0.00000000	      0.00000000	      0.00000000	     60.00000000	      0.00000000
      6.66400000	     -4.68149815	      6.03929868	      4.41931600	     -0.01157639	      0.87421576	      0.19897077	     34.54387144	     -9.94573663	    -10.06605720	     11.27816154	      0.56781647	     -0.64592395	      0.05032828	     -0.00711051	      0.00456317	     18.29718311	      0.87166639	      1.54939332	      0.00396350	      0.00036253	     -0.00141949	      2.13084363	    -13.93893991	      0.00000000	     -9.35476053	     -6.87840331	      0.23695759	      0.06513700	      0.04435000	     -0.41871200	      0.19935842	      0.32091020	      0.01636987	      0.00000000	     -8.48831616	     -3.66311470	     -4.00707248	      0.00000000	      0.00000000	      0.00000000	      0.00000000	      0.00000000	      0.00000000	      0.00000000	     60.00000000	      0.00000000	      0.00000000	      0.00000000	      0.00000000	      0.00000000	     60.00000000	      0.00000000
      6.66800000	     -4.69515823	      5.76532285	      4.37638004	     -0.00761224	      0.87352895	      0.19904683	     34.99132181	     -9.76222773	     -9.93877117	     11.55881193	      0.66566418	     -0.45433375	      0.04997589	     -0.00798221	      0.00467996	     19.37506041	      0.92270598	      1.46921125	      0.00402996	      0.00030391	     -0.00149772	      0.90389080	    -13.84456186	      0.00000000	     -9.25828496	     -6.59309105	     -0.08592301	      0.06513700	      0.04435000	     -0.41871200	      0.21242990	      0.31677327	      0.02291342	      0.00000000	     -7.95437937	     -3.71316301	     -4.24286104	      0.00000000	      0.00000000	      0.00000000	      0.00000000	      0.00000000	      0.00000000	      0.00000000	     60.00000000	      0.00000000	      0.00000000	      0.00000000	      0.00000000	      0.00000000	     60.00000000	      0.00000000
      6.67200000	     -4.83168285	      5.83042595	      4.37872345	     -0.00306104	      0.87327618	      0.20016701	     34.99502684	     -9.77586977	     -9.93357479	     11.56479019	      0.66782337	     -0.45026919	      0.04996764	     -0.00800129	      0.00468243	     19.39657752	      0.92374749	      1.46747853	      0.00402892	      0.00030649	     -0.00149740	      0.86962673	    -13.84492969	      0.00000000	     -9.35400239	     -6.53341064	     -0.08469581	      0.06513700	      0.04435000	     -0.41871200	      0.21353809	      0.31676310	      0.02294253	      0.00000000	     -7.95255715	     -3.70503594	     -4.24945710	      0.00000000	      0.00000000	      0.00000000	      0.00000000	      0.00000000	      0.00000000	      0.00000000	     60.00000000	      0.00000000	      0.00000000	      0.00000000	      0.00000000	      0.00000000	     60.00000000	      0.00000000
      6.67600000	     -4.96857293	      5.84737235	      4.40214002	      0.00143646	      0.87310556	      0.20076525	     35.00728465	     -9.78097465	     -9.91421651	     11.57713861	      0.67162010	     -0.44236996	      0.04995432	     -0.00803392	      0.00468693	     19.43994844	      0.92568505	      1.46414818	      0.00403358	      0.00030578	     -0.00150340	      0.82453496	    -13.83955207	      0.00000000	     -9.46457475	     -6.48922697	     -0.08392082	      0.06513700	      0.04435000	     -0.41871200	      0.21486660	      0.31667482	      0.02299634	      0.00000000	     -7.94676453	     -3.69802736	     -4.25672520	      0.00000000	      0.00000000	      0.00000000	      0.00000000	      0.00000000	      0.00000000	      0.00000000	     60.00000000	      0.00000000	      0.00000000	      0.00000000	      0.00000000	      0.00000000	     60.00000000	      0.00000000
      6.68000000	     -5.07271441	      5.38953229	      4.93157248	      0.00560560	      0.87302335	      0.20019337	     35.37748881	     -9.61916522	     -9.39652124	     11.92445349	      0.77649042	     -0.22189831	      0.04957889	     -0.00892617	      0.00480654	     20.55612518	      0.97937419	      1.37056925	      0.00410326	      0.00023966	     -0.00158427	     -0.00386577	    -13.65871391	      0.00000000	     -9.45096871	     -5.84782504	     -0.09626726	      0.06513700	      0.04435000	     -0.41871200	      0.21945239	      0.31528723	      0.02433012	      0.00000000	     -7.62555025	     -3.56998565	     -4.39523167	      0.00000000	      0.00000000	      0.00000000	      0.00000000	      0.00000000	      0.00000000	      0.00000000	     60.00000000	      0.00000000	      0.00000000	      0.00000000	      0.00000000	      0.00000000	     60.00000000	      0.00000000
      6.68400000	     -5.22309079	      5.43788508	      4.89035452	      0.01035252	      0.87303423	      0.20116671	     35.35565764	     -9.60870053	     -9.38544919	     11.94098407	      0.78117219	     -0.21166449	      0.04956218	     -0.00896512	      0.00481167	     20.60524140	      0.98180958	      1.36626354	      0.00410645	      0.00023882	     -0.00158990	     -0.03032958	    -13.65673479	      0.00000000	     -9.53257853	     -5.79661108	     -0.11146534	      0.06513700	      0.04435000	     -0.41871200	      0.22081813	      0.31512723	      0.02443585	      0.00000000	     -7.62013928	     -3.55498689	     -4.40169543	      0.00000000	      0.00000000	      0.00000000	      0.00000000	      0.00000000	      0.00000000	      0.00000000	     60.00000000	      0.00000000	      0.00000000	      0.00000000	      0.00000000	      0.00000000	     60.00000000	      0.00000000
      6.68800000	     -5.37290835	      5.45080044	      4.88526993	      0.01506192	      0.87295222	      0.20178862	     35.33258952	     -9.56916796	     -9.35618426	     11.96772656	      0.78872313	     -0.19513875	      0.04953525	     -0.00902784	      0.00481992	     20.68352406	      0.98565431	      1.35932588	      0.00411120	      0.00023635	     -0.00159512	     -0.06550854	    -13.64478884	      0.00000000	     -9.62473568	     -5.76478411	     -0.12647773	      0.06513700	      0.04435000	     -0.41871200	      0.22235622	      0.31487090	      0.02455412	      0.00000000	     -7.61088169	     -3.54067372	     -4.40819312	      0.00000000	      0.00000000	      0.00000000	      0.00000000	      0.00000000	      0.00000000	      0.00000000	     60.00000000	      0.00000000	      0.00000000	      0.00000000	      0.00000000	      0.00000000	     60.00000000	      0.00000000
      6.69200000	     -5.24945267	      4.73459022	      5.01272782	      0.01889155	      0.87277024	      0.20262741	     35.79732961	     -8.82166209	     -8.36018017	     12.61466055	      0.95900196	      0.18068261	      0.04893726	     -0.01037140	      0.00499305	     22.39207597	      1.07088947	      1.19635238	      0.00421046	      0.00012353	     -0.00171689	     -0.91184504	    -13.22724829	      0.00000000	     -9.58948449	     -4.83067660	     -0.45318441	      0.06513700	      0.04435000	     -0.41871200	      0.23500288	      0.30909967	      0.02697592	      0.00000000	     -7.11703390	     -3.21146700	     -4.55903382	      0.00000000	      0.00000000	      0.00000000	      0.00000000	      0.00000000	      0.00000000	      0.00000000	     60.00000000	      0.00000000	      0.00000000	      0.00000000	      0.00000000	      0.00000000	     60.00000000	      0.00000000
      6.69600000	     -5.42683951	      4.76374069	      4.98001515	      0.02374525	      0.87266164	      0.20326204	     35.74471147	     -8.81408882	     -8.34041439	     12.63952687	      0.96536092	      0.19421930	      0.04891536	     -0.01041911	      0.00499917	     22.45265663	      1.07401482	      1.19031668	      0.00421323	      0.00012137	     -0.00172180	     -0.93599045	    -13.22143835	      0.00000000	     -9.66530584	     -4.80570634	     -0.45336660	      0.06513700	      0.04435000	     -0.41871200	      0.23627324	      0.30897919	      0.02696211	      0.00000000	     -7.11391402	     -3.18738773	     -4.56461950	      0.00000000	      0.00000000	      0.00000000	      0.00000000	      0.00000000	      0.00000000	      0.00000000	     60.00000000	      0.00000000	      0.00000000	      0.00000000	      0.00000000	      0.00000000	     60.00000000	      0.00000000
      6.70000000	     -5.59878159	      4.77860116	      4.96064468	      0.02867892	      0.87264252	      0.20387875	     35.68335128	     -8.79769031	     -8.30654250	     12.67730945	      0.97490369	      0.21464977	      0.04888256	     -0.01049015	      0.00500823	     22.54374107	      1.07867242	      1.18100199	      0.00421761	      0.00011721	     -0.00172836	     -0.97244499	    -13.20927185	      0.00000000	     -9.74140572	     -4.76947759	     -0.45794106	      0.06513700	      0.04435000	     -0.41871200	      0.23765661	      0.30874618	      0.02695331	      0.00000000	     -7.10646983	     -3.16439874	     -4.56983201	      0.00000000	      0.00000000	      0.00000000	      0.00000000	      0.00000000	      0.00000000	      0.00000000	     60.00000000	      0.00000000	      0.00000000	      0.00000000	      0.00000000	      0.00000000	     60.00000000	      0.00000000
      6.70400000	     -5.39482792	      4.17179433	      4.95329233	      0.03250659	      0.87221387	      0.20486570	     36.21006727	     -8.14310922	     -7.43355144	     13.53916353	      1.19166976	      0.63221460	      0.04816206	     -0.01198542	      0.00520124	     24.46751516	      1.17999512	      0.96982004	      0.00429885	     -0.00001750	     -0.00186165	     -1.87107315	    -12.88950500	      0.00000000	     -9.75160758	     -3.95656633	     -0.49965221	      0.06513700	      0.04435000	     -0.41871200	      0.25288919	      0.30075443	      0.02674216	      0.00000000	     -6.55675945	     -2.55530662	     -4.70791326	      0.00000000	      0.00000000	      0.00000000	      0.00000000	      0.00000000	      0.00000000	      0.00000000	     60.00000000	      0.00000000	      0.00000000	      0.00000000	      0.00000000	      0.00000000	     60.00000000	      0.00000000
      6.70800000	     -5.57241935	      4.19585758	      4.90568961	      0.03731862	      0.87216618	      0.20543377	     36.15613654	     -8.15307460	     -7.42708537	     13.56219592	      1.19754986	      0.64208304	      0.04814350	     -0.01202278	      0.00520587	     24.51613642	      1.18265375	      0.96416047	      0.00429982	     -0.00001796	     -0.00186594	     -1.88199005	    -12.89486951	      0.00000000	     -9.82946103	     -3.93433099	     -0.49427566	      0.06513700	      0.04435000	     -0.41871200	      0.25420909	      0.30050696	      0.02667915	      0.00000000	     -6.55796030	     -2.53203004	     -4.71224401	      0.00000000	      0.00000000	      0.00000000	      0.00000000	      0.00000000	      0.00000000	      0.00000000	     60.00000000	      0.00000000	      0.00000000	      0.00000000	      0.00000000	      0.00000000	     60.00000000	      0.00000000
      6.71200000	     -5.73451026	      4.21921159	      4.86422336	      0.04210391	      0.87227983	      0.20604906	     36.10005902	     -8.14182507	     -7.41977361	     13.59506009	      1.20594154	      0.65601750	      0.04811677	     -0.01207604	      0.00521277	     24.58497544	      1.18639794	      0.95608762	      0.00430208	     -0.00002080	     -0.00187081	     -1.89293600	    -12.90094972	      0.00000000	     -9.90041272	     -3.90713710	     -0.49312267	      0.06513700	      0.04435000	     -0.41871200	      0.25565543	      0.30009938	      0.02662898	      0.00000000	     -6.55432521	     -2.50857469	     -4.71642491	      0.00000000	      0.00000000	      0.00000000	      0.00000000	      0.00000000	      0.00000000	      0.00000000	     60.00000000	      0.00000000	      0.00000000	      0.00000000	      0.00000000	      0.00000000	     60.00000000	      0.00000000
      6.71600000	     -5.88678206	      4.24361176	      4.82147049	      0.04691295	      0.87244747	      0.20672423	     36.03908924	     -8.11179419	     -7.41076615	     13.63856981	      1.21708370	      0.67416796	      0.04808137	     -0.01214620	      0.00522195	     24.67575754	      1.19134877	      0.94540156	      0.00430427	     -0.00002469	     -0.00187722	     -1.90310098	    -12.90797739	      0.00000000	     -9.96563676	     -3.86875591	     -0.49729357	      0.06513700	      0.04435000	     -0.41871200	      0.25731794	      0.29950494	      0.02658839	      0.00000000	     -6.54524569	     -2.48378634	     -4.72072970	      0.00000000	      0.00000000	      0.00000000	      0.00000000	      0.00000000	      0.00000000	      0.00000000	     60.00000000	      0.00000000	      0.00000000	      0.00000000	      0.00000000	      0.00000000	     60.00000000	      0.00000000
      6.72000000	     -5.52544778	      3.63295056	      4.22108115	      0.05063788	      0.87224195	      0.20815027	     36.41702925	     -7.23870357	     -7.18714733	     14.50551175	      1.44503224	      0.98239801	      0.04737674	     -0.01348578	      0.00540391	     26.41030306	      1.28810247	      0.73005423	      0.00432649	     -0.00014656	     -0.00199613	     -1.90640795	    -13.10238988	      0.00000000	     -9.91020901	     -3.19398815	     -0.50210070	      0.06513700	      0.04435000	     -0.41871200	      0.28107929	      0.28281963	      0.02556875	      0.00000000	     -6.02004699	     -1.91881380	     -4.82438821	      0.00000000	      0.00000000	      0.00000000	      0.00000000	      0.00000000	      0.00000000	      0.00000000	     60.00000000	      0.00000000	      0.00000000	      0.00000000	      0.00000000	      0.00000000	     60.00000000	      0.00000000
      6.72400000	     -5.69464062	      3.69846199	      4.25415033	      0.05543090	      0.87249225	      0.20903420	     36.34818607	     -7.19604965	     -7.17781250	     14.53540707	      1.45302918	      0.99131946	      0.04735235	     -0.01353091	      0.00540984	     26.46803595	      1.29140772	      0.72253665	      0.00432653	     -0.00014828	     -0.00199801	     -1.90635463	    -13.10537079	      0.00000000	     -9.97130513	     -3.17473606	     -0.47491290	      0.06513700	      0.04435000	     -0.41871200	      0.28211245	      0.28256719	      0.02532794	      0.00000000	     -6.02290925	     -1.89267027	     -4.82673997	      0.00000000	      0.00000000	      0.00000000	      0.00000000	      0.00000000	      0.00000000	      0.00000000	     60.00000000	      0.00000000	      0.00000000	      0.00000000	      0.00000000	      0.00000000	     60.00000000	      0.00000000
      6.72800000	     -5.85690984	      3.74973334	      4.25239847	      0.06026255	      0.87280204	      0.20980649	     36.26051699	     -7.17256628	     -7.15783217	     14.57453373	      1.46346525	      1.00275509	      0.04732058	     -0.01358881	      0.00541776	     26.54317818	      1.29570878	      0.71271542	      0.00432634	     -0.00015168	     -0.00200332	     -1.90597672	    -13.10766231	      0.00000000	    -10.01601491	     -3.12403465	     -0.45997773	      0.06513700	      0.04435000	     -0.41871200	      0.28335860	      0.28210665	      0.02511778	      0.00000000	     -6.02069921	     -1.86802962	     -4.82927647	      0.00000000	      0.00000000	      0.00000000	      0.00000000	      0.00000000	      0.00000000	      0.00000000	     60.00000000	      0.00000000	      0.00000000	      0.00000000	      0.00000000	      0.00000000	     60.00000000	      0.00000000
      6.73200000	     -6.01612112	      3.79360835	      4.24551499	      0.06512286	      0.87312350	      0.21059248	     36.16611835	     -7.13318616	     -7.13489390	     14.62038602	      1.47569436	      1.01600284	      0.04728335	     -0.01365654	      0.00542701	     26.63123218	      1.30076725	      0.70122350	      0.00432743	     -0.00015782	     -0.00201006	     -1.90532304	    -13.10789215	      0.00000000	    -10.06230028	     -3.07175588	     -0.45316264	      0.06513700	      0.04435000	     -0.41871200	      0.28500353	      0.28141278	      0.02495286	      0.00000000	     -6.01331448	     -1.84458830	     -4.83187397	      0.00000000	      0.00000000	      0.00000000	      0.00000000	      0.00000000	      0.00000000	      0.00000000	     60.00000000	      0.00000000	      0.00000000	      0.00000000	      0.00000000	      0.00000000	     60.00000000	      0.00000000
      6.73600000	     -6.16891963	      3.83056675	      4.22371775	      0.07006140	      0.87348412	      0.21141183	     36.05972035	     -7.08704246	     -7.10712064	     14.67432354	      1.49007451	      1.03126232	      0.04723955	     -0.01373582	      0.00543784	     26.73394363	      1.30664297	      0.68766481	      0.00432595	     -0.00016185	     -0.00201567	     -1.90257709	    -13.10734397	      0.00000000	    -10.10166780	     -3.00889479	     -0.45568338	      0.06513700	      0.04435000	     -0.41871200	      0.28706339	      0.28044345	      0.02482762	      0.00000000	     -6.00004997	     -1.82163427	     -4.83461217	      0.00000000	      0.00000000	      0.00000000	      0.00000000	      0.00000000	      0.00000000	      0.00000000	     60.00000000	      0.00000000	      0.00000000	      0.00000000	      0.00000000	      0.00000000	     60.00000000	      0.00000000
      6.74000000	     -5.48562642	      3.13088320	      4.08506479	      0.07280253	      0.87379284	      0.21376761	     35.97614857	     -6.00258059	     -6.41313366	     15.56069088	      1.72271101	      1.23412120	      0.04651918	     -0.01498808	      0.00560392	     28.37505661	      1.40189174	      0.46325173	      0.00430267	     -0.00027768	     -0.00212300	     -1.41921479	    -13.16843954	      0.00000000	     -9.74462909	     -1.90965073	     -0.34512775	      0.06513700	      0.04435000	     -0.41871200	      0.32981602	      0.25095497	      0.02170799	      0.00000000	     -5.33288592	     -1.24982386	     -4.91067368	      0.00000000	      0.00000000	      0.00000000	      0.00000000	      0.00000000	      0.00000000	      0.00000000	     60.00000000	      0.00000000	      0.00000000	      0.00000000	      0.00000000	      0.00000000	     60.00000000	      0.00000000
      6.74400000	     -5.67992468	      3.15126986	      4.05827233	      0.07791861	      0.87433356	      0.21399701	     35.83493950	     -6.01258563	     -6.39897046	     15.59347636	      1.73106851	      1.23997680	      0.04649249	     -0.01503262	      0.00560954	     28.43415371	      1.40535970	      0.45490521	      0.00430222	     -0.00027927	     -0.00212821	     -1.40404430	    -13.17703305	      0.00000000	     -9.75178065	     -1.88934593	     -0.31782937	      0.06513700	      0.04435000	     -0.41871200	      0.33085557	      0.25058081	      0.02145009	      0.00000000	     -5.34242173	     -1.22774002	     -4.91292987	      0.00000000	      0.00000000	      0.00000000	      0.00000000	      0.00000000	      0.00000000	      0.00000000	     60.00000000	      0.00000000	      0.00000000	      0.00000000	      0.00000000	      0.00000000	     60.00000000	      0.00000000
      6.74800000	     -5.85664917	      3.19677475	      4.03113238	      0.08290709	      0.87487464	      0.21466144	     35.70629207	     -5.99644719	     -6.38796849	     15.62635230	      1.73945354	      1.24582237	      0.04646573	     -0.01507729	      0.00561517	     28.49328037	      1.40883944	      0.44654063	      0.00430165	     -0.00028254	     -0.00213308	     -1.38355965	    -13.18556280	      0.00000000	     -9.76752217	     -1.85757035	     -0.30098549	      0.06513700	      0.04435000	     -0.41871200	      0.33244628	      0.24994071	      0.02123865	      0.00000000	     -5.34538044	     -1.20577972	     -4.91501896	      0.00000000	      0.00000000	      0.00000000	      0.00000000	      0.00000000	      0.00000000	      0.00000000	     60.00000000	      0.00000000	      0.00000000	      0.00000000	      0.00000000	      0.00000000	     60.00000000	      0.00000000
      6.75200000	     -5.48341275	      2.94929258	      3.77657017	      0.08584936	      0.87523714	      0.21669190	     35.39084206	     -5.36235060	     -6.10098951	     15.92196606	      1.81372437	      1.29291352	      0.04622482	     -0.01547323	      0.00566367	     29.01938424	      1.43986715	      0.37133216	      0.00428745	     -0.00031844	     -0.00216352	     -0.07494358	    -13.59993915	      0.00000000	     -8.89302598	     -1.26651304	      0.45712155	      0.06513700	      0.04435000	     -0.41871200	      0.38156161	      0.21893582	      0.01466027	      0.00000000	     -4.93744613	     -0.50698865	     -4.99478934	      0.00000000	      0.00000000	      0.00000000	      0.00000000	      0.00000000	      0.00000000	      0.00000000	     60.00000000	      0.00000000	      0.00000000	      0.00000000	      0.00000000	      0.00000000	     60.00000000	      0.00000000
      6.75600000	     -5.67517684	      2.96717307	      3.77455411	      0.09092780	      0.87589108	      0.21695032	     35.24612363	     -5.36996662	     -6.08092318	     15.95548153	      1.82198659	      1.29775852	      0.04619745	     -0.01551775	      0.00566889	     29.07852048	      1.44321916	      0.36257512	      0.00428651	     -0.00032198	     -0.00216924	     -0.06634023	    -13.60475040	      0.00000000	     -8.89017150	     -1.23195168	      0.48313365	      0.06513700	      0.04435000	     -0.41871200	      0.38232205	      0.21865277	      0.01442703	      0.00000000	     -4.95089544	     -0.49505013	     -4.99715477	      0.00000000	      0.00000000	      0.00000000	      0.00000000	      0.00000000	      0.00000000	      0.00000000	     60.00000000	      0.00000000	      0.00000000	      0.00000000	      0.00000000	      0.00000000	     60.00000000	      0.00000000
      6.76000000	     -5.84401071	      3.00678872	      3.76989070	      0.09565859	      0.87645819	      0.21758199	     35.12468946	     -5.35649558	     -6.06749812	     15.98540049	      1.82934232	      1.30182208	      0.04617304	     -0.01555702	      0.00567353	     29.13119973	      1.44629867	      0.35502028	      0.00428685	     -0.00032677	     -0.00216865	     -0.05285688	    -13.60969942	      0.00000000	     -8.90159190	     -1.18822655	      0.49765912	      0.06513700	      0.04435000	     -0.41871200	      0.38372121	      0.21798906	      0.01428736	      0.00000000	     -4.95792068	     -0.48349734	     -4.99930055	      0.00000000	      0.00000000	      0.00000000	      0.00000000	      0.00000000	      0.00000000	      0.00000000	     60.00000000	      0.00000000	      0.00000000	      0.00000000	      0.00000000	      0.00000000	     60.00000000	      0.00000000
      6.76400000	     -5.47626536	      2.54457347	      4.17747492	      0.09823414	      0.87715127	      0.21801919	     34.58858368	     -4.82683394	     -5.71009807	     16.19930521	      1.88132857	      1.32937047	      0.04599833	     -0.01583678	      0.00570568	     29.50591422	      1.46838342	      0.30020026	      0.00427534	     -0.00035190	     -0.00219697	      1.01833450	    -13.88252348	      0.00000000	     -7.75830639	     -0.20473534	      1.13196149	      0.06513700	      0.04435000	     -0.41871200	      0.43615498	      0.17961438	      0.01087123	      0.00000000	     -4.64898318	     -0.20320040	     -5.05573526	      0.00000000	      0.00000000	      0.00000000	      0.00000000	      0.00000000	      0.00000000	      0.00000000	     60.00000000	      0.00000000	      0.00000000	      0.00000000	      0.00000000	      0.00000000	     60.00000000	      0.00000000
      6.76800000	     -5.64207089	      2.64204310	      4.15402670	      0.10309206	      0.87787213	      0.21944610	     34.45916689	     -4.79914967	     -5.71986496	     16.22451518	      1.88738879	      1.33232747	      0.04597771	     -0.01586958	      0.00570932	     29.54977057	      1.47099764	      0.29374883	      0.00427350	     -0.00035395	     -0.00219934	      1.02577772	    -13.88828334	      0.00000000	     -7.74289738	     -0.14625232	      1.14054614	      0.06513700	      0.04435000	     -0.41871200	      0.43698792	      0.17926614	      0.01070445	      0.00000000	     -4.66032997	     -0.19250301	     -5.05577097	      0.00000000	      0.00000000	      0.00000000	      0.00000000	      0.00000000	      0.00000000	      0.00000000	     60.00000000	      0.00000000	      0.00000000	      0.00000000	      0.00000000	      0.00000000	     60.00000000	      0.00000000
      6.77200000	     -5.80220064	      2.70647243	      4.11793065	      0.10811428	      0.87868144	      0.22046263	     34.29858761	     -4.76706343	     -5.72814789	     16.25513041	      1.89468714	      1.33581871	      0.04595269	     -0.01590905	      0.00571373	     29.60301632	      1.47411537	      0.28591117	      0.00427217	     -0.00035723	     -0.00220315	      1.03781724	    -13.89441446	      0.00000000	     -7.70686494	     -0.11693440	      1.14635088	      0.06513700	      0.04435000	     -0.41871200	      0.43841119	      0.17858542	      0.01059968	      0.00000000	     -4.66563076	     -0.18576816	     -5.05545937	      0.00000000	      0.00000000	      0.00000000	      0.00000000	      0.00000000	      0.00000000	      0.00000000	     60.00000000	      0.00000000	      0.00000000	      0.00000000	      0.00000000	      0.00000000	     60.00000000	      0.00000000
      6.77600000	     -5.59912544	      2.38632546	      4.70435308	      0.11049634	      0.87925312	      0.22139807	     33.61848894	     -4.40492205	     -5.63685389	     16.08686883	      1.85419194	      1.31552249	      0.04609009	     -0.01569107	      0.00568891	     29.30903289	      1.45677586	      0.32894882	      0.00427836	     -0.00033682	     -0.00218476	      2.30764027	    -14.20843894	      0.00000000	     -5.98686324	      0.96858986	      2.18720469	      0.06513700	      0.04435000	     -0.41871200	      0.50215313	      0.13858444	      0.00416886	      0.00000000	     -4.44027382	     -0.01574570	     -5.01795500	      0.00000000	      0.00000000	      0.00000000	      0.00000000	      0.00000000	      0.00000000	      0.00000000	     60.00000000	      0.00000000	      0.00000000	      0.00000000	      0.00000000	      0.00000000	     60.00000000	      0.00000000
      6.78000000	     -5.75788775	      2.42212183	      4.64070537	      0.11548942	      0.88027000	      0.22224523	     33.43954064	     -4.35197607	     -5.65911738	     16.12584594	      1.86363595	      1.32045770	      0.04605833	     -0.01574150	      0.00569484	     29.37775310	      1.46084290	      0.31899245	      0.00427873	     -0.00034244	     -0.00218936	      2.30936372	    -14.21462233	      0.00000000	     -5.91867064	      0.95802575	      2.17726961	      0.06513700	      0.04435000	     -0.41871200	      0.50285562	      0.13828507	      0.00424170	      0.00000000	     -4.45043001	     -0.01084739	     -5.01855880	      0.00000000	      0.00000000	      0.00000000	      0.00000000	      0.00000000	      0.00000000	      0.00000000	     60.00000000	      0.00000000	      0.00000000	      0.00000000	      0.00000000	      0.00000000	     60.00000000	      0.00000000
      6.78400000	     -5.91242145	      2.46396185	      4.55790520	      0.12066257	      0.88115806	      0.22312683	     33.26242213	     -4.30618542	     -5.67920051	     16.16079589	      1.87208377	      1.32478083	      0.04602977	     -0.01578702	      0.00570002	     29.43865226	      1.46443898	      0.31004970	      0.00427641	     -0.00034618	     -0.00219325	      2.31699787	    -14.22180680	      0.00000000	     -5.86344394	      0.95522328	      2.15545691	      0.06513700	      0.04435000	     -0.41871200	      0.50447622	      0.13764160	      0.00436660	      0.00000000	     -4.45498342	     -0.00720830	     -5.01889920	      0.00000000	      0.00000000	      0.00000000	      0.00000000	      0.00000000	      0.00000000	      0.00000000	     60.00000000	      0.00000000	      0.00000000	      0.00000000	      0.00000000	      0.00000000	     60.00000000	      0.00000000
      6.78800000	     -5.63377354	      2.16696525	      4.78486063	      0.12255640	      0.88166752	      0.22395288	     32.66997392	     -3.87109736	     -5.59881056	     16.04645438	      1.84424103	      1.31018472	      0.04612308	     -0.01563804	      0.00568269	     29.23850036	      1.45268433	      0.33933254	      0.00428531	     -0.00033497	     -0.00218058	      3.16255107	    -14.43307206	      0.00000000	     -4.26415608	      1.68201938	      2.37875907	      0.06513700	      0.04435000	     -0.41871200	      0.56642318	      0.10597607	      0.00385156	      0.00000000	     -4.28428239	      0.12469622	     -4.98093925	      0.00000000	      0.00000000	      0.00000000	      0.00000000	      0.00000000	      0.00000000	      0.00000000	     60.00000000	      0.00000000	      0.00000000	      0.00000000	      0.00000000	      0.00000000	     60.00000000	      0.00000000
      6.79200000	     -5.79196703	      2.21714467	      4.71489588	      0.12762101	      0.88260049	      0.22493815	     32.49777381	     -3.83425834	     -5.61912517	     16.08212701	      1.85305120	      1.31487508	      0.04609412	     -0.01568391	      0.00568844	     29.30111600	      1.45634168	      0.33016004	      0.00428063	     -0.00033777	     -0.00218461	      3.16416703	    -14.44023016	      0.00000000	     -4.20167231	      1.69468120	      2.36197498	      0.06513700	      0.04435000	     -0.41871200	      0.56733172	      0.10563466	      0.00389161	      0.00000000	     -4.29552265	      0.12964686	     -4.98127078	      0.00000000	      0.00000000	      0.00000000	      0.00000000	      0.00000000	      0.00000000	      0.00000000	     60.00000000	      0.00000000	      0.00000000	      0.00000000	      0.00000000	      0.00000000	     60.00000000	      0.00000000
      6.79600000	     -5.80383866	      1.90966473	      4.94333885	      0.13016632	      0.88281309	      0.22571122	     32.18162067	     -3.45123856	     -5.73320972	     15.96168479	      1.82354574	      1.29865253	      0.04619242	     -0.01552574	      0.00566995	     29.08960899	      1.44387199	      0.36095097	      0.00428628	     -0.00032374	     -0.00217072	      3.78463501	    -14.65499950	      0.00000000	     -2.68499225	      2.36982299	      2.52252213	      0.06513700	      0.04435000	     -0.41871200	      0.61683895	      0.07911929	      0.00234027	      0.00000000	     -4.30892973	      0.28546565	     -4.95033444	      0.00000000	      0.00000000	      0.00000000	      0.00000000	      0.00000000	      0.00000000	      0.00000000	     60.00000000	      0.00000000	      0.00000000	      0.00000000	      0.00000000	      0.00000000	     60.00000000	      0.00000000
      6.80000000	     -5.95786283	      1.95688489	      4.87374931	      0.13523090	      0.88369570	      0.22665887	     32.00747634	     -3.41415704	     -5.75065999	     15.99817822	      1.83250615	      1.30372325	      0.04616261	     -0.01557402	      0.00567555	     29.15375754	      1.44766912	      0.35163871	      0.00428484	     -0.00032849	     -0.00217519	      3.78246985	    -14.65995881	      0.00000000	     -2.62470600	      2.37831964	      2.50162940	      0.06513700	      0.04435000	     -0.41871200	      0.61778218	      0.07868045	      0.00237366	      0.00000000	     -4.31667205	      0.29071394	     -4.95051136	      0.00000000	      0.00000000	      0.00000000	      0.00000000	      0.00000000	      0.00000000	      0.00000000	     60.00000000	      0.00000000	      0.00000000	      0.00000000	      0.00000000	      0.00000000	     60.00000000	      0.00000000
      6.80400000	     -6.10213684	      2.00260800	      4.78640574	      0.14046444	      0.88461644	      0.22755994	     31.80571482	     -3.36114972	     -5.77268988	     16.03491613	      1.84152271	      1.30868623	      0.04613265	     -0.01562217	      0.00568124	     29.21867267	      1.45144547	      0.34222810	      0.00428085	     -0.00033184	     -0.00217869	      3.78590004	    -14.66503946	      0.00000000	     -2.54220116	      2.36012082	      2.47735379	      0.06513700	      0.04435000	     -0.41871200	      0.61966237	      0.07782527	      0.00246353	      0.00000000	     -4.31874589	      0.29440422	     -4.95042676	      0.00000000	      0.00000000	      0.00000000	      0.00000000	      0.00000000	      0.00000000	      0.00000000	     60.00000000	      0.00000000	      0.00000000	      0.00000000	      0.00000000	      0.00000000	     60.00000000	      0.00000000
      6.80800000	     -5.70081419	      1.85348430	      5.00401348	      0.14168897	      0.88503693	      0.22823585	     31.06580534	     -3.07836382	     -5.63795797	     15.84784431	      1.79533077	      1.28198572	      0.04628533	     -0.01537450	      0.00565199	     28.88819626	      1.43197895	      0.39010124	      0.00429178	     -0.00030986	     -0.00215874	      4.37033098	    -14.73923003	      0.00000000	     -0.90673868	      2.86382820	      2.47754322	      0.06513700	      0.04435000	     -0.41871200	      0.68402426	      0.04252123	     -0.00131175	      0.00000000	     -4.16972766	      0.38215811	     -4.89879639	      0.00000000	      0.00000000	      0.00000000	      0.00000000	      0.00000000	      0.00000000	      0.00000000	     60.00000000	      0.00000000	      0.00000000	      0.00000000	      0.00000000	      0.00000000	     60.00000000	      0.00000000
      6.81200000	     -5.83932854	      1.90127972	      4.91002277	      0.14689780	      0.88607443	      0.22933609	     30.86874364	     -3.03305546	     -5.66236894	     15.88716301	      1.80506100	      1.28766103	      0.04625325	     -0.01542659	      0.00565818	     28.95785679	      1.43608108	      0.38005534	      0.00429055	     -0.00031576	     -0.00216364	      4.37298152	    -14.74649578	      0.00000000	     -0.79943918	      2.87408461	      2.44696745	      0.06513700	      0.04435000	     -0.41871200	      0.68483409	      0.04204264	     -0.00138056	      0.00000000	     -4.18237699	      0.38515239	     -4.89886564	      0.00000000	      0.00000000	      0.00000000	      0.00000000	      0.00000000	      0.00000000	      0.00000000	     60.00000000	      0.00000000	      0.00000000	      0.00000000	      0.00000000	      0.00000000	     60.00000000	      0.00000000
      6.81600000	     -5.78326356	      1.83432371	      4.15801549	      0.15059052	      0.88668011	      0.23045113	     30.58393446	     -2.70771867	     -5.94195316	     15.77368190	      1.77670691	      1.27035981	      0.04634559	     -0.01527654	      0.00563956	     28.75628692	      1.42425309	      0.40899419	      0.00429437	     -0.00030285	     -0.00214915	      4.63153626	    -14.85274158	      0.00000000	     -0.24322524	      2.69949022	      2.15224305	      0.06513700	      0.04435000	     -0.41871200	      0.71085349	      0.03051987	     -0.00185887	      0.00000000	     -4.16862714	      0.36645437	     -4.89283382	      0.00000000	      0.00000000	      0.00000000	      0.00000000	      0.00000000	      0.00000000	      0.00000000	     60.00000000	      0.00000000	      0.00000000	      0.00000000	      0.00000000	      0.00000000	     60.00000000	      0.00000000
      6.82000000	     -5.89914641	      1.88951144	      4.14317067	      0.15557541	      0.88780610	      0.23147564	     30.34786969	     -2.67083754	     -5.93698668	     15.81877868	      1.78801876	      1.27749577	      0.04630894	     -0.01533619	      0.00564712	     28.83669763	      1.42898991	      0.39748087	      0.00429304	     -0.00030905	     -0.00215411	      4.63119130	    -14.85092121	      0.00000000	     -0.09070274	      2.71423509	      2.15306447	      0.06513700	      0.04435000	     -0.41871200	      0.71184257	      0.02991843	     -0.00211765	      0.00000000	     -4.17739182	      0.37162167	     -4.89068920	      0.00000000	      0.00000000	      0.00000000	      0.00000000	      0.00000000	      0.00000000	      0.00000000	     60.00000000	      0.00000000	      0.00000000	      0.00000000	      0.00000000	      0.00000000	     60.00000000	      0.00000000
      6.82400000	     -5.47465930	      1.91031709	      4.43482044	      0.15706942	      0.88813119	      0.23113095	     29.51285497	     -2.70422260	     -5.73229559	     15.58669407	      1.72937617	      1.23881837	      0.04649803	     -0.01502343	      0.00560843	     28.42192396	      1.40468193	      0.45663439	      0.00430218	     -0.00027987	     -0.00212874	      5.08032301	    -14.86288500	      0.00000000	      1.28464356	      2.96598328	      2.22579737	      0.06513700	      0.04435000	     -0.41871200	      0.76817320	      0.00496848	     -0.00843283	      0.00000000	     -4.10035187	      0.38640508	     -4.83155480	      0.00000000	      0.00000000	      0.00000000	      0.00000000	      0.00000000	      0.00000000	      0.00000000	     60.00000000	      0.00000000	      0.00000000	      0.00000000	      0.00000000	      0.00000000	     60.00000000	      0.00000000
      6.82800000	     -5.57296360	      1.97427141	      4.42007102	      0.16172857	      0.88930829	      0.23251113	     29.29874486	     -2.62451981	     -5.74739771	     15.63361048	      1.74133292	      1.24708042	      0.04645983	     -0.01508711	      0.00561643	     28.50607246	      1.40961311	      0.44468562	      0.00430122	     -0.00028573	     -0.00213391	      5.08178041	    -14.86317958	      0.00000000	      1.45739011	      2.97673833	      2.22369007	      0.06513700	      0.04435000	     -0.41871200	      0.76822226	      0.00452632	     -0.00877235	      0.00000000	     -4.11924962	      0.38960775	     -4.82999250	      0.00000000	      0.00000000	      0.00000000	      0.00000000	      0.00000000	      0.00000000	      0.00000000	     60.00000000	      0.00000000	      0.00000000	      0.00000000	      0.00000000	      0.00000000	     60.00000000	      0.00000000
      6.83200000	     -5.83910082	      1.18005670	      5.59099171	      0.16355215	      0.88888797	      0.23263330	     29.03832623	     -1.95611507	     -5.92077562	     15.36094005	      1.67119835	      1.19584706	      0.04668172	     -0.01471356	      0.00556873	     28.01318316	      1.38076096	      0.51401053	      0.00431168	     -0.00025376	     -0.00210226	      5.97720619	    -15.06599902	      0.00000000	      3.80377492	      4.46088192	      2.12376173	      0.06513700	      0.04435000	     -0.41871200	      0.82088074	     -0.03264279	     -0.03230065	      0.00000000	     -4.72477807	      0.42136722	     -4.72708425	      0.00000000	      0.00000000	      0.00000000	      0.00000000	      0.00000000	      0.00000000	      0.00000000	     60.00000000	      0.00000000	      0.00000000	      0.00000000	      0.00000000	      0.00000000	     60.00000000	      0.00000000
      6.83600000	     -5.93271354	      1.22126995	      5.48251038	      0.16836393	      0.88986688	      0.23363266	     28.82508997	     -1.90144909	     -5.95487878	     15.40255665	      1.68199059	      1.20427780	      0.04664787	     -0.01477110	      0.00557623	     28.08904825	      1.38523312	      0.50342783	      0.00430964	     -0.00026294	     -0.00210926	      5.97448682	    -15.07397371	      0.00000000	      3.95454535	      4.43765559	      2.09974394	      0.06513700	      0.04435000	     -0.41871200	      0.82111059	     -0.03290484	     -0.03256271	      0.00000000	     -4.72730779	      0.43252223	     -4.72614269	      0.00000000	      0.00000000	      0.00000000	      0.00000000	      0.00000000	      0.00000000	      0.00000000	     60.00000000	      0.00000000	      0.00000000	      0.00000000	      0.00000000	      0.00000000	     60.00000000	      0.00000000
      6.84000000	     -5.88069515	      1.21687928	      4.79573230	      0.17209365	      0.89039056	      0.23445197	     28.51480938	     -1.71376653	     -6.27875117	     15.29090480	      1.65299820	      1.18145101	      0.04673868	     -0.01461627	      0.00555609	     27.88525153	      1.37328009	      0.53183144	      0.00431262	     -0.00024630	     -0.00209313	      6.12751640	    -15.18032403	      0.00000000	      4.40483161	      4.17665146	      1.97377570	      0.06513700	      0.04435000	     -0.41871200	      0.84077135	     -0.03912123	     -0.03762574	      0.00000000	     -4.62340995	      0.53214416	     -4.70697869	      0.00000000	      0.00000000	      0.00000000	      0.00000000	      0.00000000	      0.00000000	      0.00000000	     60.00000000	      0.00000000	      0.00000000	      0.00000000	      0.00000000	      0.00000000	     60.00000000	      0.00000000
      6.84400000	     -5.77447764	      1.27289494	      5.46400155	      0.17522390	      0.89095324	      0.23468008	     27.90401889	     -1.83782643	     -6.18596409	     15.14514804	      1.61483494	      1.14973538	      0.04685715	     -0.01441231	      0.00552910	     27.61736615	      1.35771293	      0.56876667	      0.00431719	     -0.00022685	     -0.00207730	      6.32093608	    -15.19510453	      0.00000000	      5.40740011	      4.62873564	      2.29667212	      0.06513700	      0.04435000	     -0.41871200	      0.86914679	     -0.04681662	     -0.05425375	      0.00000000	     -4.50772373	      0.72566032	     -4.63778524	      0.00000000	      0.00000000	      0.00000000	      0.00000000	      0.00000000	      0.00000000	      0.00000000	     60.00000000	      0.00000000	      0.00000000	      0.00000000	      0.00000000	      0.00000000	     60.00000000	      0.00000000
      6.84800000	     -5.84879366	      1.05478175	      4.92160960	      0.17903494	      0.89154730	      0.23564081	     27.71752268	     -1.42785986	     -6.50569703	     15.05907992	      1.59219272	      1.12998182	      0.04692709	     -0.01429103	      0.00551283	     27.45797701	      1.34840305	      0.59055744	      0.00431910	     -0.00021801	     -0.00206454	      6.50903694	    -15.29113529	      0.00000000	      5.94233302	      4.59824030	      2.04276065	      0.06513700	      0.04435000	     -0.41871200	      0.88305256	     -0.05080048	     -0.06457318	      0.00000000	     -4.54089145	      0.75420298	     -4.61791294	      0.00000000	      0.00000000	      0.00000000	      0.00000000	      0.00000000	      0.00000000	      0.00000000	     60.00000000	      0.00000000	      0.00000000	      0.00000000	      0.00000000	      0.00000000	     60.00000000	      0.00000000
      6.85200000	     -5.90810262	      1.09813908	      4.89590582	      0.18354106	      0.89273274	      0.23651481	     27.47316645	     -1.38539269	     -6.50786859	     15.10528336	      1.60435774	      1.14067364	      0.04688955	     -0.01435604	      0.00552163	     27.54371868	      1.35338140	      0.57887821	      0.00431792	     -0.00022536	     -0.00207039	      6.50444085	    -15.28951280	      0.00000000	      6.15314576	      4.60070448	      2.05570796	      0.06513700	      0.04435000	     -0.41871200	      0.88286163	     -0.05074836	     -0.06532808	      0.00000000	     -4.54580602	      0.76251393	     -4.61531556	      0.00000000	      0.00000000	      0.00000000	      0.00000000	      0.00000000	      0.00000000	      0.00000000	     60.00000000	      0.00000000	      0.00000000	      0.00000000	      0.00000000	      0.00000000	     60.00000000	      0.00000000
      6.85600000	     -5.68812097	      1.21759119	      5.41728948	      0.18613750	      0.89298595	      0.23633641	     26.70232248	     -1.56383546	     -6.41549931	     14.84702172	      1.53604705	      1.07761826	      0.04709933	     -0.01398751	      0.00547192	     27.06139924	      1.32552405	      0.64415925	      0.00432408	     -0.00019077	     -0.00204015	      6.79487085	    -15.29241825	      0.00000000	      7.29533672	      4.94803991	      2.50708568	      0.06513700	      0.04435000	     -0.41871200	      0.92064945	     -0.05270994	     -0.08784581	      0.00000000	     -4.45350481	      0.86120623	     -4.54538488	      0.00000000	      0.00000000	      0.00000000	      0.00000000	      0.00000000	      0.00000000	      0.00000000	     60.00000000	      0.00000000	      0.00000000	      0.00000000	      0.00000000	      0.00000000	     60.00000000	      0.00000000
      6.86000000	     -6.22884902	     -0.24359731	      5.86428064	      0.18873408	      0.89218276	      0.23685696	     26.75556659	      0.01667609	     -6.94700724	     14.43820873	      1.42712076	      0.96203031	      0.04743115	     -0.01338662	      0.00538993	     26.28026202	      1.28072802	      0.74689355	      0.00432594	     -0.00014137	     -0.00198548	      7.61033015	    -15.45178419	      0.00000000	      9.41051941	      6.30822577	      1.43151695	      0.06513700	      0.04435000	     -0.41871200	      0.95679251	     -0.04839825	     -0.16774571	      0.00000000	     -4.91203096	      1.15774905	     -4.34191194	      0.00000000	      0.00000000	      0.00000000	      0.00000000	      0.00000000	      0.00000000	      0.00000000	     60.00000000	      0.00000000	      0.00000000	      0.00000000	      0.00000000	      0.00000000	     60.00000000	      0.00000000
      6.86400000	     -6.27139534	     -0.20865898	      5.77354081	      0.19325875	      0.89332782	      0.23757031	     26.50924460	      0.04525371	     -6.96256859	     14.48720126	      1.44016994	      0.97696065	      0.04739153	     -0.01345922	      0.00540004	     26.37500922	      1.28613226	      0.73461105	      0.00432559	     -0.00014960	     -0.00199266	      7.59616861	    -15.45549811	      0.00000000	      9.61590266	      6.26994981	      1.42609303	      0.06513700	      0.04435000	     -0.41871200	      0.95608725	     -0.04840114	     -0.16811630	      0.00000000	     -4.90446136	      1.17917234	     -4.33917540	      0.00000000	      0.00000000	      0.00000000	      0.00000000	      0.00000000	      0.00000000	      0.00000000	     60.00000000	      0.00000000	      0.00000000	      0.00000000	      0.00000000	      0.00000000	     60.00000000	      0.00000000
      6.86800000	     -6.12276067	      0.04068378	      5.39259267	      0.19681277	      0.89398297	      0.23790266	     26.03348640	     -0.11881786	     -7.11241299	     14.40127155	      1.41725603	      0.95058422	      0.04746131	     -0.01333073	      0.00538243	     26.20836652	      1.27664368	      0.75614386	      0.00432555	     -0.00013711	     -0.00198106	      7.58282626	    -15.51309770	      0.00000000	     10.03234321	      5.84808244	      1.47446228	      0.06513700	      0.04435000	     -0.41871200	      0.97279216	     -0.04977631	     -0.17606280	      0.00000000	     -4.65743542	      1.48211167	     -4.28741117	      0.00000000	      0.00000000	      0.00000000	      0.00000000	      0.00000000	      0.00000000	      0.00000000	     60.00000000	      0.00000000	      0.00000000	      0.00000000	      0.00000000	      0.00000000	     60.00000000	      0.00000000
      6.87200000	     -6.13926927	      0.08348496	      5.34259796	      0.20104904	      0.89515522	      0.23872735	     25.77488915	     -0.07435548	     -7.11908493	     14.44904423	      1.42997085	      0.96542949	      0.04742261	     -0.01340202	      0.00539229	     26.30116237	      1.28191638	      0.74417817	      0.00432579	     -0.00014538	     -0.00198786	      7.57248324	    -15.51172583	      0.00000000	     10.28135655	      5.81512972	      1.48986417	      0.06513700	      0.04435000	     -0.41871200	      0.97196808	     -0.04953975	     -0.17666186	      0.00000000	     -4.65535724	      1.49432655	     -4.28443134	      0.00000000	      0.00000000	      0.00000000	      0.00000000	      0.00000000	      0.00000000	      0.00000000	     60.00000000	      0.00000000	      0.00000000	      0.00000000	      0.00000000	      0.00000000	     60.00000000	      0.00000000
      6.87600000	     -6.14355246	      0.13515525	      5.27213677	      0.20537449	      0.89619087	      0.23943610	     25.49556236	     -0.04202334	     -7.12586608	     14.49252334	      1.44159584	      0.97853130	      0.04738715	     -0.01346729	      0.00540110	     26.38548077	      1.28672180	      0.73329643	      0.00432522	     -0.00015254	     -0.00199352	      7.56611713	    -15.51100041	      0.00000000	     10.55619248	      5.78018626	      1.50646999	      0.06513700	      0.04435000	     -0.41871200	      0.97166133	     -0.04929724	     -0.17731823	      0.00000000	     -4.65169892	      1.50506461	     -4.28118424	      0.00000000	      0.00000000	      0.00000000	      0.00000000	      0.00000000	      0.00000000	      0.00000000	     60.00000000	      0.00000000	      0.00000000	      0.00000000	      0.00000000	      0.00000000	     60.00000000	      0.00000000
      6.88000000	     -5.80623066	      0.55762351	      5.28019223	      0.20722583	      0.89663043	      0.23956688	     24.70471274	     -0.40764620	     -7.05639860	     14.22579711	      1.37059781	      0.89388572	      0.04760364	     -0.01306601	      0.00534600	     25.86455331	      1.25723408	      0.80002937	      0.00432338	     -0.00011391	     -0.00195767	      7.70092721	    -15.49070099	      0.00000000	     11.55253055	      5.49360052	      1.79743786	      0.06513700	      0.04435000	     -0.41871200	      1.00326525	     -0.04899449	     -0.18999523	      0.00000000	     -4.50201952	      1.63653242	     -4.21346330	      0.00000000	      0.00000000	      0.00000000	      0.00000000	      0.00000000	      0.00000000	      0.00000000	     60.00000000	      0.00000000	      0.00000000	      0.00000000	      0.00000000	      0.00000000	     60.00000000	      0.00000000
      6.88400000	     -5.81547296	      0.56696900	      5.21114082	      0.21153958	      0.89774432	      0.24012623	     24.43411047	     -0.36332136	     -7.05995039	     14.27442450	      1.38350064	      0.90998661	      0.04756427	     -0.01313951	      0.00535618	     25.96029742	      1.26262109	      0.78785676	      0.00432420	     -0.00012202	     -0.00196491	      7.69605745	    -15.48862657	      0.00000000	     11.83451510	      5.45877873	      1.80416526	      0.06513700	      0.04435000	     -0.41871200	      1.00208230	     -0.04872206	     -0.19060940	      0.00000000	     -4.51029780	      1.63629927	     -4.21104286	      0.00000000	      0.00000000	      0.00000000	      0.00000000	      0.00000000	      0.00000000	      0.00000000	     60.00000000	      0.00000000	      0.00000000	      0.00000000	      0.00000000	      0.00000000	     60.00000000	      0.00000000
      6.88800000	     -5.81517154	      0.59336169	      5.13731672	      0.21574998	      0.89870871	      0.24077946	     24.16072490	     -0.31124591	     -7.06740854	     14.31691087	      1.39481771	      0.92374055	      0.04752964	     -0.01320420	      0.00536492	     26.04361502	      1.26735355	      0.77729519	      0.00432482	     -0.00012946	     -0.00197019	      7.69477829	    -15.48627102	      0.00000000	     12.12366199	      5.41131221	      1.81683409	      0.06513700	      0.04435000	     -0.41871200	      1.00146693	     -0.04843646	     -0.19124713	      0.00000000	     -4.51710271	      1.63558584	     -4.20830380	      0.00000000	      0.00000000	      0.00000000	      0.00000000	      0.00000000	      0.00000000	      0.00000000	     60.00000000	      0.00000000	      0.00000000	      0.00000000	      0.00000000	      0.00000000	     60.00000000	      0.00000000
      6.89200000	     -5.62420863	      0.78761170	      5.02348232	      0.21764308	      0.89874979	      0.24085735	     23.49976715	     -0.40524449	     -6.99292638	     13.99428426	      1.30944334	      0.81297298	      0.04779181	     -0.01270941	      0.00529747	     25.40331784	      1.23140008	      0.85757563	      0.00431782	     -0.00008210	     -0.00192698	      7.95978512	    -15.43978218	      0.00000000	     13.20127268	      5.13765325	      1.84546193	      0.06513700	      0.04435000	     -0.41871200	      1.03177231	     -0.04547195	     -0.20554123	      0.00000000	     -4.57516714	      1.56333584	     -4.14019649	      0.00000000	      0.00000000	      0.00000000	      0.00000000	      0.00000000	      0.00000000	      0.00000000	     60.00000000	      0.00000000	      0.00000000	      0.00000000	      0.00000000	      0.00000000	     60.00000000	      0.00000000
      6.89600000	     -5.61480321	      0.80411362	      4.95767153	      0.22170929	      0.89956842	      0.24149755	     23.23292852	     -0.35851324	     -6.99335048	     14.04168319	      1.32206087	      0.82990553	      0.04775314	     -0.01278333	      0.00530747	     25.49855555	      1.23675506	      0.84579866	      0.00431691	     -0.00009618	     -0.00193610	      7.95888389	    -15.43680835	      0.00000000	     13.50554810	      5.11953308	      1.84129117	      0.06513700	      0.04435000	     -0.41871200	      1.03003230	     -0.04504885	     -0.20619854	      0.00000000	     -4.58742265	      1.56056618	     -4.13692507	      0.00000000	      0.00000000	      0.00000000	      0.00000000	      0.00000000	      0.00000000	      0.00000000	     60.00000000	      0.00000000	      0.00000000	      0.00000000	      0.00000000	      0.00000000	     60.00000000	      0.00000000
      6.90000000	     -5.60154513	      0.82816417	      4.88686743	      0.22571293	      0.90036555	      0.24216249	     22.96279036	     -0.29936832	     -7.00040475	     14.08362380	      1.33289293	      0.84502160	      0.04771931	     -0.01284742	      0.00531627	     25.58216419	      1.24139831	      0.83539812	      0.00432063	     -0.00009774	     -0.00193933	      7.96264770	    -15.43440922	      0.00000000	     13.81326620	      5.07667980	      1.84726677	      0.06513700	      0.04435000	     -0.41871200	      1.02887172	     -0.04463869	     -0.20683486	      0.00000000	     -4.59887917	      1.55701191	     -4.13338994	      0.00000000	      0.00000000	      0.00000000	      0.00000000	      0.00000000	      0.00000000	      0.00000000	     60.00000000	      0.00000000	      0.00000000	      0.00000000	      0.00000000	      0.00000000	     60.00000000	      0.00000000
      6.90400000	     -5.53315985	      0.93944585	      4.80220406	      0.22759696	      0.90029540	      0.24244377	     22.40486096	     -0.28215568	     -6.97567198	     13.71663743	      1.23713475	      0.70611256	      0.04801767	     -0.01227154	      0.00523862	     24.83739859	      1.20015279	      0.92615624	      0.00430727	     -0.00004454	     -0.00188796	      8.40961087	    -15.42220910	      0.00000000	     14.95077746	      4.81995396	      1.67899400	      0.06513700	      0.04435000	     -0.41871200	      1.05422761	     -0.04030050	     -0.22080901	      0.00000000	     -4.79052080	      1.41428298	     -4.04181609	      0.00000000	      0.00000000	      0.00000000	      0.00000000	      0.00000000	      0.00000000	      0.00000000	     60.00000000	      0.00000000	      0.00000000	      0.00000000	      0.00000000	      0.00000000	     60.00000000	      0.00000000
      6.90800000	     -5.52328501	      0.94488246	      4.74156319	      0.23172836	      0.90101895	      0.24294696	     22.13300955	     -0.23221345	     -6.97882003	     13.76518844	      1.24966710	      0.72561868	      0.04797818	     -0.01234886	      0.00524896	     24.93744400	      1.20566739	      0.91425082	      0.00430960	     -0.00005289	     -0.00189554	      8.41149938	    -15.42055583	      0.00000000	     15.25944294	      4.79150666	      1.68044173	      0.06513700	      0.04435000	     -0.41871200	      1.05224180	     -0.03986883	     -0.22136498	      0.00000000	     -4.80274980	      1.41094330	     -4.03781120	      0.00000000	      0.00000000	      0.00000000	      0.00000000	      0.00000000	      0.00000000	      0.00000000	     60.00000000	      0.00000000	      0.00000000	      0.00000000	      0.00000000	      0.00000000	     60.00000000	      0.00000000
      6.91200000	     -5.49208317	      0.96128672	      4.67009527	      0.23562210	      0.90176424	      0.24353758	     21.85840908	     -0.17931787	     -6.98597434	     13.80836719	      1.26084897	      0.74264928	      0.04794304	     -0.01241738	      0.00525813	     25.02584357	      1.21053233	      0.90359823	      0.00431085	     -0.00006015	     -0.00190149	      8.41738984	    -15.41925561	      0.00000000	     15.58801557	      4.75139880	      1.68782588	      0.06513700	      0.04435000	     -0.41871200	      1.05055324	     -0.03939514	     -0.22192305	      0.00000000	     -4.81375488	      1.40724967	     -4.03361310	      0.00000000	      0.00000000	      0.00000000	      0.00000000	      0.00000000	      0.00000000	      0.00000000	     60.00000000	      0.00000000	      0.00000000	      0.00000000	      0.00000000	      0.00000000	     60.00000000	      0.00000000
      6.91600000	     -5.45260451	      0.98124666	      4.58492460	      0.23941362	      0.90245473	      0.24412193	     21.57612806	     -0.13028393	     -6.99456995	     13.84730321	      1.27095564	      0.75781214	      0.04791135	     -0.01247901	      0.00526636	     25.10548994	      1.21490075	      0.89396047	      0.00431345	     -0.00006833	     -0.00190634	      8.42686758	    -15.41827293	      0.00000000	     15.93002559	      4.70227381	      1.69619603	      0.06513700	      0.04435000	     -0.41871200	      1.04919611	     -0.03896936	     -0.22244289	      0.00000000	     -4.82451102	      1.40291431	     -4.02916372	      0.00000000	      0.00000000	      0.00000000	      0.00000000	      0.00000000	      0.00000000	      0.00000000	     60.00000000	      0.00000000	      0.00000000	      0.00000000	      0.00000000	      0.00000000	     60.00000000	      0.00000000
      6.92000000	     -5.37266312	      1.10994720	      4.53704712	      0.24101110	      0.90231145	      0.24404945	     20.98534246	     -0.18071549	     -6.93418924	     13.46556475	      1.17297885	      0.60032076	      0.04822264	     -0.01186475	      0.00518502	     24.31211788	      1.17164014	      0.98789430	      0.00429200	     -0.00000954	     -0.00185224	      8.92500383	    -15.38650064	      0.00000000	     17.11655486	      4.38752498	      1.55598676	      0.06513700	      0.04435000	     -0.41871200	      1.07358988	     -0.03513514	     -0.23319869	      0.00000000	     -5.03189693	      1.26216669	     -3.91741517	      0.00000000	      0.00000000	      0.00000000	      0.00000000	      0.00000000	      0.00000000	      0.00000000	     60.00000000	      0.00000000	      0.00000000	      0.00000000	      0.00000000	      0.00000000	     60.00000000	      0.00000000
      6.92400000	     -5.35834822	      1.11312167	      4.47991843	      0.24507013	      0.90282052	      0.24465196	     20.71241970	     -0.12095556	     -6.93848597	     13.51279907	      1.18496236	      0.62089796	      0.04818403	     -0.01194207	      0.00519515	     24.41218916	      1.17703045	      0.97632567	      0.00429463	     -0.00001706	     -0.00185914	      8.92919570	    -15.38365141	      0.00000000	     17.43072343	      4.35010861	      1.56030265	      0.06513700	      0.04435000	     -0.41871200	      1.07139012	     -0.03468773	     -0.23365251	      0.00000000	     -5.04490225	      1.25801142	     -3.91245212	      0.00000000	      0.00000000	      0.00000000	      0.00000000	      0.00000000	      0.00000000	      0.00000000	     60.00000000	      0.00000000	      0.00000000	      0.00000000	      0.00000000	      0.00000000	     60.00000000	      0.00000000
      6.92800000	     -5.31944599	      1.12437635	      4.39840457	      0.24887170	      0.90345598	      0.24516714	     20.43809454	     -0.07225933	     -6.94391751	     13.55449650	      1.19557829	      0.63885182	      0.04814992	     -0.01201017	      0.00520408	     24.49983326	      1.18178745	      0.96608737	      0.00429737	     -0.00002454	     -0.00186525	      8.93740482	    -15.38156939	      0.00000000	     17.76746954	      4.31093968	      1.55792723	      0.06513700	      0.04435000	     -0.41871200	      1.06941872	     -0.03430193	     -0.23403418	      0.00000000	     -5.05673448	      1.25346850	     -3.90731326	      0.00000000	      0.00000000	      0.00000000	      0.00000000	      0.00000000	      0.00000000	      0.00000000	     60.00000000	      0.00000000	      0.00000000	      0.00000000	      0.00000000	      0.00000000	     60.00000000	      0.00000000
      6.93200000	     -5.26017214	      1.13023189	      4.31351406	      0.25233526	      0.90393142	      0.24569971	     20.16010050	     -0.01340259	     -6.95281008	     13.59138109	      1.20498552	      0.65467791	      0.04811973	     -0.01207044	      0.00521200	     24.57768562	      1.18599500	      0.95701459	      0.00430052	     -0.00003123	     -0.00187052	      8.95039092	    -15.37928843	      0.00000000	     18.12774170	      4.24714973	      1.56954563	      0.06513700	      0.04435000	     -0.41871200	      1.06754235	     -0.03385850	     -0.23442132	      0.00000000	     -5.06927173	      1.24809715	     -3.90160279	      0.00000000	      0.00000000	      0.00000000	      0.00000000	      0.00000000	      0.00000000	      0.00000000	     60.00000000	      0.00000000	      0.00000000	      0.00000000	      0.00000000	      0.00000000	     60.00000000	      0.00000000
      6.93600000	     -5.34483584	      1.15955270	      4.40830696	      0.25376159	      0.90372140	      0.24512615	     19.67383596	     -0.02172139	     -6.82058506	     13.15068285	      1.09363965	      0.45574312	      0.04848206	     -0.01133653	      0.00511651	     23.63089724	      1.13531284	      1.06495756	      0.00426627	      0.00003645	     -0.00180644	      9.60346895	    -15.31205041	      0.00000000	     19.40252302	      3.97820756	      1.44602689	      0.06513700	      0.04435000	     -0.41871200	      1.08408444	     -0.02653233	     -0.24517504	      0.00000000	     -5.42342747	      1.09126224	     -3.73665955	      0.00000000	      0.00000000	      0.00000000	      0.00000000	      0.00000000	      0.00000000	      0.00000000	     60.00000000	      0.00000000	      0.00000000	      0.00000000	      0.00000000	      0.00000000	     60.00000000	      0.00000000
      6.94000000	     -5.31493100	      1.17664093	      4.33476490	      0.25784641	      0.90399605	      0.24598751	     19.38620020	      0.06746687	     -6.83312339	     13.20227621	      1.10658560	      0.48027436	      0.04843930	     -0.01142461	      0.00512787	     23.74437624	      1.14130246	      1.05233951	      0.00427147	      0.00002849	     -0.00181354	      9.60525211	    -15.30839183	      0.00000000	     19.73952253	      3.92464068	      1.45528374	      0.06513700	      0.04435000	     -0.41871200	      1.08139094	     -0.02608017	     -0.24547650	      0.00000000	     -5.43237265	      1.08907717	     -3.73107503	      0.00000000	      0.00000000	      0.00000000	      0.00000000	      0.00000000	      0.00000000	      0.00000000	     60.00000000	      0.00000000	      0.00000000	      0.00000000	      0.00000000	      0.00000000	     60.00000000	      0.00000000
      6.94400000	     -5.25185388	      1.17797508	      4.24915450	      0.26149464	      0.90474331	      0.24649404	     19.11177744	      0.12739656	     -6.84234846	     13.24752100	      1.11795426	      0.50157726	      0.04840185	     -0.01150150	      0.00513780	     23.84339880	      1.14655453	      1.04127771	      0.00427497	      0.00001977	     -0.00182019	      9.60956595	    -15.30598291	      0.00000000	     20.09167629	      3.87619096	      1.46553414	      0.06513700	      0.04435000	     -0.41871200	      1.07865786	     -0.02562600	     -0.24572622	      0.00000000	     -5.43973250	      1.08631044	     -3.72620185	      0.00000000	      0.00000000	      0.00000000	      0.00000000	      0.00000000	      0.00000000	      0.00000000	     60.00000000	      0.00000000	      0.00000000	      0.00000000	      0.00000000	      0.00000000	     60.00000000	      0.00000000
      6.94800000	     -5.17044922	      1.15845828	      4.20326906	      0.26434919	      0.90499551	      0.24691934	     18.83744360	      0.24727020	     -6.85167839	     13.26017343	      1.12113657	      0.50740422	      0.04839144	     -0.01152271	      0.00514055	     23.87085468	      1.14797779	      1.03817675	      0.00427553	      0.00001830	     -0.00182045	      9.66564484	    -15.29312296	      0.00000000	     20.52378051	      3.78534475	      1.47774812	      0.06513700	      0.04435000	     -0.41871200	      1.07562853	     -0.02450756	     -0.24660551	      0.00000000	     -5.46718281	      1.07308291	     -3.70513021	      0.00000000	      0.00000000	      0.00000000	      0.00000000	      0.00000000	      0.00000000	      0.00000000	     60.00000000	      0.00000000	      0.00000000	      0.00000000	      0.00000000	      0.00000000	     60.00000000	      0.00000000
      6.95200000	     -5.12146742	      1.15395786	      4.09607287	      0.26820501	      0.90537897	      0.24734866	     18.54294861	      0.26059246	     -6.85517264	     13.30253829	      1.13179133	      0.52710956	      0.04835647	     -0.01159420	      0.00514980	     23.96296882	      1.15291677	      1.02781380	      0.00427904	      0.00001087	     -0.00182829	      9.67437896	    -15.29345831	      0.00000000	     20.88344853	      3.76392452	      1.47330170	      0.06513700	      0.04435000	     -0.41871200	      1.07297466	     -0.02404360	     -0.24683795	      0.00000000	     -5.47637729	      1.07052470	     -3.70009657	      0.00000000	      0.00000000	      0.00000000	      0.00000000	      0.00000000	      0.00000000	      0.00000000	     60.00000000	      0.00000000	      0.00000000	      0.00000000	      0.00000000	      0.00000000	     60.00000000	      0.00000000
      6.95600000	     -5.55360553	      1.03320367	      4.30120278	      0.27117824	      0.90516892	      0.24702682	     18.10086419	      0.43052490	     -6.82970751	     12.70233562	      0.98123816	      0.22808753	      0.04886083	     -0.01053711	      0.00501421	     22.60324247	      1.08172337	      1.17488892	      0.00421793	      0.00010489	     -0.00173504	     10.65691678	    -15.23085367	      0.00000000	     22.05938537	      3.65800106	      1.22940283	      0.06513700	      0.04435000	     -0.41871200	      1.07394280	     -0.01310543	     -0.25609965	      0.00000000	     -5.86767548	      0.93137544	     -3.43422328	      0.00000000	      0.00000000	      0.00000000	      0.00000000	      0.00000000	      0.00000000	      0.00000000	     60.00000000	      0.00000000	      0.00000000	      0.00000000	      0.00000000	      0.00000000	     60.00000000	      0.00000000
      6.96000000	     -5.49837129	      1.04875405	      4.21255969	      0.27510516	      0.90518646	      0.24782148	     17.80241250	      0.52640881	     -6.84572456	     12.75371597	      0.99414732	      0.25539872	      0.04881670	     -0.01063192	      0.00502631	     22.72519560	      1.08803419	      1.16219822	      0.00422496	      0.00009628	     -0.00174221	     10.65429881	    -15.22641122	      0.00000000	     22.40668879	      3.58958809	      1.24168179	      0.06513700	      0.04435000	     -0.41871200	      1.07120096	     -0.01274207	     -0.25623478	      0.00000000	     -5.86407022	      0.93169547	     -3.42716746	      0.00000000	      0.00000000	      0.00000000	      0.00000000	      0.00000000	      0.00000000	      0.00000000	     60.00000000	      0.00000000	      0.00000000	      0.00000000	      0.00000000	      0.00000000	     60.00000000	      0.00000000
      6.96400000	     -5.40889070	      1.04806375	      4.11218027	      0.27852724	      0.90560776	      0.24822363	     17.51662074	      0.58160733	     -6.85702687	     12.79969838	      1.00570193	      0.27957042	      0.04877734	     -0.01071615	      0.00503706	     22.83326965	      1.09360196	      1.15090934	      0.00423021	      0.00008804	     -0.00174962	     10.65477325	    -15.22474107	      0.00000000	     22.77663574	      3.53939484	      1.25254135	      0.06513700	      0.04435000	     -0.41871200	      1.06815003	     -0.01233960	     -0.25635490	      0.00000000	     -5.86204418	      0.93126676	     -3.42181872	      0.00000000	      0.00000000	      0.00000000	      0.00000000	      0.00000000	      0.00000000	      0.00000000	     60.00000000	      0.00000000	      0.00000000	      0.00000000	      0.00000000	      0.00000000	     60.00000000	      0.00000000
      6.96800000	     -5.30683974	      1.04133391	      4.01086955	      0.28162105	      0.90540620	      0.24859790	     17.22613892	      0.63724024	     -6.86920122	     12.84353692	      1.01671130	      0.30254833	      0.04873987	     -0.01079623	      0.00504728	     22.93577879	      1.09890623	      1.14015125	      0.00423690	      0.00008238	     -0.00175698	     10.65855184	    -15.22327292	      0.00000000	     23.16452321	      3.48382546	      1.26986302	      0.06513700	      0.04435000	     -0.41871200	      1.06481780	     -0.01187898	     -0.25647932	      0.00000000	     -5.86127502	      0.93078125	     -3.41614662	      0.00000000	      0.00000000	      0.00000000	      0.00000000	      0.00000000	      0.00000000	      0.00000000	     60.00000000	      0.00000000	      0.00000000	      0.00000000	      0.00000000	      0.00000000	     60.00000000	      0.00000000
      6.97200000	     -5.50778387	      0.86368663	      4.26080039	      0.28490619	      0.90589628	      0.24847006	     16.87038719	      0.86058333	     -6.80071684	     12.57633944	      0.94931664	      0.15973111	      0.04897066	     -0.01029874	      0.00498379	     22.29898124	      1.06623072	      1.20589386	      0.00420179	      0.00012300	     -0.00171293	     11.19770337	    -15.13219052	      0.00000000	     23.79462363	      3.54604792	      1.14667262	      0.06513700	      0.04435000	     -0.41871200	      1.05492786	     -0.00449643	     -0.26058203	      0.00000000	     -5.91281759	      0.92430583	     -3.19045711	      0.00000000	      0.00000000	      0.00000000	      0.00000000	      0.00000000	      0.00000000	      0.00000000	     60.00000000	      0.00000000	      0.00000000	      0.00000000	      0.00000000	      0.00000000	     60.00000000	      0.00000000
      6.97600000	     -5.42487536	      0.87279387	      4.13945812	      0.28840853	      0.90586219	      0.24903985	     16.56222971	      0.93073408	     -6.81779391	     12.62321012	      0.96122345	      0.18535394	      0.04892960	     -0.01038817	      0.00499522	     22.41302942	      1.07201055	      1.19433288	      0.00420879	      0.00011557	     -0.00172005	     11.19686112	    -15.13067495	      0.00000000	     24.17684195	      3.47705428	      1.16189626	      0.06513700	      0.04435000	     -0.41871200	      1.05193633	     -0.00412960	     -0.26062961	      0.00000000	     -5.91002483	      0.92578489	     -3.18496364	      0.00000000	      0.00000000	      0.00000000	      0.00000000	      0.00000000	      0.00000000	      0.00000000	     60.00000000	      0.00000000	      0.00000000	      0.00000000	      0.00000000	      0.00000000	     60.00000000	      0.00000000
      6.98000000	     -5.31018093	      0.86728006	      4.02046443	      0.29149004	      0.90586209	      0.24939566	     16.26998559	      0.98504807	     -6.83264951	     12.66512237	      0.97182156	      0.20805700	      0.04889315	     -0.01046719	      0.00500530	     22.51416417	      1.07717988	      1.18400224	      0.00421453	      0.00010910	     -0.00172712	     11.20015730	    -15.12985764	      0.00000000	     24.57654117	      3.41474855	      1.18001403	      0.06513700	      0.04435000	     -0.41871200	      1.04853047	     -0.00368554	     -0.26069920	      0.00000000	     -5.90811412	      0.92683294	     -3.17923542	      0.00000000	      0.00000000	      0.00000000	      0.00000000	      0.00000000	      0.00000000	      0.00000000	     60.00000000	      0.00000000	      0.00000000	      0.00000000	      0.00000000	      0.00000000	     60.00000000	      0.00000000
      6.98400000	     -5.18841057	      0.85732446	      3.90697148	      0.29441803	      0.90584524	      0.24971557	     15.97996268	      1.03888077	     -6.84781022	     12.70481685	      0.98183784	      0.22944253	      0.04885876	     -0.01054154	      0.00501478	     22.60939452	      1.08205643	      1.17423560	      0.00422058	      0.00010426	     -0.00173405	     11.20676608	    -15.12930421	      0.00000000	     24.98610066	      3.35417244	      1.20328636	      0.06513700	      0.04435000	     -0.41871200	      1.04481028	     -0.00316594	     -0.26079430	      0.00000000	     -5.90829989	      0.92805034	     -3.17318505	      0.00000000	      0.00000000	      0.00000000	      0.00000000	      0.00000000	      0.00000000	      0.00000000	     60.00000000	      0.00000000	      0.00000000	      0.00000000	      0.00000000	      0.00000000	     60.00000000	      0.00000000
      6.98800000	     -5.48050946	      0.70130783	      4.04765699	      0.29796799	      0.90620860	      0.24977265	     15.71302288	      1.25537589	     -6.88277671	     12.42665939	      0.91108864	      0.07619053	      0.04910336	     -0.01000706	      0.00494654	     21.92617624	      1.04729522	      1.24301501	      0.00418134	      0.00014677	     -0.00168593	     11.72067789	    -15.07988627	      0.00000000	     25.52918784	      3.44925075	      1.28407083	      0.06513700	      0.04435000	     -0.41871200	      1.02835660	      0.00469194	     -0.26389460	      0.00000000	     -6.02184815	      0.98714969	     -2.97555864	      0.00000000	      0.00000000	      0.00000000	      0.00000000	      0.00000000	      0.00000000	      0.00000000	     60.00000000	      0.00000000	      0.00000000	      0.00000000	      0.00000000	      0.00000000	     60.00000000	      0.00000000
      6.99200000	     -5.37199893	      0.70727526	      3.92272306	      0.30122698	      0.90604224	      0.25026405	     15.40550973	      1.31770166	     -6.89900306	     12.46858362	      0.92185444	      0.09983628	      0.04906587	     -0.01008990	      0.00495713	     22.03180764	      1.05261987	      1.23259671	      0.00418818	      0.00014048	     -0.00169292	     11.72263508	    -15.07828580	      0.00000000	     25.93380746	      3.38226565	      1.30299544	      0.06513700	      0.04435000	     -0.41871200	      1.02499855	      0.00516644	     -0.26395007	      0.00000000	     -6.01771069	      0.98926754	     -2.96918458	      0.00000000	      0.00000000	      0.00000000	      0.00000000	      0.00000000	      0.00000000	      0.00000000	     60.00000000	      0.00000000	      0.00000000	      0.00000000	      0.00000000	      0.00000000	     60.00000000	      0.00000000
      6.99600000	     -5.24291632	      0.70098593	      3.80470236	      0.30414214	      0.90600928	      0.25058090	     15.10303275	      1.36693776	     -6.91270220	     12.50865614	      0.93203759	      0.12170393	      0.04903077	     -0.01016632	      0.00496688	     22.13126074	      1.05767050	      1.22277896	      0.00419209	      0.00013349	     -0.00169891	     11.72810896	    -15.07728965	      0.00000000	     26.35884366	      3.32298544	      1.32707676	      0.06513700	      0.04435000	     -0.41871200	      1.02114168	      0.00580493	     -0.26405331	      0.00000000	     -6.01560785	      0.99105463	     -2.96284538	      0.00000000	      0.00000000	      0.00000000	      0.00000000	      0.00000000	      0.00000000	      0.00000000	     60.00000000	      0.00000000	      0.00000000	      0.00000000	      0.00000000	      0.00000000	     60.00000000	      0.00000000
      7.00000000	     -5.51556172	      0.57791492	      3.99385067	      0.30770923	      0.90626460	      0.25057714	     14.80195993	      1.55689965	     -6.90826371	     12.24473805	      0.86373940	     -0.02873393	      0.04926934	     -0.00963607	      0.00489892	     21.45394003	      1.02363809	      1.28857629	      0.00415435	      0.00017698	     -0.00165174	     12.20694246	    -15.00908632	      0.00000000	     26.86010771	      3.39964983	      1.46421778	      0.06513700	      0.04435000	     -0.41871200	      1.00439769	      0.01707096	     -0.26733729	      0.00000000	     -6.07141746	      1.06474131	     -2.76206291	      0.00000000	      0.00000000	      0.00000000	      0.00000000	      0.00000000	      0.00000000	      0.00000000	     60.00000000	      0.00000000	      0.00000000	      0.00000000	      0.00000000	      0.00000000	     60.00000000	      0.00000000
      7.00400000	     -5.40403884	      0.58333839	      3.86510002	      0.31083070	      0.90581201	      0.25096054	     14.49991994	      1.60475375	     -6.92245729	     12.28464350	      0.87421389	     -0.00523699	      0.04923239	     -0.00971948	      0.00490960	     21.55996057	      1.02892611	      1.27856841	      0.00416026	      0.00016930	     -0.00165902	     12.20850556	    -15.00821821	      0.00000000	     27.25941904	      3.34577078	      1.47567616	      0.06513700	      0.04435000	     -0.41871200	      1.00093600	      0.01755751	     -0.26738454	      0.00000000	     -6.06657239	      1.06638845	     -2.75615712	      0.00000000	      0.00000000	      0.00000000	      0.00000000	      0.00000000	      0.00000000	      0.00000000	     60.00000000	      0.00000000	      0.00000000	      0.00000000	      0.00000000	      0.00000000	     60.00000000	      0.00000000
      7.00800000	     -5.27726426	      0.57801786	      3.74704318	      0.31371465	      0.90561321	      0.25119951	     14.20261497	      1.64209490	     -6.93415385	     12.32267791	      0.88406781	      0.01659994	      0.04919788	     -0.00979638	      0.00491945	     21.65886625	      1.03383866	      1.26907202	      0.00416734	      0.00016569	     -0.00166598	     12.21447592	    -15.00782946	      0.00000000	     27.67503767	      3.30564695	      1.49091881	      0.06513700	      0.04435000	     -0.41871200	      0.99691410	      0.01812608	     -0.26749393	      0.00000000	     -6.06362867	      1.06794319	     -2.74993002	      0.00000000	      0.00000000	      0.00000000	      0.00000000	      0.00000000	      0.00000000	      0.00000000	     60.00000000	      0.00000000	      0.00000000	      0.00000000	      0.00000000	      0.00000000	     60.00000000	      0.00000000
      7.01200000	     -5.15212354	      0.56410747	      3.63698488	      0.31659189	      0.90523776	      0.25141416	     13.90452619	      1.68194022	     -6.94571167	     12.36012848	      0.89388825	      0.03822093	      0.04916346	     -0.00987345	      0.00492941	     21.75632020	      1.03873442	      1.25964040	      0.00417351	      0.00016006	     -0.00167351	     12.22374507	    -15.00788491	      0.00000000	     28.09479442	      3.26652305	      1.51135131	      0.06513700	      0.04435000	     -0.41871200	      0.99251121	      0.01874044	     -0.26763122	      0.00000000	     -6.06327275	      1.06963606	     -2.74367349	      0.00000000	      0.00000000	      0.00000000	      0.00000000	      0.00000000	      0.00000000	      0.00000000	     60.00000000	      0.00000000	      0.00000000	      0.00000000	      0.00000000	      0.00000000	     60.00000000	      0.00000000
      7.01600000	     -5.47700242	      0.31912993	      3.83275436	      0.32067110	      0.90573065	      0.25172275	     13.69203383	      2.03140006	     -6.98124140	     12.14779313	      0.83794375	     -0.08655513	      0.04936070	     -0.00942821	      0.00487237	     21.19185927	      1.01040465	      1.31294018	      0.00414086	      0.00019390	     -0.00163230	     12.72682522	    -14.97887952	      0.00000000	     28.41644505	      3.47100077	      1.61364971	      0.06513700	      0.04435000	     -0.41871200	      0.96767977	      0.02672609	     -0.27116942	      0.00000000	     -6.12602390	      1.13542504	     -2.58049421	      0.00000000	      0.00000000	      0.00000000	      0.00000000	      0.00000000	      0.00000000	      0.00000000	     60.00000000	      0.00000000	      0.00000000	      0.00000000	      0.00000000	      0.00000000	     60.00000000	      0.00000000
      7.02000000	     -5.36450364	      0.32025585	      3.70058062	      0.32383040	      0.90519258	      0.25197156	     13.38805446	      2.06846038	     -6.99310557	     12.18423215	      0.84768097	     -0.06443632	      0.04932600	     -0.00950785	      0.00488235	     21.29144757	      1.01554619	      1.30388800	      0.00414549	      0.00018838	     -0.00163964	     12.73217936	    -14.97849475	      0.00000000	     28.81771658	      3.42236420	      1.62348991	      0.06513700	      0.04435000	     -0.41871200	      0.96400295	      0.02716618	     -0.27124776	      0.00000000	     -6.12099295	      1.13851797	     -2.57440089	      0.00000000	      0.00000000	      0.00000000	      0.00000000	      0.00000000	      0.00000000	      0.00000000	     60.00000000	      0.00000000	      0.00000000	      0.00000000	      0.00000000	      0.00000000	     60.00000000	      0.00000000
      7.02400000	     -5.63981004	      0.14961970	      3.62833062	      0.32783212	      0.90555438	      0.25214500	     13.04162401	      2.35576627	     -6.98064087	     11.91125211	      0.77276572	     -0.23003908	      0.04959217	     -0.00889527	      0.00480247	     20.51710998	      0.97751579	      1.37404962	      0.00409777	      0.00023451	     -0.00158284	     13.28836895	    -14.89182380	      0.00000000	     29.11982087	      3.49611157	      1.68977696	      0.06513700	      0.04435000	     -0.41871200	      0.94275155	      0.03413769	     -0.27472434	      0.00000000	     -6.04414747	      1.26725318	     -2.35029367	      0.00000000	      0.00000000	      0.00000000	      0.00000000	      0.00000000	      0.00000000	      0.00000000	     60.00000000	      0.00000000	      0.00000000	      0.00000000	      0.00000000	      0.00000000	     60.00000000	      0.00000000
      7.02800000	     -5.51526633	      0.14902403	      3.51442338	      0.33086165	      0.90518522	      0.25239909	     12.73254843	      2.37674342	     -6.98375168	     11.94711317	      0.78289591	     -0.20779665	      0.04955598	     -0.00897971	      0.00481349	     20.62332270	      0.98272309	      1.36473734	      0.00410451	      0.00023127	     -0.00159065	     13.29025348	    -14.88825211	      0.00000000	     29.52948605	      3.46040265	      1.70219692	      0.06513700	      0.04435000	     -0.41871200	      0.93896346	      0.03454951	     -0.27482565	      0.00000000	     -6.03467047	      1.27127513	     -2.34245920	      0.00000000	      0.00000000	      0.00000000	      0.00000000	      0.00000000	      0.00000000	      0.00000000	     60.00000000	      0.00000000	      0.00000000	      0.00000000	      0.00000000	      0.00000000	     60.00000000	      0.00000000
      7.03200000	     -5.56435211	      0.04133153	      3.73805027	      0.33425061	      0.90510847	      0.25230956	     12.37014735	      2.56228110	     -6.89666426	     11.84618772	      0.75407545	     -0.27056194	      0.04965894	     -0.00873894	      0.00478177	     20.32034273	      0.96799464	      1.39116034	      0.00408633	      0.00024672	     -0.00156845	     13.54723334	    -14.78999250	      0.00000000	     29.85285454	      3.52591499	      1.88485522	      0.06513700	      0.04435000	     -0.41871200	      0.92335279	      0.03836566	     -0.27705555	      0.00000000	     -5.93678298	      1.36165909	     -2.19009271	      0.00000000	      0.00000000	      0.00000000	      0.00000000	      0.00000000	      0.00000000	      0.00000000	     60.00000000	      0.00000000	      0.00000000	      0.00000000	      0.00000000	      0.00000000	     60.00000000	      0.00000000
      7.03600000	     -5.44031122	      0.03504694	      3.60151971	      0.33723762	      0.90465531	      0.25249239	     12.06258490	      2.57809818	     -6.90587512	     11.88035762	      0.76393669	     -0.24924355	      0.04962371	     -0.00882155	      0.00479274	     20.42431912	      0.97302335	      1.38214722	      0.00409290	      0.00024163	     -0.00157676	     13.55251533	    -14.78972669	      0.00000000	     30.26589244	      3.49259245	      1.88701815	      0.06513700	      0.04435000	     -0.41871200	      0.91913576	      0.03885520	     -0.27711012	      0.00000000	     -5.93070339	      1.36495224	     -2.18300387	      0.00000000	      0.00000000	      0.00000000	      0.00000000	      0.00000000	      0.00000000	      0.00000000	     60.00000000	      0.00000000	      0.00000000	      0.00000000	      0.00000000	      0.00000000	     60.00000000	      0.00000000
      7.04000000	     -5.67384554	     -0.16107964	      3.43280253	      0.34079670	      0.90481817	      0.25268545	     11.88478813	      2.87854163	     -6.90934793	     11.73863586	      0.72224554	     -0.33839062	      0.04977286	     -0.00846969	      0.00474585	     19.98266342	      0.95169753	      1.41985482	      0.00406483	      0.00026622	     -0.00154265	     13.93921690	    -14.71989938	      0.00000000	     30.36750597	      3.52536047	      1.73701306	      0.06513700	      0.04435000	     -0.41871200	      0.89133992	      0.04686802	     -0.27790784	      0.00000000	     -5.88307992	      1.47085202	     -2.00791146	      0.00000000	      0.00000000	      0.00000000	      0.00000000	      0.00000000	      0.00000000	      0.00000000	     60.00000000	      0.00000000	      0.00000000	      0.00000000	      0.00000000	      0.00000000	     60.00000000	      0.00000000
      7.04400000	     -5.54047289	     -0.16766346	      3.34586056	      0.34336161	      0.90429982	      0.25258097	     11.57572146	      2.84595729	     -6.88831990	     11.75315889	      0.72661056	     -0.32918269	      0.04975723	     -0.00850677	      0.00475083	     20.02888196	      0.95395819	      1.41594470	      0.00406868	      0.00026294	     -0.00154803	     13.97014843	    -14.70448263	      0.00000000	     30.76912843	      3.52240933	      1.73267294	      0.06513700	      0.04435000	     -0.41871200	      0.88597265	      0.04787880	     -0.27802102	      0.00000000	     -5.85512461	      1.48956508	     -1.97988120	      0.00000000	      0.00000000	      0.00000000	      0.00000000	      0.00000000	      0.00000000	      0.00000000	     60.00000000	      0.00000000	      0.00000000	      0.00000000	      0.00000000	      0.00000000	     60.00000000	      0.00000000
      7.04800000	     -5.44854116	     -0.17650765	      3.25052032	      0.34676877	      0.90356768	      0.25282216	     11.27046412	      2.88935021	     -6.89532121	     11.78870906	      0.73735715	     -0.30660678	      0.04971874	     -0.00859826	      0.00476312	     20.14241068	      0.95943121	      1.40635371	      0.00407600	      0.00025840	     -0.00155600	     13.97242827	    -14.70183284	      0.00000000	     31.15176119	      3.46968451	      1.75987602	      0.06513700	      0.04435000	     -0.41871200	      0.88185818	      0.04831189	     -0.27808904	      0.00000000	     -5.85245272	      1.49389844	     -1.97370115	      0.00000000	      0.00000000	      0.00000000	      0.00000000	      0.00000000	      0.00000000	      0.00000000	     60.00000000	      0.00000000	      0.00000000	      0.00000000	      0.00000000	      0.00000000	     60.00000000	      0.00000000
      7.05200000	     -5.78698975	     -0.29382293	      3.33292661	      0.35133716	      0.90412389	      0.25324093	     10.86377536	      3.13934704	     -6.95762670	     11.50952132	      0.64939161	     -0.48680264	      0.05003409	     -0.00784032	      0.00466026	     19.19827826	      0.91433992	      1.48307610	      0.00401662	      0.00031019	     -0.00148567	     14.64338563	    -14.61471719	      0.00000000	     31.21308831	      3.64317486	      2.22106179	      0.06513700	      0.04435000	     -0.41871200	      0.84961753	      0.05065571	     -0.28109389	      0.00000000	     -5.67255817	      1.71120277	     -1.68236890	      0.00000000	      0.00000000	      0.00000000	      0.00000000	      0.00000000	      0.00000000	      0.00000000	     60.00000000	      0.00000000	      0.00000000	      0.00000000	      0.00000000	      0.00000000	     60.00000000	      0.00000000
      7.05600000	     -5.66521721	     -0.30884573	      3.23618579	      0.35448077	      0.90325069	      0.25317004	     10.55823346	      3.15684687	     -6.95931860	     11.54301832	      0.66050549	     -0.46469022	      0.04999422	     -0.00793736	      0.00467367	     19.31895009	      0.92006442	      1.47366154	      0.00402500	      0.00030478	     -0.00149489	     14.64082808	    -14.61180629	      0.00000000	     31.61292954	      3.59859355	      2.24798269	      0.06513700	      0.04435000	     -0.41871200	      0.84573433	      0.05092352	     -0.28116046	      0.00000000	     -5.66656122	      1.71249014	     -1.67696461	      0.00000000	      0.00000000	      0.00000000	      0.00000000	      0.00000000	      0.00000000	      0.00000000	     60.00000000	      0.00000000	      0.00000000	      0.00000000	      0.00000000	      0.00000000	     60.00000000	      0.00000000
      7.06000000	     -5.53490735	     -0.32916737	      3.15122607	      0.35740546	      0.90290979	      0.25311306	     10.25421210	      3.17503941	     -6.96140200	     11.57591081	      0.67125073	     -0.44314238	      0.04995568	     -0.00803080	      0.00468652	     19.43533835	      0.92559170	      1.46447399	      0.00403221	      0.00029868	     -0.00150383	     14.64279326	    -14.60941125	      0.00000000	     32.02728557	      3.56393944	      2.28184523	      0.06513700	      0.04435000	     -0.41871200	      0.84123949	      0.05127621	     -0.28127863	      0.00000000	     -5.66244164	      1.71437370	     -1.67131028	      0.00000000	      0.00000000	      0.00000000	      0.00000000	      0.00000000	      0.00000000	      0.00000000	     60.00000000	      0.00000000	      0.00000000	      0.00000000	      0.00000000	      0.00000000	     60.00000000	      0.00000000
      7.06400000	     -5.62068176	     -0.52508025	      3.72393808	      0.36073243	      0.90283028	      0.25259635	      9.99396612	      3.44614500	     -6.90843652	     11.52886453	      0.65585674	     -0.47405213	      0.05001098	     -0.00789621	      0.00466852	     19.26811722	      0.91767607	      1.47759447	      0.00402150	      0.00030618	     -0.00149119	     14.88526087	    -14.54162829	      0.00000000	     32.25974174	      3.71444685	      2.73466063	      0.06513700	      0.04435000	     -0.41871200	      0.81781985	      0.05315233	     -0.28360802	      0.00000000	     -5.64402240	      1.78055537	     -1.56436049	      0.00000000	      0.00000000	      0.00000000	      0.00000000	      0.00000000	      0.00000000	      0.00000000	     60.00000000	      0.00000000	      0.00000000	      0.00000000	      0.00000000	      0.00000000	     60.00000000	      0.00000000
      7.06800000	     -5.50909619	     -0.52836110	      3.59227041	      0.36383603	      0.90198572	      0.25276938	      9.68540053	      3.45062113	     -6.92046600	     11.55900446	      0.66574065	     -0.45420607	      0.04997544	     -0.00798289	      0.00467995	     19.37567311	      0.92275478	      1.46918162	      0.00402897	      0.00030229	     -0.00149921	     14.89152244	    -14.54420654	      0.00000000	     32.66074094	      3.69239874	      2.74315744	      0.06513700	      0.04435000	     -0.41871200	      0.81345803	      0.05340851	     -0.28364732	      0.00000000	     -5.64106182	      1.78357702	     -1.55936118	      0.00000000	      0.00000000	      0.00000000	      0.00000000	      0.00000000	      0.00000000	      0.00000000	     60.00000000	      0.00000000	      0.00000000	      0.00000000	      0.00000000	      0.00000000	     60.00000000	      0.00000000
      7.07200000	     -5.82451623	     -0.76333036	      3.51620428	      0.36768768	      0.90243078	      0.25276408	      9.49518606	      3.76426304	     -7.06207910	     11.39233890	      0.60917215	     -0.56586409	      0.05017881	     -0.00748325	      0.00461268	     18.75714297	      0.89343054	      1.51640264	      0.00398988	      0.00033225	     -0.00145142	     15.40142135	    -14.53497884	      0.00000000	     32.65287121	      3.88982615	      3.10483712	      0.06513700	      0.04435000	     -0.41871200	      0.77847554	      0.05435026	     -0.28553612	      0.00000000	     -5.61710703	      1.90691157	     -1.40137609	      0.00000000	      0.00000000	      0.00000000	      0.00000000	      0.00000000	      0.00000000	      0.00000000	     60.00000000	      0.00000000	      0.00000000	      0.00000000	      0.00000000	      0.00000000	     60.00000000	      0.00000000
      7.07600000	     -5.72071638	     -0.75428763	      3.40501793	      0.37091707	      0.90150583	      0.25299956	      9.18521260	      3.75894622	     -7.06444061	     11.42236024	      0.61968206	     -0.54536008	      0.05014086	     -0.00757788	      0.00462468	     18.87287547	      0.89893674	      1.50780204	      0.00399844	      0.00032855	     -0.00146266	     15.40157120	    -14.53413024	      0.00000000	     33.04023285	      3.87358046	      3.11239396	      0.06513700	      0.04435000	     -0.41871200	      0.77453449	      0.05451927	     -0.28556673	      0.00000000	     -5.61105434	      1.91137915	     -1.39616214	      0.00000000	      0.00000000	      0.00000000	      0.00000000	      0.00000000	      0.00000000	      0.00000000	     60.00000000	      0.00000000	      0.00000000	      0.00000000	      0.00000000	      0.00000000	     60.00000000	      0.00000000
      7.08000000	     -5.61346226	     -0.77017629	      3.30971810	      0.37390708	      0.90083375	      0.25300437	      8.89257214	      3.77132352	     -7.06819895	     11.45064500	      0.62945009	     -0.52622331	      0.05010587	     -0.00766362	      0.00463700	     18.98040678	      0.90403354	      1.49974751	      0.00400470	      0.00032364	     -0.00147054	     15.40643737	    -14.53304694	      0.00000000	     33.41849789	      3.84181291	      3.14123792	      0.06513700	      0.04435000	     -0.41871200	      0.77013956	      0.05474735	     -0.28564399	      0.00000000	     -5.60660628	      1.91571062	     -1.39068651	      0.00000000	      0.00000000	      0.00000000	      0.00000000	      0.00000000	      0.00000000	      0.00000000	     60.00000000	      0.00000000	      0.00000000	      0.00000000	      0.00000000	      0.00000000	     60.00000000	      0.00000000
      7.08400000	     -5.82329442	     -1.01714742	      3.75260656	      0.37764616	      0.90095537	      0.25242637	      8.66543684	      4.10447218	     -7.04119679	     11.35755147	      0.59686721	     -0.58987656	      0.05022291	     -0.00737427	      0.00459716	     18.62059142	      0.88692818	      1.52634976	      0.00397952	      0.00033937	     -0.00144128	     15.77568351	    -14.46847362	      0.00000000	     33.44280670	      3.99552683	      3.72156125	      0.06513700	      0.04435000	     -0.41871200	      0.73743792	      0.05515497	     -0.28794203	      0.00000000	     -5.54908737	      2.05142398	     -1.25958627	      0.00000000	      0.00000000	      0.00000000	      0.00000000	      0.00000000	      0.00000000	      0.00000000	     60.00000000	      0.00000000	      0.00000000	      0.00000000	      0.00000000	      0.00000000	     60.00000000	      0.00000000
      7.08800000	     -5.97994662	     -0.94501050	      2.96754115	      0.38162032	      0.90099715	      0.25307032	      8.28265306	      4.03787683	     -7.11019462	     11.20049865	      0.53828352	     -0.70252164	      0.05043432	     -0.00683929	      0.00452758	     17.96500260	      0.85583706	      1.57208400	      0.00394148	      0.00037275	     -0.00139292	     16.22577343	    -14.43701271	      0.00000000	     33.34805713	      4.01822345	      3.85736639	      0.06513700	      0.04435000	     -0.41871200	      0.71278324	      0.05046597	     -0.28742861	      0.00000000	     -5.33999166	      2.23226466	     -1.08461932	      0.00000000	      0.00000000	      0.00000000	      0.00000000	      0.00000000	      0.00000000	      0.00000000	     60.00000000	      0.00000000	      0.00000000	      0.00000000	      0.00000000	      0.00000000	     60.00000000	      0.00000000
      7.09200000	     -5.87223239	     -0.94196080	      2.89881946	      0.38480829	      0.90007338	      0.25320536	      7.97613451	      4.05324113	     -7.10268723	     11.23065688	      0.54987954	     -0.68027621	      0.05039246	     -0.00694612	      0.00454144	     18.09598202	      0.86209042	      1.56326755	      0.00395010	      0.00036789	     -0.00140336	     16.22011152	    -14.43073971	      0.00000000	     33.73388618	      3.98678236	      3.88778143	      0.06513700	      0.04435000	     -0.41871200	      0.70867640	      0.05064671	     -0.28749490	      0.00000000	     -5.33437827	      2.23509826	     -1.07925240	      0.00000000	      0.00000000	      0.00000000	      0.00000000	      0.00000000	      0.00000000	      0.00000000	     60.00000000	      0.00000000	      0.00000000	      0.00000000	      0.00000000	      0.00000000	     60.00000000	      0.00000000
      7.09600000	     -5.86941697	     -1.09053035	      3.53430321	      0.38807248	      0.89983418	      0.25237857	      7.68752456	      4.26442846	     -6.90193495	     11.22945235	      0.54940218	     -0.68115444	      0.05039415	     -0.00694194	      0.00454071	     18.09079480	      0.86183210	      1.56359729	      0.00395003	      0.00036625	     -0.00140122	     16.35233128	    -14.30997958	      0.00000000	     33.90571537	      3.98049632	      4.37348663	      0.06513700	      0.04435000	     -0.41871200	      0.68775955	      0.05018979	     -0.28872188	      0.00000000	     -5.26438523	      2.29638249	     -0.98206566	      0.00000000	      0.00000000	      0.00000000	      0.00000000	      0.00000000	      0.00000000	      0.00000000	     60.00000000	      0.00000000	      0.00000000	      0.00000000	      0.00000000	      0.00000000	     60.00000000	      0.00000000
      7.10000000	     -5.76767336	     -1.08488314	      3.41482486	      0.39117403	      0.89893596	      0.25254042	      7.39257271	      4.26956802	     -6.90956847	     11.25558105	      0.55931300	     -0.66229093	      0.05035855	     -0.00703160	      0.00455334	     18.20189075	      0.86702410	      1.55599479	      0.00395709	      0.00036285	     -0.00141165	     16.35569817	    -14.31118493	      0.00000000	     34.27933700	      3.95760237	      4.38409293	      0.06513700	      0.04435000	     -0.41871200	      0.68354426	      0.05031059	     -0.28868117	      0.00000000	     -5.26126514	      2.29923529	     -0.97755793	      0.00000000	      0.00000000	      0.00000000	      0.00000000	      0.00000000	      0.00000000	      0.00000000	     60.00000000	      0.00000000	      0.00000000	      0.00000000	      0.00000000	      0.00000000	     60.00000000	      0.00000000
      7.10400000	     -6.13028154	     -1.00985073	      2.76815175	      0.39588789	      0.89974577	      0.25312366	      7.05713681	      4.24526762	     -6.77343355	     11.06067438	      0.48224969	     -0.81063335	      0.05063721	     -0.00631336	      0.00446236	     17.32310347	      0.82505577	      1.61299402	      0.00390245	      0.00040221	     -0.00134544	     17.04251528	    -14.15986566	      0.00000000	     33.65129321	      3.96185401	      4.82512388	      0.06513700	      0.04435000	     -0.41871200	      0.63361195	      0.03991917	     -0.28498417	      0.00000000	     -4.94409316	      2.54397893	     -0.64763715	      0.00000000	      0.00000000	      0.00000000	      0.00000000	      0.00000000	      0.00000000	      0.00000000	     60.00000000	      0.00000000	      0.00000000	      0.00000000	      0.00000000	      0.00000000	     60.00000000	      0.00000000
      7.10800000	     -6.01719395	     -1.01179041	      2.69020035	      0.39883462	      0.89889697	      0.25316805	      6.75368629	      4.26551317	     -6.76838499	     11.08956169	      0.49410827	     -0.78762950	      0.05059398	     -0.00642595	      0.00447582	     17.46077333	      0.83163738	      1.60451735	      0.00391154	      0.00039707	     -0.00135542	     17.03301076	    -14.15385632	      0.00000000	     34.04012297	      3.91608670	      4.85565622	      0.06513700	      0.04435000	     -0.41871200	      0.62967754	      0.04007972	     -0.28499123	      0.00000000	     -4.94030827	      2.54269056	     -0.64297384	      0.00000000	      0.00000000	      0.00000000	      0.00000000	      0.00000000	      0.00000000	      0.00000000	     60.00000000	      0.00000000	      0.00000000	      0.00000000	      0.00000000	      0.00000000	     60.00000000	      0.00000000
      7.11200000	     -5.96992184	     -1.18030602	      3.22796293	      0.40185085	      0.89823165	      0.25200938	      6.49597205	      4.45267416	     -6.58570719	     11.11238697	      0.50346196	     -0.76948525	      0.05056024	     -0.00651447	      0.00448668	     17.56785021	      0.83686904	      1.59778765	      0.00391784	      0.00039187	     -0.00136423	     17.08665300	    -14.03971786	      0.00000000	     34.24909148	      3.85972694	      5.28454040	      0.06513700	      0.04435000	     -0.41871200	      0.61199696	      0.03946172	     -0.28528807	      0.00000000	     -4.91207610	      2.54174531	     -0.56177464	      0.00000000	      0.00000000	      0.00000000	      0.00000000	      0.00000000	      0.00000000	      0.00000000	     60.00000000	      0.00000000	      0.00000000	      0.00000000	      0.00000000	      0.00000000	     60.00000000	      0.00000000
      7.11600000	     -5.86823404	     -1.16966227	      3.12411080	      0.40487033	      0.89768359	      0.25227938	      6.21057478	      4.45857874	     -6.59267851	     11.13756892	      0.51352842	     -0.75003632	      0.05052386	     -0.00660885	      0.00449844	     17.68367158	      0.84235332	      1.59030223	      0.00392630	      0.00038980	     -0.00137156	     17.08677759	    -14.04032244	      0.00000000	     34.61910004	      3.84411978	      5.29809256	      0.06513700	      0.04435000	     -0.41871200	      0.60781861	      0.03958609	     -0.28521750	      0.00000000	     -4.91180203	      2.54262372	     -0.55758487	      0.00000000	      0.00000000	      0.00000000	      0.00000000	      0.00000000	      0.00000000	      0.00000000	     60.00000000	      0.00000000	      0.00000000	      0.00000000	      0.00000000	      0.00000000	     60.00000000	      0.00000000
      7.12000000	     -5.76728407	     -1.18611948	      3.03889781	      0.40768324	      0.89645254	      0.25212680	      5.93642419	      4.46416463	     -6.59823794	     11.16166496	      0.52311384	     -0.73168049	      0.05048914	     -0.00669838	      0.00450972	     17.79256216	      0.84762912	      1.58342687	      0.00393290	      0.00038556	     -0.00138104	     17.09084870	    -14.04116711	      0.00000000	     34.98051195	      3.82750284	      5.32785790	      0.06513700	      0.04435000	     -0.41871200	      0.60309797	      0.03976881	     -0.28516914	      0.00000000	     -4.91381930	      2.54318720	     -0.55320715	      0.00000000	      0.00000000	      0.00000000	      0.00000000	      0.00000000	      0.00000000	      0.00000000	     60.00000000	      0.00000000	      0.00000000	      0.00000000	      0.00000000	      0.00000000	     60.00000000	      0.00000000
      7.12400000	     -6.36122612	     -1.31650104	      2.65964871	      0.41190083	      0.89728978	      0.25256490	      5.95909203	      4.65401939	     -6.66061283	     10.98750166	      0.45132189	     -0.87129793	      0.05074892	     -0.00601652	      0.00442727	     16.96209644	      0.80745029	      1.63418534	      0.00387990	      0.00041895	     -0.00131793	     17.79564301	    -13.99510132	      0.00000000	     34.28701109	      3.99982406	      6.13967800	      0.06513700	      0.04435000	     -0.41871200	      0.53784182	      0.03026825	     -0.27758499	      0.00000000	     -4.83191995	      2.73323791	     -0.27565429	      0.00000000	      0.00000000	      0.00000000	      0.00000000	      0.00000000	      0.00000000	      0.00000000	     60.00000000	      0.00000000	      0.00000000	      0.00000000	      0.00000000	      0.00000000	     60.00000000	      0.00000000
      7.12800000	     -6.27587282	     -1.31704551	      2.58120445	      0.41529399	      0.89643945	      0.25250165	      5.66251424	      4.66143905	     -6.65282498	     11.01452983	      0.46284573	     -0.84853847	      0.05070795	     -0.00612725	      0.00444065	     17.09759141	      0.81407653	      1.62639549	      0.00389001	      0.00041357	     -0.00132926	     17.78662466	    -13.98978358	      0.00000000	     34.64241225	      3.95584334	      6.16225661	      0.06513700	      0.04435000	     -0.41871200	      0.53426484	      0.03030499	     -0.27747374	      0.00000000	     -4.82783767	      2.73313804	     -0.27114243	      0.00000000	      0.00000000	      0.00000000	      0.00000000	      0.00000000	      0.00000000	      0.00000000	     60.00000000	      0.00000000	      0.00000000	      0.00000000	      0.00000000	      0.00000000	     60.00000000	      0.00000000
      7.13200000	     -6.28224290	     -1.41882767	      3.08189859	      0.41880970	      0.89584768	      0.25121572	      5.40139565	      4.77876080	     -6.40534109	     11.03110556	      0.46988839	     -0.83478771	      0.05068100	     -0.00619582	      0.00444767	     17.17934282	      0.81807949	      1.62153844	      0.00389479	      0.00040885	     -0.00133521	     17.87782898	    -13.86153198	      0.00000000	     34.74546589	      3.78996792	      6.59465099	      0.06513700	      0.04435000	     -0.41871200	      0.51453051	      0.02764229	     -0.27546597	      0.00000000	     -4.74983047	      2.75105031	     -0.17038000	      0.00000000	      0.00000000	      0.00000000	      0.00000000	      0.00000000	      0.00000000	      0.00000000	     60.00000000	      0.00000000	      0.00000000	      0.00000000	      0.00000000	      0.00000000	     60.00000000	      0.00000000
      7.13600000	     -6.17483649	     -1.39798656	      2.96950557	      0.42173247	      0.89507553	      0.25154677	      5.12133477	      4.78427661	     -6.41333173	     11.05406229	      0.47949752	     -0.81597990	      0.05064702	     -0.00628723	      0.00445911	     17.29117213	      0.82348988	      1.61488050	      0.00390152	      0.00040574	     -0.00134282	     17.87867348	    -13.86299054	      0.00000000	     35.11288417	      3.76756149	      6.60385629	      0.06513700	      0.04435000	     -0.41871200	      0.51053357	      0.02768586	     -0.27528913	      0.00000000	     -4.74758778	      2.75191594	     -0.16643646	      0.00000000	      0.00000000	      0.00000000	      0.00000000	      0.00000000	      0.00000000	      0.00000000	     60.00000000	      0.00000000	      0.00000000	      0.00000000	      0.00000000	      0.00000000	     60.00000000	      0.00000000
      7.14000000	     -6.06803937	     -1.41396131	      2.86524456	      0.42472935	      0.89407352	      0.25150766	      4.83171162	      4.79618230	     -6.42121585	     11.07807521	      0.48933799	     -0.79692413	      0.05061138	     -0.00638041	      0.00447046	     17.40587709	      0.82897158	      1.60786584	      0.00390909	      0.00040229	     -0.00135181	     17.88297143	    -13.86477411	      0.00000000	     35.49312706	      3.72770910	      6.63533780	      0.06513700	      0.04435000	     -0.41871200	      0.50594923	      0.02781354	     -0.27516817	      0.00000000	     -4.74773805	      2.75205406	     -0.16242996	      0.00000000	      0.00000000	      0.00000000	      0.00000000	      0.00000000	      0.00000000	      0.00000000	     60.00000000	      0.00000000	      0.00000000	      0.00000000	      0.00000000	      0.00000000	     60.00000000	      0.00000000
      7.14400000	     -6.51436502	     -1.78223903	      3.15741268	      0.42898074	      0.89382859	      0.25024245	      4.80923252	      5.19911544	     -6.46640088	     10.98776488	      0.45148613	     -0.87104133	      0.05074864	     -0.00601797	      0.00442771	     16.96356467	      0.80751411	      1.63412273	      0.00388045	      0.00041894	     -0.00131786	     18.37812186	    -13.86654521	      0.00000000	     35.26047451	      3.80671589	      7.45286784	      0.06513700	      0.04435000	     -0.41871200	      0.45949305	      0.02543881	     -0.27204893	      0.00000000	     -4.78249842	      2.80941938	     -0.03056748	      0.00000000	      0.00000000	      0.00000000	      0.00000000	      0.00000000	      0.00000000	      0.00000000	     60.00000000	      0.00000000	      0.00000000	      0.00000000	      0.00000000	      0.00000000	     60.00000000	      0.00000000
      7.14800000	     -6.75408457	     -0.96201749	      2.38233626	      0.43359742	      0.89457575	      0.25160526	      4.39330450	      4.41593161	     -5.73072538	     10.86004648	      0.39486223	     -0.98553126	      0.05095428	     -0.00546058	      0.00436733	     16.28992548	      0.77409982	      1.67028852	      0.00383880	      0.00044691	     -0.00126843	     19.04057586	    -13.54874307	      0.00000000	     34.15323291	      3.15341901	      7.94789840	      0.06513700	      0.04435000	     -0.41871200	      0.40154324	     -0.00310409	     -0.24747990	      0.00000000	     -4.05232817	      2.98794861	      0.44214546	      0.00000000	      0.00000000	      0.00000000	      0.00000000	      0.00000000	      0.00000000	      0.00000000	     60.00000000	      0.00000000	      0.00000000	      0.00000000	      0.00000000	      0.00000000	     60.00000000	      0.00000000
      7.15200000	     -6.65645143	     -0.96230529	      2.29052991	      0.43654917	      0.89387590	      0.25152294	      4.12381779	      4.41683253	     -5.73407645	     10.88259142	      0.40508691	     -0.96448727	      0.05091761	     -0.00556216	      0.00437822	     16.41300074	      0.78024630	      1.66398360	      0.00384687	      0.00044259	     -0.00127714	     19.03299287	    -13.54848105	      0.00000000	     34.49854243	      3.12160087	      7.95837946	      0.06513700	      0.04435000	     -0.41871200	      0.39839414	     -0.00299364	     -0.24737722	      0.00000000	     -4.05165994	      2.97829416	      0.44511482	      0.00000000	      0.00000000	      0.00000000	      0.00000000	      0.00000000	      0.00000000	      0.00000000	     60.00000000	      0.00000000	      0.00000000	      0.00000000	      0.00000000	      0.00000000	     60.00000000	      0.00000000
      7.15600000	     -6.56695300	     -0.97271062	      2.21451581	      0.43952311	      0.89282407	      0.25131575	      3.85558762	      4.40907673	     -5.73597790	     10.90478329	      0.41506545	     -0.94397906	      0.05088098	     -0.00566152	      0.00438832	     16.53261643	      0.78625579	      1.65779127	      0.00385483	      0.00043947	     -0.00128670	     19.02914144	    -13.54897461	      0.00000000	     34.83963259	      3.10564130	      7.97289133	      0.06513700	      0.04435000	     -0.41871200	      0.39483081	     -0.00283374	     -0.24728637	      0.00000000	     -4.05327271	      2.96860949	      0.44824475	      0.00000000	      0.00000000	      0.00000000	      0.00000000	      0.00000000	      0.00000000	      0.00000000	     60.00000000	      0.00000000	      0.00000000	      0.00000000	      0.00000000	      0.00000000	     60.00000000	      0.00000000
      7.16000000	     -6.48657631	     -0.99107227	      2.14832743	      0.44255585	      0.89210813	      0.25109485	      3.59050108	      4.40544646	     -5.73821743	     10.92682364	      0.42486954	     -0.92410199	      0.05084538	     -0.00575820	      0.00439873	     16.64946155	      0.79206197	      1.65155568	      0.00386215	      0.00043484	     -0.00129527	     19.02919833	    -13.55001455	      0.00000000	     35.17619915	      3.09330333	      7.99266038	      0.06513700	      0.04435000	     -0.41871200	      0.39090085	     -0.00263119	     -0.24719758	      0.00000000	     -4.05702038	      2.95918516	      0.45151041	      0.00000000	      0.00000000	      0.00000000	      0.00000000	      0.00000000	      0.00000000	      0.00000000	     60.00000000	      0.00000000	      0.00000000	      0.00000000	      0.00000000	      0.00000000	     60.00000000	      0.00000000
      7.16400000	     -7.01275345	     -1.18417476	      1.95084467	      0.44705988	      0.89161666	      0.25106727	      3.62691123	      4.61823680	     -5.84537925	     10.83473445	      0.38328295	     -1.00977034	      0.05099725	     -0.00534377	      0.00435629	     16.14951176	      0.76701203	      1.67728008	      0.00382932	      0.00045253	     -0.00125705	     19.68329135	    -13.58489637	      0.00000000	     34.64906183	      3.15689342	      8.47442510	      0.06513700	      0.04435000	     -0.41871200	      0.33592813	     -0.00884322	     -0.23534639	      0.00000000	     -4.07559803	      2.62351189	      0.68574377	      0.00000000	      0.00000000	      0.00000000	      0.00000000	      0.00000000	      0.00000000	      0.00000000	     60.00000000	      0.00000000	      0.00000000	      0.00000000	      0.00000000	      0.00000000	     60.00000000	      0.00000000
      7.16800000	     -6.92673303	     -1.17622594	      1.88021774	      0.45004593	      0.89093911	      0.25105717	      3.36687415	      4.61912649	     -5.83944172	     10.85674340	      0.39333030	     -0.98888097	      0.05095987	     -0.00544492	      0.00436592	     16.27132318	      0.77304964	      1.67111724	      0.00383632	      0.00044758	     -0.00126532	     19.67512479	    -13.58106200	      0.00000000	     34.97327922	      3.12299389	      8.48099005	      0.06513700	      0.04435000	     -0.41871200	      0.33274649	     -0.00880061	     -0.23515317	      0.00000000	     -4.07223325	      2.62139753	      0.68963425	      0.00000000	      0.00000000	      0.00000000	      0.00000000	      0.00000000	      0.00000000	      0.00000000	     60.00000000	      0.00000000	      0.00000000	      0.00000000	      0.00000000	      0.00000000	     60.00000000	      0.00000000
      7.17200000	     -6.85527585	     -1.18261533	      1.82534524	      0.45312461	      0.88989091	      0.25082682	      3.10629945	      4.60523822	     -5.83120580	     10.87834635	      0.40318355	     -0.96833794	      0.05092425	     -0.00554352	      0.00437602	     16.38999576	      0.77910809	      1.66519721	      0.00384547	      0.00044508	     -0.00127550	     19.67064188	    -13.57811150	      0.00000000	     35.28849183	      3.10588800	      8.49016596	      0.06513700	      0.04435000	     -0.41871200	      0.32921536	     -0.00872368	     -0.23495076	      0.00000000	     -4.07098468	      2.61888151	      0.69374990	      0.00000000	      0.00000000	      0.00000000	      0.00000000	      0.00000000	      0.00000000	      0.00000000	     60.00000000	      0.00000000	      0.00000000	      0.00000000	      0.00000000	      0.00000000	     60.00000000	      0.00000000
      7.17600000	     -6.79178396	     -1.19951149	      1.77471126	      0.45624347	      0.88929826	      0.25057619	      2.85292934	      4.59546406	     -5.82424229	     10.89934898	      0.41263894	     -0.94892830	      0.05088987	     -0.00563747	      0.00438582	     16.50347017	      0.78479516	      1.65932843	      0.00385295	      0.00044060	     -0.00128419	     19.67001612	    -13.57602814	      0.00000000	     35.59631760	      3.08643147	      8.50360575	      0.06513700	      0.04435000	     -0.41871200	      0.32543982	     -0.00861177	     -0.23474199	      0.00000000	     -4.07163641	      2.61647559	      0.69783362	      0.00000000	      0.00000000	      0.00000000	      0.00000000	      0.00000000	      0.00000000	      0.00000000	     60.00000000	      0.00000000	      0.00000000	      0.00000000	      0.00000000	      0.00000000	     60.00000000	      0.00000000
      7.18000000	     -7.50076940	     -1.10259002	      1.62251576	      0.46139979	      0.88887433	      0.25012447	      2.93227388	      4.49355070	     -5.60432224	     10.77683329	      0.35630356	     -1.06765966	      0.05109569	     -0.00506922	      0.00433057	     15.81937172	      0.75008142	      1.69273809	      0.00380903	      0.00046575	     -0.00123362	     20.50304559	    -13.50067205	      0.00000000	     34.66950238	      2.63944889	      8.62251660	      0.06513700	      0.04435000	     -0.41871200	      0.25238745	     -0.02220927	     -0.21032380	      0.00000000	     -3.80770798	      2.61655746	      1.03762644	      0.00000000	      0.00000000	      0.00000000	      0.00000000	      0.00000000	      0.00000000	      0.00000000	     60.00000000	      0.00000000	      0.00000000	      0.00000000	      0.00000000	      0.00000000	     60.00000000	      0.00000000
      7.18400000	     -7.42306130	     -1.09785565	      1.56249407	      0.46446818	      0.88801859	      0.24997165	      2.68464639	      4.48827901	     -5.59330046	     10.79799182	      0.36626412	     -1.04593963	      0.05106054	     -0.00517061	      0.00434058	     15.94177777	      0.75634065	      1.68719450	      0.00381738	      0.00046321	     -0.00124242	     20.49155674	    -13.49435953	      0.00000000	     34.96334894	      2.60301935	      8.62298013	      0.06513700	      0.04435000	     -0.41871200	      0.24958641	     -0.02226447	     -0.21006491	      0.00000000	     -3.79931521	      2.61202820	      1.04219883	      0.00000000	      0.00000000	      0.00000000	      0.00000000	      0.00000000	      0.00000000	      0.00000000	     60.00000000	      0.00000000	      0.00000000	      0.00000000	      0.00000000	      0.00000000	     60.00000000	      0.00000000
      7.18800000	     -7.38511940	     -1.13913186	      1.96277385	      0.46823532	      0.88737041	      0.24844303	      2.41566735	      4.50471152	     -5.32418620	     10.83990837	      0.38567204	     -1.00477880	      0.05098835	     -0.00536794	      0.00435854	     16.17845173	      0.76849506	      1.67582209	      0.00383288	      0.00045076	     -0.00125943	     20.47893974	    -13.34580958	      0.00000000	     35.00278974	      2.25897318	      8.75304924	      0.06513700	      0.04435000	     -0.41871200	      0.23597953	     -0.02519166	     -0.20513925	      0.00000000	     -3.64344143	      2.53736856	      1.13585448	      0.00000000	      0.00000000	      0.00000000	      0.00000000	      0.00000000	      0.00000000	      0.00000000	     60.00000000	      0.00000000	      0.00000000	      0.00000000	      0.00000000	      0.00000000	     60.00000000	      0.00000000
      7.19200000	     -7.62199799	     -0.85440838	      1.33902261	      0.47302927	      0.88688946	      0.24949646	      2.20800676	      4.19061901	     -5.37569727	     10.79290352	      0.36381257	     -1.05138417	      0.05106779	     -0.00514624	      0.00433727	     15.91162306	      0.75483096	      1.68846750	      0.00381489	      0.00046247	     -0.00123923	     20.77751921	    -13.31650653	      0.00000000	     34.70754794	      2.16486192	      8.56250632	      0.06513700	      0.04435000	     -0.41871200	      0.21014555	     -0.03174434	     -0.19201398	      0.00000000	     -3.45161695	      2.38156210	      1.30818192	      0.00000000	      0.00000000	      0.00000000	      0.00000000	      0.00000000	      0.00000000	      0.00000000	     60.00000000	      0.00000000	      0.00000000	      0.00000000	      0.00000000	      0.00000000	     60.00000000	      0.00000000
      7.19600000	     -7.51794708	     -0.95396240	      1.68334733	      0.47531591	      0.88617958	      0.24787226	      1.99818446	      4.22996334	     -5.20471310	     10.82470192	      0.37864684	     -1.01957022	      0.05101372	     -0.00529719	      0.00435145	     16.09292171	      0.76417223	      1.67994868	      0.00382747	      0.00045630	     -0.00125395	     20.77805430	    -13.21120829	      0.00000000	     34.86998148	      1.91213338	      8.72092095	      0.06513700	      0.04435000	     -0.41871200	      0.19925167	     -0.03241476	     -0.18933138	      0.00000000	     -3.37328957	      2.31296120	      1.37546477	      0.00000000	      0.00000000	      0.00000000	      0.00000000	      0.00000000	      0.00000000	      0.00000000	     60.00000000	      0.00000000	      0.00000000	      0.00000000	      0.00000000	      0.00000000	     60.00000000	      0.00000000
      7.20000000	     -7.47013909	     -0.92643166	      1.61255180	      0.47841779	      0.88531455	      0.24815636	      1.76318778	      4.22414762	     -5.20944074	     10.84280162	      0.38699963	     -1.00198255	      0.05098335	     -0.00538142	      0.00435975	     16.19453920	      0.76925546	      1.67502326	      0.00383325	      0.00045261	     -0.00126103	     20.77672591	    -13.21099333	      0.00000000	     35.14048536	      1.91330840	      8.71165423	      0.06513700	      0.04435000	     -0.41871200	      0.19631207	     -0.03235351	     -0.18904709	      0.00000000	     -3.37251869	      2.31032031	      1.37949487	      0.00000000	      0.00000000	      0.00000000	      0.00000000	      0.00000000	      0.00000000	      0.00000000	     60.00000000	      0.00000000	      0.00000000	      0.00000000	      0.00000000	      0.00000000	     60.00000000	      0.00000000
      7.20400000	     -7.44697385	     -0.93179642	      1.54334912	      0.48173577	      0.88448966	      0.24796658	      1.53075971	      4.20612226	     -5.21211421	     10.86049375	      0.39509388	     -0.98506537	      0.05095383	     -0.00546271	      0.00436783	     16.29236983	      0.77421302	      1.67015881	      0.00383993	      0.00044973	     -0.00126864	     20.77891851	    -13.21148219	      0.00000000	     35.38963078	      1.90771282	      8.70372142	      0.06513700	      0.04435000	     -0.41871200	      0.19326906	     -0.03224267	     -0.18871771	      0.00000000	     -3.37370246	      2.30634723	      1.38357398	      0.00000000	      0.00000000	      0.00000000	      0.00000000	      0.00000000	      0.00000000	      0.00000000	     60.00000000	      0.00000000	      0.00000000	      0.00000000	      0.00000000	      0.00000000	     60.00000000	      0.00000000
      7.20800000	     -8.02568436	     -0.98054731	      1.40644271	      0.48651562	      0.88378134	      0.24757062	      1.56622814	      4.21772131	     -5.25649960	     10.76542065	      0.35091644	     -1.07947440	      0.05111537	     -0.00501382	      0.00432566	     15.75277408	      0.74666343	      1.69570268	      0.00380561	      0.00046903	     -0.00122902	     21.30579816	    -13.13616280	      0.00000000	     34.94177559	      1.71767275	      8.65781380	      0.06513700	      0.04435000	     -0.41871200	      0.14650999	     -0.03059107	     -0.17388018	      0.00000000	     -3.29782721	      2.18944626	      1.57851063	      0.00000000	      0.00000000	      0.00000000	      0.00000000	      0.00000000	      0.00000000	      0.00000000	     60.00000000	      0.00000000	      0.00000000	      0.00000000	      0.00000000	      0.00000000	     60.00000000	      0.00000000
      7.21200000	     -8.00811815	     -0.97646554	      1.31591334	      0.48991855	      0.88299075	      0.24738633	      1.34180414	      4.21268294	     -5.25345045	     10.78359237	      0.35948449	     -1.06072176	      0.05108265	     -0.00510275	      0.00433256	     15.85856671	      0.75210795	      1.69098241	      0.00381210	      0.00046446	     -0.00123605	     21.29893964	    -13.13184175	      0.00000000	     35.15452936	      1.67589287	      8.63508717	      0.06513700	      0.04435000	     -0.41871200	      0.14461529	     -0.03073204	     -0.17343223	      0.00000000	     -3.28874391	      2.18799630	      1.58289876	      0.00000000	      0.00000000	      0.00000000	      0.00000000	      0.00000000	      0.00000000	      0.00000000	     60.00000000	      0.00000000	      0.00000000	      0.00000000	      0.00000000	      0.00000000	     60.00000000	      0.00000000
      7.21600000	     -8.00329779	     -0.98980106	      1.23482733	      0.49343257	      0.88228010	      0.24708374	      1.12188582	      4.19092748	     -5.24803783	     10.80088945	      0.36758695	     -1.04320692	      0.05105414	     -0.00518484	      0.00434088	     15.95803078	      0.75721757	      1.68636412	      0.00381849	      0.00046220	     -0.00124339	     21.29515592	    -13.12814207	      0.00000000	     35.35416733	      1.64140387	      8.61332592	      0.06513700	      0.04435000	     -0.41871200	      0.14264941	     -0.03082136	     -0.17297843	      0.00000000	     -3.28060041	      2.18630283	      1.58746497	      0.00000000	      0.00000000	      0.00000000	      0.00000000	      0.00000000	      0.00000000	      0.00000000	     60.00000000	      0.00000000	      0.00000000	      0.00000000	      0.00000000	      0.00000000	     60.00000000	      0.00000000
      7.22000000	     -8.01160234	     -1.00874146	      1.15608404	      0.49702957	      0.88156369	      0.24673220	      0.91103254	      4.17108844	     -5.24257262	     10.81729195	      0.37522317	     -1.02685871	      0.05102636	     -0.00526242	      0.00434824	     16.05136858	      0.76199253	      1.68196192	      0.00382445	      0.00045846	     -0.00125037	     21.29398321	    -13.12456685	      0.00000000	     35.53462037	      1.60368643	      8.59257937	      0.06513700	      0.04435000	     -0.41871200	      0.14074212	     -0.03087184	     -0.17252005	      0.00000000	     -3.27317013	      2.18480691	      1.59213679	      0.00000000	      0.00000000	      0.00000000	      0.00000000	      0.00000000	      0.00000000	      0.00000000	     60.00000000	      0.00000000	      0.00000000	      0.00000000	      0.00000000	      0.00000000	     60.00000000	      0.00000000
      7.22400000	     -8.03328459	     -1.03439788	      1.08731672	      0.50053498	      0.88082003	      0.24626072	      0.71507787	      4.14680569	     -5.23565648	     10.83230699	      0.38216476	     -1.01213266	      0.05100202	     -0.00533204	      0.00435565	     16.13594888	      0.76627483	      1.67786351	      0.00382938	      0.00045592	     -0.00125662	     21.29580335	    -13.12084175	      0.00000000	     35.68974709	      1.56760454	      8.57421746	      0.06513700	      0.04435000	     -0.41871200	      0.13881612	     -0.03089580	     -0.17202796	      0.00000000	     -3.26565543	      2.18377541	      1.59723597	      0.00000000	      0.00000000	      0.00000000	      0.00000000	      0.00000000	      0.00000000	      0.00000000	     60.00000000	      0.00000000	      0.00000000	      0.00000000	      0.00000000	      0.00000000	     60.00000000	      0.00000000
      7.22800000	     -8.38279438	     -0.36118419	      0.64008023	      0.50589664	      0.88068456	      0.24556163	      0.40040611	      3.28878223	     -4.70579858	     10.72351224	      0.33095006	     -1.12410753	      0.05118820	     -0.00480685	      0.00430802	     15.50441854	      0.73373537	      1.70639579	      0.00378949	      0.00048044	     -0.00121275	     21.99657381	    -12.71734168	      0.00000000	     34.61923170	      0.76595791	      7.67498960	      0.06513700	      0.04435000	     -0.41871200	      0.09091903	     -0.03370579	     -0.13881048	      0.00000000	     -2.38340339	      2.25746528	      1.99419718	      0.00000000	      0.00000000	      0.00000000	      0.00000000	      0.00000000	      0.00000000	      0.00000000	     60.00000000	      0.00000000	      0.00000000	      0.00000000	      0.00000000	      0.00000000	     60.00000000	      0.00000000
      7.23200000	     -8.42283679	     -0.38270646	      0.57463990	      0.50984154	      0.88017696	      0.24548888	      0.21185901	      3.32401080	     -4.70777016	     10.74072157	      0.33918577	     -1.10550936	      0.05115811	     -0.00489262	      0.00431512	     15.60724890	      0.73910561	      1.70207036	      0.00379620	      0.00047563	     -0.00121875	     21.98847124	    -12.71239097	      0.00000000	     34.74979091	      0.70970420	      7.67568827	      0.06513700	      0.04435000	     -0.41871200	      0.08986147	     -0.03377314	     -0.13862441	      0.00000000	     -2.38234263	      2.24712647	      1.99721479	      0.00000000	      0.00000000	      0.00000000	      0.00000000	      0.00000000	      0.00000000	      0.00000000	     60.00000000	      0.00000000	      0.00000000	      0.00000000	      0.00000000	      0.00000000	     60.00000000	      0.00000000
      7.23600000	     -8.47941302	     -0.42433049	      0.50175302	      0.51416831	      0.87946525	      0.24505180	      0.00864055	      3.32241860	     -4.70545672	     10.75846919	      0.34760045	     -1.08690649	      0.05112724	     -0.00497955	      0.00432259	     15.71168426	      0.74450570	      1.69747534	      0.00380275	      0.00047090	     -0.00122604	     21.98140231	    -12.70821660	      0.00000000	     34.87616938	      0.66274072	      7.66943900	      0.06513700	      0.04435000	     -0.41871200	      0.08884001	     -0.03386248	     -0.13834583	      0.00000000	     -2.38026074	      2.23645791	      2.00039448	      0.00000000	      0.00000000	      0.00000000	      0.00000000	      0.00000000	      0.00000000	      0.00000000	     60.00000000	      0.00000000	      0.00000000	      0.00000000	      0.00000000	      0.00000000	     60.00000000	      0.00000000
      7.24000000	     -8.55276373	     -0.46123754	      0.44714930	      0.51830956	      0.87873111	      0.24449503	     -0.17016258	      3.29852804	     -4.69905916	     10.77383112	      0.35488508	     -1.07077802	      0.05110062	     -0.00505478	      0.00432911	     15.80156931	      0.74919955	      1.69351485	      0.00380826	      0.00046685	     -0.00123252	     21.97625596	    -12.70349022	      0.00000000	     34.95822181	      0.63968270	      7.66062966	      0.06513700	      0.04435000	     -0.41871200	      0.08822322	     -0.03399380	     -0.13803760	      0.00000000	     -2.37593392	      2.22571332	      2.00411650	      0.00000000	      0.00000000	      0.00000000	      0.00000000	      0.00000000	      0.00000000	      0.00000000	     60.00000000	      0.00000000	      0.00000000	      0.00000000	      0.00000000	      0.00000000	     60.00000000	      0.00000000
      7.24400000	     -8.63144468	     -0.48953548	      0.39411064	      0.52236186	      0.87810734	      0.24399059	     -0.33697983	      3.27049681	     -4.69108510	     10.78798195	      0.36155040	     -1.05622279	      0.05107622	     -0.00512322	      0.00433521	     15.88359489	      0.75343535	      1.68980263	      0.00381413	      0.00046433	     -0.00123838	     21.97256661	    -12.69774150	      0.00000000	     35.01841738	      0.62082756	      7.64962174	      0.06513700	      0.04435000	     -0.41871200	      0.08792166	     -0.03417358	     -0.13770641	      0.00000000	     -2.36884042	      2.21501323	      2.00837983	      0.00000000	      0.00000000	      0.00000000	      0.00000000	      0.00000000	      0.00000000	      0.00000000	     60.00000000	      0.00000000	      0.00000000	      0.00000000	      0.00000000	      0.00000000	     60.00000000	      0.00000000
      7.24800000	     -8.46933445	     -0.20862033	      0.05360488	      0.52651393	      0.87790458	      0.24396958	     -0.75790434	      2.85791935	     -4.53262136	     10.79962846	      0.36699116	     -1.04446431	      0.05105623	     -0.00517883	      0.00434024	     15.95081376	      0.75688311	      1.68670031	      0.00381750	      0.00046126	     -0.00124438	     22.02059873	    -12.52726603	      0.00000000	     34.84849750	      0.53231047	      7.54869716	      0.06513700	      0.04435000	     -0.41871200	      0.09427876	     -0.03792741	     -0.13211401	      0.00000000	     -2.03222488	      2.02146677	      2.11146251	      0.00000000	      0.00000000	      0.00000000	      0.00000000	      0.00000000	      0.00000000	      0.00000000	     60.00000000	      0.00000000	      0.00000000	      0.00000000	      0.00000000	      0.00000000	     60.00000000	      0.00000000
      7.25200000	     -8.58643640	     -0.24432185	      0.03994014	      0.53063586	      0.87716967	      0.24339972	     -0.90318050	      2.84375496	     -4.52246097	     10.81248395	      0.37303771	     -1.03165732	      0.05103499	     -0.00523977	      0.00434666	     16.02397866	      0.76067913	      1.68331603	      0.00382211	      0.00045769	     -0.00124974	     22.01941266	    -12.51960734	      0.00000000	     34.85872727	      0.51733077	      7.56263041	      0.06513700	      0.04435000	     -0.41871200	      0.09438014	     -0.03803917	     -0.13207194	      0.00000000	     -2.03141251	      2.00962337	      2.11613208	      0.00000000	      0.00000000	      0.00000000	      0.00000000	      0.00000000	      0.00000000	      0.00000000	     60.00000000	      0.00000000	      0.00000000	      0.00000000	      0.00000000	      0.00000000	     60.00000000	      0.00000000
      7.25600000	     -8.69732386	     -0.27789533	      0.01303989	      0.53486491	      0.87649850	      0.24289277	     -1.05321189	      2.82463394	     -4.51114887	     10.82517444	      0.37885881	     -1.01907969	      0.05101274	     -0.00529951	      0.00435149	     16.09603176	      0.76427664	      1.67982393	      0.00382658	      0.00045451	     -0.00125439	     22.01884955	    -12.51121477	      0.00000000	     34.87174448	      0.49599194	      7.57191796	      0.06513700	      0.04435000	     -0.41871200	      0.09477952	     -0.03826132	     -0.13200985	      0.00000000	     -2.02713038	      1.99798068	      2.12116080	      0.00000000	      0.00000000	      0.00000000	      0.00000000	      0.00000000	      0.00000000	      0.00000000	     60.00000000	      0.00000000	      0.00000000	      0.00000000	      0.00000000	      0.00000000	     60.00000000	      0.00000000
      7.26000000	     -8.81011251	     -0.30929994	     -0.02643452	      0.53921793	      0.87573400	      0.24239320	     -1.20477291	      2.80048770	     -4.49875520	     10.83771744	      0.38467261	     -1.00690138	      0.05099201	     -0.00535786	      0.00435758	     16.16650457	      0.76788392	      1.67644596	      0.00383169	      0.00045245	     -0.00126028	     22.01842588	    -12.50269284	      0.00000000	     34.87819661	      0.46975108	      7.57375740	      0.06513700	      0.04435000	     -0.41871200	      0.09554581	     -0.03860401	     -0.13190678	      0.00000000	     -2.02033089	      1.98723640	      2.12615813	      0.00000000	      0.00000000	      0.00000000	      0.00000000	      0.00000000	      0.00000000	      0.00000000	     60.00000000	      0.00000000	      0.00000000	      0.00000000	      0.00000000	      0.00000000	     60.00000000	      0.00000000
      7.26400000	     -8.49365495	      0.07462903	     -0.36255885	      0.54319018	      0.87557960	      0.24246191	     -1.82774621	      2.27694124	     -4.24658512	     10.83877540	      0.38513588	     -1.00588900	      0.05099013	     -0.00536263	      0.00435789	     16.17203090	      0.76817920	      1.67614460	      0.00383148	      0.00045221	     -0.00126115	     22.10222583	    -12.27935092	      0.00000000	     34.88717845	      0.32752698	      7.55372990	      0.06513700	      0.04435000	     -0.41871200	      0.11575819	     -0.04618642	     -0.12979701	      0.00000000	     -1.65750445	      1.79994826	      2.24094319	      0.00000000	      0.00000000	      0.00000000	      0.00000000	      0.00000000	      0.00000000	      0.00000000	     60.00000000	      0.00000000	      0.00000000	      0.00000000	      0.00000000	      0.00000000	     60.00000000	      0.00000000
      7.26800000	     -8.62797571	      0.02486946	     -0.38880545	      0.54770731	      0.87498409	      0.24183070	     -1.96652663	      2.27558963	     -4.23448226	     10.85125642	      0.39085963	     -0.99392669	      0.05096922	     -0.00542018	      0.00436358	     16.24128395	      0.77165563	      1.67270550	      0.00383544	      0.00044839	     -0.00126538	     22.10286663	    -12.26906684	      0.00000000	     34.87347833	      0.28328651	      7.56982635	      0.06513700	      0.04435000	     -0.41871200	      0.11658378	     -0.04642067	     -0.12981931	      0.00000000	     -1.65936472	      1.78532198	      2.24609763	      0.00000000	      0.00000000	      0.00000000	      0.00000000	      0.00000000	      0.00000000	      0.00000000	     60.00000000	      0.00000000	      0.00000000	      0.00000000	      0.00000000	      0.00000000	     60.00000000	      0.00000000
      7.27200000	     -8.28510964	      0.36542467	     -0.41611887	      0.55176758	      0.87465773	      0.24165224	     -2.66386826	      1.86816244	     -3.90647960	     10.85476192	      0.39246235	     -0.99054942	      0.05096341	     -0.00543629	      0.00436518	     16.26083798	      0.77266909	      1.67174955	      0.00383745	      0.00044887	     -0.00126784	     22.21869062	    -11.94318707	      0.00000000	     34.98291760	      0.04754556	      7.78333661	      0.06513700	      0.04435000	     -0.41871200	      0.14046245	     -0.05405241	     -0.12974445	      0.00000000	     -1.38514625	      1.45431552	      2.40229922	      0.00000000	      0.00000000	      0.00000000	      0.00000000	      0.00000000	      0.00000000	      0.00000000	     60.00000000	      0.00000000	      0.00000000	      0.00000000	      0.00000000	      0.00000000	     60.00000000	      0.00000000
      7.27600000	     -8.42907272	      0.30607101	     -0.44880956	      0.55608580	      0.87385788	      0.24095493	     -2.76336277	      1.86836041	     -3.90351937	     10.86419774	      0.39676755	     -0.98159555	      0.05094770	     -0.00547944	      0.00436951	     16.31268256	      0.77528247	      1.66913661	      0.00383917	      0.00044542	     -0.00127125	     22.22079813	    -11.93833640	      0.00000000	     34.93568341	      0.00553992	      7.79573888	      0.06513700	      0.04435000	     -0.41871200	      0.14132728	     -0.05421231	     -0.12975632	      0.00000000	     -1.39415110	      1.44185946	      2.40591123	      0.00000000	      0.00000000	      0.00000000	      0.00000000	      0.00000000	      0.00000000	      0.00000000	     60.00000000	      0.00000000	      0.00000000	      0.00000000	      0.00000000	      0.00000000	     60.00000000	      0.00000000
      7.28000000	     -8.57974646	      0.25984921	     -0.48665643	      0.56056653	      0.87354733	      0.24033418	     -2.88368787	      1.85233838	     -3.89782042	     10.87508705	      0.40171434	     -0.97131033	      0.05092972	     -0.00552890	      0.00437454	     16.37220940	      0.77826537	      1.66612415	      0.00384371	      0.00044272	     -0.00127410	     22.22185781	    -11.93252180	      0.00000000	     34.89671321	     -0.02609020	      7.79951666	      0.06513700	      0.04435000	     -0.41871200	      0.14248808	     -0.05448830	     -0.12973419	      0.00000000	     -1.40000598	      1.42952911	      2.41014170	      0.00000000	      0.00000000	      0.00000000	      0.00000000	      0.00000000	      0.00000000	      0.00000000	     60.00000000	      0.00000000	      0.00000000	      0.00000000	      0.00000000	      0.00000000	     60.00000000	      0.00000000
      7.28400000	     -8.72411775	      0.21936225	     -0.53641641	      0.56500011	      0.87290253	      0.23976685	     -2.99943320	      1.83297572	     -3.89030522	     10.88546518	      0.40640266	     -0.96165502	      0.05091264	     -0.00557560	      0.00437936	     16.42898000	      0.78108850	      1.66322801	      0.00384546	      0.00043676	     -0.00127790	     22.22115382	    -11.92573237	      0.00000000	     34.85067817	     -0.06953144	      7.79759856	      0.06513700	      0.04435000	     -0.41871200	      0.14405277	     -0.05489686	     -0.12967759	      0.00000000	     -1.40217081	      1.41813040	      2.41451875	      0.00000000	      0.00000000	      0.00000000	      0.00000000	      0.00000000	      0.00000000	      0.00000000	     60.00000000	      0.00000000	      0.00000000	      0.00000000	      0.00000000	      0.00000000	     60.00000000	      0.00000000
      7.28800000	     -8.45601815	      0.68154652	     -0.98364598	      0.56897029	      0.87287022	      0.23981637	     -3.53299118	      1.16759963	     -3.72238487	     10.88922355	      0.40810311	     -0.95822790	      0.05090633	     -0.00559251	      0.00438108	     16.44907668	      0.78214278	      1.66216999	      0.00384844	      0.00043992	     -0.00128198	     22.23272166	    -11.74092377	      0.00000000	     34.98991860	     -0.24577305	      7.68182539	      0.06513700	      0.04435000	     -0.41871200	      0.16923534	     -0.06361676	     -0.12869997	      0.00000000	     -1.21014400	      1.22178904	      2.51802095	      0.00000000	      0.00000000	      0.00000000	      0.00000000	      0.00000000	      0.00000000	      0.00000000	     60.00000000	      0.00000000	      0.00000000	      0.00000000	      0.00000000	      0.00000000	     60.00000000	      0.00000000
      7.29200000	     -8.59992025	      0.62607367	     -1.00068223	      0.57342051	      0.87252229	      0.23912494	     -3.63787404	      1.16776964	     -3.71228233	     10.90071830	      0.41325342	     -0.94767505	      0.05088763	     -0.00564357	      0.00438646	     16.51076884	      0.78520717	      1.65894832	      0.00385131	      0.00043539	     -0.00128565	     22.22982103	    -11.73219924	      0.00000000	     34.94547821	     -0.29867071	      7.70063574	      0.06513700	      0.04435000	     -0.41871200	      0.17030104	     -0.06394442	     -0.12876529	      0.00000000	     -1.21646726	      1.20774138	      2.52212462	      0.00000000	      0.00000000	      0.00000000	      0.00000000	      0.00000000	      0.00000000	      0.00000000	     60.00000000	      0.00000000	      0.00000000	      0.00000000	      0.00000000	      0.00000000	     60.00000000	      0.00000000
      7.29600000	     -8.73646583	      0.59309765	     -1.01867825	      0.57794936	      0.87201503	      0.23845367	     -3.76855130	      1.14385159	     -3.69738270	     10.91412277	      0.41923471	     -0.93551041	      0.05086586	     -0.00570270	      0.00439274	     16.58323637	      0.78874298	      1.65516417	      0.00385620	      0.00043279	     -0.00128991	     22.22370896	    -11.72125698	      0.00000000	     34.92207754	     -0.33218057	      7.71077465	      0.06513700	      0.04435000	     -0.41871200	      0.17163053	     -0.06461693	     -0.12875514	      0.00000000	     -1.21842278	      1.19252412	      2.52724443	      0.00000000	      0.00000000	      0.00000000	      0.00000000	      0.00000000	      0.00000000	      0.00000000	     60.00000000	      0.00000000	      0.00000000	      0.00000000	      0.00000000	      0.00000000	     60.00000000	      0.00000000
      7.30000000	     -8.29471979	      1.14323048	     -1.07848689	      0.58183069	      0.87188131	      0.23818666	     -4.41693015	      0.46823151	     -3.36115575	     10.96289471	      0.44073348	     -0.89228501	      0.05078730	     -0.00591391	      0.00441555	     16.83741979	      0.80141488	      1.64127694	      0.00387222	      0.00042295	     -0.00131133	     22.10030871	    -11.39752540	      0.00000000	     35.15281488	     -0.72682982	      7.85726855	      0.06513700	      0.04435000	     -0.41871200	      0.20212721	     -0.08736442	     -0.12672515	      0.00000000	     -0.96969212	      0.85177896	      2.66734857	      0.00000000	      0.00000000	      0.00000000	      0.00000000	      0.00000000	      0.00000000	      0.00000000	     60.00000000	      0.00000000	      0.00000000	      0.00000000	      0.00000000	      0.00000000	     60.00000000	      0.00000000
      7.30400000	     -8.44036422	      1.08882969	     -1.08811787	      0.58651689	      0.87137429	      0.23728559	     -4.53691452	      0.44854166	     -3.35802420	     10.97585289	      0.44631742	     -0.88117247	      0.05076738	     -0.00596791	      0.00442191	     16.90324329	      0.80462787	      1.63754794	      0.00387584	      0.00041954	     -0.00131491	     22.09896384	    -11.39149182	      0.00000000	     35.12667399	     -0.74004118	      7.88445853	      0.06513700	      0.04435000	     -0.41871200	      0.20275512	     -0.08805276	     -0.12678797	      0.00000000	     -0.98024084	      0.83129321	      2.67173505	      0.00000000	      0.00000000	      0.00000000	      0.00000000	      0.00000000	      0.00000000	      0.00000000	     60.00000000	      0.00000000	      0.00000000	      0.00000000	      0.00000000	      0.00000000	     60.00000000	      0.00000000
      7.30800000	     -8.57536403	      1.06266166	     -1.09529209	      0.59117934	      0.87100019	      0.23664238	     -4.66721041	      0.41217213	     -3.35104654	     10.98991656	      0.45236832	     -0.86919275	      0.05074544	     -0.00602653	      0.00442861	     16.97487269	      0.80810981	      1.63349655	      0.00388039	      0.00041617	     -0.00132007	     22.09291935	    -11.38416389	      0.00000000	     35.11149579	     -0.73196307	      7.90259439	      0.06513700	      0.04435000	     -0.41871200	      0.20361740	     -0.08905095	     -0.12678177	      0.00000000	     -0.98615273	      0.81217246	      2.67629472	      0.00000000	      0.00000000	      0.00000000	      0.00000000	      0.00000000	      0.00000000	      0.00000000	     60.00000000	      0.00000000	      0.00000000	      0.00000000	      0.00000000	      0.00000000	     60.00000000	      0.00000000
      7.31200000	     -8.16305615	      1.63873374	     -1.20794380	      0.59518104	      0.87124875	      0.23708867	     -5.24994208	     -0.23431412	     -3.20473628	     11.04957348	      0.47762867	     -0.81960731	      0.05065383	     -0.00626940	      0.00445699	     17.26976918	      0.82243622	      1.61618109	      0.00389830	      0.00040480	     -0.00133963	     21.85871809	    -11.06467086	      0.00000000	     35.30066893	     -0.99456276	      8.51533473	      0.06513700	      0.04435000	     -0.41871200	      0.23050228	     -0.12157165	     -0.12611995	      0.00000000	     -0.80401376	      0.26189045	      2.82357647	      0.00000000	      0.00000000	      0.00000000	      0.00000000	      0.00000000	      0.00000000	      0.00000000	     60.00000000	      0.00000000	      0.00000000	      0.00000000	      0.00000000	      0.00000000	     60.00000000	      0.00000000
      7.31600000	     -8.30183319	      1.57189233	     -1.19153683	      0.59964327	      0.87122217	      0.23583404	     -5.34305431	     -0.29281740	     -3.19775861	     11.06148760	      0.48258928	     -0.80995833	      0.05063581	     -0.00631672	      0.00446263	     17.32714173	      0.82528037	      1.61272244	      0.00390172	      0.00039985	     -0.00134669	     21.85410642	    -11.06044498	      0.00000000	     35.26182558	     -0.98200647	      8.54458723	      0.06513700	      0.04435000	     -0.41871200	      0.23090720	     -0.12201196	     -0.12628764	      0.00000000	     -0.81676320	      0.24043998	      2.82732721	      0.00000000	      0.00000000	      0.00000000	      0.00000000	      0.00000000	      0.00000000	      0.00000000	     60.00000000	      0.00000000	      0.00000000	      0.00000000	      0.00000000	      0.00000000	     60.00000000	      0.00000000
      7.32000000	     -8.44255589	      1.54728616	     -1.19685051	      0.60420343	      0.87120208	      0.23509081	     -5.44458909	     -0.32703231	     -3.19084039	     11.07575568	      0.48845637	     -0.79857763	      0.05061455	     -0.00637238	      0.00446937	     17.39522054	      0.82855887	      1.60854006	      0.00390543	      0.00039491	     -0.00135153	     21.84098932	    -11.05307679	      0.00000000	     35.22073069	     -0.98934617	      8.56638160	      0.06513700	      0.04435000	     -0.41871200	      0.23179656	     -0.12257041	     -0.12640867	      0.00000000	     -0.82585680	      0.22064421	      2.83132382	      0.00000000	      0.00000000	      0.00000000	      0.00000000	      0.00000000	      0.00000000	      0.00000000	     60.00000000	      0.00000000	      0.00000000	      0.00000000	      0.00000000	      0.00000000	     60.00000000	      0.00000000
      7.32400000	     -8.09964648	      2.23667088	     -1.28798839	      0.60843966	      0.87145483	      0.23510756	     -5.81459902	     -1.14334016	     -3.02582806	     11.20375317	      0.53956224	     -0.70008685	      0.05042973	     -0.00685105	      0.00452918	     17.97941841	      0.85657491	      1.57113371	      0.00394206	      0.00036950	     -0.00139488	     21.34065660	    -10.76269519	      0.00000000	     35.30254168	     -1.46590402	      9.09290080	      0.06513700	      0.04435000	     -0.41871200	      0.25585732	     -0.13836840	     -0.12919724	      0.00000000	     -0.73545465	     -0.30954954	      2.95419048	      0.00000000	      0.00000000	      0.00000000	      0.00000000	      0.00000000	      0.00000000	      0.00000000	     60.00000000	      0.00000000	      0.00000000	      0.00000000	      0.00000000	      0.00000000	     60.00000000	      0.00000000
      7.32800000	     -8.26107761	      2.16846351	     -1.28865657	      0.61316790	      0.87150281	      0.23389562	     -5.88836780	     -1.20267167	     -3.02143740	     11.21646851	      0.54445298	     -0.69069367	      0.05041204	     -0.00689618	      0.00453497	     18.03477202	      0.85922251	      1.56738664	      0.00394419	      0.00036510	     -0.00139930	     21.33284646	    -10.76043404	      0.00000000	     35.21894281	     -1.46690179	      9.11205276	      0.06513700	      0.04435000	     -0.41871200	      0.25690967	     -0.13870281	     -0.12934514	      0.00000000	     -0.74791496	     -0.33350806	      2.95734558	      0.00000000	      0.00000000	      0.00000000	      0.00000000	      0.00000000	      0.00000000	      0.00000000	     60.00000000	      0.00000000	      0.00000000	      0.00000000	      0.00000000	      0.00000000	     60.00000000	      0.00000000
      7.33200000	     -8.42292885	      2.13628388	     -1.30448882	      0.61800398	      0.87151693	      0.23309110	     -5.97559137	     -1.24975607	     -3.01553855	     11.23344260	      0.55094501	     -0.67822962	      0.05038861	     -0.00695593	      0.00454271	     18.10784147	      0.86270146	      1.56243321	      0.00394829	      0.00036021	     -0.00140432	     21.31513079	    -10.75600557	      0.00000000	     35.13579108	     -1.47892563	      9.12202483	      0.06513700	      0.04435000	     -0.41871200	      0.25847136	     -0.13918296	     -0.12943953	      0.00000000	     -0.75587948	     -0.35549945	      2.96076749	      0.00000000	      0.00000000	      0.00000000	      0.00000000	      0.00000000	      0.00000000	      0.00000000	     60.00000000	      0.00000000	      0.00000000	      0.00000000	      0.00000000	      0.00000000	     60.00000000	      0.00000000
      7.33600000	     -7.90811472	      2.80344071	     -1.52409351	      0.62199196	      0.87198996	      0.23292254	     -6.30900571	     -2.16248422	     -2.93091829	     11.45855253	      0.63217637	     -0.52088892	      0.05009606	     -0.00768808	      0.00464009	     19.01021682	      0.90552334	      1.49747366	      0.00400296	      0.00031645	     -0.00147194	     20.66793529	    -10.57030956	      0.00000000	     35.12893985	     -1.89399425	      9.43170446	      0.06513700	      0.04435000	     -0.41871200	      0.28815718	     -0.14927269	     -0.13303871	      0.00000000	     -0.62072615	     -0.88229215	      3.06087019	      0.00000000	      0.00000000	      0.00000000	      0.00000000	      0.00000000	      0.00000000	      0.00000000	     60.00000000	      0.00000000	      0.00000000	      0.00000000	      0.00000000	      0.00000000	     60.00000000	      0.00000000
      7.34000000	     -8.06567004	      2.74561252	     -1.50740671	      0.62671604	      0.87218472	      0.23179041	     -6.38735456	     -2.21198045	     -2.92533084	     11.47670772	      0.63836010	     -0.50869787	      0.05007380	     -0.00774275	      0.00464745	     19.07777834	      0.90867667	      1.49232900	      0.00400724	      0.00031155	     -0.00147736	     20.65339216	    -10.56719464	      0.00000000	     35.05373154	     -1.89288884	      9.46019387	      0.06513700	      0.04435000	     -0.41871200	      0.28911885	     -0.14932791	     -0.13336544	      0.00000000	     -0.63607392	     -0.90672427	      3.06402494	      0.00000000	      0.00000000	      0.00000000	      0.00000000	      0.00000000	      0.00000000	      0.00000000	     60.00000000	      0.00000000	      0.00000000	      0.00000000	      0.00000000	      0.00000000	     60.00000000	      0.00000000
      7.34400000	     -8.20755709	      2.71197014	     -1.49022836	      0.63118270	      0.87244563	      0.23097158	     -6.46723276	     -2.25540067	     -2.91621673	     11.49874564	      0.64576921	     -0.49402955	      0.05004720	     -0.00780790	      0.00465630	     19.15891473	      0.91253519	      1.48609508	      0.00401203	      0.00030602	     -0.00148346	     20.62566556	    -10.56196360	      0.00000000	     34.98452658	     -1.90310821	      9.48429929	      0.06513700	      0.04435000	     -0.41871200	      0.29047129	     -0.14936069	     -0.13371661	      0.00000000	     -0.64754048	     -0.92963283	      3.06741577	      0.00000000	      0.00000000	      0.00000000	      0.00000000	      0.00000000	      0.00000000	      0.00000000	     60.00000000	      0.00000000	      0.00000000	      0.00000000	      0.00000000	      0.00000000	     60.00000000	      0.00000000
      7.34800000	     -7.65874628	      3.18210184	     -0.88298635	      0.63442969	      0.87281424	      0.22992048	     -6.68960717	     -2.72243906	     -2.74998698	     11.92317031	      0.77617754	     -0.22265922	      0.04958011	     -0.00892358	      0.00480619	     20.55259385	      0.97927243	      1.37092077	      0.00409756	      0.00022827	     -0.00158458	     19.65562170	    -10.33475904	      0.00000000	     35.01860707	     -2.53390281	      9.99323071	      0.06513700	      0.04435000	     -0.41871200	      0.31799628	     -0.14681883	     -0.14235920	      0.00000000	     -0.67439768	     -1.47179660	      3.15951979	      0.00000000	      0.00000000	      0.00000000	      0.00000000	      0.00000000	      0.00000000	      0.00000000	     60.00000000	      0.00000000	      0.00000000	      0.00000000	      0.00000000	      0.00000000	     60.00000000	      0.00000000
      7.35200000	     -7.81513865	      3.12174836	     -0.92703967	      0.63929085	      0.87313032	      0.22903969	     -6.75960635	     -2.78555239	     -2.76282164	     11.94547156	      0.78247811	     -0.20887652	      0.04955763	     -0.00897593	      0.00481308	     20.61871817	      0.98250194	      1.36510816	      0.00410166	      0.00022359	     -0.00159011	     19.63735832	    -10.34023738	      0.00000000	     34.94128036	     -2.53120151	      9.98568320	      0.06513700	      0.04435000	     -0.41871200	      0.31941365	     -0.14678623	     -0.14251814	      0.00000000	     -0.69477118	     -1.49637378	      3.16129174	      0.00000000	      0.00000000	      0.00000000	      0.00000000	      0.00000000	      0.00000000	      0.00000000	     60.00000000	      0.00000000	      0.00000000	      0.00000000	      0.00000000	      0.00000000	     60.00000000	      0.00000000
      7.35600000	     -7.98111170	      3.09850674	     -0.96838181	      0.64419233	      0.87351737	      0.22823208	     -6.81768068	     -2.84792527	     -2.76614291	     11.97377775	      0.79038736	     -0.19145373	      0.04952934	     -0.00904148	      0.00482169	     20.70143574	      0.98652178	      1.35774211	      0.00410652	      0.00021842	     -0.00159572	     19.60450588	    -10.34122257	      0.00000000	     34.82897691	     -2.52754587	      9.95091426	      0.06513700	      0.04435000	     -0.41871200	      0.32155469	     -0.14683438	     -0.14249708	      0.00000000	     -0.71022899	     -1.51825450	      3.16331008	      0.00000000	      0.00000000	      0.00000000	      0.00000000	      0.00000000	      0.00000000	      0.00000000	     60.00000000	      0.00000000	      0.00000000	      0.00000000	      0.00000000	      0.00000000	     60.00000000	      0.00000000
      7.36000000	     -7.40532538	      3.60432995	     -1.87935904	      0.64736247	      0.87435314	      0.22773672	     -6.76068455	     -3.94413986	     -2.74444282	     12.47162440	      0.92259755	      0.10148479	      0.04906333	     -0.01009536	      0.00495781	     22.03939710	      1.05301522	      1.23184865	      0.00418541	      0.00013694	     -0.00169256	     18.59360380	    -10.22330552	      0.00000000	     34.68439759	     -2.75951345	      8.69778050	      0.06513700	      0.04435000	     -0.41871200	      0.35215600	     -0.14420477	     -0.13784646	      0.00000000	     -0.75682656	     -1.97151436	      3.21757238	      0.00000000	      0.00000000	      0.00000000	      0.00000000	      0.00000000	      0.00000000	      0.00000000	     60.00000000	      0.00000000	      0.00000000	      0.00000000	      0.00000000	      0.00000000	     60.00000000	      0.00000000
      7.36400000	     -6.98839365	      3.81613767	     -1.56361990	      0.65042273	      0.87466657	      0.22694935	     -6.23265894	     -4.41641172	     -3.22583601	     13.53345199	      1.19022624	      0.62978873	      0.04816733	     -0.01197560	      0.00519950	     24.45563891	      1.17940384	      0.97122696	      0.00429425	     -0.00002517	     -0.00186116	     16.93314802	     -9.90771584	      0.00000000	     34.41618430	     -3.20597520	      8.08287728	      0.06513700	      0.04435000	     -0.41871200	      0.36616945	     -0.11783045	     -0.14358323	      0.00000000	     -1.58681017	     -2.98642312	      3.41202512	      0.00000000	      0.00000000	      0.00000000	      0.00000000	      0.00000000	      0.00000000	      0.00000000	     60.00000000	      0.00000000	      0.00000000	      0.00000000	      0.00000000	      0.00000000	     60.00000000	      0.00000000
      7.36800000	     -7.16299608	      3.76382808	     -1.54370179	      0.65557072	      0.87519824	      0.22614054	     -6.28811250	     -4.44919141	     -3.21423773	     13.56180666	      1.19746152	      0.64192192	      0.04814376	     -0.01202230	      0.00520572	     24.51525402	      1.18264785	      0.96428446	      0.00429555	     -0.00002880	     -0.00186613	     16.91829109	     -9.90149053	      0.00000000	     34.30686258	     -3.21777062	      8.08212682	      0.06513700	      0.04435000	     -0.41871200	      0.36724768	     -0.11775942	     -0.14368386	      0.00000000	     -1.60420110	     -2.99190516	      3.41564911	      0.00000000	      0.00000000	      0.00000000	      0.00000000	      0.00000000	      0.00000000	      0.00000000	     60.00000000	      0.00000000	      0.00000000	      0.00000000	      0.00000000	      0.00000000	     60.00000000	      0.00000000
      7.37200000	     -7.33524223	      3.71452617	     -1.50533479	      0.66084860	      0.87570505	      0.22536263	     -6.34681891	     -4.48154337	     -3.19125325	     13.60673937	      1.20895547	      0.66090338	      0.04810641	     -0.01209601	      0.00521557	     24.60947323	      1.18770399	      0.95324676	      0.00429818	     -0.00003444	     -0.00187094	     16.88058080	     -9.88894100	      0.00000000	     34.18306640	     -3.23743841	      8.08080384	      0.06513700	      0.04435000	     -0.41871200	      0.36860546	     -0.11762400	     -0.14382155	      0.00000000	     -1.61599640	     -2.99613330	      3.41964691	      0.00000000	      0.00000000	      0.00000000	      0.00000000	      0.00000000	      0.00000000	      0.00000000	     60.00000000	      0.00000000	      0.00000000	      0.00000000	      0.00000000	      0.00000000	     60.00000000	      0.00000000
      7.37600000	     -7.50270064	      3.66623443	     -1.45080735	      0.66621295	      0.87620679	      0.22455108	     -6.40255544	     -4.50746570	     -3.15742470	     13.66866735	      1.22479738	      0.68664279	      0.04805663	     -0.01219488	      0.00522850	     24.73817565	      1.19477002	      0.93802289	      0.00430187	     -0.00004179	     -0.00188089	     16.81969524	     -9.87012823	      0.00000000	     34.04026046	     -3.26894531	      8.08021336	      0.06513700	      0.04435000	     -0.41871200	      0.37025023	     -0.11744241	     -0.14398994	      0.00000000	     -1.62151041	     -2.99912860	      3.42373800	      0.00000000	      0.00000000	      0.00000000	      0.00000000	      0.00000000	      0.00000000	      0.00000000	     60.00000000	      0.00000000	      0.00000000	      0.00000000	      0.00000000	      0.00000000	     60.00000000	      0.00000000
      7.38000000	     -6.31581005	      3.91829812	     -1.38187631	      0.66762263	      0.87716572	      0.22320614	     -5.97173058	     -5.17923390	     -2.98998088	     15.52157425	      1.71268671	      1.22698950	      0.04655102	     -0.01493448	      0.00559720	     28.30461405	      1.39784568	      0.47323696	      0.00430182	     -0.00027978	     -0.00212116	     14.11658235	     -9.24102131	      0.00000000	     33.28231117	     -3.74378409	      7.55415726	      0.06513700	      0.04435000	     -0.41871200	      0.39271513	     -0.10227842	     -0.15060644	      0.00000000	     -1.67627333	     -3.14306825	      3.55666277	      0.00000000	      0.00000000	      0.00000000	      0.00000000	      0.00000000	      0.00000000	      0.00000000	     60.00000000	      0.00000000	      0.00000000	      0.00000000	      0.00000000	      0.00000000	     60.00000000	      0.00000000
      7.38400000	     -6.50929663	      3.85230926	     -1.36223435	      0.67297397	      0.87767915	      0.22240043	     -6.00612040	     -5.18856829	     -2.97900410	     15.56625086	      1.72413402	      1.23511258	      0.04651463	     -0.01499520	      0.00560496	     28.38536451	      1.40252309	      0.46186797	      0.00430054	     -0.00028349	     -0.00212413	     14.07694072	     -9.22813082	      0.00000000	     33.14735329	     -3.78145447	      7.57169176	      0.06513700	      0.04435000	     -0.41871200	      0.39369781	     -0.10203417	     -0.15087147	      0.00000000	     -1.70520746	     -3.14674252	      3.55994567	      0.00000000	      0.00000000	      0.00000000	      0.00000000	      0.00000000	      0.00000000	      0.00000000	     60.00000000	      0.00000000	      0.00000000	      0.00000000	      0.00000000	      0.00000000	     60.00000000	      0.00000000
      7.38800000	     -6.07899672	      3.86791532	     -1.49447211	      0.67532429	      0.87854023	      0.22043036	     -5.01658069	     -5.75396025	     -3.09368270	     17.17463373	      2.09988011	      1.40111638	      0.04519766	     -0.01705536	      0.00582446	     31.16858105	      1.56625546	      0.04992257	      0.00421549	     -0.00046725	     -0.00229660	     11.87868632	     -8.63347670	      0.00000000	     32.53028049	     -4.03000530	      7.44670729	      0.06513700	      0.04435000	     -0.41871200	      0.39420475	     -0.08265071	     -0.16076906	      0.00000000	     -2.43946792	     -3.19249483	      3.70647385	      0.00000000	      0.00000000	      0.00000000	      0.00000000	      0.00000000	      0.00000000	      0.00000000	     60.00000000	      0.00000000	      0.00000000	      0.00000000	      0.00000000	      0.00000000	     60.00000000	      0.00000000
      7.39200000	     -6.24387233	      3.85000672	     -1.46794482	      0.68077202	      0.87950422	      0.22023906	     -4.99411994	     -5.74982132	     -3.07969403	     17.20152502	      2.10552470	      1.40212493	      0.04517549	     -0.01708790	      0.00582720	     31.21366513	      1.56886642	      0.04301540	      0.00421405	     -0.00046695	     -0.00229791	     11.86597015	     -8.62338313	      0.00000000	     32.35860942	     -4.05238577	      7.44797454	      0.06513700	      0.04435000	     -0.41871200	      0.39573785	     -0.08266882	     -0.16088449	      0.00000000	     -2.45815306	     -3.19114713	      3.70949956	      0.00000000	      0.00000000	      0.00000000	      0.00000000	      0.00000000	      0.00000000	      0.00000000	     60.00000000	      0.00000000	      0.00000000	      0.00000000	      0.00000000	      0.00000000	     60.00000000	      0.00000000
      7.39600000	     -6.39044817	      3.79408360	     -1.41405008	      0.68618007	      0.88041866	      0.21949890	     -4.96821962	     -5.76032294	     -3.04748383	     17.25130840	      2.11576133	      1.40354998	      0.04513439	     -0.01714762	      0.00583200	     31.29651213	      1.57375756	      0.03018738	      0.00421159	     -0.00046894	     -0.00230311	     11.83877261	     -8.61008207	      0.00000000	     32.18112007	     -4.08897988	      7.45176463	      0.06513700	      0.04435000	     -0.41871200	      0.39718718	     -0.08256053	     -0.16098993	      0.00000000	     -2.47047524	     -3.19000779	      3.71249549	      0.00000000	      0.00000000	      0.00000000	      0.00000000	      0.00000000	      0.00000000	      0.00000000	     60.00000000	      0.00000000	      0.00000000	      0.00000000	      0.00000000	      0.00000000	     60.00000000	      0.00000000
      7.40000000	     -5.59724732	      3.91678613	     -1.52631076	      0.68768637	      0.88113981	      0.21866636	     -3.94797363	     -6.18284026	     -2.59018696	     19.44290281	      2.48563508	      1.32796195	      0.04329541	     -0.01959368	      0.00595588	     34.81694687	      1.77976133	     -0.53206734	      0.00404830	     -0.00069576	     -0.00248631	     10.27737907	     -8.10624863	      0.00000000	     31.29216043	     -4.44770770	      6.81740294	      0.06513700	      0.04435000	     -0.41871200	      0.39994016	     -0.06765752	     -0.16385946	      0.00000000	     -2.71212238	     -3.09206607	      3.82076272	      0.00000000	      0.00000000	      0.00000000	      0.00000000	      0.00000000	      0.00000000	      0.00000000	     60.00000000	      0.00000000	      0.00000000	      0.00000000	      0.00000000	      0.00000000	     60.00000000	      0.00000000
      7.40400000	     -5.74724394	      3.86094475	     -1.48781464	      0.69282296	      0.88193500	      0.21770696	     -3.90123861	     -6.20006543	     -2.56814162	     19.47142355	      2.48935358	      1.32561578	      0.04327087	     -0.01962330	      0.00595668	     34.86121693	      1.78233699	     -0.53932267	      0.00404680	     -0.00069668	     -0.00248765	     10.25509701	     -8.09464576	      0.00000000	     31.12203267	     -4.48429011	      6.83108895	      0.06513700	      0.04435000	     -0.41871200	      0.40131947	     -0.06757047	     -0.16401857	      0.00000000	     -2.73469744	     -3.09349646	      3.82297012	      0.00000000	      0.00000000	      0.00000000	      0.00000000	      0.00000000	      0.00000000	      0.00000000	     60.00000000	      0.00000000	      0.00000000	      0.00000000	      0.00000000	      0.00000000	     60.00000000	      0.00000000
      7.40800000	     -5.88959264	      3.79886001	     -1.40795084	      0.69823662	      0.88287953	      0.21679615	     -3.83055003	     -6.22741752	     -2.53014147	     19.51989727	      2.49567652	      1.32161052	      0.04322938	     -0.01967370	      0.00595775	     34.93671799	      1.78673328	     -0.55168366	      0.00404348	     -0.00069825	     -0.00249129	     10.21072886	     -8.07795869	      0.00000000	     30.91521065	     -4.50927908	      6.84351460	      0.06513700	      0.04435000	     -0.41871200	      0.40285463	     -0.06739155	     -0.16421134	      0.00000000	     -2.75155156	     -3.09334735	      3.82513272	      0.00000000	      0.00000000	      0.00000000	      0.00000000	      0.00000000	      0.00000000	      0.00000000	     60.00000000	      0.00000000	      0.00000000	      0.00000000	      0.00000000	      0.00000000	     60.00000000	      0.00000000
      7.41200000	     -5.20444780	      3.90116327	     -1.64569104	      0.69965681	      0.88360783	      0.21679688	     -2.40909085	     -6.66201549	     -1.99300591	     21.99517256	      2.71809059	      1.04322420	      0.04105797	     -0.02207301	      0.00595377	     38.69343564	      2.00260165	     -1.17232792	      0.00380994	     -0.00091574	     -0.00263319	      7.71016553	     -7.31854271	      0.00000000	     29.99759980	     -4.68539643	      6.46795932	      0.06513700	      0.04435000	     -0.41871200	      0.40134239	     -0.05123230	     -0.17034146	      0.00000000	     -3.12716445	     -2.99475534	      3.88447456	      0.00000000	      0.00000000	      0.00000000	      0.00000000	      0.00000000	      0.00000000	      0.00000000	     60.00000000	      0.00000000	      0.00000000	      0.00000000	      0.00000000	      0.00000000	     60.00000000	      0.00000000
      7.41600000	     -5.31846529	      3.79683994	     -1.58977127	      0.70477954	      0.88467415	      0.21533016	     -2.31199839	     -6.69021213	     -1.95971469	     22.01263439	      2.71907242	      1.04089770	      0.04104230	     -0.02208888	      0.00595360	     38.71954171	      2.00404785	     -1.17664769	      0.00380944	     -0.00091292	     -0.00263305	      7.69192353	     -7.30737724	      0.00000000	     29.81802508	     -4.75520670	      6.50185369	      0.06513700	      0.04435000	     -0.41871200	      0.40282553	     -0.05117463	     -0.17057348	      0.00000000	     -3.14956382	     -2.99741265	      3.88603777	      0.00000000	      0.00000000	      0.00000000	      0.00000000	      0.00000000	      0.00000000	      0.00000000	     60.00000000	      0.00000000	      0.00000000	      0.00000000	      0.00000000	      0.00000000	     60.00000000	      0.00000000
      7.42000000	     -5.17396276	      4.01896171	     -1.69741293	      0.70759042	      0.88494641	      0.21500963	     -0.99416441	     -7.20509118	     -1.61768095	     23.76715195	      2.76585457	      0.78212209	      0.03943654	     -0.02359771	      0.00592136	     41.32672047	      2.14525755	     -1.59753597	      0.00366157	     -0.00107194	     -0.00268942	      6.06437453	     -6.78252090	      0.00000000	     29.43293092	     -4.87742157	      7.51836713	      0.06513700	      0.04435000	     -0.41871200	      0.39925464	     -0.03969282	     -0.18546243	      0.00000000	     -3.75487082	     -2.92441967	      3.93217523	      0.00000000	      0.00000000	      0.00000000	      0.00000000	      0.00000000	      0.00000000	      0.00000000	     60.00000000	      0.00000000	      0.00000000	      0.00000000	      0.00000000	      0.00000000	     60.00000000	      0.00000000
      7.42400000	     -5.27178515	      3.94516491	     -1.71681855	      0.71253599	      0.88595692	      0.21379605	     -0.91379906	     -7.14444189	     -1.61183004	     23.79076524	      2.76571583	      0.77832995	      0.03941498	     -0.02361693	      0.00591986	     41.36256632	      2.14704075	     -1.60299738	      0.00365908	     -0.00107200	     -0.00268736	      6.05064687	     -6.77175618	      0.00000000	     29.27578959	     -5.01740798	      7.55365765	      0.06513700	      0.04435000	     -0.41871200	      0.40085089	     -0.03978369	     -0.18554155	      0.00000000	     -3.76681608	     -2.92956875	      3.93310558	      0.00000000	      0.00000000	      0.00000000	      0.00000000	      0.00000000	      0.00000000	      0.00000000	     60.00000000	      0.00000000	      0.00000000	      0.00000000	      0.00000000	      0.00000000	     60.00000000	      0.00000000
      7.42800000	     -5.15516326	      4.04303846	     -1.14164754	      0.71627301	      0.88650491	      0.21312185	     -0.51091653	     -6.99632463	     -1.22781909	     24.69635409	      2.75452895	      0.63373146	      0.03855667	     -0.02434205	      0.00590102	     42.71319206	      2.21551311	     -1.81274482	      0.00359558	     -0.00116475	     -0.00270071	      5.50457596	     -6.58022488	      0.00000000	     28.87237645	     -5.27347352	      7.82502431	      0.06513700	      0.04435000	     -0.41871200	      0.39952780	     -0.03558680	     -0.18867781	      0.00000000	     -3.77082030	     -2.95122213	      3.95258105	      0.00000000	      0.00000000	      0.00000000	      0.00000000	      0.00000000	      0.00000000	      0.00000000	     60.00000000	      0.00000000	      0.00000000	      0.00000000	      0.00000000	      0.00000000	     60.00000000	      0.00000000
      7.43200000	     -5.25465606	      3.98234129	     -1.15535235	      0.72137827	      0.88759252	      0.21218569	     -0.37578844	     -7.01119509	     -1.22047749	     24.72709436	      2.75377780	      0.62877475	      0.03852699	     -0.02436621	      0.00590052	     42.75926268	      2.21775960	     -1.81983323	      0.00359442	     -0.00116423	     -0.00269988	      5.48657946	     -6.57982316	      0.00000000	     28.64906848	     -5.32218984	      7.81942186	      0.06513700	      0.04435000	     -0.41871200	      0.40161854	     -0.03565789	     -0.18864821	      0.00000000	     -3.78148687	     -2.95819126	      3.95183405	      0.00000000	      0.00000000	      0.00000000	      0.00000000	      0.00000000	      0.00000000	      0.00000000	     60.00000000	      0.00000000	      0.00000000	      0.00000000	      0.00000000	      0.00000000	     60.00000000	      0.00000000
      7.43600000	     -4.80287326	      4.39200580	     -2.40326547	      0.72203581	      0.88751747	      0.21276468	      1.58265735	     -8.05170399	     -0.57267360	     27.07464826	      2.60355035	      0.24791304	      0.03613725	     -0.02612798	      0.00583618	     46.37036383	      2.37981375	     -2.34391159	      0.00345726	     -0.00144155	     -0.00268395	      4.10481891	     -6.37819112	      0.00000000	     28.03062188	     -5.55605168	      7.45620624	      0.06513700	      0.04435000	     -0.41871200	      0.40032496	     -0.02194744	     -0.19204704	      0.00000000	     -4.29546851	     -3.11842897	      3.93250564	      0.00000000	      0.00000000	      0.00000000	      0.00000000	      0.00000000	      0.00000000	      0.00000000	     60.00000000	      0.00000000	      0.00000000	      0.00000000	      0.00000000	      0.00000000	     60.00000000	      0.00000000
      7.44000000	     -4.90967227	      4.34134412	     -2.29694769	      0.72721439	      0.88865966	      0.21180728	      1.72959137	     -8.04942821	     -0.53366237	     27.08940419	      2.60203866	      0.24531343	      0.03612111	     -0.02613875	      0.00583585	     46.39411632	      2.38074194	     -2.34720329	      0.00346071	     -0.00144686	     -0.00268490	      4.10069769	     -6.37103314	      0.00000000	     27.79430634	     -5.60232104	      7.48771563	      0.06513700	      0.04435000	     -0.41871200	      0.40212038	     -0.02193549	     -0.19224053	      0.00000000	     -4.30687358	     -3.12602302	      3.93332386	      0.00000000	      0.00000000	      0.00000000	      0.00000000	      0.00000000	      0.00000000	      0.00000000	     60.00000000	      0.00000000	      0.00000000	      0.00000000	      0.00000000	      0.00000000	     60.00000000	      0.00000000
      7.44400000	     -4.88973264	      4.35912470	     -1.43669211	      0.73129056	      0.88919629	      0.21108644	      2.11077317	     -7.67518144	     -0.23002377	     27.79940489	      2.52085479	      0.13455292	      0.03534623	     -0.02663917	      0.00581243	     47.53106899	      2.42464830	     -2.49952039	      0.00343475	     -0.00155308	     -0.00267194	      3.87328974	     -6.26066910	      0.00000000	     27.38005859	     -5.83511771	      7.84233677	      0.06513700	      0.04435000	     -0.41871200	      0.39707545	     -0.01786495	     -0.19511157	      0.00000000	     -4.30293755	     -3.19460401	      3.93926408	      0.00000000	      0.00000000	      0.00000000	      0.00000000	      0.00000000	      0.00000000	      0.00000000	     60.00000000	      0.00000000	      0.00000000	      0.00000000	      0.00000000	      0.00000000	     60.00000000	      0.00000000
      7.44800000	     -4.96113838	      4.31476576	     -1.40661304	      0.73639752	      0.89029323	      0.21040802	      2.31024279	     -7.68633202	     -0.22000509	     27.82508661	      2.51759462	      0.13066576	      0.03531789	     -0.02665678	      0.00581158	     47.57252355	      2.42615747	     -2.50490219	      0.00343487	     -0.00155267	     -0.00267088	      3.87027450	     -6.26234233	      0.00000000	     27.11284198	     -5.86320670	      7.83743648	      0.06513700	      0.04435000	     -0.41871200	      0.39932083	     -0.01793810	     -0.19509892	      0.00000000	     -4.31019386	     -3.20375392	      3.93773820	      0.00000000	      0.00000000	      0.00000000	      0.00000000	      0.00000000	      0.00000000	      0.00000000	     60.00000000	      0.00000000	      0.00000000	      0.00000000	      0.00000000	      0.00000000	     60.00000000	      0.00000000
      7.45200000	     -4.39540625	      4.18774385	     -1.51393404	      0.73734778	      0.89077319	      0.21038100	      3.53610842	     -7.57183120	     -0.00918348	     29.59710973	      2.25485805	     -0.12313968	      0.03334478	     -0.02778834	      0.00576442	     50.47319016	      2.52186824	     -2.86249135	      0.00343610	     -0.00191441	     -0.00264049	      3.48169027	     -6.24222764	      0.00000000	     26.22922775	     -5.83223102	      7.66865217	      0.06513700	      0.04435000	     -0.41871200	      0.39270657	     -0.01093261	     -0.19567719	      0.00000000	     -4.27619695	     -3.37760678	      3.89005946	      0.00000000	      0.00000000	      0.00000000	      0.00000000	      0.00000000	      0.00000000	      0.00000000	     60.00000000	      0.00000000	      0.00000000	      0.00000000	      0.00000000	      0.00000000	     60.00000000	      0.00000000
      7.45600000	     -4.48062695	      4.17190457	     -1.46522207	      0.74240001	      0.89180228	      0.20975141	      3.71768339	     -7.61579079	      0.02960663	     29.60218744	      2.25399301	     -0.12373838	      0.03333940	     -0.02779085	      0.00576443	     50.48157205	      2.52208022	     -2.86339455	      0.00343850	     -0.00191218	     -0.00263985	      3.48959646	     -6.24194116	      0.00000000	     25.99478394	     -5.83251450	      7.65735321	      0.06513700	      0.04435000	     -0.41871200	      0.39484333	     -0.01098596	     -0.19566834	      0.00000000	     -4.29668141	     -3.38084044	      3.88867938	      0.00000000	      0.00000000	      0.00000000	      0.00000000	      0.00000000	      0.00000000	      0.00000000	     60.00000000	      0.00000000	      0.00000000	      0.00000000	      0.00000000	      0.00000000	     60.00000000	      0.00000000
      7.46000000	     -4.33926838	      4.39779547	     -1.51634994	      0.74474489	      0.89171881	      0.21012497	      4.93527058	     -7.68918610	      0.68404241	     30.97963767	      2.00781990	     -0.29142034	      0.03182503	     -0.02852316	      0.00575031	     52.75965392	      2.58331188	     -3.11129660	      0.00352552	     -0.00230639	     -0.00263943	      3.50141871	     -6.11348172	      0.00000000	     25.50671205	     -6.08340583	      7.49817510	      0.06513700	      0.04435000	     -0.41871200	      0.38881584	     -0.00251441	     -0.19583435	      0.00000000	     -4.62731364	     -3.43841469	      3.83571832	      0.00000000	      0.00000000	      0.00000000	      0.00000000	      0.00000000	      0.00000000	      0.00000000	     60.00000000	      0.00000000	      0.00000000	      0.00000000	      0.00000000	      0.00000000	     60.00000000	      0.00000000
      7.46400000	     -4.37364483	      4.36054856	     -1.50530369	      0.74917060	      0.89287590	      0.20927902	      5.16981752	     -7.68018156	      0.68995181	     30.96700317	      2.01027314	     -0.29027261	      0.03183789	     -0.02851865	      0.00575002	     52.73875703	      2.58278124	     -3.10937356	      0.00352493	     -0.00229440	     -0.00263637	      3.52139842	     -6.10962135	      0.00000000	     25.27003083	     -6.15586051	      7.50289573	      0.06513700	      0.04435000	     -0.41871200	      0.39108142	     -0.00256242	     -0.19578407	      0.00000000	     -4.64389617	     -3.44633421	      3.83349958	      0.00000000	      0.00000000	      0.00000000	      0.00000000	      0.00000000	      0.00000000	      0.00000000	     60.00000000	      0.00000000	      0.00000000	      0.00000000	      0.00000000	      0.00000000	     60.00000000	      0.00000000
      7.46800000	     -4.41170574	      4.33381534	     -1.45487600	      0.75374643	      0.89395610	      0.20863103	      5.40241501	     -7.67593453	      0.70889321	     30.97674274	      2.00844083	     -0.29135835	      0.03182731	     -0.02852334	      0.00574998	     52.75490495	      2.58319338	     -3.11101263	      0.00352711	     -0.00229323	     -0.00263675	      3.53928260	     -6.10380426	      0.00000000	     25.01878454	     -6.19154587	      7.50446638	      0.06513700	      0.04435000	     -0.41871200	      0.39310046	     -0.00249815	     -0.19576863	      0.00000000	     -4.65831921	     -3.45285531	      3.83108849	      0.00000000	      0.00000000	      0.00000000	      0.00000000	      0.00000000	      0.00000000	      0.00000000	     60.00000000	      0.00000000	      0.00000000	      0.00000000	      0.00000000	      0.00000000	     60.00000000	      0.00000000
      7.47200000	     -4.20005042	      4.29536683	     -1.27173520	      0.75564642	      0.89395916	      0.20870677	      6.55030735	     -7.42662637	      1.08469694	     32.35615227	      1.74149975	     -0.43560996	      0.03033408	     -0.02914904	      0.00574289	     55.02025391	      2.64016050	     -3.32847119	      0.00363959	     -0.00274672	     -0.00264151	      3.76906465	     -5.87261459	      0.00000000	     24.37460703	     -6.22015596	      7.46020638	      0.06513700	      0.04435000	     -0.41871200	      0.38326676	      0.00661198	     -0.19607951	      0.00000000	     -4.84003223	     -3.56672133	      3.76200938	      0.00000000	      0.00000000	      0.00000000	      0.00000000	      0.00000000	      0.00000000	      0.00000000	     60.00000000	      0.00000000	      0.00000000	      0.00000000	      0.00000000	      0.00000000	     60.00000000	      0.00000000
      7.47600000	     -4.24385487	      4.46481874	     -2.29587161	      0.75906934	      0.89452538	      0.20860012	      7.57265439	     -8.00231893	      1.44585656	     32.82645154	      1.64831735	     -0.47995065	      0.02983052	     -0.02934148	      0.00573985	     55.78357229	      2.65999028	     -3.39487703	      0.00367494	     -0.00290200	     -0.00264309	      4.20943491	     -5.63006179	      0.00000000	     24.17937334	     -6.30750273	      7.12502896	      0.06513700	      0.04435000	     -0.41871200	      0.38520882	      0.01121148	     -0.19443596	      0.00000000	     -5.15892690	     -3.65493093	      3.68496536	      0.00000000	      0.00000000	      0.00000000	      0.00000000	      0.00000000	      0.00000000	      0.00000000	     60.00000000	      0.00000000	      0.00000000	      0.00000000	      0.00000000	      0.00000000	     60.00000000	      0.00000000
      7.48000000	     -4.31637820	      4.58598604	     -1.63093233	      0.76310024	      0.89516358	      0.20785469	      7.99189292	     -7.69886162	      1.81001494	     33.18747924	      1.57631357	     -0.51262288	      0.02944482	     -0.02948381	      0.00573656	     56.36604666	      2.67564190	     -3.44332727	      0.00369995	     -0.00302283	     -0.00264401	      4.33074706	     -5.39406376	      0.00000000	     23.88408949	     -6.59485377	      7.42469530	      0.06513700	      0.04435000	     -0.41871200	      0.38164610	      0.01483761	     -0.19601442	      0.00000000	     -5.22711796	     -3.68360578	      3.66674701	      0.00000000	      0.00000000	      0.00000000	      0.00000000	      0.00000000	      0.00000000	      0.00000000	     60.00000000	      0.00000000	      0.00000000	      0.00000000	      0.00000000	      0.00000000	     60.00000000	      0.00000000
      7.48400000	     -4.36482726	      4.59585923	     -1.56421721	      0.76767502	      0.89632914	      0.20713517	      8.30424714	     -7.72014318	      1.84396469	     33.16847186	      1.58009618	     -0.51097197	      0.02946525	     -0.02947619	      0.00573689	     56.33543846	      2.67485950	     -3.44080080	      0.00370039	     -0.00301327	     -0.00264312	      4.35599126	     -5.38352129	      0.00000000	     23.53161376	     -6.57337244	      7.39065986	      0.06513700	      0.04435000	     -0.41871200	      0.38467651	      0.01469164	     -0.19582833	      0.00000000	     -5.23473373	     -3.69006173	      3.66386448	      0.00000000	      0.00000000	      0.00000000	      0.00000000	      0.00000000	      0.00000000	      0.00000000	     60.00000000	      0.00000000	      0.00000000	      0.00000000	      0.00000000	      0.00000000	     60.00000000	      0.00000000
      7.48800000	     -4.06417041	      4.73281808	     -2.46523822	      0.76884731	      0.89628597	      0.20747879	     10.03488334	     -7.70272786	      3.47277379	     34.74361206	      1.25939052	     -0.64300293	      0.02778791	     -0.03004056	      0.00571466	     58.84759475	      2.75165900	     -3.62613177	      0.00377322	     -0.00353964	     -0.00263405	      4.53140963	     -4.48936725	      0.00000000	     22.65341224	     -6.77795549	      4.76582990	      0.06513700	      0.04435000	     -0.41871200	      0.38083049	      0.02201913	     -0.17874838	      0.00000000	     -5.36354419	     -3.91558002	      3.55376979	      0.00000000	      0.00000000	      0.00000000	      0.00000000	      0.00000000	      0.00000000	      0.00000000	     60.00000000	      0.00000000	      0.00000000	      0.00000000	      0.00000000	      0.00000000	     60.00000000	      0.00000000
      7.49200000	     -4.01719077	      4.73904861	     -2.31875619	      0.77313147	      0.89762038	      0.20740664	     10.43861623	     -7.70529674	      3.50839404	     34.68537025	      1.27147298	     -0.63838836	      0.02784987	     -0.03002137	      0.00571573	     58.75556916	      2.74846193	     -3.62008971	      0.00377439	     -0.00351678	     -0.00263278	      4.55211753	     -4.47105611	      0.00000000	     22.31472855	     -6.78561363	      4.76223482	      0.06513700	      0.04435000	     -0.41871200	      0.38351574	      0.02203925	     -0.17872080	      0.00000000	     -5.37604059	     -3.91947186	      3.55208197	      0.00000000	      0.00000000	      0.00000000	      0.00000000	      0.00000000	      0.00000000	      0.00000000	     60.00000000	      0.00000000	      0.00000000	      0.00000000	      0.00000000	      0.00000000	     60.00000000	      0.00000000
      7.49600000	     -3.98717665	      4.71792482	     -2.21720162	      0.77721148	      0.89866660	      0.20684216	     10.74460867	     -7.67134885	      3.52489841	     34.66322259	      1.27606344	     -0.63662080	      0.02787346	     -0.03001399	      0.00571614	     58.72055690	      2.74727451	     -3.61775866	      0.00377494	     -0.00350679	     -0.00263351	      4.56552020	     -4.45113602	      0.00000000	     22.05715139	     -6.83622940	      4.76857191	      0.06513700	      0.04435000	     -0.41871200	      0.38525013	      0.02213669	     -0.17865859	      0.00000000	     -5.38821569	     -3.92389792	      3.54993442	      0.00000000	      0.00000000	      0.00000000	      0.00000000	      0.00000000	      0.00000000	      0.00000000	     60.00000000	      0.00000000	      0.00000000	      0.00000000	      0.00000000	      0.00000000	     60.00000000	      0.00000000
      7.50000000	     -4.03516032	      4.64543787	     -1.74551262	      0.77974031	      0.89898587	      0.20620800	     11.64391625	     -7.36955515	      3.64411772	     35.35217309	      1.13198776	     -0.69072123	      0.02713869	     -0.03023616	      0.00570183	     59.80798011	      2.78652126	     -3.68654181	      0.00378516	     -0.00372835	     -0.00261923	      4.61761888	     -4.06732733	      0.00000000	     21.62232656	     -6.91968328	      4.74943183	      0.06513700	      0.04435000	     -0.41871200	      0.37197719	      0.02814591	     -0.17793434	      0.00000000	     -5.57620102	     -3.97024064	      3.49993298	      0.00000000	      0.00000000	      0.00000000	      0.00000000	      0.00000000	      0.00000000	      0.00000000	     60.00000000	      0.00000000	      0.00000000	      0.00000000	      0.00000000	      0.00000000	     60.00000000	      0.00000000
      7.50400000	     -4.02062515	      4.63552775	     -1.74250006	      0.78384091	      0.89984589	      0.20564131	     11.90634184	     -7.32052479	      3.61622081	     35.32781913	      1.13709327	     -0.68886456	      0.02716460	     -0.03022852	      0.00570235	     59.76961967	      2.78506612	     -3.68424258	      0.00378566	     -0.00371876	     -0.00261947	      4.64128815	     -4.05515759	      0.00000000	     21.39851314	     -6.99848066	      4.75205426	      0.06513700	      0.04435000	     -0.41871200	      0.37382084	      0.02805864	     -0.17776642	      0.00000000	     -5.58709758	     -3.97281984	      3.49667097	      0.00000000	      0.00000000	      0.00000000	      0.00000000	      0.00000000	      0.00000000	      0.00000000	     60.00000000	      0.00000000	      0.00000000	      0.00000000	      0.00000000	      0.00000000	     60.00000000	      0.00000000
      7.50800000	     -3.99826807	      4.61565184	     -1.72968130	      0.78762933	      0.90072194	      0.20489019	     12.16072720	     -7.25930361	      3.57644514	     35.31749047	      1.13927783	     -0.68805953	      0.02717565	     -0.03022529	      0.00570260	     59.75330670	      2.78447305	     -3.68328782	      0.00378594	     -0.00371347	     -0.00262089	      4.67193468	     -4.04680633	      0.00000000	     21.18825659	     -7.07965331	      4.76960968	      0.06513700	      0.04435000	     -0.41871200	      0.37513421	      0.02808553	     -0.17767095	      0.00000000	     -5.59765599	     -3.97433789	      3.49318042	      0.00000000	      0.00000000	      0.00000000	      0.00000000	      0.00000000	      0.00000000	      0.00000000	     60.00000000	      0.00000000	      0.00000000	      0.00000000	      0.00000000	      0.00000000	     60.00000000	      0.00000000
      7.51200000	     -4.03316567	      4.36738202	     -1.57617194	      0.79015008	      0.90079314	      0.20420161	     13.23015686	     -7.18138434	      3.10678098	     36.06642554	      0.97944256	     -0.74527598	      0.02637331	     -0.03045057	      0.00568326	     60.92916351	      2.83241428	     -3.74929886	      0.00377996	     -0.00394465	     -0.00259449	      5.18844466	     -3.93614693	      0.00000000	     20.61764749	     -6.92621836	      5.27910841	      0.06513700	      0.04435000	     -0.41871200	      0.35651588	      0.03578738	     -0.18009471	      0.00000000	     -5.78217486	     -3.92848233	      3.41639368	      0.00000000	      0.00000000	      0.00000000	      0.00000000	      0.00000000	      0.00000000	      0.00000000	     60.00000000	      0.00000000	      0.00000000	      0.00000000	      0.00000000	      0.00000000	     60.00000000	      0.00000000
      7.51600000	     -3.97154245	      4.29804652	     -1.54224987	      0.79424771	      0.90126086	      0.20362186	     13.51701413	     -7.08365259	      3.06449003	     36.03365410	      0.98650651	     -0.74285404	      0.02640857	     -0.03044119	      0.00568422	     60.87779916	      2.83013647	     -3.74668483	      0.00378239	     -0.00393233	     -0.00259508	      5.22266866	     -3.92665533	      0.00000000	     20.40745796	     -7.10892799	      5.34890558	      0.06513700	      0.04435000	     -0.41871200	      0.35799018	      0.03600838	     -0.18023170	      0.00000000	     -5.79103530	     -3.92468056	      3.41278084	      0.00000000	      0.00000000	      0.00000000	      0.00000000	      0.00000000	      0.00000000	      0.00000000	     60.00000000	      0.00000000	      0.00000000	      0.00000000	      0.00000000	      0.00000000	     60.00000000	      0.00000000
      7.52000000	     -4.07034071	      4.27221477	     -1.18436529	      0.79746099	      0.90141732	      0.20279600	     14.33773719	     -7.08241669	      2.88589839	     36.46456269	      0.89326742	     -0.77486293	      0.02594564	     -0.03056356	      0.00567152	     61.55153412	      2.86035112	     -3.78072404	      0.00377227	     -0.00406046	     -0.00257644	      5.71982725	     -3.84048385	      0.00000000	     19.94807582	     -7.13849443	      6.20997063	      0.06513700	      0.04435000	     -0.41871200	      0.34443058	      0.04606409	     -0.18572260	      0.00000000	     -5.94414181	     -3.77390368	      3.33658963	      0.00000000	      0.00000000	      0.00000000	      0.00000000	      0.00000000	      0.00000000	      0.00000000	     60.00000000	      0.00000000	      0.00000000	      0.00000000	      0.00000000	      0.00000000	     60.00000000	      0.00000000
      7.52400000	     -4.03357078	      4.27738753	     -1.14703260	      0.80149294	      0.90209563	      0.20241175	     14.69258815	     -7.06169136	      2.87540228	     36.41251316	      0.90460522	     -0.77094291	      0.02600163	     -0.03054891	      0.00567310	     61.47015227	      2.85655329	     -3.77672668	      0.00377540	     -0.00404289	     -0.00257819	      5.75611999	     -3.83671749	      0.00000000	     19.63555269	     -7.18520757	      6.21838061	      0.06513700	      0.04435000	     -0.41871200	      0.34721596	      0.04601091	     -0.18564937	      0.00000000	     -5.94971356	     -3.77043023	      3.33206003	      0.00000000	      0.00000000	      0.00000000	      0.00000000	      0.00000000	      0.00000000	      0.00000000	     60.00000000	      0.00000000	      0.00000000	      0.00000000	      0.00000000	      0.00000000	     60.00000000	      0.00000000
      7.52800000	     -3.96478520	      4.26358570	     -1.08302729	      0.80523003	      0.90282237	      0.20197266	     15.06479017	     -7.06318673	      2.87857610	     36.36538193	      0.91484144	     -0.76749191	      0.02605229	     -0.03053580	      0.00567455	     61.39658213	      2.85315420	     -3.77315824	      0.00377770	     -0.00402820	     -0.00258069	      5.79078350	     -3.83382045	      0.00000000	     19.33354299	     -7.20807751	      6.22587736	      0.06513700	      0.04435000	     -0.41871200	      0.34960289	      0.04606260	     -0.18559218	      0.00000000	     -5.95500495	     -3.76706147	      3.32730064	      0.00000000	      0.00000000	      0.00000000	      0.00000000	      0.00000000	      0.00000000	      0.00000000	     60.00000000	      0.00000000	      0.00000000	      0.00000000	      0.00000000	      0.00000000	     60.00000000	      0.00000000
      7.53200000	     -3.89081076	      4.24150407	     -1.02104392	      0.80866697	      0.90358666	      0.20129375	     15.43502143	     -7.04647514	      2.87359142	     36.32718350	      0.92310884	     -0.76467448	      0.02609333	     -0.03052502	      0.00567568	     61.33685415	      2.85046771	     -3.77018039	      0.00377972	     -0.00401548	     -0.00258253	      5.82456862	     -3.83165598	      0.00000000	     19.04163406	     -7.24369539	      6.23773025	      0.06513700	      0.04435000	     -0.41871200	      0.35162837	      0.04620876	     -0.18553124	      0.00000000	     -5.96154234	     -3.76287532	      3.32214213	      0.00000000	      0.00000000	      0.00000000	      0.00000000	      0.00000000	      0.00000000	      0.00000000	     60.00000000	      0.00000000	      0.00000000	      0.00000000	      0.00000000	      0.00000000	     60.00000000	      0.00000000
      7.53600000	     -3.81835742	      4.06009437	     -1.61568834	      0.81064971	      0.90350257	      0.20106801	     16.75614440	     -7.18042566	      2.68510605	     37.12293748	      0.74998767	     -0.82060387	      0.02523807	     -0.03073851	      0.00565022	     62.57570367	      2.90994967	     -3.82658757	      0.00375066	     -0.00424494	     -0.00253897	      6.30243351	     -3.80191027	      0.00000000	     18.37125084	     -7.03769114	      6.29315762	      0.06513700	      0.04435000	     -0.41871200	      0.33657465	      0.05618918	     -0.18438861	      0.00000000	     -6.15769849	     -3.59317453	      3.18500974	      0.00000000	      0.00000000	      0.00000000	      0.00000000	      0.00000000	      0.00000000	      0.00000000	     60.00000000	      0.00000000	      0.00000000	      0.00000000	      0.00000000	      0.00000000	     60.00000000	      0.00000000
      7.54000000	     -3.75588313	      4.08361388	     -1.51407279	      0.81423292	      0.90401762	      0.20064160	     17.11348117	     -7.12013523	      2.69387031	     37.06255061	      0.76317304	     -0.81662582	      0.02530294	     -0.03072325	      0.00565228	     62.48197384	      2.90517966	     -3.82273713	      0.00375425	     -0.00422644	     -0.00254290	      6.33349957	     -3.79420886	      0.00000000	     18.08667534	     -7.11717779	      6.31322352	      0.06513700	      0.04435000	     -0.41871200	      0.33890570	      0.05624351	     -0.18430881	      0.00000000	     -6.16658020	     -3.58505267	      3.18092301	      0.00000000	      0.00000000	      0.00000000	      0.00000000	      0.00000000	      0.00000000	      0.00000000	     60.00000000	      0.00000000	      0.00000000	      0.00000000	      0.00000000	      0.00000000	     60.00000000	      0.00000000
      7.54400000	     -4.11152865	      4.52983819	     -1.49931656	      0.81712811	      0.90368362	      0.20023119	     18.34469460	     -7.41352447	      3.15705090	     37.36893044	      0.69629811	     -0.83669282	      0.02497382	     -0.03080044	      0.00564178	     62.95690099	      2.92970142	     -3.84190672	      0.00373930	     -0.00431308	     -0.00252444	      7.23153918	     -3.83701355	      0.00000000	     17.82912549	     -7.65282671	      6.55142742	      0.06513700	      0.04435000	     -0.41871200	      0.32236897	      0.06889174	     -0.18162971	      0.00000000	     -6.58039225	     -3.28509467	      2.98359266	      0.00000000	      0.00000000	      0.00000000	      0.00000000	      0.00000000	      0.00000000	      0.00000000	     60.00000000	      0.00000000	      0.00000000	      0.00000000	      0.00000000	      0.00000000	     60.00000000	      0.00000000
      7.54800000	     -4.02537681	      4.52801981	     -1.44437985	      0.82066632	      0.90402646	      0.19962585	     18.71845517	     -7.36785188	      3.13885345	     37.29923651	      0.71151487	     -0.83218912	      0.02504869	     -0.03078307	      0.00564420	     62.84899977	      2.92398419	     -3.83772655	      0.00374382	     -0.00429276	     -0.00252837	      7.26195463	     -3.83741018	      0.00000000	     17.53315829	     -7.72147050	      6.55621193	      0.06513700	      0.04435000	     -0.41871200	      0.32511019	      0.06870947	     -0.18144120	      0.00000000	     -6.57735847	     -3.29122238	      2.97811486	      0.00000000	      0.00000000	      0.00000000	      0.00000000	      0.00000000	      0.00000000	      0.00000000	     60.00000000	      0.00000000	      0.00000000	      0.00000000	      0.00000000	      0.00000000	     60.00000000	      0.00000000
      7.55200000	     -3.92365748	      4.52553541	     -1.37473887	      0.82394743	      0.90458327	      0.19913866	     19.11286333	     -7.34104560	      3.12544217	     37.22784649	      0.72709585	     -0.82751156	      0.02512538	     -0.03076507	      0.00564664	     62.73859630	      2.91821971	     -3.83330379	      0.00374820	     -0.00427159	     -0.00253101	      7.29613847	     -3.84217780	      0.00000000	     17.23594155	     -7.76137648	      6.55864048	      0.06513700	      0.04435000	     -0.41871200	      0.32757171	      0.06863492	     -0.18127293	      0.00000000	     -6.57620825	     -3.29675607	      2.97242609	      0.00000000	      0.00000000	      0.00000000	      0.00000000	      0.00000000	      0.00000000	      0.00000000	     60.00000000	      0.00000000	      0.00000000	      0.00000000	      0.00000000	      0.00000000	     60.00000000	      0.00000000
      7.55600000	     -3.87305451	      4.48640941	     -1.80066708	      0.82670489	      0.90491764	      0.19880551	     19.88609406	     -7.51642640	      2.92744510	     37.28778907	      0.71401521	     -0.83144363	      0.02506099	     -0.03078021	      0.00564459	     62.83123881	      2.92303828	     -3.83702395	      0.00374386	     -0.00428930	     -0.00252903	      7.60512692	     -3.96694002	      0.00000000	     16.85581988	     -7.74440134	      6.42306838	      0.06513700	      0.04435000	     -0.41871200	      0.32442767	      0.07171593	     -0.17861881	      0.00000000	     -6.60616597	     -3.36796979	      2.87559787	      0.00000000	      0.00000000	      0.00000000	      0.00000000	      0.00000000	      0.00000000	      0.00000000	     60.00000000	      0.00000000	      0.00000000	      0.00000000	      0.00000000	      0.00000000	     60.00000000	      0.00000000
      7.56000000	     -3.78618708	      4.49516730	     -1.67142981	      0.83020694	      0.90540249	      0.19842285	     20.26911697	     -7.46563200	      2.92530801	     37.21866243	      0.72909811	     -0.82695062	      0.02513523	     -0.03076287	      0.00564697	     62.72430198	      2.91749628	     -3.83277570	      0.00374754	     -0.00427021	     -0.00253311	      7.63494708	     -3.96986236	      0.00000000	     16.55702037	     -7.79294823	      6.44062759	      0.06513700	      0.04435000	     -0.41871200	      0.32659145	      0.07176460	     -0.17854336	      0.00000000	     -6.60855308	     -3.36908876	      2.87122961	      0.00000000	      0.00000000	      0.00000000	      0.00000000	      0.00000000	      0.00000000	      0.00000000	     60.00000000	      0.00000000	      0.00000000	      0.00000000	      0.00000000	      0.00000000	     60.00000000	      0.00000000
      7.56400000	     -3.69407690	      4.50101069	     -1.54236893	      0.83365342	      0.90577908	      0.19808712	     20.66490627	     -7.41551706	      2.91367147	     37.14456240	      0.74526615	     -0.82202978	      0.02521484	     -0.03074398	      0.00564948	     62.60934519	      2.91167978	     -3.82801471	      0.00375072	     -0.00425013	     -0.00253870	      7.66798961	     -3.97607529	      0.00000000	     16.25339091	     -7.83840228	      6.45915726	      0.06513700	      0.04435000	     -0.41871200	      0.32862224	      0.07186988	     -0.17847167	      0.00000000	     -6.61220310	     -3.37055642	      2.86664350	      0.00000000	      0.00000000	      0.00000000	      0.00000000	      0.00000000	      0.00000000	      0.00000000	     60.00000000	      0.00000000	      0.00000000	      0.00000000	      0.00000000	      0.00000000	     60.00000000	      0.00000000
      7.56800000	     -3.59186750	      4.50463044	     -1.41597614	      0.83681146	      0.90606025	      0.19763860	     21.07482104	     -7.36683702	      2.89513308	     37.06440356	      0.76275296	     -0.81667980	      0.02530096	     -0.03072347	      0.00565218	     62.48497917	      2.90538640	     -3.82284603	      0.00375416	     -0.00422815	     -0.00254358	      7.70486695	     -3.98586244	      0.00000000	     15.95055700	     -7.88246540	      6.47816288	      0.06513700	      0.04435000	     -0.41871200	      0.33047796	      0.07204117	     -0.17839630	      0.00000000	     -6.61754541	     -3.37228532	      2.86166355	      0.00000000	      0.00000000	      0.00000000	      0.00000000	      0.00000000	      0.00000000	      0.00000000	     60.00000000	      0.00000000	      0.00000000	      0.00000000	      0.00000000	      0.00000000	     60.00000000	      0.00000000
      7.57200000	     -3.48184226	      4.50701188	     -1.29445471	      0.83977267	      0.90638736	      0.19710890	     21.49325462	     -7.32042507	      2.87268864	     36.97838756	      0.78151375	     -0.81087480	      0.02539339	     -0.03070125	      0.00565506	     62.35143778	      2.89868755	     -3.81719291	      0.00375768	     -0.00420482	     -0.00254852	      7.74538858	     -3.99930265	      0.00000000	     15.65367679	     -7.92603215	      6.49664730	      0.06513700	      0.04435000	     -0.41871200	      0.33215598	      0.07227084	     -0.17831355	      0.00000000	     -6.62516039	     -3.37404103	      2.85632126	      0.00000000	      0.00000000	      0.00000000	      0.00000000	      0.00000000	      0.00000000	      0.00000000	     60.00000000	      0.00000000	      0.00000000	      0.00000000	      0.00000000	      0.00000000	     60.00000000	      0.00000000
      7.57600000	     -3.36922114	      4.51019948	     -1.17670408	      0.84273717	      0.90670069	      0.19666025	     21.92253475	     -7.28103896	      2.84649681	     36.88667051	      0.80150901	     -0.80459867	      0.02549197	     -0.03067728	      0.00565810	     62.20892404	      2.89163455	     -3.81102368	      0.00376098	     -0.00417976	     -0.00255389	      7.78895791	     -4.01611639	      0.00000000	     15.35505514	     -7.96286373	      6.51334187	      0.06513700	      0.04435000	     -0.41871200	      0.33372694	      0.07254923	     -0.17822366	      0.00000000	     -6.63534265	     -3.37577977	      2.85063442	      0.00000000	      0.00000000	      0.00000000	      0.00000000	      0.00000000	      0.00000000	      0.00000000	     60.00000000	      0.00000000	      0.00000000	      0.00000000	      0.00000000	      0.00000000	     60.00000000	      0.00000000
      7.58000000	     -4.09705311	      4.44576593	     -1.31410196	      0.84679037	      0.90658386	      0.19590196	     23.15688120	     -7.55237379	      2.09936029	     36.57780916	      0.86877632	     -0.78284581	      0.02582404	     -0.03059455	      0.00566804	     61.72801049	      2.86847258	     -3.78916273	      0.00376947	     -0.00409301	     -0.00256874	      8.63003444	     -4.66032863	      0.00000000	     14.98114229	     -8.04105047	      6.60226456	      0.06513700	      0.04435000	     -0.41871200	      0.30221582	      0.08779302	     -0.17460244	      0.00000000	     -7.07186697	     -3.42432903	      2.65008258	      0.00000000	      0.00000000	      0.00000000	      0.00000000	      0.00000000	      0.00000000	      0.00000000	     60.00000000	      0.00000000	      0.00000000	      0.00000000	      0.00000000	      0.00000000	     60.00000000	      0.00000000
      7.58400000	     -3.97590666	      4.47110592	     -1.17480452	      0.85000454	      0.90670536	      0.19563845	     23.57721367	     -7.50235920	      2.10361837	     36.48783754	      0.88827150	     -0.77641219	      0.02592067	     -0.03056981	      0.00567080	     61.58771167	      2.86189101	     -3.78248195	      0.00377250	     -0.00406713	     -0.00257333	      8.66637093	     -4.67079294	      0.00000000	     14.66364982	     -8.07942036	      6.59845339	      0.06513700	      0.04435000	     -0.41871200	      0.30462838	      0.08775814	     -0.17432261	      0.00000000	     -7.06355172	     -3.42219726	      2.64373543	      0.00000000	      0.00000000	      0.00000000	      0.00000000	      0.00000000	      0.00000000	      0.00000000	     60.00000000	      0.00000000	      0.00000000	      0.00000000	      0.00000000	      0.00000000	     60.00000000	      0.00000000
      7.58800000	     -3.79191564	      4.49315398	     -1.02027398	      0.85191680	      0.90715621	      0.19530779	     24.07269476	     -7.43879579	      2.10362024	     36.36835595	      0.91420373	     -0.76769836	      0.02604911	     -0.03053663	      0.00567446	     61.40119193	      2.85334006	     -3.77341888	      0.00377522	     -0.00403157	     -0.00257966	      8.77338708	     -4.70688670	      0.00000000	     14.37543431	     -8.15284216	      6.57632538	      0.06513700	      0.04435000	     -0.41871200	      0.30553664	      0.08828854	     -0.17350516	      0.00000000	     -7.05093455	     -3.41905544	      2.62394582	      0.00000000	      0.00000000	      0.00000000	      0.00000000	      0.00000000	      0.00000000	      0.00000000	     60.00000000	      0.00000000	      0.00000000	      0.00000000	      0.00000000	      0.00000000	     60.00000000	      0.00000000
      7.59200000	     -3.73601159	      4.51709542	     -0.89919625	      0.85556941	      0.90710821	      0.19499341	     24.49932424	     -7.41161657	      2.10507293	     36.26980515	      0.93553182	     -0.76046942	      0.02615498	     -0.03050892	      0.00567740	     61.24730247	      2.84635944	     -3.76577318	      0.00377745	     -0.00400491	     -0.00258405	      8.81863255	     -4.71881556	      0.00000000	     14.00752835	     -8.16104344	      6.56971692	      0.06513700	      0.04435000	     -0.41871200	      0.30819474	      0.08839169	     -0.17331782	      0.00000000	     -7.05273824	     -3.41879730	      2.61779163	      0.00000000	      0.00000000	      0.00000000	      0.00000000	      0.00000000	      0.00000000	      0.00000000	     60.00000000	      0.00000000	      0.00000000	      0.00000000	      0.00000000	      0.00000000	     60.00000000	      0.00000000
      7.59600000	     -4.24939116	      4.72961215	     -1.18361693	      0.85981702	      0.90743117	      0.19495822	     25.30056219	     -7.67931182	      2.03315233	     35.67593826	      1.06327927	     -0.71560949	      0.02679231	     -0.03033539	      0.00569392	     60.31693994	      2.80658084	     -3.71620070	      0.00378524	     -0.00382708	     -0.00260661	      9.63853522	     -5.16174138	      0.00000000	     13.69450984	     -8.39523181	      6.02481626	      0.06513700	      0.04435000	     -0.41871200	      0.29216583	      0.10394247	     -0.16806782	      0.00000000	     -7.12268696	     -3.48662078	      2.38044608	      0.00000000	      0.00000000	      0.00000000	      0.00000000	      0.00000000	      0.00000000	      0.00000000	     60.00000000	      0.00000000	      0.00000000	      0.00000000	      0.00000000	      0.00000000	     60.00000000	      0.00000000
      7.60000000	     -4.05103716	      4.69455955	     -0.98885712	      0.86206649	      0.90721267	      0.19437503	     25.70496660	     -7.55350348	      2.01051098	     35.59081536	      1.08137199	     -0.70919075	      0.02688336	     -0.03030976	      0.00569606	     60.18326178	      2.80116534	     -3.70858419	      0.00378464	     -0.00380211	     -0.00261009	      9.68000933	     -5.17855917	      0.00000000	     13.46800925	     -8.55183821	      6.04172964	      0.06513700	      0.04435000	     -0.41871200	      0.29286132	      0.10395939	     -0.16738841	      0.00000000	     -7.09517793	     -3.49124380	      2.36128191	      0.00000000	      0.00000000	      0.00000000	      0.00000000	      0.00000000	      0.00000000	      0.00000000	     60.00000000	      0.00000000	      0.00000000	      0.00000000	      0.00000000	      0.00000000	     60.00000000	      0.00000000
      7.60400000	     -3.95466067	      4.69270276	     -0.86771111	      0.86557932	      0.90686408	      0.19406013	     26.11871428	     -7.49699658	      1.98902527	     35.49320535	      1.10208827	     -0.70164462	      0.02698779	     -0.03027973	      0.00569843	     60.02972535	      2.79512637	     -3.69968834	      0.00378212	     -0.00377642	     -0.00261452	      9.70785780	     -5.18831538	      0.00000000	     13.14249755	     -8.61177814	      6.04804371	      0.06513700	      0.04435000	     -0.41871200	      0.29520600	      0.10365582	     -0.16704070	      0.00000000	     -7.09083156	     -3.49299810	      2.35360895	      0.00000000	      0.00000000	      0.00000000	      0.00000000	      0.00000000	      0.00000000	      0.00000000	     60.00000000	      0.00000000	      0.00000000	      0.00000000	      0.00000000	      0.00000000	     60.00000000	      0.00000000
      7.60800000	     -4.30007425	      4.81421269	     -0.98566503	      0.86920584	      0.90695346	      0.19347734	     26.74784218	     -7.77071226	      1.63228791	     34.88673022	      1.22958110	     -0.65438996	      0.02763521	     -0.03008765	      0.00571181	     59.07409015	      2.75948485	     -3.64102388	      0.00377599	     -0.00358319	     -0.00262748	      9.96211841	     -5.54812210	      0.00000000	     12.92181980	     -8.90194548	      5.79096763	      0.06513700	      0.04435000	     -0.41871200	      0.28137894	      0.10209869	     -0.15685762	      0.00000000	     -7.08341953	     -3.55371748	      2.13437448	      0.00000000	      0.00000000	      0.00000000	      0.00000000	      0.00000000	      0.00000000	      0.00000000	     60.00000000	      0.00000000	      0.00000000	      0.00000000	      0.00000000	      0.00000000	     60.00000000	      0.00000000
      7.61200000	     -4.17505913	      4.82792276	     -0.83895562	      0.87239189	      0.90664761	      0.19337148	     27.15520975	     -7.72958304	      1.62942185	     34.79311256	      1.24910204	     -0.64696173	      0.02773507	     -0.03005703	      0.00571368	     58.92612775	      2.75430631	     -3.63141230	      0.00377305	     -0.00355599	     -0.00263016	      9.97767387	     -5.55273296	      0.00000000	     12.61612176	     -8.91964709	      5.79717795	      0.06513700	      0.04435000	     -0.41871200	      0.28352170	      0.10193851	     -0.15662387	      0.00000000	     -7.07556248	     -3.55502728	      2.12830252	      0.00000000	      0.00000000	      0.00000000	      0.00000000	      0.00000000	      0.00000000	      0.00000000	     60.00000000	      0.00000000	      0.00000000	      0.00000000	      0.00000000	      0.00000000	     60.00000000	      0.00000000
      7.61600000	     -4.03435450	      4.84398312	     -0.69911183	      0.87522359	      0.90651611	      0.19318736	     27.58665645	     -7.69053591	      1.61827167	     34.68350934	      1.27185573	     -0.63823694	      0.02785185	     -0.03002073	      0.00571576	     58.75269858	      2.74834067	     -3.61997185	      0.00376924	     -0.00352324	     -0.00263204	      9.99419375	     -5.55859888	      0.00000000	     12.31060451	     -8.94555970	      5.80534352	      0.06513700	      0.04435000	     -0.41871200	      0.28556594	      0.10189914	     -0.15640611	      0.00000000	     -7.07062556	     -3.55711255	      2.12199702	      0.00000000	      0.00000000	      0.00000000	      0.00000000	      0.00000000	      0.00000000	      0.00000000	     60.00000000	      0.00000000	      0.00000000	      0.00000000	      0.00000000	      0.00000000	     60.00000000	      0.00000000
      7.62000000	     -3.89994457	      4.87375085	     -0.55853490	      0.87798369	      0.90639434	      0.19303389	     28.03797046	     -7.66973588	      1.60891039	     34.55841833	      1.29774280	     -0.62822415	      0.02798507	     -0.02997884	      0.00571804	     58.55457918	      2.74164659	     -3.60668396	      0.00376458	     -0.00348523	     -0.00263378	     10.01049775	     -5.56609682	      0.00000000	     11.98793929	     -8.95095531	      5.81596984	      0.06513700	      0.04435000	     -0.41871200	      0.28761931	      0.10203617	     -0.15629100	      0.00000000	     -7.06917461	     -3.55990733	      2.11531266	      0.00000000	      0.00000000	      0.00000000	      0.00000000	      0.00000000	      0.00000000	      0.00000000	     60.00000000	      0.00000000	      0.00000000	      0.00000000	      0.00000000	      0.00000000	     60.00000000	      0.00000000
      7.62400000	     -4.45426623	      5.15816525	     -0.54496027	      0.88176227	      0.90690906	      0.19204725	     28.55056444	     -8.14060631	      1.33362126	     33.48925216	      1.51568921	     -0.53920147	      0.02912316	     -0.02959851	      0.00573349	     56.85084279	      2.68919341	     -3.48215265	      0.00371803	     -0.00312613	     -0.00264110	     10.04614914	     -5.89286784	      0.00000000	     11.85920013	     -9.42664294	      5.88485850	      0.06513700	      0.04435000	     -0.41871200	      0.26990027	      0.11278280	     -0.15247643	      0.00000000	     -7.17413747	     -3.68995363	      1.90513056	      0.00000000	      0.00000000	      0.00000000	      0.00000000	      0.00000000	      0.00000000	      0.00000000	     60.00000000	      0.00000000	      0.00000000	      0.00000000	      0.00000000	      0.00000000	     60.00000000	      0.00000000
      7.62800000	     -4.33643372	      5.15852396	     -0.40780149	      0.88502706	      0.90639860	      0.19213651	     28.98225652	     -8.15620977	      1.35383776	     33.38233288	      1.53720909	     -0.52983762	      0.02923719	     -0.02955808	      0.00573468	     56.67929963	      2.68436010	     -3.46850803	      0.00371099	     -0.00309251	     -0.00264200	     10.07282957	     -5.90643502	      0.00000000	     11.52006286	     -9.38387224	      5.87996249	      0.06513700	      0.04435000	     -0.41871200	      0.27230143	      0.11275749	     -0.15232297	      0.00000000	     -7.16512787	     -3.69495825	      1.89825646	      0.00000000	      0.00000000	      0.00000000	      0.00000000	      0.00000000	      0.00000000	      0.00000000	     60.00000000	      0.00000000	      0.00000000	      0.00000000	      0.00000000	      0.00000000	     60.00000000	      0.00000000
      7.63200000	     -4.19469792	      5.16525907	     -0.28469383	      0.88793842	      0.90632902	      0.19193307	     29.43086593	     -8.13676233	      1.34516296	     33.26171989	      1.56142114	     -0.51924662	      0.02936576	     -0.02951215	      0.00573595	     56.48545053	      2.67895248	     -3.45304612	      0.00370259	     -0.00305464	     -0.00264237	     10.10390088	     -5.92212608	      0.00000000	     11.19734085	     -9.38917885	      5.88092890	      0.06513700	      0.04435000	     -0.41871200	      0.27452478	      0.11281151	     -0.15214600	      0.00000000	     -7.15855539	     -3.70052816	      1.89111301	      0.00000000	      0.00000000	      0.00000000	      0.00000000	      0.00000000	      0.00000000	      0.00000000	     60.00000000	      0.00000000	      0.00000000	      0.00000000	      0.00000000	      0.00000000	     60.00000000	      0.00000000
      7.63600000	     -4.45279262	      5.31928764	     -0.67488500	      0.89125164	      0.90659435	      0.19160371	     29.97836276	     -8.40951572	      0.91381178	     32.47492608	      1.71805499	     -0.44701332	      0.03020703	     -0.02919826	      0.00574244	     55.21346559	      2.64502484	     -3.34561340	      0.00364844	     -0.00278664	     -0.00263942	     10.35316276	     -6.41055837	      0.00000000	     10.95915914	     -9.67430197	      5.69835638	      0.06513700	      0.04435000	     -0.41871200	      0.26351917	      0.11979534	     -0.14715634	      0.00000000	     -7.12687306	     -3.86102332	      1.70211349	      0.00000000	      0.00000000	      0.00000000	      0.00000000	      0.00000000	      0.00000000	      0.00000000	     60.00000000	      0.00000000	      0.00000000	      0.00000000	      0.00000000	      0.00000000	     60.00000000	      0.00000000
      7.64000000	     -4.33819998	      5.33410986	     -0.51571089	      0.89455663	      0.90612708	      0.19154510	     30.40695770	     -8.38105569	      0.91696479	     32.36636393	      1.73949351	     -0.43655057	      0.03032357	     -0.02915281	      0.00574309	     55.03685866	      2.64051923	     -3.32993614	      0.00363942	     -0.00275301	     -0.00263993	     10.37173198	     -6.42391991	      0.00000000	     10.62138654	     -9.66383004	      5.70416743	      0.06513700	      0.04435000	     -0.41871200	      0.26575998	      0.11985045	     -0.14702304	      0.00000000	     -7.11918016	     -3.86561577	      1.69515048	      0.00000000	      0.00000000	      0.00000000	      0.00000000	      0.00000000	      0.00000000	      0.00000000	     60.00000000	      0.00000000	      0.00000000	      0.00000000	      0.00000000	      0.00000000	     60.00000000	      0.00000000
      7.64400000	     -4.20458117	      5.34765392	     -0.37560196	      0.89744299	      0.90564825	      0.19147718	     30.84342295	     -8.34938235	      0.90631318	     32.24400057	      1.76362611	     -0.42463698	      0.03045506	     -0.02910110	      0.00574378	     54.83738400	      2.63543928	     -3.31202863	      0.00362895	     -0.00271472	     -0.00263951	     10.39414149	     -6.43864985	      0.00000000	     10.30296741	     -9.67446407	      5.71150098	      0.06513700	      0.04435000	     -0.41871200	      0.26782479	      0.11996882	     -0.14688329	      0.00000000	     -7.11438131	     -3.87074329	      1.68830192	      0.00000000	      0.00000000	      0.00000000	      0.00000000	      0.00000000	      0.00000000	      0.00000000	     60.00000000	      0.00000000	      0.00000000	      0.00000000	      0.00000000	      0.00000000	     60.00000000	      0.00000000
      7.64800000	     -4.70279431	      5.61155357	     -0.39343762	      0.90105037	      0.90614534	      0.19090629	     31.21268485	     -8.67847565	      0.60524935	     31.10555729	      1.98417351	     -0.30584413	      0.03168684	     -0.02858621	      0.00574928	     52.96763592	      2.58848199	     -3.13280590	      0.00353494	     -0.00234028	     -0.00263428	     10.59263490	     -6.99660191	      0.00000000	     10.15791337	    -10.10848581	      5.62930787	      0.06513700	      0.04435000	     -0.41871200	      0.25128247	      0.13045413	     -0.14189847	      0.00000000	     -7.11187150	     -4.07311714	      1.46471257	      0.00000000	      0.00000000	      0.00000000	      0.00000000	      0.00000000	      0.00000000	      0.00000000	     60.00000000	      0.00000000	      0.00000000	      0.00000000	      0.00000000	      0.00000000	     60.00000000	      0.00000000
      7.65200000	     -4.59462675	      5.62184318	     -0.25967295	      0.90450622	      0.90555198	      0.19090566	     31.63322904	     -8.66725689	      0.61104090	     31.00039076	      2.00399395	     -0.29403546	      0.03180150	     -0.02853496	      0.00574985	     52.79397569	      2.58412752	     -3.11508637	      0.00352592	     -0.00231077	     -0.00263524	     10.60760202	     -7.01158749	      0.00000000	      9.81541275	    -10.07165728	      5.62459171	      0.06513700	      0.04435000	     -0.41871200	      0.25371945	      0.13043899	     -0.14172908	      0.00000000	     -7.10142088	     -4.07958178	      1.45746284	      0.00000000	      0.00000000	      0.00000000	      0.00000000	      0.00000000	      0.00000000	      0.00000000	     60.00000000	      0.00000000	      0.00000000	      0.00000000	      0.00000000	      0.00000000	     60.00000000	      0.00000000
      7.65600000	     -4.93317172	      5.74733676	     -0.31549736	      0.90864030	      0.90581935	      0.19080606	     31.89410828	     -8.83381932	      0.35264098	     30.03969652	      2.17882599	     -0.17985612	      0.03285560	     -0.02803757	      0.00575852	     51.20492172	      2.54249750	     -2.94532746	      0.00345912	     -0.00202834	     -0.00263698	     10.64059326	     -7.69066417	      0.00000000	      9.49513302	    -10.27103078	      5.25265664	      0.06513700	      0.04435000	     -0.41871200	      0.23999585	      0.13938414	     -0.13342346	      0.00000000	     -6.84109311	     -4.37306076	      1.16426202	      0.00000000	      0.00000000	      0.00000000	      0.00000000	      0.00000000	      0.00000000	      0.00000000	     60.00000000	      0.00000000	      0.00000000	      0.00000000	      0.00000000	      0.00000000	     60.00000000	      0.00000000
      7.66000000	     -4.79214399	      5.74621645	     -0.17267768	      0.91159055	      0.90526856	      0.19066388	     32.31767586	     -8.77546780	      0.33989855	     29.93619334	      2.19699488	     -0.16683896	      0.03296957	     -0.02798015	      0.00575931	     51.03373190	      2.53771012	     -2.92626740	      0.00345249	     -0.00200383	     -0.00263670	     10.65232206	     -7.70342502	      0.00000000	      9.17464613	    -10.28957219	      5.25666278	      0.06513700	      0.04435000	     -0.41871200	      0.24234658	      0.13932810	     -0.13322604	      0.00000000	     -6.82927278	     -4.37747658	      1.15718613	      0.00000000	      0.00000000	      0.00000000	      0.00000000	      0.00000000	      0.00000000	      0.00000000	     60.00000000	      0.00000000	      0.00000000	      0.00000000	      0.00000000	      0.00000000	     60.00000000	      0.00000000
      7.66400000	     -4.64999386	      5.75472509	     -0.04905911	      0.91441726	      0.90456844	      0.19069318	     32.74766375	     -8.74279199	      0.32728525	     29.81700860	      2.21749571	     -0.15159754	      0.03310149	     -0.02791334	      0.00576114	     50.83665336	      2.53218781	     -2.90399804	      0.00344580	     -0.00197538	     -0.00263724	     10.66857312	     -7.71770106	      0.00000000	      8.85937144	    -10.29179470	      5.25841675	      0.06513700	      0.04435000	     -0.41871200	      0.24461242	      0.13933747	     -0.13305023	      0.00000000	     -6.82191887	     -4.38193111	      1.15048561	      0.00000000	      0.00000000	      0.00000000	      0.00000000	      0.00000000	      0.00000000	      0.00000000	     60.00000000	      0.00000000	      0.00000000	      0.00000000	      0.00000000	      0.00000000	     60.00000000	      0.00000000
      7.66800000	     -4.51165867	      5.77179699	      0.05998437	      0.91722324	      0.90408751	      0.19071093	     33.18358793	     -8.72107142	      0.31030268	     29.68272686	      2.24043205	     -0.13426228	      0.03325016	     -0.02783713	      0.00576312	     50.61461195	      2.52589024	     -2.87874448	      0.00343806	     -0.00194439	     -0.00263840	     10.68848220	     -7.73402315	      0.00000000	      8.54497360	    -10.29341111	      5.25948328	      0.06513700	      0.04435000	     -0.41871200	      0.24682556	      0.13941844	     -0.13287409	      0.00000000	     -6.81807707	     -4.38706061	      1.14352501	      0.00000000	      0.00000000	      0.00000000	      0.00000000	      0.00000000	      0.00000000	      0.00000000	     60.00000000	      0.00000000	      0.00000000	      0.00000000	      0.00000000	      0.00000000	     60.00000000	      0.00000000
      7.67200000	     -4.97783843	      6.11432029	     -0.38977087	      0.92164793	      0.90437215	      0.19062800	     33.38559332	     -9.13913065	     -0.03697171	     28.35564326	      2.44713107	      0.05072474	      0.03473009	     -0.02701542	      0.00579543	     48.43343014	      2.45689570	     -2.61561378	      0.00342054	     -0.00165262	     -0.00265961	     10.78796255	     -8.27135758	      0.00000000	      8.42495375	    -10.71609156	      5.09583203	      0.06513700	      0.04435000	     -0.41871200	      0.23526233	      0.14841406	     -0.12732437	      0.00000000	     -6.81364728	     -4.58920890	      0.92988093	      0.00000000	      0.00000000	      0.00000000	      0.00000000	      0.00000000	      0.00000000	      0.00000000	     60.00000000	      0.00000000	      0.00000000	      0.00000000	      0.00000000	      0.00000000	     60.00000000	      0.00000000
      7.67600000	     -5.09420806	      6.05032144	      0.42728536	      0.92452459	      0.90436149	      0.19030275	     33.50528863	     -8.97087302	      0.01665794	     27.76785873	      2.52478773	      0.13943624	      0.03538167	     -0.02661706	      0.00581392	     47.48010037	      2.42264548	     -2.49289762	      0.00343380	     -0.00155297	     -0.00267069	     10.62850309	     -8.66656440	      0.00000000	      8.04509743	    -10.71571278	      5.01916529	      0.06513700	      0.04435000	     -0.41871200	      0.22503466	      0.15424645	     -0.12246933	      0.00000000	     -6.58124756	     -4.80705189	      0.72989850	      0.00000000	      0.00000000	      0.00000000	      0.00000000	      0.00000000	      0.00000000	      0.00000000	     60.00000000	      0.00000000	      0.00000000	      0.00000000	      0.00000000	      0.00000000	     60.00000000	      0.00000000
      7.68000000	     -4.98934042	      6.09613829	     -0.09946050	      0.92757707	      0.90391170	      0.19050691	     33.90556318	     -9.01199054	     -0.28084507	     27.32886209	      2.57639490	      0.20755225	      0.03586176	     -0.02630980	      0.00582791	     46.77536605	      2.39581683	     -2.39906053	      0.00344823	     -0.00148728	     -0.00267992	     10.61145807	     -8.95811169	      0.00000000	      7.73368212	    -10.77898772	      4.75135810	      0.06513700	      0.04435000	     -0.41871200	      0.22640593	      0.15527603	     -0.11820463	      0.00000000	     -6.47457940	     -4.88156215	      0.61571321	      0.00000000	      0.00000000	      0.00000000	      0.00000000	      0.00000000	      0.00000000	      0.00000000	     60.00000000	      0.00000000	      0.00000000	      0.00000000	      0.00000000	      0.00000000	     60.00000000	      0.00000000
      7.68400000	     -4.88342639	      6.10290486	      0.03116345	      0.93090501	      0.90310656	      0.19053743	     34.31031862	     -8.98056209	     -0.28684752	     27.21000488	      2.58942372	      0.22624736	      0.03599095	     -0.02622519	      0.00583190	     46.58585482	      2.38834895	     -2.37342633	      0.00345330	     -0.00147325	     -0.00268074	     10.62211213	     -8.96923532	      0.00000000	      7.40770793	    -10.77294929	      4.75879486	      0.06513700	      0.04435000	     -0.41871200	      0.22876332	      0.15527780	     -0.11808070	      0.00000000	     -6.47104355	     -4.88451389	      0.60959596	      0.00000000	      0.00000000	      0.00000000	      0.00000000	      0.00000000	      0.00000000	      0.00000000	     60.00000000	      0.00000000	      0.00000000	      0.00000000	      0.00000000	      0.00000000	     60.00000000	      0.00000000
      7.68800000	     -5.32482797	      6.36010279	      0.06191294	      0.93518965	      0.90338443	      0.19025519	     34.34518709	     -9.26716335	     -0.53405154	     25.84575161	      2.70475295	      0.44615186	      0.03742264	     -0.02522284	      0.00587288	     44.45325694	      2.29784533	     -2.07293477	      0.00352380	     -0.00129409	     -0.00270068	     10.56216144	     -9.49001360	      0.00000000	      7.21832637	    -11.09645095	      4.70685130	      0.06513700	      0.04435000	     -0.41871200	      0.21605221	      0.16435749	     -0.11252054	      0.00000000	     -6.42394836	     -5.05346550	      0.37082957	      0.00000000	      0.00000000	      0.00000000	      0.00000000	      0.00000000	      0.00000000	      0.00000000	     60.00000000	      0.00000000	      0.00000000	      0.00000000	      0.00000000	      0.00000000	     60.00000000	      0.00000000
      7.69200000	     -5.19069001	      6.35527229	      0.18999684	      0.93812291	      0.90255683	      0.19026274	     34.75464996	     -9.21336464	     -0.54808984	     25.73449786	      2.71139599	      0.46433785	      0.03753522	     -0.02513976	      0.00587641	     44.28297255	      2.29007726	     -2.04802342	      0.00352966	     -0.00128449	     -0.00270052	     10.56966700	     -9.49887783	      0.00000000	      6.90244692	    -11.09854109	      4.71001566	      0.06513700	      0.04435000	     -0.41871200	      0.21845305	      0.16426213	     -0.11235151	      0.00000000	     -6.41538387	     -5.05811009	      0.36488656	      0.00000000	      0.00000000	      0.00000000	      0.00000000	      0.00000000	      0.00000000	      0.00000000	     60.00000000	      0.00000000	      0.00000000	      0.00000000	      0.00000000	      0.00000000	     60.00000000	      0.00000000
      7.69600000	     -5.05901548	      6.36320270	      0.30019527	      0.94100411	      0.90193886	      0.19032948	     35.16940515	     -9.18595741	     -0.56176833	     25.60571993	      2.71857163	      0.48541017	      0.03766450	     -0.02504247	      0.00587974	     44.08640927	      2.28104597	     -2.01913108	      0.00353603	     -0.00127324	     -0.00270079	     10.58083316	     -9.50983296	      0.00000000	      6.58927726	    -11.08220228	      4.71061670	      0.06513700	      0.04435000	     -0.41871200	      0.22075610	      0.16425219	     -0.11218732	      0.00000000	     -6.40983353	     -5.06328905	      0.35855510	      0.00000000	      0.00000000	      0.00000000	      0.00000000	      0.00000000	      0.00000000	      0.00000000	     60.00000000	      0.00000000	      0.00000000	      0.00000000	      0.00000000	      0.00000000	     60.00000000	      0.00000000
      7.70000000	     -5.43726750	      6.59607645	     -0.05028577	      0.94536691	      0.90204950	      0.19028773	     35.16005324	     -9.40383297	     -0.97173563	     24.13057145	      2.76434433	      0.72469510	      0.03909582	     -0.02389303	      0.00591338	     41.86809749	      2.17304915	     -1.68228443	      0.00363297	     -0.00111138	     -0.00269335	     10.48506485	     -9.96049347	      0.00000000	      6.39677608	    -11.38663124	      4.52069132	      0.06513700	      0.04435000	     -0.41871200	      0.21034627	      0.17254668	     -0.10570645	      0.00000000	     -6.32516366	     -5.30110317	      0.12076420	      0.00000000	      0.00000000	      0.00000000	      0.00000000	      0.00000000	      0.00000000	      0.00000000	     60.00000000	      0.00000000	      0.00000000	      0.00000000	      0.00000000	      0.00000000	     60.00000000	      0.00000000
      7.70400000	     -5.29899524	      6.59239068	      0.10273468	      0.94809926	      0.90121377	      0.19038532	     35.56269524	     -9.34141255	     -0.98192938	     24.01526287	      2.76519155	      0.74296171	      0.03920447	     -0.02379961	      0.00591548	     41.69638904	      2.16425518	     -1.65549469	      0.00364013	     -0.00110241	     -0.00269083	     10.48953813	     -9.96511926	      0.00000000	      6.08765739	    -11.38851937	      4.53045539	      0.06513700	      0.04435000	     -0.41871200	      0.21254377	      0.17251234	     -0.10558195	      0.00000000	     -6.31636390	     -5.30577398	      0.11519648	      0.00000000	      0.00000000	      0.00000000	      0.00000000	      0.00000000	      0.00000000	      0.00000000	     60.00000000	      0.00000000	      0.00000000	      0.00000000	      0.00000000	      0.00000000	     60.00000000	      0.00000000
      7.70800000	     -5.16988803	      6.60384866	      0.23151201	      0.95099323	      0.90047692	      0.19047467	     35.97344977	     -9.30869848	     -0.99484409	     23.88107461	      2.76569723	      0.76415439	      0.03933044	     -0.02369068	      0.00591819	     41.49675853	      2.15397025	     -1.62419839	      0.00364891	     -0.00109303	     -0.00268839	     10.49848025	     -9.97286810	      0.00000000	      5.77246270	    -11.37023659	      4.53696463	      0.06513700	      0.04435000	     -0.41871200	      0.21474907	      0.17255057	     -0.10546055	      0.00000000	     -6.31100864	     -5.31109710	      0.10926739	      0.00000000	      0.00000000	      0.00000000	      0.00000000	      0.00000000	      0.00000000	      0.00000000	     60.00000000	      0.00000000	      0.00000000	      0.00000000	      0.00000000	      0.00000000	     60.00000000	      0.00000000
      7.71200000	     -5.43124263	      5.79837127	      0.80551915	      0.95636357	      0.90263633	      0.19026619	     34.45947843	     -8.55290519	     -2.11934569	     21.19538335	      2.66688579	      1.14686162	      0.04177157	     -0.02133299	      0.00596528	     37.49478548	      1.93468361	     -0.97458274	      0.00388570	     -0.00084802	     -0.00259396	      9.04541581	    -11.59863546	      0.00000000	      4.91797837	    -10.54557500	      3.29448788	      0.06513700	      0.04435000	     -0.41871200	      0.19027813	      0.18614025	     -0.07493784	      0.00000000	     -5.07367302	     -6.05160819	     -0.83657548	      0.00000000	      0.00000000	      0.00000000	      0.00000000	      0.00000000	      0.00000000	      0.00000000	     60.00000000	      0.00000000	      0.00000000	      0.00000000	      0.00000000	      0.00000000	     60.00000000	      0.00000000
      7.71600000	     -5.31519333	      5.80625796	      0.91084918	      0.95943638	      0.90173831	      0.19027353	     34.86091279	     -8.53301199	     -2.13284472	     21.08745710	      2.65852558	      1.15996807	      0.04186638	     -0.02123131	      0.00596544	     37.33220805	      1.92540561	     -0.94766689	      0.00389605	     -0.00084233	     -0.00258733	      9.05749990	    -11.61032170	      0.00000000	      4.61258480	    -10.54504292	      3.31029922	      0.06513700	      0.04435000	     -0.41871200	      0.19275014	      0.18605220	     -0.07489626	      0.00000000	     -5.08136322	     -6.03494660	     -0.84015781	      0.00000000	      0.00000000	      0.00000000	      0.00000000	      0.00000000	      0.00000000	      0.00000000	     60.00000000	      0.00000000	      0.00000000	      0.00000000	      0.00000000	      0.00000000	     60.00000000	      0.00000000
      7.72000000	     -5.19968736	      5.82716942	      0.99976960	      0.96242078	      0.90099433	      0.19034959	     35.26543172	     -8.53453274	     -2.14900945	     20.96309783	      2.64842524	      1.17478773	      0.04197602	     -0.02111263	      0.00596634	     37.14454320	      1.91464297	     -0.91657533	      0.00390734	     -0.00083546	     -0.00258037	      9.07249428	    -11.62327781	      0.00000000	      4.31270797	    -10.53270349	      3.32509439	      0.06513700	      0.04435000	     -0.41871200	      0.19510473	      0.18605263	     -0.07486104	      0.00000000	     -5.09165428	     -6.01858412	     -0.84409957	      0.00000000	      0.00000000	      0.00000000	      0.00000000	      0.00000000	      0.00000000	      0.00000000	     60.00000000	      0.00000000	      0.00000000	      0.00000000	      0.00000000	      0.00000000	     60.00000000	      0.00000000
      7.72400000	     -5.46389123	      6.42656580	      0.52691043	      0.96549437	      0.90039890	      0.19090857	     35.55434863	     -9.04215516	     -2.69529931	     19.85511257	      2.53719097	      1.29210906	      0.04294140	     -0.02001839	      0.00596355	     35.45515954	      1.81682441	     -0.63701899	      0.00401180	     -0.00073694	     -0.00251048	      9.15484599	    -11.99348739	      0.00000000	      4.27977554	    -11.19196834	      3.58670507	      0.06513700	      0.04435000	     -0.41871200	      0.19005269	      0.19291427	     -0.07352248	      0.00000000	     -5.41136417	     -5.66426997	     -0.95901034	      0.00000000	      0.00000000	      0.00000000	      0.00000000	      0.00000000	      0.00000000	      0.00000000	     60.00000000	      0.00000000	      0.00000000	      0.00000000	      0.00000000	      0.00000000	     60.00000000	      0.00000000
      7.72800000	     -5.37583339	      6.40358017	      0.65103851	      0.96889382	      0.89950681	      0.19059678	     35.92977979	     -9.04001002	     -2.68937660	     19.74327855	      2.52377793	      1.30228518	      0.04303771	     -0.01990415	      0.00596188	     35.28259808	      1.80681415	     -0.60860036	      0.00402189	     -0.00073014	     -0.00250404	      9.15932234	    -11.99611433	      0.00000000	      3.96722884	    -11.17460118	      3.60397103	      0.06513700	      0.04435000	     -0.41871200	      0.19240764	      0.19290337	     -0.07350327	      0.00000000	     -5.41586325	     -5.66288530	     -0.96349691	      0.00000000	      0.00000000	      0.00000000	      0.00000000	      0.00000000	      0.00000000	      0.00000000	     60.00000000	      0.00000000	      0.00000000	      0.00000000	      0.00000000	      0.00000000	     60.00000000	      0.00000000
      7.73200000	     -5.77503494	      6.71511864	      1.08251421	      0.97259859	      0.89916075	      0.19039819	     35.84721319	     -9.41913195	     -2.93368616	     18.46271049	      2.33999671	      1.39048587	      0.04412584	     -0.01854139	      0.00591994	     33.27158124	      1.68947351	     -0.28127717	      0.00412839	     -0.00060294	     -0.00240920	      8.98009854	    -12.18036536	      0.00000000	      3.85041184	    -11.47574711	      3.87559286	      0.06513700	      0.04435000	     -0.41871200	      0.18286127	      0.20164296	     -0.07119548	      0.00000000	     -5.60223436	     -5.62328363	     -1.13891391	      0.00000000	      0.00000000	      0.00000000	      0.00000000	      0.00000000	      0.00000000	      0.00000000	     60.00000000	      0.00000000	      0.00000000	      0.00000000	      0.00000000	      0.00000000	     60.00000000	      0.00000000
      7.73600000	     -5.67486017	      6.69131819	      1.15814479	      0.97588979	      0.89837417	      0.19006333	     36.21885637	     -9.39607519	     -2.94912807	     18.35324434	      2.32177236	      1.39509696	      0.04421773	     -0.01842001	      0.00591420	     33.09649092	      1.67921199	     -0.25317193	      0.00413632	     -0.00059565	     -0.00239938	      8.98217491	    -12.18560621	      0.00000000	      3.54481549	    -11.46529928	      3.86996001	      0.06513700	      0.04435000	     -0.41871200	      0.18552738	      0.20148105	     -0.07097117	      0.00000000	     -5.59960873	     -5.62870935	     -1.14539061	      0.00000000	      0.00000000	      0.00000000	      0.00000000	      0.00000000	      0.00000000	      0.00000000	     60.00000000	      0.00000000	      0.00000000	      0.00000000	      0.00000000	      0.00000000	     60.00000000	      0.00000000
      7.74000000	     -5.93800441	      6.62451436	      1.30718226	      0.98000287	      0.89874391	      0.18992055	     35.62061263	     -9.33632238	     -3.66012286	     16.70304202	      1.99819708	      1.37687098	      0.04558572	     -0.01647740	      0.00577279	     30.37370423	      1.51944736	      0.17101334	      0.00424367	     -0.00041310	     -0.00224785	      8.28248248	    -12.47011085	      0.00000000	      3.32802011	    -11.40697274	      3.62244260	      0.06513700	      0.04435000	     -0.41871200	      0.17872220	      0.21038069	     -0.06038903	      0.00000000	     -5.44677052	     -5.93972515	     -1.54101275	      0.00000000	      0.00000000	      0.00000000	      0.00000000	      0.00000000	      0.00000000	      0.00000000	     60.00000000	      0.00000000	      0.00000000	      0.00000000	      0.00000000	      0.00000000	     60.00000000	      0.00000000
      7.74400000	     -5.82939000	      6.61920168	      1.39153206	      0.98303980	      0.89794580	      0.18995710	     35.98707871	     -9.30446721	     -3.67656066	     16.61082645	      1.97743778	      1.36992822	      0.04566140	     -0.01636200	      0.00576141	     30.21609897	      1.51018318	      0.19469222	      0.00425003	     -0.00040679	     -0.00223796	      8.28538509	    -12.47521289	      0.00000000	      3.03429532	    -11.38766218	      3.61980107	      0.06513700	      0.04435000	     -0.41871200	      0.18127240	      0.21019755	     -0.06021599	      0.00000000	     -5.44381889	     -5.93800522	     -1.54595018	      0.00000000	      0.00000000	      0.00000000	      0.00000000	      0.00000000	      0.00000000	      0.00000000	     60.00000000	      0.00000000	      0.00000000	      0.00000000	      0.00000000	      0.00000000	     60.00000000	      0.00000000
      7.74800000	     -5.72331292	      6.63108294	      1.45622135	      0.98607113	      0.89708483	      0.19008189	     36.35498863	     -9.29306672	     -3.70064946	     16.50124057	      1.95240385	      1.36072081	      0.04575124	     -0.01622383	      0.00574741	     30.02845298	      1.49912210	      0.22280364	      0.00425617	     -0.00039722	     -0.00222617	      8.29076273	    -12.48244041	      0.00000000	      2.74551806	    -11.35665295	      3.61556445	      0.06513700	      0.04435000	     -0.41871200	      0.18370820	      0.21011107	     -0.06003549	      0.00000000	     -5.44342461	     -5.93639205	     -1.55163724	      0.00000000	      0.00000000	      0.00000000	      0.00000000	      0.00000000	      0.00000000	      0.00000000	     60.00000000	      0.00000000	      0.00000000	      0.00000000	      0.00000000	      0.00000000	     60.00000000	      0.00000000
      7.75200000	     -5.81859457	      6.96015851	      0.84501636	      0.98945698	      0.89648931	      0.19127228	     36.46907897	     -9.34802594	     -4.39175021	     15.64239091	      1.74353030	      1.24851908	      0.04645267	     -0.01509894	      0.00561787	     28.52189590	      1.41046162	      0.44244791	      0.00429878	     -0.00029589	     -0.00213098	      8.21458125	    -12.67366176	      0.00000000	      2.61356838	    -11.71004871	      3.49230300	      0.06513700	      0.04435000	     -0.41871200	      0.18340700	      0.21408479	     -0.05601264	      0.00000000	     -5.47611226	     -5.93972642	     -1.67900394	      0.00000000	      0.00000000	      0.00000000	      0.00000000	      0.00000000	      0.00000000	      0.00000000	     60.00000000	      0.00000000	      0.00000000	      0.00000000	      0.00000000	      0.00000000	     60.00000000	      0.00000000
      7.75600000	     -5.72923720	      6.92684344	      0.96520404	      0.99251181	      0.89578595	      0.19091600	     36.81403002	     -9.34610678	     -4.39033180	     15.54404494	      1.71842328	      1.23104963	      0.04653274	     -0.01496528	      0.00560103	     28.34510251	      1.40010044	      0.46747910	      0.00430177	     -0.00028841	     -0.00211977	      8.21338406	    -12.67050831	      0.00000000	      2.32829565	    -11.68993167	      3.50720199	      0.06513700	      0.04435000	     -0.41871200	      0.18549604	      0.21410487	     -0.05597853	      0.00000000	     -5.47599342	     -5.94353403	     -1.68337258	      0.00000000	      0.00000000	      0.00000000	      0.00000000	      0.00000000	      0.00000000	      0.00000000	     60.00000000	      0.00000000	      0.00000000	      0.00000000	      0.00000000	      0.00000000	     60.00000000	      0.00000000
      7.76000000	     -6.12013203	      6.79384499	      1.37920300	      0.99680129	      0.89629998	      0.19070900	     35.81087367	     -9.26717298	     -5.39953781	     13.69994219	      1.23280586	      0.69945929	      0.04803120	     -0.01224459	      0.00523526	     24.80303221	      1.19826619	      0.93031320	      0.00430493	     -0.00004706	     -0.00188436	      7.21414706	    -12.72716565	      0.00000000	      2.18875913	    -11.52237938	      3.21531771	      0.06513700	      0.04435000	     -0.41871200	      0.17699357	      0.22594012	     -0.04384773	      0.00000000	     -5.19349550	     -6.25535853	     -2.12240319	      0.00000000	      0.00000000	      0.00000000	      0.00000000	      0.00000000	      0.00000000	      0.00000000	     60.00000000	      0.00000000	      0.00000000	      0.00000000	      0.00000000	      0.00000000	     60.00000000	      0.00000000
      7.76400000	     -6.03795997	      6.76975791	      1.48775829	      0.99999948	      0.89567342	      0.19054927	     36.14324195	     -9.24965066	     -5.40051538	     13.62991267	      1.21484103	      0.67060225	      0.04808829	     -0.01213211	      0.00522031	     24.65761857	      1.19031624	      0.94753478	      0.00430118	     -0.00004035	     -0.00187343	      7.21298561	    -12.72645301	      0.00000000	      1.90676796	    -11.50006862	      3.22486957	      0.06513700	      0.04435000	     -0.41871200	      0.17925697	      0.22583815	     -0.04378743	      0.00000000	     -5.19295106	     -6.25243943	     -2.12612886	      0.00000000	      0.00000000	      0.00000000	      0.00000000	      0.00000000	      0.00000000	      0.00000000	     60.00000000	      0.00000000	      0.00000000	      0.00000000	      0.00000000	      0.00000000	     60.00000000	      0.00000000
      7.76800000	     -5.95533383	      6.76901809	      1.58286424	      1.00309562	      0.89471909	      0.19057531	     36.47719888	     -9.24134564	     -5.40872553	     13.54955432	      1.19431229	      0.63670429	      0.04815386	     -0.01200190	      0.00520317	     24.48945239	      1.18119377	      0.96728031	      0.00429671	     -0.00003094	     -0.00186225	      7.21494944	    -12.72628979	      0.00000000	      1.63048796	    -11.46633162	      3.23260700	      0.06513700	      0.04435000	     -0.41871200	      0.18142155	      0.22580267	     -0.04372946	      0.00000000	     -5.19432879	     -6.24906347	     -2.13002574	      0.00000000	      0.00000000	      0.00000000	      0.00000000	      0.00000000	      0.00000000	      0.00000000	     60.00000000	      0.00000000	      0.00000000	      0.00000000	      0.00000000	      0.00000000	     60.00000000	      0.00000000
      7.77200000	     -6.33889738	      6.98773691	      1.66417690	      1.00714536	      0.89427259	      0.19035028	     36.26257148	     -9.43299276	     -6.14085638	     12.55814702	      0.94462824	      0.14982373	      0.04898660	     -0.01026337	      0.00497951	     22.25453330	      1.06393738	      1.21037816	      0.00419913	      0.00012287	     -0.00170734	      7.01169898	    -12.80856941	      0.00000000	      1.54152693	    -11.71354728	      3.33345275	      0.06513700	      0.04435000	     -0.41871200	      0.17402905	      0.23418784	     -0.03971176	      0.00000000	     -5.25397654	     -6.17093025	     -2.31873657	      0.00000000	      0.00000000	      0.00000000	      0.00000000	      0.00000000	      0.00000000	      0.00000000	     60.00000000	      0.00000000	      0.00000000	      0.00000000	      0.00000000	      0.00000000	     60.00000000	      0.00000000
      7.77600000	     -6.26114555	      6.99908907	      1.75223886	      1.01023238	      0.89367555	      0.19047598	     36.58458619	     -9.41275955	     -6.14392638	     12.49377382	      0.92832351	      0.11392786	      0.04904343	     -0.01013942	      0.00496343	     22.09495630	      1.05578046	      1.22633375	      0.00419077	      0.00013097	     -0.00169483	      7.00988971	    -12.80403435	      0.00000000	      1.26618122	    -11.65665528	      3.32587835	      0.06513700	      0.04435000	     -0.41871200	      0.17636980	      0.23405116	     -0.03955954	      0.00000000	     -5.25044193	     -6.17181493	     -2.32286096	      0.00000000	      0.00000000	      0.00000000	      0.00000000	      0.00000000	      0.00000000	      0.00000000	     60.00000000	      0.00000000	      0.00000000	      0.00000000	      0.00000000	      0.00000000	     60.00000000	      0.00000000
      7.78000000	     -6.19737512	      7.03727846	      1.79819067	      1.01333359	      0.89266593	      0.19066294	     36.91524387	     -9.43367986	     -6.14683249	     12.41940578	      0.90924732	      0.07193464	      0.04910996	     -0.00999259	      0.00494457	     21.90771221	      1.04638012	      1.24484354	      0.00417904	      0.00014042	     -0.00168516	      7.01231775	    -12.80112820	      0.00000000	      0.97936896	    -11.54584866	      3.29963785	      0.06513700	      0.04435000	     -0.41871200	      0.17881703	      0.23395077	     -0.03931408	      0.00000000	     -5.24906615	     -6.17304335	     -2.32728016	      0.00000000	      0.00000000	      0.00000000	      0.00000000	      0.00000000	      0.00000000	      0.00000000	     60.00000000	      0.00000000	      0.00000000	      0.00000000	      0.00000000	      0.00000000	     60.00000000	      0.00000000
      7.78400000	     -6.79532348	      6.62306334	      2.39665904	      1.01793150	      0.89300696	      0.19072949	     35.79633414	     -8.97371521	     -6.81189255	     11.21035746	      0.54218063	     -0.69513931	      0.05042015	     -0.00687446	      0.00453208	     18.00871526	      0.85791629	      1.56912822	      0.00394477	      0.00037005	     -0.00139749	      6.31294953	    -12.47158269	      0.00000000	      0.97606073	    -11.06777571	      1.79828759	      0.06513700	      0.04435000	     -0.41871200	      0.16950562	      0.24819306	     -0.01805537	      0.00000000	     -4.91949206	     -6.43586424	     -2.72244682	      0.00000000	      0.00000000	      0.00000000	      0.00000000	      0.00000000	      0.00000000	      0.00000000	     60.00000000	      0.00000000	      0.00000000	      0.00000000	      0.00000000	      0.00000000	     60.00000000	      0.00000000
      7.78800000	     -6.71882490	      6.61488157	      2.46185138	      1.02100834	      0.89250574	      0.19074946	     36.09161639	     -8.95662766	     -6.82233076	     11.17668202	      0.52905136	     -0.72031705	      0.05046763	     -0.00675317	      0.00451662	     17.86008725	      0.85085205	      1.57898880	      0.00393549	      0.00037570	     -0.00138646	      6.31392756	    -12.47425784	      0.00000000	      0.72514728	    -11.04290859	      1.79352594	      0.06513700	      0.04435000	     -0.41871200	      0.17176381	      0.24803364	     -0.01790917	      0.00000000	     -4.91459533	     -6.42993720	     -2.72621400	      0.00000000	      0.00000000	      0.00000000	      0.00000000	      0.00000000	      0.00000000	      0.00000000	     60.00000000	      0.00000000	      0.00000000	      0.00000000	      0.00000000	      0.00000000	     60.00000000	      0.00000000
      7.79200000	     -6.65434114	      6.62072738	      2.51602735	      1.02413672	      0.89161271	      0.19086895	     36.38289548	     -8.94874252	     -6.83680506	     11.13959243	      0.51431778	     -0.74858198	      0.05052098	     -0.00661640	      0.00449945	     17.69257441	      0.84283983	      1.58986000	      0.00392633	      0.00038371	     -0.00137193	      6.31848819	    -12.47720146	      0.00000000	      0.47301099	    -11.00948783	      1.78787146	      0.06513700	      0.04435000	     -0.41871200	      0.17399815	      0.24793262	     -0.01776965	      0.00000000	     -4.91184496	     -6.42371649	     -2.73012562	      0.00000000	      0.00000000	      0.00000000	      0.00000000	      0.00000000	      0.00000000	      0.00000000	     60.00000000	      0.00000000	      0.00000000	      0.00000000	      0.00000000	      0.00000000	     60.00000000	      0.00000000
      7.79600000	     -6.60305833	      6.64052668	      2.55499535	      1.02732112	      0.89068547	      0.19104121	     36.65955680	     -8.94271181	     -6.86554708	     11.09687447	      0.49716629	     -0.78178747	      0.05058293	     -0.00645412	      0.00447927	     17.49472048	      0.83325754	      1.60232983	      0.00391567	      0.00039262	     -0.00135587	      6.32678463	    -12.48231400	      0.00000000	      0.22994380	    -10.98025626	      1.78016367	      0.06513700	      0.04435000	     -0.41871200	      0.17613020	      0.24794775	     -0.01757934	      0.00000000	     -4.91009325	     -6.41550372	     -2.73568825	      0.00000000	      0.00000000	      0.00000000	      0.00000000	      0.00000000	      0.00000000	      0.00000000	     60.00000000	      0.00000000	      0.00000000	      0.00000000	      0.00000000	      0.00000000	     60.00000000	      0.00000000
      7.80000000	     -6.82192612	      6.88270475	      2.18849979	      1.03081046	      0.89016955	      0.19129705	     36.54016257	     -8.91607009	     -7.59577447	     10.75268111	      0.34490693	     -1.09284766	      0.05113708	     -0.00495159	      0.00432010	     15.67792895	      0.74280113	      1.69898360	      0.00380113	      0.00047001	     -0.00122336	      6.41494139	    -12.58943976	      0.00000000	      0.20066509	    -11.30372490	      1.66901847	      0.06513700	      0.04435000	     -0.41871200	      0.17527710	      0.25371196	     -0.01343936	      0.00000000	     -4.85688985	     -6.28320129	     -2.86400502	      0.00000000	      0.00000000	      0.00000000	      0.00000000	      0.00000000	      0.00000000	      0.00000000	     60.00000000	      0.00000000	      0.00000000	      0.00000000	      0.00000000	      0.00000000	     60.00000000	      0.00000000
      7.80400000	     -6.79901112	      6.88470314	      2.30445127	      1.03419473	      0.88944147	      0.19148003	     36.77675135	     -8.88470252	     -7.59366475	     10.72777809	      0.33299678	     -1.11945019	      0.05118073	     -0.00482823	      0.00430977	     15.53047523	      0.73504659	      1.70532671	      0.00379299	      0.00047510	     -0.00121161	      6.41097846	    -12.57961767	      0.00000000	     -0.03954343	    -11.27483913	      1.67801934	      0.06513700	      0.04435000	     -0.41871200	      0.17716035	      0.25375634	     -0.01337002	      0.00000000	     -4.85419218	     -6.28177891	     -2.86854913	      0.00000000	      0.00000000	      0.00000000	      0.00000000	      0.00000000	      0.00000000	      0.00000000	     60.00000000	      0.00000000	      0.00000000	      0.00000000	      0.00000000	      0.00000000	     60.00000000	      0.00000000
      7.80800000	     -6.77753385	      6.88728498	      2.39872816	      1.03745093	      0.88873495	      0.19155265	     37.00481158	     -8.87717006	     -7.59524879	     10.70066564	      0.31995975	     -1.14925742	      0.05122852	     -0.00469166	      0.00429893	     15.36649389	      0.72641565	      1.71204522	      0.00378244	      0.00048093	     -0.00119963	      6.41232004	    -12.57137599	      0.00000000	     -0.26418002	    -11.23536041	      1.68562332	      0.06513700	      0.04435000	     -0.41871200	      0.17887875	      0.25387504	     -0.01329603	      0.00000000	     -4.85279448	     -6.28061158	     -2.87344346	      0.00000000	      0.00000000	      0.00000000	      0.00000000	      0.00000000	      0.00000000	      0.00000000	     60.00000000	      0.00000000	      0.00000000	      0.00000000	      0.00000000	      0.00000000	     60.00000000	      0.00000000
      7.81200000	     -6.77298403	      6.89631649	      2.48627486	      1.04077253	      0.88806104	      0.19166645	     37.21340734	     -8.86783418	     -7.60293317	     10.67281078	      0.30647090	     -1.18074507	      0.05127803	     -0.00454913	      0.00428825	     15.19552554	      0.71735234	      1.71874995	      0.00377189	      0.00048686	     -0.00118766	      6.41759066	    -12.56376272	      0.00000000	     -0.47909055	    -11.20335287	      1.69326363	      0.06513700	      0.04435000	     -0.41871200	      0.18049499	      0.25406856	     -0.01321040	      0.00000000	     -4.85279220	     -6.27951366	     -2.87874458	      0.00000000	      0.00000000	      0.00000000	      0.00000000	      0.00000000	      0.00000000	      0.00000000	     60.00000000	      0.00000000	      0.00000000	      0.00000000	      0.00000000	      0.00000000	     60.00000000	      0.00000000
      7.81600000	     -7.38751678	      6.85225568	      3.26874349	      1.04548977	      0.88786134	      0.19103117	     36.65860018	     -9.00723592	     -8.10597999	     10.30720205	      0.12707236	     -1.68951197	      0.05194340	     -0.00248189	      0.00421117	     12.74640147	      0.57569262	      1.77648034	      0.00360381	      0.00056252	     -0.00101698	      6.53662754	    -12.39870211	      0.00000000	     -0.42674862	    -11.07564441	      1.82139384	      0.06513700	      0.04435000	     -0.41871200	      0.17110732	      0.26695861	     -0.00915000	      0.00000000	     -4.74215615	     -6.29457491	     -3.07176062	      0.00000000	      0.00000000	      0.00000000	      0.00000000	      0.00000000	      0.00000000	      0.00000000	     60.00000000	      0.00000000	      0.00000000	      0.00000000	      0.00000000	      0.00000000	     60.00000000	      0.00000000
      7.82000000	     -7.38590985	      6.85308999	      3.31372358	      1.04899123	      0.88712393	      0.19118268	     36.83150679	     -8.95928674	     -8.11394105	     10.29378796	      0.12070204	     -1.71115662	      0.05196735	     -0.00240092	      0.00421067	     12.65101133	      0.56980069	      1.77721751	      0.00359727	      0.00056516	     -0.00100986	      6.52895859	    -12.39191892	      0.00000000	     -0.63048793	    -11.05607941	      1.79993754	      0.06513700	      0.04435000	     -0.41871200	      0.17331831	      0.26682606	     -0.00881335	      0.00000000	     -4.73162544	     -6.29479804	     -3.07829442	      0.00000000	      0.00000000	      0.00000000	      0.00000000	      0.00000000	      0.00000000	      0.00000000	     60.00000000	      0.00000000	      0.00000000	      0.00000000	      0.00000000	      0.00000000	     60.00000000	      0.00000000
      7.82400000	     -7.39535480	      6.86209895	      3.34923199	      1.05253037	      0.88654822	      0.19136213	     36.99011159	     -8.92736705	     -8.12424681	     10.28107855	      0.11473403	     -1.73193741	      0.05198976	     -0.00232375	      0.00421041	     12.56002448	      0.56413447	      1.77777281	      0.00359035	      0.00056693	     -0.00100347	      6.52389467	    -12.38788578	      0.00000000	     -0.82441124	    -11.02354655	      1.78064191	      0.06513700	      0.04435000	     -0.41871200	      0.17534168	      0.26677502	     -0.00851897	      0.00000000	     -4.72245926	     -6.29491583	     -3.08459709	      0.00000000	      0.00000000	      0.00000000	      0.00000000	      0.00000000	      0.00000000	      0.00000000	     60.00000000	      0.00000000	      0.00000000	      0.00000000	      0.00000000	      0.00000000	     60.00000000	      0.00000000
      7.82800000	     -7.41793273	      6.87469331	      3.38683240	      1.05606182	      0.88617873	      0.19151265	     37.12989256	     -8.89736892	     -8.13439181	     10.27058465	      0.10985067	     -1.74926755	      0.05200808	     -0.00225972	      0.00421030	     12.48491857	      0.55939274	      1.77812245	      0.00358397	      0.00056807	     -0.00099787	      6.51980006	    -12.38584445	      0.00000000	     -1.00543802	    -10.99822994	      1.76782620	      0.06513700	      0.04435000	     -0.41871200	      0.17713711	      0.26676603	     -0.00830616	      0.00000000	     -4.71650117	     -6.29490078	     -3.08953151	      0.00000000	      0.00000000	      0.00000000	      0.00000000	      0.00000000	      0.00000000	      0.00000000	     60.00000000	      0.00000000	      0.00000000	      0.00000000	      0.00000000	      0.00000000	     60.00000000	      0.00000000
      7.83200000	     -7.44538143	      6.87797134	      3.42285672	      1.05946366	      0.88535766	      0.19168717	     37.24973625	     -8.86066017	     -8.15145097	     10.26168252	      0.10569285	     -1.76390107	      0.05202375	     -0.00220569	      0.00421024	     12.42155962	      0.55543887	      1.77842793	      0.00357926	      0.00056952	     -0.00099421	      6.51368342	    -12.38632515	      0.00000000	     -1.17163784	    -11.00396491	      1.76380351	      0.06513700	      0.04435000	     -0.41871200	      0.17877646	      0.26685844	     -0.00812094	      0.00000000	     -4.70901939	     -6.29523483	     -3.09547069	      0.00000000	      0.00000000	      0.00000000	      0.00000000	      0.00000000	      0.00000000	      0.00000000	     60.00000000	      0.00000000	      0.00000000	      0.00000000	      0.00000000	      0.00000000	     60.00000000	      0.00000000
      7.83600000	     -7.46758275	      6.86895480	      3.46069116	      1.06250087	      0.88442428	      0.19178256	     37.36712371	     -8.81600667	     -8.17050793	     10.25461774	      0.10241801	     -1.77560042	      0.05203610	     -0.00216267	      0.00421027	     12.37078469	      0.55225232	      1.77860144	      0.00357551	      0.00057048	     -0.00099021	      6.50518324	    -12.38880212	      0.00000000	     -1.32327140	    -11.06521907	      1.78146467	      0.06513700	      0.04435000	     -0.41871200	      0.18026704	      0.26701986	     -0.00807564	      0.00000000	     -4.70267847	     -6.29548791	     -3.10124356	      0.00000000	      0.00000000	      0.00000000	      0.00000000	      0.00000000	      0.00000000	      0.00000000	     60.00000000	      0.00000000	      0.00000000	      0.00000000	      0.00000000	      0.00000000	     60.00000000	      0.00000000
      7.84000000	     -7.52902546	      6.89260681	      3.47002948	      1.06625751	      0.88370604	      0.19194344	     37.46723855	     -8.80596347	     -8.18957370	     10.24986891	      0.10019675	     -1.78331810	      0.05204471	     -0.00213453	      0.00421041	     12.33725783	      0.55022035	      1.77878557	      0.00357370	      0.00057525	     -0.00098811	      6.49114843	    -12.39480970	      0.00000000	     -1.48822478	    -11.08183187	      1.80094828	      0.06513700	      0.04435000	     -0.41871200	      0.18185106	      0.26725495	     -0.00809466	      0.00000000	     -4.69631160	     -6.29512495	     -3.10751440	      0.00000000	      0.00000000	      0.00000000	      0.00000000	      0.00000000	      0.00000000	      0.00000000	     60.00000000	      0.00000000	      0.00000000	      0.00000000	      0.00000000	      0.00000000	     60.00000000	      0.00000000
      7.84400000	     -7.61619939	      6.97175576	      3.40238569	      1.07058324	      0.88300562	      0.19222565	     37.54079966	     -8.86205696	     -8.27243141	     10.25735672	      0.10372151	     -1.77127326	      0.05203089	     -0.00217837	      0.00421012	     12.38976529	      0.55339679	      1.77845660	      0.00357803	      0.00057056	     -0.00099260	      6.41977767	    -12.43176157	      0.00000000	     -1.65933594	    -11.10192220	      1.87946943	      0.06513700	      0.04435000	     -0.41871200	      0.18324679	      0.26877778	     -0.00824167	      0.00000000	     -4.64881488	     -6.29873124	     -3.13273533	      0.00000000	      0.00000000	      0.00000000	      0.00000000	      0.00000000	      0.00000000	      0.00000000	     60.00000000	      0.00000000	      0.00000000	      0.00000000	      0.00000000	      0.00000000	     60.00000000	      0.00000000
      7.84800000	     -7.36599710	      7.33386831	      3.18052924	      1.07403099	      0.88208971	      0.19236693	     38.08178363	     -9.29960186	     -9.08190979	     10.43600395	      0.18961683	     -1.49089849	      0.05170985	     -0.00324633	      0.00422425	     13.64807290	      0.63015375	      1.76383290	      0.00366813	      0.00054043	     -0.00107852	      5.50693190	    -12.83927398	      0.00000000	     -2.23944325	    -11.47114493	      2.75196106	      0.06513700	      0.04435000	     -0.41871200	      0.18313125	      0.28703860	     -0.00903099	      0.00000000	     -4.02834820	     -6.41297838	     -3.40993033	      0.00000000	      0.00000000	      0.00000000	      0.00000000	      0.00000000	      0.00000000	      0.00000000	     60.00000000	      0.00000000	      0.00000000	      0.00000000	      0.00000000	      0.00000000	     60.00000000	      0.00000000
      7.85200000	     -7.46375842	      7.35503430	      3.19950690	      1.07799064	      0.88143333	      0.19263206	     38.14640109	     -9.28105385	     -9.07747348	     10.43540531	      0.18930807	     -1.49180552	      0.05171083	     -0.00324240	      0.00422399	     13.64392906	      0.62989182	      1.76387028	      0.00366823	      0.00054047	     -0.00107737	      5.49653769	    -12.83853688	      0.00000000	     -2.38410164	    -11.45594774	      2.74873703	      0.06513700	      0.04435000	     -0.41871200	      0.18472320	      0.28699551	     -0.00883144	      0.00000000	     -4.03578763	     -6.41769444	     -3.41579793	      0.00000000	      0.00000000	      0.00000000	      0.00000000	      0.00000000	      0.00000000	      0.00000000	     60.00000000	      0.00000000	      0.00000000	      0.00000000	      0.00000000	      0.00000000	     60.00000000	      0.00000000
      7.85600000	     -7.56045166	      7.37289331	      3.21810379	      1.08201529	      0.88070685	      0.19288546	     38.19771579	     -9.27306704	     -9.07030044	     10.43730722	      0.19025125	     -1.48940523	      0.05170716	     -0.00325228	      0.00422438	     13.65560036	      0.63054543	      1.76337767	      0.00366696	      0.00054186	     -0.00107652	      5.48264448	    -12.83878420	      0.00000000	     -2.52175523	    -11.43224338	      2.74544671	      0.06513700	      0.04435000	     -0.41871200	      0.18617264	      0.28698236	     -0.00866572	      0.00000000	     -4.04087238	     -6.42188036	     -3.42076614	      0.00000000	      0.00000000	      0.00000000	      0.00000000	      0.00000000	      0.00000000	      0.00000000	     60.00000000	      0.00000000	      0.00000000	      0.00000000	      0.00000000	      0.00000000	     60.00000000	      0.00000000
      7.86000000	     -7.66943712	      7.38925866	      3.24004378	      1.08597330	      0.87985371	      0.19316978	     38.23681970	     -9.26776910	     -9.06039653	     10.44095476	      0.19207337	     -1.48372074	      0.05170083	     -0.00327521	      0.00422524	     13.68154131	      0.63201362	      1.76317136	      0.00367210	      0.00053759	     -0.00107553	      5.46615401	    -12.83931301	      0.00000000	     -2.66471581	    -11.40472994	      2.74238428	      0.06513700	      0.04435000	     -0.41871200	      0.18761254	      0.28698022	     -0.00852210	      0.00000000	     -4.04433341	     -6.42558843	     -3.42508108	      0.00000000	      0.00000000	      0.00000000	      0.00000000	      0.00000000	      0.00000000	      0.00000000	     60.00000000	      0.00000000	      0.00000000	      0.00000000	      0.00000000	      0.00000000	     60.00000000	      0.00000000
      7.86400000	     -7.78111673	      7.40313073	      3.26762989	      1.09021422	      0.87934222	      0.19345127	     38.27404801	     -9.26617039	     -9.04603110	     10.44669416	      0.19491269	     -1.47517357	      0.05169043	     -0.00330918	      0.00422625	     13.72179426	      0.63443762	      1.76251105	      0.00367225	      0.00053972	     -0.00108194	      5.44631273	    -12.84018349	      0.00000000	     -2.81204576	    -11.37026380	      2.73886790	      0.06513700	      0.04435000	     -0.41871200	      0.18905903	      0.28700401	     -0.00837753	      0.00000000	     -4.04595467	     -6.42955302	     -3.42941265	      0.00000000	      0.00000000	      0.00000000	      0.00000000	      0.00000000	      0.00000000	      0.00000000	     60.00000000	      0.00000000	      0.00000000	      0.00000000	      0.00000000	      0.00000000	     60.00000000	      0.00000000
      7.86800000	     -7.69750564	      7.10148396	      3.80843168	      1.09396282	      0.87891617	      0.19289115	     38.51795827	     -9.37763864	     -8.76993691	     10.63490136	      0.28793807	     -1.22545761	      0.05134623	     -0.00435090	      0.00427483	     14.95938349	      0.70454867	      1.72739282	      0.00375545	      0.00049917	     -0.00117102	      5.07380002	    -12.91334229	      0.00000000	     -3.13874130	    -10.90403595	      2.69667279	      0.06513700	      0.04435000	     -0.41871200	      0.19090982	      0.29049443	     -0.00483921	      0.00000000	     -3.88108447	     -6.53876026	     -3.52641575	      0.00000000	      0.00000000	      0.00000000	      0.00000000	      0.00000000	      0.00000000	      0.00000000	     60.00000000	      0.00000000	      0.00000000	      0.00000000	      0.00000000	      0.00000000	     60.00000000	      0.00000000
      7.87200000	     -7.81423549	      7.14695953	      3.79498306	      1.09806829	      0.87817902	      0.19343063	     38.54702939	     -9.36681233	     -8.77680111	     10.63943214	      0.29016434	     -1.22000676	      0.05133801	     -0.00437480	      0.00427635	     14.98795582	      0.70609900	      1.72638431	      0.00375678	      0.00049844	     -0.00117286	      5.06583779	    -12.92503822	      0.00000000	     -3.27086269	    -10.88770698	      2.68228495	      0.06513700	      0.04435000	     -0.41871200	      0.19240493	      0.29055193	     -0.00457770	      0.00000000	     -3.88463043	     -6.53571788	     -3.53148197	      0.00000000	      0.00000000	      0.00000000	      0.00000000	      0.00000000	      0.00000000	      0.00000000	     60.00000000	      0.00000000	      0.00000000	      0.00000000	      0.00000000	      0.00000000	     60.00000000	      0.00000000
      7.87600000	     -7.92950368	      7.17785157	      3.79127830	      1.10213612	      0.87735450	      0.19377256	     38.56736117	     -9.35843576	     -8.77464177	     10.64702266	      0.29388379	     -1.21102569	      0.05132429	     -0.00441450	      0.00427899	     15.03540035	      0.70863209	      1.72466177	      0.00375976	      0.00049688	     -0.00117470	      5.05447156	    -12.93560764	      0.00000000	     -3.39985039	    -10.86799447	      2.66554618	      0.06513700	      0.04435000	     -0.41871200	      0.19379542	      0.29067654	     -0.00430509	      0.00000000	     -3.88542126	     -6.53372425	     -3.53666160	      0.00000000	      0.00000000	      0.00000000	      0.00000000	      0.00000000	      0.00000000	      0.00000000	     60.00000000	      0.00000000	      0.00000000	      0.00000000	      0.00000000	      0.00000000	     60.00000000	      0.00000000
      7.88000000	     -8.05362145	      7.19611448	      3.80335098	      1.10629221	      0.87656735	      0.19406028	     38.58128406	     -9.34496823	     -8.76419600	     10.65706969	      0.29895169	     -1.19902230	      0.05130502	     -0.00446655	      0.00428199	     15.09883722	      0.71217457	      1.72235639	      0.00376323	      0.00049581	     -0.00118055	      5.04042871	    -12.94448954	      0.00000000	     -3.53896427	    -10.85214822	      2.64933858	      0.06513700	      0.04435000	     -0.41871200	      0.19526230	      0.29077938	     -0.00402509	      0.00000000	     -3.88347750	     -6.53220850	     -3.54180199	      0.00000000	      0.00000000	      0.00000000	      0.00000000	      0.00000000	      0.00000000	      0.00000000	     60.00000000	      0.00000000	      0.00000000	      0.00000000	      0.00000000	      0.00000000	     60.00000000	      0.00000000
      7.88400000	     -8.18742695	      7.20472279	      3.82801387	      1.11053156	      0.87571505	      0.19431553	     38.58942109	     -9.32907474	     -8.74517814	     10.66975685	      0.30496644	     -1.18434910	      0.05128361	     -0.00453320	      0.00428720	     15.17707562	      0.71628140	      1.71942594	      0.00376812	      0.00049354	     -0.00118571	      5.02416871	    -12.95191160	      0.00000000	     -3.68978697	    -10.83395579	      2.63320657	      0.06513700	      0.04435000	     -0.41871200	      0.19686045	      0.29078381	     -0.00373024	      0.00000000	     -3.87848100	     -6.53079688	     -3.54693056	      0.00000000	      0.00000000	      0.00000000	      0.00000000	      0.00000000	      0.00000000	      0.00000000	     60.00000000	      0.00000000	      0.00000000	      0.00000000	      0.00000000	      0.00000000	     60.00000000	      0.00000000
      7.88800000	     -7.96137386	      6.85927620	      4.33807536	      1.11418284	      0.87508026	      0.19362872	     38.80615108	     -9.36996901	     -8.27495659	     10.95075426	      0.43544008	     -0.90279726	      0.05080632	     -0.00585990	      0.00440924	     16.77494209	      0.79819705	      1.64459895	      0.00386952	      0.00042905	     -0.00130452	      4.79293934	    -13.13374339	      0.00000000	     -4.10552383	    -10.33551603	      2.34044499	      0.06513700	      0.04435000	     -0.41871200	      0.20131480	      0.29306652	      0.00232152	      0.00000000	     -3.55365754	     -6.51612946	     -3.65370057	      0.00000000	      0.00000000	      0.00000000	      0.00000000	      0.00000000	      0.00000000	      0.00000000	     60.00000000	      0.00000000	      0.00000000	      0.00000000	      0.00000000	      0.00000000	     60.00000000	      0.00000000
      7.89200000	     -8.10908556	      6.92205025	      4.32550220	      1.11848471	      0.87442472	      0.19432085	     38.77744394	     -9.34396763	     -8.27949379	     10.96025518	      0.43954387	     -0.89465507	      0.05079204	     -0.00590203	      0.00441456	     16.82349362	      0.80065915	      1.64198089	      0.00387223	      0.00042773	     -0.00130741	      4.79138439	    -13.14809364	      0.00000000	     -4.20844670	    -10.33349176	      2.32649979	      0.06513700	      0.04435000	     -0.41871200	      0.20254846	      0.29312189	      0.00258302	      0.00000000	     -3.55705984	     -6.50736709	     -3.65851597	      0.00000000	      0.00000000	      0.00000000	      0.00000000	      0.00000000	      0.00000000	      0.00000000	     60.00000000	      0.00000000	      0.00000000	      0.00000000	      0.00000000	      0.00000000	     60.00000000	      0.00000000
      7.89600000	     -8.25114616	      6.96324085	      4.33121964	      1.12269057	      0.87379321	      0.19470975	     38.75343358	     -9.31798953	     -8.27380892	     10.97272761	      0.44486333	     -0.88419604	      0.05077287	     -0.00595382	      0.00442068	     16.88660244	      0.80368914	      1.63835557	      0.00387628	      0.00042442	     -0.00131085	      4.78470230	    -13.16167541	      0.00000000	     -4.32013995	    -10.33595476	      2.31404740	      0.06513700	      0.04435000	     -0.41871200	      0.20379122	      0.29321247	      0.00287506	      0.00000000	     -3.55572076	     -6.49952088	     -3.66409689	      0.00000000	      0.00000000	      0.00000000	      0.00000000	      0.00000000	      0.00000000	      0.00000000	     60.00000000	      0.00000000	      0.00000000	      0.00000000	      0.00000000	      0.00000000	     60.00000000	      0.00000000
      7.90000000	     -8.38965641	      6.99821414	      4.35579420	      1.12685415	      0.87319252	      0.19505644	     38.72845656	     -9.28476895	     -8.26257944	     10.98591989	      0.45065770	     -0.87256786	      0.05075163	     -0.00600996	      0.00442669	     16.95447227	      0.80708004	      1.63460979	      0.00388031	      0.00042398	     -0.00131694	      4.77054254	    -13.17005839	      0.00000000	     -4.43426795	    -10.33639619	      2.30522184	      0.06513700	      0.04435000	     -0.41871200	      0.20494875	      0.29328337	      0.00311571	      0.00000000	     -3.55255480	     -6.49327168	     -3.66882295	      0.00000000	      0.00000000	      0.00000000	      0.00000000	      0.00000000	      0.00000000	      0.00000000	     60.00000000	      0.00000000	      0.00000000	      0.00000000	      0.00000000	      0.00000000	     60.00000000	      0.00000000
