secondary_constraint_sim_states
nColumns=105
nRows=301
DataType=double
version=3
OpenSimVersion=4.3-2021-06-27-54b40380c
endheader
time	/jointset/gnd_pelvis/pelvis_tilt/value	/jointset/gnd_pelvis/pelvis_tilt/speed	/jointset/gnd_pelvis/pelvis_list/value	/jointset/gnd_pelvis/pelvis_list/speed	/jointset/gnd_pelvis/pelvis_rot/value	/jointset/gnd_pelvis/pelvis_rot/speed	/jointset/gnd_pelvis/pelvis_tx/value	/jointset/gnd_pelvis/pelvis_tx/speed	/jointset/gnd_pelvis/pelvis_ty/value	/jointset/gnd_pelvis/pelvis_ty/speed	/jointset/gnd_pelvis/pelvis_tz/value	/jointset/gnd_pelvis/pelvis_tz/speed	/jointset/hip_r/hip_flex_r/value	/jointset/hip_r/hip_flex_r/speed	/jointset/hip_r/hip_add_r/value	/jointset/hip_r/hip_add_r/speed	/jointset/hip_r/hip_rot_r/value	/jointset/hip_r/hip_rot_r/speed	/jointset/pf_r/pf_flex_r/value	/jointset/pf_r/pf_flex_r/speed	/jointset/pf_r/pf_rot_r/value	/jointset/pf_r/pf_rot_r/speed	/jointset/pf_r/pf_tilt_r/value	/jointset/pf_r/pf_tilt_r/speed	/jointset/pf_r/pf_tx_r/value	/jointset/pf_r/pf_tx_r/speed	/jointset/pf_r/pf_ty_r/value	/jointset/pf_r/pf_ty_r/speed	/jointset/pf_r/pf_tz_r/value	/jointset/pf_r/pf_tz_r/speed	/jointset/knee_r/knee_flex_r/value	/jointset/knee_r/knee_flex_r/speed	/jointset/knee_r/knee_add_r/value	/jointset/knee_r/knee_add_r/speed	/jointset/knee_r/knee_rot_r/value	/jointset/knee_r/knee_rot_r/speed	/jointset/knee_r/knee_tx_r/value	/jointset/knee_r/knee_tx_r/speed	/jointset/knee_r/knee_ty_r/value	/jointset/knee_r/knee_ty_r/speed	/jointset/knee_r/knee_tz_r/value	/jointset/knee_r/knee_tz_r/speed	/jointset/ankle_r/ankle_flex_r/value	/jointset/ankle_r/ankle_flex_r/speed	/jointset/subtalar_r/subt_angle_r/value	/jointset/subtalar_r/subt_angle_r/speed	/jointset/mtp_r/mtp_angle_r/value	/jointset/mtp_r/mtp_angle_r/speed	/jointset/hip_l/hip_flex_l/value	/jointset/hip_l/hip_flex_l/speed	/jointset/hip_l/hip_add_l/value	/jointset/hip_l/hip_add_l/speed	/jointset/hip_l/hip_rot_l/value	/jointset/hip_l/hip_rot_l/speed	/jointset/pf_l/pf_l_r3/value	/jointset/pf_l/pf_l_r3/speed	/jointset/pf_l/pf_l_tx/value	/jointset/pf_l/pf_l_tx/speed	/jointset/pf_l/pf_l_ty/value	/jointset/pf_l/pf_l_ty/speed	/jointset/knee_l/knee_flex_l/value	/jointset/knee_l/knee_flex_l/speed	/jointset/ankle_l/ankle_flex_l/value	/jointset/ankle_l/ankle_flex_l/speed	/jointset/subtalar_l/subt_angle_l/value	/jointset/subtalar_l/subt_angle_l/speed	/jointset/mtp_l/mtp_angle_l/value	/jointset/mtp_l/mtp_angle_l/speed	/jointset/pelvis_torso/lumbar_ext/value	/jointset/pelvis_torso/lumbar_ext/speed	/jointset/pelvis_torso/lumbar_latbend/value	/jointset/pelvis_torso/lumbar_latbend/speed	/jointset/pelvis_torso/lumbar_rot/value	/jointset/pelvis_torso/lumbar_rot/speed	/jointset/torso_neckhead/neck_ext/value	/jointset/torso_neckhead/neck_ext/speed	/jointset/torso_neckhead/neck_latbend/value	/jointset/torso_neckhead/neck_latbend/speed	/jointset/torso_neckhead/neck_rot/value	/jointset/torso_neckhead/neck_rot/speed	/jointset/acromial_r/arm_add_r/value	/jointset/acromial_r/arm_add_r/speed	/jointset/acromial_r/arm_flex_r/value	/jointset/acromial_r/arm_flex_r/speed	/jointset/acromial_r/arm_rot_r/value	/jointset/acromial_r/arm_rot_r/speed	/jointset/elbow_r/elbow_flex_r/value	/jointset/elbow_r/elbow_flex_r/speed	/jointset/radioulnar_r/pro_sup_r/value	/jointset/radioulnar_r/pro_sup_r/speed	/jointset/radius_hand_r/wrist_flex_r/value	/jointset/radius_hand_r/wrist_flex_r/speed	/jointset/acromial_l/arm_add_l/value	/jointset/acromial_l/arm_add_l/speed	/jointset/acromial_l/arm_flex_l/value	/jointset/acromial_l/arm_flex_l/speed	/jointset/acromial_l/arm_rot_l/value	/jointset/acromial_l/arm_rot_l/speed	/jointset/elbow_l/elbow_flex_l/value	/jointset/elbow_l/elbow_flex_l/speed	/jointset/radioulnar_l/pro_sup_l/value	/jointset/radioulnar_l/pro_sup_l/speed	/jointset/radius_hand_l/wrist_flex_l/value	/jointset/radius_hand_l/wrist_flex_l/speed
0	0	0	0	0	0	0	0	0	0.969	0	0	0	0	0	0	0	0	0	0.1417338425704335	-0.02213499082068736	-0.0004688143082507019	-0.001653593862604227	-0.078512663574793	0.02188963848377838	0.05297197036347849	0.002816493190069479	0.008034273027006168	-0.0007614043505821474	0.00476688746393367	-0.001055919893708036	0	0	-0.004490343710062903	-4.913864265918114e-06	0.009751554593139004	-0.001341252445443264	0.001787480381415428	-5.365718672658741e-05	0.0002773935268014278	0.001278405457659165	-0.0003568283662683762	-8.049584815848005e-05	0	0	0	0	0	0	0	0	0	0	0	0	0.001136855115	0	0.04435	0	-0.418712	0	0	0	0	0	0	0	0	0	0	0	0	0	0	0	0	0	0	0	0	0	0	0	0	0	0	0	0	0	1.047197551197	0	0	0	0	0	0	0	0	0	0	0	1.047197551197	0	0	0
0.01	1.274269366657119e-10	1.577966494466476e-08	2.729209769446962e-10	2.997305763579524e-08	9.104135341917038e-11	1.20077276416305e-08	1.238421772137705e-11	1.488743748260995e-09	0.9689999999786758	-2.699366932800197e-09	-4.498361217267963e-11	-5.536901904053779e-09	-2.04172336031317e-10	-2.56398426363499e-08	-5.761721564809077e-11	-5.351331589733292e-09	2.630910365662683e-11	-2.62272283957046e-09	0.1418312890960797	-0.003108825821956283	-0.0004627302859331861	0.0002237835820206037	-0.07856642885738012	0.004161234048446766	0.05299971268605844	0.00536796044591878	0.008050729677142566	0.002831271625779504	0.004754714107976535	-0.002212335449071141	1.961374894770176e-05	0.003878484256102819	-0.004486906031771064	0.0007996861021540747	0.009744554278109337	-0.00126513191066187	0.001790454199382067	0.0005486015958064227	0.0002758819790381358	-0.0003100225040275983	-0.0003559338895093121	0.0002153051437615148	-1.813474641590453e-10	-2.121652486331065e-08	1.071443048141804e-10	1.312560963718721e-08	-6.266554690508346e-11	1.257933014797415e-09	-2.988171393104763e-10	-4.195728855491018e-08	-1.204471948266904e-10	-1.499997154248393e-08	-8.935137520012712e-13	5.110786451652016e-09	0.001136855089615837	-2.60242498172767e-09	0.04434999990838376	-1.559352947433477e-08	-0.4187120001765728	-2.359181779510068e-08	-3.213263596941307e-12	5.290108123964434e-10	1.391290593290179e-11	-7.346234139629191e-09	-1.353484732261833e-11	-2.364301196433662e-09	-3.387146096446926e-11	-1.45259824666694e-08	-1.807301735845636e-10	-2.240672433172988e-08	1.355843304854439e-10	1.90193165201403e-08	2.892810851414689e-11	4.116818016264845e-09	6.324140948025883e-11	8.480185785203046e-09	7.743739812554215e-12	7.285327164482996e-10	8.013608064602351e-12	9.567143237185781e-10	7.460910061228171e-11	7.59746174717547e-09	-4.965856148808847e-11	-5.645683043597408e-09	-5.904645632126833e-12	-1.518778472003187e-09	-2.947849553774844e-11	-2.824137993600305e-09	1.047197551199074	7.06619208317185e-11	4.742380825968901e-13	-2.163644484969464e-09	3.509943923743417e-11	1.189231852774017e-08	4.408865390540442e-11	6.887717514385257e-09	1.99801991175389e-12	2.147052572569432e-11	1.076905013632717e-11	2.790328520619553e-09	1.047197551197141	5.135846797410496e-11	2.278038306257265e-11	1.94175248981018e-09
0.02	3.118593510453546e-10	1.473894985712082e-08	5.796567209295191e-10	3.201659381077165e-08	2.456166502609148e-10	1.298536534428621e-08	3.26093411875565e-11	1.657371656162703e-09	0.9689999999369824	-3.944650622936976e-09	-8.891446841567098e-11	-4.894115894765994e-09	-5.350637372517072e-10	-2.760545815784164e-08	-1.272006249070145e-10	-7.028386038137409e-09	-6.709244494099102e-11	-3.943484359448341e-09	0.1419412979928717	0.001372380504722024	-0.0004575058459594509	0.000123295797206772	-0.07862723585232478	-0.0003340315291950613	0.05301012469381124	2.024884703768157e-05	0.008051170875756649	0.001197152614180348	0.004747950303617418	-0.0002429055765935676	7.779111284711722e-05	0.007756990291262834	-0.004484089846517101	0.00128910230344751	0.009744048931873127	-0.001288027065267469	0.001797589027051995	0.0007144139691710188	0.0002779735437959528	-0.0007659664702422687	-0.0003553461429092994	0.0003327575492573775	-5.735311863712003e-10	-3.178148949667385e-08	2.312906974128546e-10	1.501149491940284e-08	-2.722892928555927e-10	-7.554134358031694e-09	-8.28630749340111e-10	-4.475072571981666e-08	-2.719510875938577e-10	-1.412718843312002e-08	1.116255632537594e-10	6.85994625756217e-09	0.001136855067931683	-3.20867798588147e-09	0.04434999968257135	-1.651446347267282e-08	-0.4187120003217623	-1.901493689771825e-08	-1.685407455561371e-11	-1.839429145674491e-10	-1.810019430926179e-12	1.282730938218818e-09	-4.795631596804793e-11	-1.561902991950259e-09	-1.535389414921072e-10	-8.039028872681223e-09	-3.441688680002503e-10	-1.708106060975581e-08	2.970118844992776e-10	1.740763282715296e-08	8.64509707821789e-11	3.844057893860536e-09	1.840048487461014e-10	9.819203207094748e-09	1.362745044317396e-12	1.37937366535921e-10	2.094393371178616e-11	1.001925598518021e-09	1.868305298437628e-10	8.943634529909251e-09	-1.084491817508022e-10	-3.098321385332725e-09	-2.856515316367128e-11	-1.823639695372318e-09	-7.27149409340287e-11	-2.606152832539081e-09	1.047197551197178	2.554010578246231e-12	-2.04931946296831e-11	-1.024943645182915e-09	2.071691707724157e-10	1.481782083817264e-08	1.341823687175527e-10	7.333523909463932e-09	6.931491541957239e-12	5.412890414419129e-10	5.195156918423239e-11	3.368342723592808e-09	1.047197551198993	-4.905878772799149e-11	6.064052153786422e-11	3.195268714199684e-09
0.03	5.034041236372182e-10	1.347695967925925e-08	9.007757130808112e-10	2.969776014358452e-08	3.967350013748644e-10	1.46838938879689e-08	5.130790145881085e-11	2.57227152769611e-09	0.9689999998952585	-4.396038604689777e-09	-1.373634785732437e-10	-3.064604870103113e-09	-8.706412973597383e-10	-2.66685575564717e-08	-1.974125762586205e-10	-8.923913686183923e-09	-1.57548850850372e-10	-5.900356369380305e-09	0.1420480172122439	0.005335952158674552	-0.0004532678053141007	0.0002182902981242306	-0.07868571817269393	-0.00273047676267024	0.05301677638157704	-0.000986775691552039	0.008054513838288946	-0.0005902634771595931	0.004745213644511841	0.0003597121774502593	0.0001747535132026728	0.01163550116297399	-0.00447926197293108	0.0007726016032205634	0.009745197766848245	-0.0003999589558120317	0.001802809543436803	0.0003820979314939658	0.0002797244926010399	7.311256926909111e-05	-0.0003549748461170021	4.236673388943451e-05	-9.532120190331265e-10	-3.954759887381722e-08	3.498159531244157e-10	1.309963708475644e-08	-4.191642227004616e-10	-3.949086845908889e-08	-1.377493380471645e-09	-4.057688005127925e-08	-4.284112340059615e-10	-1.451429684481363e-08	2.272570057752838e-10	6.921557860355614e-09	0.001136855045391338	-3.208456238171622e-09	0.04434999946360552	-1.901596930029401e-08	-0.4187120004931862	-3.593685866801668e-09	-2.695431018186999e-11	-1.272999131091278e-09	-4.984923398459846e-11	1.548560986934861e-08	-8.95223669791325e-11	-1.437819530570268e-09	-3.125680123162958e-10	3.814664056486399e-09	-5.310911549259968e-10	-6.081956920435341e-09	4.83885149558377e-10	8.448265433029533e-09	1.448532865659112e-10	4.041651960886889e-09	3.034876797140864e-10	1.109562163295625e-08	-2.47548674204249e-12	-1.088567243044669e-09	3.295059066971559e-11	1.46088461173862e-09	2.897261088958954e-10	1.338825056960492e-08	-1.48297193029289e-10	-7.366885139026456e-09	-5.361373709437195e-11	-1.159644358595912e-09	-1.076649978356192e-10	-4.97788463515592e-09	1.047197551195311	-9.354200870169331e-11	-4.542659167979888e-11	5.285405597848771e-10	4.043476398937024e-10	9.264033919624986e-09	2.275902399188817e-10	6.122643290928233e-09	1.085382257462912e-11	9.047160287150097e-10	9.518925485386886e-11	3.116914488700067e-09	1.047197551200579	1.667687803131255e-10	9.665207624834016e-11	4.507405476475584e-09
0.04	6.294301970299583e-10	9.948556944770156e-09	1.218733609113589e-09	3.433102196030768e-08	5.417802589281383e-10	1.455000508279645e-08	7.615738669184505e-11	2.62212935117797e-09	0.9689999998463108	-5.793647637169683e-09	-1.708172551855726e-10	-3.378665128223288e-09	-1.135468552379744e-09	-2.466854012108874e-08	-2.926319390465644e-10	-1.086867295293971e-08	-2.136914531797291e-10	-5.050805512048839e-09	0.1421541625372659	0.008744696129323583	-0.0004500347328064211	0.0001758917503949621	-0.07874093086653965	-0.004194094944879532	0.05302386998368216	-0.002324037846041682	0.008050131880848382	-0.001915055844222107	0.004743827664394497	0.00083605801849186	0.0003105010591913287	0.01551400856301068	-0.004471748427092307	0.0005977178465354277	0.009746944633018126	0.0005977352043869682	0.001804703241133962	1.739466441089757e-05	0.0002785988781450248	0.000561317065243442	-0.0003551413539618484	-0.0001443830809365451	-1.362998971370652e-09	-4.407069752173913e-08	4.782420702803307e-10	1.306522595635771e-08	-7.913590959015984e-10	-4.097850648358601e-08	-1.79588071294575e-09	-4.109453623446815e-08	-5.747857757413095e-10	-1.499878198168356e-08	2.997945173101618e-10	7.257188106785883e-09	0.001136855007982286	-4.837047079510967e-09	0.04434999927886015	-1.783125201178683e-08	-0.4187120005426204	-3.619426679558134e-09	-3.666114693304223e-11	-4.851854584722714e-10	1.129036285856023e-10	2.222295137885562e-08	-1.057268658213651e-10	-1.246204026027613e-09	-2.798507247530708e-10	6.894318478366256e-09	-5.884803785513704e-10	-1.870978111272998e-09	5.880613109330072e-10	1.104591112195011e-08	1.847950879012988e-10	3.592323463792665e-09	4.129600932379627e-10	1.066885563771487e-08	-1.205064177668001e-11	-9.515839934576769e-10	4.685107702518106e-11	1.371760282747744e-09	4.213936842489464e-10	1.383304199261207e-08	-1.992357286229692e-10	-3.074957907141213e-09	-6.788792997595893e-11	-1.543136738370175e-09	-1.494741566750469e-10	-3.564163124089903e-09	1.047197551194529	-5.116117973441952e-11	-3.711242723973193e-11	1.82144395298902e-09	5.255649052910964e-10	1.438017328562379e-08	2.894740080950645e-10	5.631425832076015e-09	2.109502763734658e-11	1.332431047767627e-09	1.293766043322247e-10	3.676814104331904e-09	1.047197551201744	7.58314195753855e-11	1.446324448049857e-10	5.482087793583898e-09
0.05	7.314367322937002e-10	1.374702142733533e-08	1.619367644704688e-09	4.630396589694625e-08	6.867905687617679e-10	1.282440371846851e-08	9.826629126936046e-11	1.108224227752307e-09	0.968999999779095	-6.908664395954186e-09	-2.208546871958357e-10	-7.176246180919349e-09	-1.398972731506673e-09	-3.111854132045807e-08	-4.054796560145629e-10	-1.063742317898852e-08	-2.706154736908686e-10	-5.296548034976896e-09	0.142256559895848	0.01153873613327846	-0.0004487880921572723	0.0001222232485778634	-0.07878859332980989	-0.005196611735451652	0.0530293271995886	-0.001040577904529548	0.008044200757959433	-0.001310696179583232	0.004742579251913009	0.0003347344314406349	0.0004850336406835678	0.01939250656178983	-0.004461226788936663	0.0009969101854536584	0.009750538419493589	0.0007806841606353754	0.001803776118485244	-0.0001062580538712545	0.000278988856139303	-7.714047943744275e-05	-0.0003557624178144112	-0.0001272118623416189	-1.808592045045908e-09	-4.148162143424346e-08	6.173897383642786e-10	1.127627197178387e-08	-1.015293369456009e-09	1.043054492144054e-08	-2.290340501863122e-09	-6.107886870134288e-08	-7.398986701688986e-10	-1.691648617761436e-08	3.967817418635267e-10	1.201486995474656e-08	0.0011368549492642	-5.881534249956177e-09	0.04434999909895546	-1.584176492896189e-08	-0.4187120006814976	-2.958296608889972e-08	-2.845808689901161e-11	1.512095041559987e-09	2.587261340517169e-10	-2.691322006384525e-09	-1.285087131744044e-10	-5.287943191895926e-09	-3.124377591161535e-10	-2.208187021897555e-08	-6.594696903346142e-10	-1.995946215942243e-08	7.909811652257042e-10	3.321462677118411e-08	2.235891852009674e-10	4.901697247246418e-09	5.174148358203135e-10	1.01143587015048e-08	-1.402164068195025e-11	9.173350217733841e-10	5.750660696125119e-11	5.783790403506144e-10	5.371674160796233e-10	7.217364303437273e-09	-1.70122959377814e-10	1.233285519884269e-08	-9.413269667116555e-11	-4.110694567729667e-09	-1.608121093080062e-10	2.653692493637652e-09	1.047197551193989	-3.401497429564264e-11	-2.912892642122549e-11	-8.602766511435382e-10	7.776119005439471e-10	3.791235710930177e-08	3.607867103511323e-10	9.512869402667578e-09	3.438936245800141e-11	9.781447892709707e-10	1.771642816515422e-10	5.932279521123089e-09	1.047197551201462	-2.313105093542727e-10	1.991580210221934e-10	4.834967918623907e-09
0.06	8.627909265965242e-10	1.409714146039473e-08	2.067342581616421e-09	4.215085569043682e-08	8.379136963071537e-10	1.695256814731899e-08	1.154848298870401e-10	2.160140050892077e-09	0.9689999997054056	-7.3340075071289e-09	-2.884532886528692e-10	-6.227496412709571e-09	-1.712117111191515e-09	-3.277943742903865e-08	-5.128952431460322e-10	-1.025589577576252e-08	-3.518733608011657e-10	-1.078455201960232e-08	0.1423610856789593	0.01038421643644204	-0.0004494948082377439	-0.0001849224023088982	-0.07883118566648321	-0.004037570067901392	0.05302841388650029	0.0003971447517145402	0.008031866359785639	-0.001114185462054155	0.004741975419397274	-0.0002637870596735422	0.0007022564305995862	0.02327101513402399	-0.004449570685515927	0.001297452014905829	0.00975936701942098	0.0009615858444711202	0.001803345992771866	9.107292897662598e-06	0.0002799238002267722	0.0001244726488211613	-0.0003570238207550173	-0.000114384036886439	-2.270868843511063e-09	-4.974423114701338e-08	7.621594387962625e-10	1.639624769202395e-08	-1.031140576071897e-09	-1.162963855555974e-08	-2.91564992116359e-09	-6.4182264448411e-08	-9.207993667235348e-10	-1.858350676632151e-08	5.374720088664706e-10	1.590356408558132e-08	0.001136854888392484	-5.598340855926423e-09	0.04434999889879736	-2.37020826804375e-08	-0.4187120009412301	-2.249634141086592e-08	-1.22684575593552e-11	1.174666140351444e-09	2.733301767497624e-10	2.793953358746547e-09	-1.683174125322055e-10	-3.248756109964279e-09	-4.902117075431604e-10	-1.527380993528084e-08	-8.161512687746379e-10	-1.352192204497391e-08	1.096159058429711e-09	2.740538487312346e-08	2.72377665391464e-10	5.155386691778997e-09	6.282757875294511e-10	1.2212967958274e-08	-9.047346974623739e-12	4.021123734879753e-11	6.520573565612455e-11	9.58390717775618e-10	6.281425502989276e-10	1.059547622275056e-08	-9.050190853349785e-11	3.495040935453881e-09	-1.337791808991427e-10	-3.788393962821109e-09	-1.525912387539465e-10	-1.063058997284461e-09	1.047197551192702	-2.272195540815731e-10	-4.136810908894764e-11	-1.804373689422461e-09	1.149563933624573e-09	3.521391362840055e-08	4.583674455190713e-10	1.021479615334535e-08	4.613897515568596e-11	1.219298108466722e-09	2.384493453201929e-10	6.16637202129217e-09	1.047197551200565	4.260170798860643e-11	2.509995535502656e-10	5.279213136116134e-09
0.07000000000000001	1.159331268921344e-09	2.490227215807766e-08	2.48347845375561e-09	4.133693396805746e-08	1.06757771219123e-09	2.148184311759074e-08	1.470667407098276e-10	2.890399813749725e-09	0.968999999641376	-6.755907934360148e-09	-3.423413031597564e-10	-5.625968577072286e-09	-2.146722085591155e-09	-4.062104107564866e-08	-6.357930119263696e-10	-1.13495756792786e-08	-5.215903211084592e-10	-1.534878152212868e-08	0.1424682400229736	0.01072092861330501	-0.0004540683640652016	-0.0004595320037534134	-0.07886561274861677	-0.003456088697666228	0.05302991312983531	0.0001021181746993074	0.00801955780005148	-0.001232133730945735	0.004740570639395655	-0.0001230201661913907	0.0009741064614090375	0.02714952188275489	-0.004434721160634808	0.001486009786750469	0.009773808160972286	0.001435537519512772	0.00180547297297659	0.0002228475610081184	0.0002810097483699189	0.0001047512275825097	-0.0003579748964405178	-9.327761918007351e-05	-2.979494735586501e-09	-6.574732511698565e-08	9.641055389266689e-10	2.000521721565017e-08	-1.375471523394171e-09	-2.77699715956228e-08	-3.803259770021414e-09	-8.217126460622513e-08	-1.132801628626941e-09	-2.021863781844006e-08	7.241620497500068e-10	1.850125884984313e-08	0.00113685489502187	-1.168214670835502e-09	0.04434999856445131	-3.097823510083745e-08	-0.4187120010981429	-1.816284450539625e-08	-4.231668025903403e-12	8.722868030123304e-10	2.161602630485367e-10	-2.983984773790105e-09	-1.660327123950654e-10	-3.483357105567738e-10	-6.109902274311085e-10	-1.221182902074805e-08	-1.0285076515066e-09	-1.876051493222206e-08	1.407110440132165e-09	2.983687646678279e-08	2.83925200064059e-10	2.299787808384213e-09	7.871322042513634e-10	1.501179956966524e-08	-1.676042691131341e-11	-5.197278421029071e-10	6.281271076914635e-11	1.204652398897285e-10	6.953911133499143e-10	7.929970160028094e-09	-7.721961411202855e-11	1.188820153738035e-09	-1.760113717322281e-10	-4.104177098322271e-09	-2.163681132539292e-10	-5.068421241553457e-09	1.047197551183278	-7.368932661358889e-10	-1.011821229210852e-10	-4.793921896461763e-09	1.627827294768209e-09	4.393140813280086e-08	6.108078421650299e-10	1.385829780263917e-08	6.004161491503985e-11	1.397116035724245e-09	2.973228537822919e-10	6.031982670891106e-09	1.047197551212882	8.564547368438856e-10	3.266995601901151e-10	6.854300924100692e-09
0.08	1.870170458745128e-09	6.380055611116559e-08	2.908770462517698e-09	4.234116722257561e-08	1.438491593006757e-09	3.462958800138554e-08	2.031732083425353e-10	5.181633352816827e-09	0.9689999996058402	-4.058625698729756e-09	-3.74993749553258e-10	-3.637557244218924e-09	-2.843478297936531e-09	-6.50933885349946e-08	-8.296405156127432e-10	-1.811751366271486e-08	-8.417960421601872e-10	-2.939124418909163e-08	0.1425767454751242	0.01083010322495963	-0.0004613345912042421	-0.000684499517940479	-0.07889216981544396	-0.002781935888819921	0.05303117519608264	0.0001224076066194723	0.008005667175559342	-0.00136431303275573	0.004739754958666183	-8.81055320890487e-05	0.001291648855620364	0.03102802389291951	-0.00441807326791642	0.001636593744726746	0.00979428369583376	0.001951031711988006	0.001809380782970556	0.0003642960149222664	0.0002824212648386373	0.0001354108930685842	-0.0003588618765440567	-8.94202664697068e-05	-4.179181889992273e-09	-1.114173949119841e-07	1.215839894042538e-09	2.43583496232876e-08	-2.309439132034424e-09	-8.30466811824213e-08	-5.296702304548447e-09	-1.387503207803448e-07	-1.423965296361581e-09	-2.771309524466811e-08	9.483267447640883e-10	2.179899695930452e-08	0.001136855064084626	1.405572602453191e-08	0.04434999799853057	-5.255248368467012e-08	-0.4187120010540484	8.495465966317486e-10	-3.78036305791024e-12	1.755823150962978e-10	-7.528575471464207e-11	-2.501877951848293e-08	-9.681008176539402e-11	5.775608205238251e-09	-6.915825996651375e-10	-8.714147458488457e-09	-1.453213476466287e-09	-3.873123929059997e-08	1.823780600308482e-09	3.980127052981291e-08	1.92989599992561e-10	-7.296701452460014e-09	1.030478614692819e-09	2.286432452865686e-08	-4.621193962229577e-11	-2.562634831827354e-09	2.879531575206187e-11	-2.846248365590741e-09	6.582071032224692e-10	-1.881322418117385e-09	-7.884335686667692e-11	5.072421927319968e-11	-2.29128159301731e-10	-5.121242221218167e-09	-4.049189833164128e-10	-1.668077540577321e-08	1.047197551155508	-2.455293007172873e-09	-2.674823476706776e-10	-1.476333684149449e-08	2.444269243927356e-09	7.56964660604901e-08	8.892366808639492e-10	2.563735802101451e-08	7.54126373500724e-11	1.515024850664238e-09	3.455582140465704e-10	5.014121596750491e-09	1.047197551257503	3.893483028630629e-09	4.64239813995751e-10	1.266586155750299e-08
0.09	2.432532769062302e-09	6.650575932276872e-08	3.167338463761664e-09	3.738840650099334e-08	1.762247096954572e-09	3.563729916413327e-08	2.366263584953998e-10	4.912150771377655e-09	0.968999999518327	-5.156258777412684e-09	-3.250431453337655e-10	-7.182490470541197e-10	-3.394897983422227e-09	-6.519429165080062e-08	-1.183669336121671e-09	-2.432380685064706e-08	-1.328495311730862e-09	-3.715426078308362e-08	0.142690806504432	0.01102184676390257	-0.0004743487151406788	-0.0009038542777599445	-0.07890052817585812	-0.002094564874859759	0.05303274314695101	0.0001356383199764878	0.007987135031358094	-0.00153217980568888	0.004738695264866926	-8.909201052866951e-05	0.001711425021376984	0.0349065317829047	-0.004396632573923013	0.001812571268106259	0.009831631895115002	0.002567807901246297	0.001814515014953057	0.0004285966895723315	0.000284275007828206	0.0001547873297071578	-0.0003600098135190414	-9.674439646303927e-05	-4.600851783430945e-09	-9.59792076680894e-08	1.338811912318548e-09	2.120315716910851e-08	-2.804928075572683e-09	-7.987663993915572e-08	-6.672682990316934e-09	-1.457224161376517e-07	-1.459189133331266e-09	-2.122467733353765e-08	1.206280663231597e-09	2.345833181272739e-08	0.00113685519031514	1.558557942720174e-08	0.0443499973716197	-5.847265269541356e-08	-0.4187120006737961	1.477459298179377e-08	8.960016948514253e-11	2.910525075057214e-09	-2.31658577570753e-10	-2.49797334503692e-08	-7.276067743129837e-11	5.529384622147921e-09	-6.227179211425259e-10	-3.45085476434018e-09	-1.435002463183964e-09	-2.88136142998788e-08	1.916847036571733e-09	3.168896737211891e-08	1.389130907491363e-10	-7.957040942079222e-09	1.220730577708812e-09	2.269751841292536e-08	-1.084292521932168e-10	-3.955457152067084e-09	-3.932737495861706e-12	-3.361983732658699e-09	5.366809193211698e-10	-6.319021005214911e-09	5.226668434953178e-11	3.930360317380112e-09	-2.851369271662937e-10	-5.400850536889868e-09	-5.584404561485534e-10	-1.777498500416418e-08	1.04719755112429	-2.883351203564058e-09	-4.068155860880065e-10	-1.579851812400781e-08	3.493351312998875e-09	8.881745735118147e-08	1.114023006381217e-09	2.618886208703684e-08	1.082411943592499e-10	2.075390639382875e-09	3.67194784432065e-10	4.003384711457333e-09	1.047197551301533	4.443888586829538e-09	6.711652249564731e-10	1.589345834497721e-08
0.1	2.960689363593271e-09	6.087289510337257e-08	3.387497023516469e-09	3.106328906256903e-08	2.075138377183274e-09	3.38482210592387e-08	2.648606965213855e-10	4.05273709683993e-09	0.9689999994188396	-7.12815453662526e-09	-2.560626660136451e-10	2.415516738879525e-09	-3.91283541936418e-09	-5.968056505937751e-08	-1.574600310122105e-09	-3.040070977720219e-08	-1.853550930248261e-09	-4.34706349881689e-08	0.1428061474130981	0.01123261231670371	-0.0004886870245319385	-0.001121915985884669	-0.07890469396581073	-0.001404148685321884	0.05303438156671963	0.0001472428641832071	0.007967533585966562	-0.001708268165029447	0.004737579355973839	-9.834929352789412e-05	0.00215475353646133	0.03878504102746761	-0.004374087726887208	0.001994398894773691	0.009872867174766037	0.00320791717244794	0.001819931786830748	0.0004751242602898967	0.0002862306298088716	0.0001715643655475002	-0.0003612178690566387	-0.0001066444872436814	-4.843284091907987e-09	-6.646305973826987e-08	1.432119999667751e-09	1.631821643959354e-08	-3.199401449234782e-09	-6.324178886042053e-08	-8.021603122094065e-09	-1.412661893995858e-07	-1.435450220419571e-09	-1.151492111537226e-08	1.472018854765225e-09	2.474021560235177e-08	0.001136855306678074	1.396062475845955e-08	0.04434999673065807	-6.078647573127461e-08	-0.4187120002161007	2.752763017555956e-08	2.043894948128171e-10	6.436041766996361e-09	-3.569135904979423e-10	-1.985537357675334e-08	-5.911816301128987e-11	3.815618484947636e-09	-5.194217175406253e-10	2.219194811869728e-09	-1.314753425286791e-09	-1.201038943292478e-08	1.935362491939432e-09	1.941220191201046e-08	9.332808260132105e-11	-6.558693582181941e-09	1.39875078057133e-09	2.068323974490826e-08	-1.781950641752326e-10	-5.198514663703233e-09	-3.636375555383685e-11	-3.313069133348663e-09	3.957242056667789e-10	-9.518765040606811e-09	2.139555881120323e-10	8.965968418453697e-09	-3.418119418994655e-10	-5.510565479018578e-09	-7.038919479182896e-10	-1.644605192328728e-08	1.047197551092277	-3.014143884341246e-09	-5.399362406124281e-10	-1.477545398512476e-08	4.596028405407597e-09	9.764327725489698e-08	1.326451309787253e-09	2.41537910849593e-08	1.450915725971292e-10	2.737688510342127e-09	3.827035950621412e-10	2.994289078187606e-09	1.047197551345426	4.421432492929677e-09	8.940754072385955e-10	1.85257682890765e-08
0.11	3.488845958124238e-09	5.524003088397641e-08	3.607655583271274e-09	2.473817162414474e-08	2.388029657411975e-09	3.205914295434413e-08	2.930950345473712e-10	3.193323422302206e-09	0.9689999993193521	-9.100050295837832e-09	-1.870821866935248e-10	5.549282524813164e-09	-4.430772855306133e-09	-5.416683846795442e-08	-1.965531284122539e-09	-3.647761270375731e-08	-2.37860654876566e-09	-4.978700919325416e-08	0.1429214883217642	0.01144337786950485	-0.0005030253339231982	-0.001339977694009394	-0.07890885975576335	-0.0007137324957840112	0.05303601998648826	0.0001588474083899263	0.007947932140575032	-0.001884356524370013	0.004736463447080753	-0.0001076065765271187	0.002598082051545676	0.04266355027203051	-0.004351542879851403	0.002176226521441122	0.009914102454417073	0.003848026443649583	0.00182534855870844	0.0005216518310074619	0.000288186251789537	0.0001883414013878427	-0.000362425924594236	-0.0001165445780243235	-5.085716400385028e-09	-3.694691180845039e-08	1.525428087016952e-09	1.143327571007859e-08	-3.59387482289688e-09	-4.660693778168537e-08	-9.370523253871191e-09	-1.3680996266152e-07	-1.411711307507876e-09	-1.805164897206893e-09	1.737757046298852e-09	2.602209939197616e-08	0.001136855423041009	1.233567008971736e-08	0.04434999608969645	-6.310029876713566e-08	-0.4187119997584052	4.028066736932533e-08	3.191788201404915e-10	9.961558458935505e-09	-4.821686034251314e-10	-1.473101370313749e-08	-4.547564859128139e-11	2.101852347747355e-09	-4.16125513938725e-10	7.889244388079626e-09	-1.194504387389617e-09	4.792835434029216e-09	1.953877947307131e-09	7.135436451902034e-09	4.774307445350587e-11	-5.160346222284662e-09	1.576770983433848e-09	1.866896107689117e-08	-2.479608761572483e-10	-6.44157217533938e-09	-6.879477361181195e-11	-3.264154534038629e-09	2.547674920123881e-10	-1.271850907599871e-08	3.756444918745327e-10	1.400157651952728e-08	-3.984869566326374e-10	-5.620280421147288e-09	-8.493434396880256e-10	-1.511711884241039e-08	1.047197551060265	-3.144936565118433e-09	-6.730568951368495e-10	-1.375238984624171e-08	5.698705497816317e-09	1.064690971586125e-07	1.538879613193289e-09	2.211872008288176e-08	1.819419508350085e-10	3.399986381301379e-09	3.982124056922173e-10	1.985193444917881e-09	1.047197551389319	4.398976399029817e-09	1.116985589520717e-09	2.115807823317578e-08
0.12	4.334215797242317e-09	5.741703734598022e-08	3.275304105686847e-09	1.400134981783091e-08	2.480782582170027e-09	2.809588242504367e-08	1.629223962215575e-10	5.256408144350351e-10	0.9689999992857796	-8.992610109227221e-09	-1.568168053353478e-10	6.336461045727951e-09	-4.787063762714447e-09	-4.944895880820872e-08	-2.833597717554857e-09	-4.601424783507067e-08	-3.137061381072918e-09	-5.589116440010047e-08	0.1430517765636506	0.01175091135177155	-0.0005259560776134113	-0.001558469611928016	-0.0788790368044775	7.644910926311258e-05	0.053038085086192	0.0001700312381288903	0.007921352837769916	-0.002061362756977938	0.004734754300766976	-0.0001201961718345336	0.00319371023801069	0.046542054190398	-0.004320394708647955	0.002379281340453399	0.009989651269637072	0.004621267416012404	0.001832370144944844	0.0005649560310731211	0.0002907333648335558	0.0002041421485790589	-0.0003639468466670062	-0.0001253438799579075	-6.954784021482498e-09	-4.783860124929656e-08	1.730873657061039e-09	1.095743356787181e-08	-3.790749636189765e-09	-3.658104549651011e-08	-1.061258713584038e-08	-1.33341995954956e-07	-9.588036756071419e-10	8.599253935817579e-09	2.745193428505747e-09	3.733261867793478e-08	0.001136855316657675	8.405218484048457e-09	0.0443499958000571	-5.900001169304573e-08	-0.4187119994087676	4.420209818280101e-08	6.805569629432754e-10	1.505585868086513e-08	-9.682457926312101e-10	-1.775945427712695e-08	-1.096417572937614e-10	2.355883442818823e-10	7.754821683066445e-11	1.599229232906823e-08	-1.298133522368531e-09	8.777409865112198e-09	2.062258178658646e-09	3.155090727102376e-09	8.074931424727849e-10	7.123391825030147e-09	1.732231123579728e-09	1.747477236373804e-08	-3.38577653790664e-10	-7.279037591055274e-09	-7.587398641866085e-11	-2.875357899026931e-09	2.381823450679013e-10	-1.229158343597036e-08	1.638259506165761e-09	3.213851719142869e-08	-3.852682496401132e-10	-4.653649007001712e-09	-7.827730463965809e-10	-1.146963816066058e-08	1.047197551006454	-3.517436867840393e-09	-7.333726960433038e-10	-1.22559851837543e-08	6.660165989307708e-09	1.082192734782987e-07	2.30327416461704e-09	2.924944848834865e-08	8.487207621797152e-11	1.742440186549333e-09	3.517541361568522e-10	6.520095260312543e-10	1.047197551375979	3.559105291094168e-09	1.359060516150437e-09	2.256901491873709e-08
0.13	5.419275362016569e-09	6.549526575560957e-08	2.525470125300564e-09	-6.900306784241217e-11	2.407196607372225e-09	2.248978636562329e-08	-8.694425032010941e-11	-3.508389169962619e-09	0.9689999993020133	-7.314001407726554e-09	-1.558049667204085e-10	5.350533092123545e-09	-5.021212821575636e-09	-4.533242961529603e-08	-4.062192815296008e-09	-5.816509368158197e-08	-4.071875159534759e-09	-6.183496465854879e-08	0.1431933591706368	0.01213156371813814	-0.0005553793567036376	-0.001777286600975393	-0.07882353159621824	0.0009420145309743605	0.0530404725898254	0.0001808971715092485	0.007889500991155015	-0.002239062544459102	0.004732596897903256	-0.0001353036980183545	0.003904417687632805	0.05042055408423517	-0.004282745773543057	0.002598375653390999	0.01009112775990584	0.005495104127903687	0.001840604346101757	0.0006058246177448655	0.0002937274148612044	0.0002192052016088131	-0.0003657041740452364	-0.0001333114140468035	-1.005295470961023e-08	-8.926288546354445e-08	2.021051510266555e-09	1.381315354930367e-08	-3.838316860555839e-09	-3.154895327212121e-08	-1.177390929079104e-08	-1.306207691146166e-07	-1.816115623046655e-10	1.952856728198226e-08	4.313064908791708e-09	5.622088237349678e-08	0.001136855041964876	2.732708695933878e-09	0.04434999577588063	-5.005315431075901e-08	-0.4187119991407795	4.145027260955048e-08	1.228260257734658e-09	2.133554854315097e-08	-1.726964083426607e-09	-2.694823820361296e-08	-2.326008951277617e-10	-1.745904680518532e-09	8.66195388923109e-10	2.5933739897206e-08	-1.570927402996452e-09	3.076074711128626e-09	2.23854119739141e-09	5.443608627064019e-09	2.175763020940199e-09	2.763224768204885e-08	1.870644638669408e-09	1.690025240543336e-08	-4.449496444296258e-10	-7.810033274317284e-09	-6.379710360459522e-11	-2.229742756960676e-09	3.155736862203336e-10	-9.124307339647187e-09	3.732746082893865e-09	6.017496509771256e-08	-3.19237097797353e-10	-2.873718756036728e-09	-5.559966455357889e-10	-6.070238074986242e-09	1.047197550936171	-4.07257403891997e-09	-7.386763696571462e-10	-1.040191935112138e-08	7.514921704407971e-09	1.046230177103074e-07	3.484740325806137e-09	4.330595311187178e-08	-1.133893760344245e-10	-1.668005034847078e-09	2.584728770458102e-10	-9.2605897316035e-10	1.047197551319392	2.101586642254305e-09	1.61561652890544e-09	2.305706888657388e-08
0.14	6.504334926790822e-09	7.357349416523892e-08	1.775636144914281e-09	-1.413935595351574e-08	2.333610632574423e-09	1.688369030620291e-08	-3.368108968617763e-10	-7.54241915436027e-09	0.9689999993182471	-5.635392706225887e-09	-1.547931281054691e-10	4.36460513851914e-09	-5.255361880436825e-09	-4.121590042238333e-08	-5.290787913037161e-09	-7.031593952809328e-08	-5.0066889379966e-09	-6.777876491699713e-08	0.1433349417776229	0.01251221608450473	-0.0005848026357938639	-0.001996103590022771	-0.07876802638795899	0.001807579952685608	0.05304286009345879	0.0001917631048896066	0.007857649144540114	-0.002416762331940268	0.004730439495039537	-0.0001504112242021755	0.00461512513725492	0.05429905397807235	-0.004245096838438159	0.002817469966328599	0.0101926042501746	0.00636894083979497	0.00184883854725867	0.00064669320441661	0.0002967214648888531	0.0002342682546385672	-0.0003674615014234666	-0.0001412789481356994	-1.315112539773795e-08	-1.306871696777923e-07	2.311229363472071e-09	1.666887353073552e-08	-3.885884084921912e-09	-2.651686104773232e-08	-1.29352314457417e-08	-1.278995422742771e-07	5.955805509978113e-10	3.045788062814694e-08	5.880936389077672e-09	7.510914606905878e-08	0.001136854767272076	-2.939801092180701e-09	0.04434999575170417	-4.11062969284723e-08	-0.4187119988727915	3.869844703629996e-08	1.775963552526041e-09	2.761523840543681e-08	-2.485682374222004e-09	-3.613702213009896e-08	-3.55560032961762e-10	-3.727397705318947e-09	1.654842561015553e-09	3.587518746534378e-08	-1.843721283624374e-09	-2.625260442854949e-09	2.414824216124174e-09	7.732126527025663e-09	3.544032899407613e-09	4.814110353906755e-08	2.009058153759088e-09	1.632573244712867e-08	-5.513216350685877e-10	-8.341028957579294e-09	-5.172022079052959e-11	-1.584127614894421e-09	3.929650273727659e-10	-5.957031243324013e-09	5.827232659621969e-09	8.821141300399642e-08	-2.532059459545929e-10	-1.093788505071744e-09	-3.29220244674997e-10	-6.708379893119078e-10	1.047197550865888	-4.627711209999549e-09	-7.439800432709886e-10	-8.547853518488467e-09	8.36967741950823e-09	1.01026761942316e-07	4.666206486995234e-09	5.736245773539489e-08	-3.116508282868204e-10	-5.078450256243488e-09	1.651916179347683e-10	-2.504127472351956e-09	1.047197551262806	6.440679934144396e-10	1.872172541660443e-09	2.354512285441068e-08
0.15	7.589394491565072e-09	8.165172257486826e-08	1.025802164528001e-09	-2.820970883918902e-08	2.260024657776621e-09	1.127759424678254e-08	-5.866775434034427e-10	-1.157644913875791e-08	0.9689999993344808	-3.956784004725226e-09	-1.537812894905298e-10	3.378677184914737e-09	-5.489510939298014e-09	-3.709937122947064e-08	-6.519383010778309e-09	-8.246678537460456e-08	-5.941502716458438e-09	-7.372256517544545e-08	0.1434765243846091	0.01289286845087131	-0.0006142259148840901	-0.002214920579070147	-0.07871252117969975	0.002673145374396853	0.05304524759709218	0.0002026290382699647	0.007825797297925211	-0.002594462119421432	0.004728282092175819	-0.0001655187503859964	0.005325832586877034	0.05817755387190952	-0.00420744790333326	0.003036564279266199	0.01029408074044336	0.007242777551686249	0.001857072748415583	0.0006875617910883544	0.0002997155149165017	0.0002493313076683214	-0.0003692188288016967	-0.0001492464822245953	-1.624929608586567e-08	-1.721114538920401e-07	2.601407216677587e-09	1.952459351216736e-08	-3.933451309287986e-09	-2.148476882334344e-08	-1.409655360069235e-08	-1.251783154339377e-07	1.372772664300286e-09	4.138719397431158e-08	7.44880786936363e-09	9.399740976462074e-08	0.001136854492579277	-8.612310880295264e-09	0.04434999572752771	-3.215943954618561e-08	-0.4187119986048035	3.594662146304945e-08	2.323666847317422e-09	3.389492826772264e-08	-3.244400665017399e-09	-4.532580605658494e-08	-4.78519170795762e-10	-5.708890730119357e-09	2.443489733107996e-09	4.581663503348153e-08	-2.116515164252295e-09	-8.326595596838505e-09	2.591107234856939e-09	1.00206444269873e-08	4.912302777875023e-09	6.864995939608619e-08	2.147471668848768e-09	1.575121248882399e-08	-6.576936257075493e-10	-8.872024640841301e-09	-3.964333797646398e-11	-9.385124728281685e-10	4.703563685251981e-10	-2.789755147000846e-09	7.921719236350066e-09	1.162478609102802e-07	-1.871747941118329e-10	6.86141745893236e-10	-1.024438438142057e-10	4.72856209636241e-09	1.047197550795606	-5.182848381079125e-09	-7.492837168848309e-10	-6.693787685855558e-09	9.22443313460849e-09	9.743050617432464e-08	5.847672648184328e-09	7.141896235891796e-08	-5.099122805392157e-10	-8.488895477639889e-09	7.191035882372669e-11	-4.082195971543557e-09	1.047197551206219	-8.134506554254207e-10	2.128728554415446e-09	2.403317682224747e-08
0.16	8.674454056339324e-09	8.972995098449761e-08	2.759681841417179e-10	-4.228006172486235e-08	2.186438682978819e-09	5.671498187362159e-09	-8.365441899451097e-10	-1.561047912315557e-08	0.9689999993507145	-2.278175303224559e-09	-1.527694508755905e-10	2.392749231310331e-09	-5.723659998159203e-09	-3.298284203655795e-08	-7.747978108519461e-09	-9.461763122111588e-08	-6.876316494920279e-09	-7.966636543389377e-08	0.1436181069915952	0.0132735208172379	-0.0006436491939743163	-0.002433737568117524	-0.07865701597144049	0.003538710796108102	0.05304763510072558	0.0002134949716503229	0.00779394545131031	-0.002772161906902598	0.0047261246893121	-0.0001806262765698173	0.006036540036499149	0.0620560537657467	-0.004169798968228362	0.003255658592203798	0.01039555723071213	0.008116614263577532	0.001865306949572496	0.0007284303777600988	0.0003027095649441503	0.0002643943606980755	-0.000370976156179927	-0.0001572140163134912	-1.93474667739934e-08	-2.135357381062881e-07	2.891585069883103e-09	2.238031349359922e-08	-3.981018533654059e-09	-1.645267659895454e-08	-1.525787575564301e-08	-1.224570885935983e-07	2.149964777602762e-09	5.231650732047627e-08	9.016679349649593e-09	1.128856734601827e-07	0.001136854217886477	-1.428482066840985e-08	0.04434999570335124	-2.321258216389889e-08	-0.4187119983368154	3.319479588979892e-08	2.871370142108805e-09	4.017461813000848e-08	-4.003118955812797e-09	-5.451458998307095e-08	-6.014783086297624e-10	-7.690383754919773e-09	3.23213690520044e-09	5.575808260161931e-08	-2.389309044880217e-09	-1.402793075082208e-08	2.767390253589703e-09	1.230916232694894e-08	6.280572656342438e-09	8.915881525310491e-08	2.285885183938447e-09	1.51766925305193e-08	-7.640656163465111e-10	-9.403020324103312e-09	-2.756645516239835e-11	-2.928973307619134e-10	5.477477096776304e-10	3.775209493223286e-10	1.001620581307817e-08	1.442843088165641e-07	-1.211436422690727e-10	2.466071996858221e-09	1.243325570465864e-10	1.012796218203674e-08	1.047197550725323	-5.737985552158703e-09	-7.545873904986733e-10	-4.839721853222642e-09	1.007918884970875e-08	9.383425040633326e-08	7.029138809373426e-09	8.547546698244109e-08	-7.081737327916117e-10	-1.18993406990363e-08	-2.137090028731524e-11	-5.660264470735163e-09	1.047197551149633	-2.270969304265285e-09	2.385284567170449e-09	2.452123079008426e-08
0.17	9.759513621113577e-09	9.780817939412696e-08	-4.738657962445645e-10	-5.635041461053568e-08	2.112852708181018e-09	6.540212794177981e-11	-1.086410836486777e-09	-1.964450910755322e-08	0.9689999993669481	-5.995666017238928e-10	-1.517576122606511e-10	1.406821277705925e-09	-5.957809057020393e-09	-2.886631284364525e-08	-8.976573206260614e-09	-1.067684770676272e-07	-7.81113027338212e-09	-8.561016569234211e-08	0.1437596895985814	0.01365417318360449	-0.0006730724730645425	-0.002652554557164902	-0.07860151076318125	0.00440427621781935	0.05305002260435897	0.000224360905030681	0.007762093604695409	-0.002949861694383763	0.00472396728644838	-0.0001957338027536382	0.006747247486121264	0.06593455365958388	-0.004132150033123463	0.003474752905141398	0.01049703372098089	0.008990450975468814	0.001873541150729409	0.0007692989644318433	0.000305703614971799	0.0002794574137278297	-0.0003727334835581571	-0.0001651815504023872	-2.244563746212113e-08	-2.54960022320536e-07	3.181762923088619e-09	2.523603347503107e-08	-4.028585758020133e-09	-1.142058437456565e-08	-1.641919791059367e-08	-1.197358617532589e-07	2.927156890905238e-09	6.324582066664094e-08	1.058455082993555e-08	1.317739371557448e-07	0.001136853943193677	-1.995733045652443e-08	0.04434999567917478	-1.426572478161218e-08	-0.4187119980688274	3.04429703165484e-08	3.419073436900188e-09	4.645430799229432e-08	-4.761837246608193e-09	-6.370337390955695e-08	-7.244374464637627e-10	-9.671876779720189e-09	4.020784077292885e-09	6.569953016975708e-08	-2.662102925508138e-09	-1.972926590480565e-08	2.943673272322467e-09	1.459768022691059e-08	7.648842534809852e-09	1.096676711101236e-07	2.424298699028128e-09	1.460217257221461e-08	-8.704376069854731e-10	-9.934016007365322e-09	-1.548957234833271e-11	3.527178113043416e-10	6.251390508300627e-10	3.544797045645502e-09	1.211069238980628e-08	1.72320756722848e-07	-5.511249042631258e-11	4.246002247823205e-09	3.511089579073784e-10	1.552736226771108e-08	1.04719755065504	-6.293122723238281e-09	-7.598910641125157e-10	-2.985656020589727e-09	1.093394456480901e-08	9.023799463834189e-08	8.210604970562524e-09	9.95319716059642e-08	-9.064351850440076e-10	-1.530978592043271e-08	-1.146521593983572e-10	-7.238332969926767e-09	1.047197551093047	-3.72848795310515e-09	2.641840579925452e-09	2.500928475792106e-08
0.18	1.084457318588783e-08	1.058864078037563e-07	-1.223699776630845e-09	-7.042076749620895e-08	2.039266733383216e-09	-5.540693931478586e-09	-1.336277483028443e-09	-2.367853909195086e-08	0.9689999993831818	1.079042099776769e-09	-1.507457736457118e-10	4.208933241015223e-10	-6.191958115881581e-09	-2.474978365073257e-08	-1.020516830400176e-08	-1.189193229141385e-07	-8.745944051843958e-09	-9.155396595079043e-08	0.1439012722055676	0.01403482554997107	-0.0007024957521547687	-0.002871371546212278	-0.078546005554922	0.005269841639530595	0.05305241010799237	0.0002352268384110392	0.007730241758080508	-0.003127561481864928	0.004721809883584661	-0.0002108413289374591	0.007457954935743377	0.06981305355342105	-0.004094501098018565	0.003693847218078998	0.01059851021124965	0.009864287687360095	0.001881775351886322	0.0008101675511035876	0.0003086976649994476	0.0002945204667575839	-0.0003744908109363873	-0.0001731490844912831	-2.554380815024885e-08	-2.963843065347838e-07	3.471940776294135e-09	2.809175345646291e-08	-4.076152982386207e-09	-6.388492150176766e-09	-1.758052006554433e-08	-1.170146349129195e-07	3.704349004207713e-09	7.41751340128056e-08	1.215242231022151e-08	1.506622008513067e-07	0.001136853668500878	-2.562984024463899e-08	0.04434999565499832	-5.318867399325486e-09	-0.4187119978008394	2.769114474329788e-08	3.966776731691569e-09	5.273399785458015e-08	-5.520555537403589e-09	-7.289215783604292e-08	-8.473965842977627e-10	-1.16533698045206e-08	4.809431249385327e-09	7.564097773789483e-08	-2.934896806136059e-09	-2.543060105878921e-08	3.11995629105523e-09	1.688619812687222e-08	9.017112413277261e-09	1.301765269671422e-07	2.562712214117807e-09	1.402765261390993e-08	-9.768095976244346e-10	-1.046501169062733e-08	-3.412689534267112e-12	9.983329533705946e-10	7.025303919824948e-10	6.712073141968669e-09	1.420517896653437e-08	2.003572046291318e-07	1.091866141644739e-11	6.025932498788185e-09	5.778853587681697e-10	2.092676235338539e-08	1.047197550584757	-6.848259894317857e-09	-7.651947377263581e-10	-1.131590187956817e-09	1.178870027990927e-08	8.664173887035053e-08	9.392071131751617e-09	1.135884762294873e-07	-1.104696637296403e-09	-1.872023114182911e-08	-2.079334185093988e-10	-8.816401469118368e-09	1.04719755103646	-5.18600660194501e-09	2.898396592680454e-09	2.549733872575786e-08
0.19	1.379147892140786e-08	1.355132079754466e-07	-2.385676817258584e-09	-8.096179274677727e-08	2.240477224968787e-09	-3.372501647112442e-09	-1.691941645855433e-09	-2.652132428017736e-08	0.9689999994855855	2.873318620396346e-09	-3.503354696826585e-10	-2.808667777368973e-09	-8.264251267831792e-09	-5.007834397826313e-08	-1.231712498026821e-08	-1.356732260160783e-07	-9.345707615327365e-09	-8.862126331849358e-08	0.144068696716705	0.01453311379869547	-0.0007404544148775198	-0.003066139026285023	-0.07844613884008649	0.006194012426502696	0.05305494342677728	0.0002408655039755425	0.007690339121253649	-0.003301966445501521	0.004718984081046995	-0.000225435844733396	0.008349337375365071	0.07369154951715448	-0.004046747813316496	0.003911463466497732	0.0107463499398605	0.01082017700780565	0.001892042703095675	0.0008529122380837134	0.0003123130128559377	0.0003084173191890005	-0.0003765817150999394	-0.0001805714792470349	-3.250526607979054e-08	-3.658564839172091e-07	4.135460009846066e-09	3.443333724704063e-08	-4.278100931981211e-09	-6.996112001496976e-09	-2.108839486797731e-08	-1.501704399717889e-07	4.711151318831405e-09	8.10498519545279e-08	1.429599492908671e-08	1.65138055734626e-07	0.001136853357390429	-2.799754093413805e-08	0.04434999612487957	4.748972076892542e-09	-0.4187119976441111	2.518490982738217e-08	4.551038334972021e-09	5.530063077545689e-08	-6.364293092089859e-09	-7.710508706429818e-08	-6.765320593709933e-10	-8.033816446545227e-09	6.285458188112154e-09	8.883559377259845e-08	-4.748485972166977e-09	-4.962959438719664e-08	3.756163487386022e-09	2.429979182094515e-08	1.097470698994343e-08	1.453755138678763e-07	3.547023278688887e-09	2.611162837850705e-08	-9.380129900683293e-10	-8.531437091056377e-09	2.67736666422334e-11	1.470377601472376e-09	1.193058725228411e-09	1.373194647655364e-08	1.705868640534371e-08	2.204587334594142e-07	1.976740835114381e-10	8.354296780547156e-09	7.726763687382694e-10	2.221367184045673e-08	1.047197550503828	-7.182712201144695e-09	-5.266167086273691e-10	3.007290381607972e-09	1.180828031169082e-08	7.336082206393792e-08	1.163978533848897e-08	1.336132157614889e-07	-1.370814411005434e-09	-2.081044391735874e-08	-4.338147110562988e-10	-1.125157293393292e-08	1.047197550898589	-6.837727391851474e-09	3.152258880314958e-09	2.561652709558426e-08
0.2	1.763186006606082e-08	1.754808833890619e-07	-3.745435874014452e-09	-8.980914023691249e-08	2.573558914662967e-09	2.526469026909707e-09	-2.098376640684304e-09	-2.879244680993075e-08	0.9689999996293409	4.723102601102911e-09	-6.461911951381345e-10	-7.11491882037793e-09	-1.121864551461099e-08	-8.953721422054678e-08	-1.485299522156837e-08	-1.546360755547201e-07	-9.784685001836746e-09	-8.14288440798557e-08	0.1442485224166448	0.01508785395508539	-0.0007825090955758708	-0.003249365464348939	-0.07832498362362245	0.007146307154929559	0.05305754672032928	0.0002439956726922383	0.00764657301643921	-0.003474790266652335	0.004715837522325749	-0.0002397841736136756	0.009327423358569693	0.07757004359488298	-0.003994145584575868	0.004128370411257834	0.0109164387747602	0.01181544229236165	0.001903285736186526	0.0008965572408455314	0.000316226513342081	0.0003217545273420109	-0.000378832698361016	-0.0001877322688302605	-4.132066457803012e-08	-4.487884751218023e-07	4.97814084535658e-09	4.244774108150564e-08	-4.554134154464744e-09	-1.031015525847255e-08	-2.572234932172835e-08	-2.005431592195363e-07	5.828140539221001e-09	8.597882306454409e-08	1.671583892762465e-08	1.774964538534043e-07	0.00113685302880363	-2.877930734620483e-08	0.0443499968318526	1.535475606793845e-08	-0.418711997540775	2.279653062720133e-08	5.152843788086962e-09	5.608541666622665e-08	-7.248830269635763e-09	-7.893016928234259e-08	-3.646654358696882e-10	-1.726394838735536e-09	8.091349606447066e-09	1.035913624268437e-07	-7.301482463919176e-09	-8.270536978550761e-08	4.613082227563064e-09	3.417284176007761e-08	1.32151107127725e-08	1.580263647234836e-07	4.937269415116473e-09	4.427024920387039e-08	-8.295518878275532e-10	-5.41514773427805e-09	6.565052011970181e-11	1.859128059890272e-09	1.881846049382701e-09	2.260063038838494e-08	2.027643794011766e-08	2.367523993312724e-07	4.423634898693081e-10	1.094584731675904e-08	9.521180116868765e-10	2.152705135610707e-08	1.047197550417789	-7.411260753689469e-09	-1.710030685659e-10	8.242623393887452e-09	1.14270705537057e-08	5.543236422025947e-08	1.439917791248466e-08	1.565020324715306e-07	-1.669495537975512e-09	-2.226709456339787e-08	-7.23329009909885e-10	-1.409805680194794e-08	1.04719755072171	-8.582643226638829e-09	3.404828484809497e-09	2.555870173233443e-08
0.21	2.147224121071378e-08	2.154485588026771e-07	-5.105194930770316e-09	-9.865648772704769e-08	2.906640604357145e-09	8.425439700931833e-09	-2.504811635513174e-09	-3.106356933968414e-08	0.9689999997730965	6.572886581809472e-09	-9.420469205936096e-10	-1.142116986338687e-08	-1.417303976139019e-08	-1.289960844628303e-07	-1.738886546286852e-08	-1.73598925093362e-07	-1.022366238834613e-08	-7.423642484121782e-08	0.1444283481165847	0.01564259411147531	-0.0008245637762742216	-0.003432591902412855	-0.07820382840715841	0.008098601883356418	0.05306015001388128	0.0002471258414089341	0.007602806911624773	-0.003647614087803149	0.004712690963604503	-0.0002541325024939551	0.01030550934177431	0.08144853767261148	-0.003941543355835239	0.004345277356017937	0.0110865276096599	0.01281070757691764	0.001914528769277377	0.0009402022436073494	0.0003201400138282244	0.0003350917354950213	-0.0003810836816220926	-0.000194893058413486	-5.013606307626968e-08	-5.317204663263953e-07	5.820821680867093e-09	5.046214491597062e-08	-4.830167376948275e-09	-1.362419851544812e-08	-3.035630377547939e-08	-2.509158784672835e-07	6.945129759610594e-09	9.090779417456027e-08	1.91356829261626e-08	1.898548519721826e-07	0.001136852700216831	-2.956107375827161e-08	0.04434999753882563	2.596054005898433e-08	-0.4187119974374388	2.040815142702049e-08	5.754649241201901e-09	5.68702025569964e-08	-8.133367447181665e-09	-8.0755251500387e-08	-5.279881236838388e-11	4.581026769074127e-09	9.89724102478197e-09	1.183471310810889e-07	-9.854478955671368e-09	-1.157811451838185e-07	5.470000967740102e-09	4.404589169921005e-08	1.545551443560156e-08	1.706772155790909e-07	6.327515551544055e-09	6.242887002923366e-08	-7.210907855867774e-10	-2.298858377499734e-09	1.045273735971701e-10	2.247878518308167e-09	2.570633373536989e-09	3.146931430021622e-08	2.34941894748916e-08	2.530460652031304e-07	6.870528962271772e-10	1.353739785297092e-08	1.131559654635483e-09	2.084043087175742e-08	1.04719755033175	-7.639809306234243e-09	1.846105714955679e-10	1.347795640616692e-08	1.104586079572059e-08	3.750390637658106e-08	1.715857048648036e-08	1.793908491815722e-07	-1.968176664945589e-09	-2.3723745209437e-08	-1.01284330876347e-09	-1.694454066996295e-08	1.047197550544832	-1.032755906142618e-08	3.657398089304036e-09	2.55008763690846e-08
0.22	2.531262235536674e-08	2.554162342162924e-07	-6.464953987526184e-09	-1.075038352171829e-07	3.239722294051325e-09	1.432441037495398e-08	-2.911246630342046e-09	-3.333469186943753e-08	0.9689999999168519	8.422670562516039e-09	-1.237902646049086e-09	-1.572742090639584e-08	-1.712743400816939e-08	-1.68454954705114e-07	-1.992473570416868e-08	-1.925617746320039e-07	-1.066263977485551e-08	-6.704400560257993e-08	0.1446081738165245	0.01619733426786524	-0.0008666184569725726	-0.003615818340476771	-0.07808267319069435	0.009050896611783281	0.05306275330743328	0.00025025601012563	0.007559040806810335	-0.003820437908953964	0.004709544404883257	-0.0002684808313742348	0.01128359532497893	0.08532703175034	-0.003888941127094611	0.00456218430077804	0.0112566164445596	0.01380597286147364	0.001925771802368228	0.0009838472463691674	0.0003240535143143678	0.0003484289436480316	-0.0003833346648831692	-0.0002020538479967116	-5.895146157450927e-08	-6.146524575309885e-07	6.663502516377608e-09	5.847654875043563e-08	-5.106200599431808e-09	-1.693824177242369e-08	-3.499025822923043e-08	-3.012885977150309e-07	8.06211898000019e-09	9.583676528457646e-08	2.155552692470055e-08	2.02213250090961e-07	0.001136852371630032	-3.034284017033838e-08	0.04434999824579865	3.656632405003023e-08	-0.4187119973341026	1.801977222683964e-08	6.356454694316843e-09	5.765498844776615e-08	-9.017904624727568e-09	-8.258033371843141e-08	2.590678111329214e-10	1.088844837688382e-08	1.170313244311688e-08	1.331028997353341e-07	-1.240747544742357e-08	-1.488569205821294e-07	6.326919707917144e-09	5.391894163834252e-08	1.769591815843064e-08	1.833280664346982e-07	7.717761687971641e-09	8.0587490854597e-08	-6.126296833460013e-10	8.17430979278593e-10	1.434042270746385e-10	2.636628976726064e-09	3.259420697691279e-09	4.033799821204753e-08	2.671194100966554e-08	2.693397310749885e-07	9.317423025850472e-10	1.612894838918281e-08	1.31100129758409e-09	2.015381038740776e-08	1.047197550245712	-7.868357858779016e-09	5.40224211557037e-10	1.87132894184464e-08	1.066465103773547e-08	1.95754485329026e-08	1.991796306047606e-08	2.022796658916139e-07	-2.266857791915668e-09	-2.518039585547613e-08	-1.302357607617057e-09	-1.979102453797796e-08	1.047197550367953	-1.207247489621354e-08	3.909967693798575e-09	2.544305100583476e-08
0.23	2.915300350001971e-08	2.953839096299077e-07	-7.824713044282052e-09	-1.163511827073181e-07	3.572803983745505e-09	2.022338104897613e-08	-3.317681625170917e-09	-3.560581439919092e-08	0.9690000000606074	1.02724545432226e-08	-1.533758371504562e-09	-2.00336719494048e-08	-2.00818282549486e-08	-2.079138249473977e-07	-2.246060594546884e-08	-2.115246241706458e-07	-1.110161716136489e-08	-5.985158636394205e-08	0.1447879995164644	0.01675207442425516	-0.0009086731376709236	-0.003799044778540686	-0.07796151797423032	0.01000319134021014	0.05306535660098528	0.0002533861788423257	0.007515274701995898	-0.003993261730104778	0.00470639784616201	-0.0002828291602545144	0.01226168130818356	0.08920552582806851	-0.003836338898353983	0.004779091245538143	0.01142670527945931	0.01480123814602964	0.001937014835459079	0.001027492249130985	0.0003279670148005112	0.000361766151801042	-0.0003855856481442459	-0.0002092146375799372	-6.776686007274885e-08	-6.975844487355817e-07	7.506183351888123e-09	6.649095258490064e-08	-5.38223382191534e-09	-2.025228502939927e-08	-3.962421268298147e-08	-3.516613169627783e-07	9.179108200389786e-09	1.007657363945927e-07	2.39753709232385e-08	2.145716482097393e-07	0.001136852043043233	-3.112460658240516e-08	0.04434999895277168	4.717210804107615e-08	-0.4187119972307665	1.563139302665879e-08	6.958260147431783e-09	5.843977433853591e-08	-9.902441802273473e-09	-8.440541593647582e-08	5.709344346342266e-10	1.71958699846935e-08	1.35090238614518e-08	1.478586683895794e-07	-1.496047193917577e-08	-1.819326959804404e-07	7.183838448094186e-09	6.379199157747498e-08	1.993632188125971e-08	1.959789172903055e-07	9.108007824399228e-09	9.874611167996034e-08	-5.041685811052252e-10	3.93372033605692e-09	1.82281080552107e-10	3.02537943514396e-09	3.94820802184557e-09	4.920668212387884e-08	2.99296925444395e-08	2.856333969468467e-07	1.176431708942917e-09	1.87204989253947e-08	1.490442940532697e-09	1.94671899030581e-08	1.047197550159673	-8.096906411323789e-09	8.958378516185061e-10	2.394862243072588e-08	1.028344127975036e-08	1.64699068922413e-09	2.267735563447176e-08	2.251684826016556e-07	-2.565538918885747e-09	-2.663704650151526e-08	-1.591871906470643e-09	-2.263750840599298e-08	1.047197550191074	-1.38173907310009e-08	4.162537298293115e-09	2.538522564258493e-08
0.24	3.299338464467266e-08	3.353515850435229e-07	-9.184472101037916e-09	-1.251985301974533e-07	3.905885673439683e-09	2.612235172299826e-08	-3.724116619999787e-09	-3.78769369289443e-08	0.9690000002043629	1.212223852392916e-08	-1.829614096960037e-09	-2.433992299241374e-08	-2.303622250172779e-08	-2.473726951896812e-07	-2.499647618676899e-08	-2.304874737092876e-07	-1.154059454787427e-08	-5.265916712530417e-08	0.1449678252164042	0.01730681458064509	-0.0009507278183692744	-0.003982271216604601	-0.07784036275776628	0.010955486068637	0.05306795989453728	0.0002565163475590216	0.00747150859718146	-0.004166085551255591	0.004703251287440764	-0.000297177489134794	0.01323976729138818	0.093084019905797	-0.003783736669613355	0.004995998190298246	0.01159679411435901	0.01579650343058564	0.00194825786854993	0.001071137251892803	0.0003318805152866545	0.0003751033599540524	-0.0003878366314053225	-0.0002163754271631627	-7.65822585709884e-08	-7.805164399401747e-07	8.348864187398635e-09	7.450535641936561e-08	-5.658267044398871e-09	-2.356632828637484e-08	-4.425816713673251e-08	-4.020340362105256e-07	1.029609742077938e-08	1.056947075046088e-07	2.639521492177644e-08	2.269300463285176e-07	0.001136851714456434	-3.190637299447194e-08	0.0443499996597447	5.777789203212203e-08	-0.4187119971274303	1.324301382647795e-08	7.560065600546722e-09	5.922456022930566e-08	-1.078697897981937e-08	-8.623049815452023e-08	8.828010581355308e-10	2.350329159250317e-08	1.53149152797867e-08	1.626144370438246e-07	-1.751346843092796e-08	-2.150084713787513e-07	8.040757188271225e-09	7.366504151660743e-08	2.217672560408877e-08	2.086297681459127e-07	1.049825396082681e-08	1.169047325053236e-07	-3.957074788644495e-10	7.050009692835237e-09	2.211579340295753e-10	3.414129893561856e-09	4.636995345999859e-09	5.807536603571013e-08	3.314744407921343e-08	3.019270628187048e-07	1.421121115300787e-09	2.131204946160658e-08	1.669884583481303e-09	1.878056941870844e-08	1.047197550073635	-8.325454963868563e-09	1.251451491679974e-09	2.918395544300534e-08	9.902231521765244e-09	-1.628146715445427e-08	2.543674820846745e-08	2.480572993116972e-07	-2.864220045855824e-09	-2.809369714755439e-08	-1.881386205324229e-09	-2.548399227400799e-08	1.047197550014195	-1.556230656578825e-08	4.415106902787654e-09	2.53274002793351e-08
0.25	3.683376578932563e-08	3.753192604571382e-07	-1.054423115779378e-08	-1.340458776875885e-07	4.238967363133863e-09	3.202132239702041e-08	-4.130551614828658e-09	-4.014805945869769e-08	0.9690000003481184	1.397202250463573e-08	-2.125469822415514e-09	-2.86461740354227e-08	-2.5990616748507e-08	-2.868315654319649e-07	-2.753234642806915e-08	-2.494503232479295e-07	-1.197957193438366e-08	-4.546674788666628e-08	0.145147650916344	0.01786155473703501	-0.0009927824990676255	-0.004165497654668517	-0.07771920754130222	0.01190778079706387	0.05307056318808927	0.0002596465162757174	0.007427742492367022	-0.004338909372406406	0.004700104728719518	-0.0003115258180150736	0.0142178532745928	0.09696251398352551	-0.003731134440872726	0.005212905135058349	0.01176688294925871	0.01679176871514164	0.001959500901640781	0.001114782254654622	0.0003357940157727979	0.0003884405681070628	-0.0003900876146663991	-0.0002235362167463883	-8.539765706922798e-08	-8.634484311447679e-07	9.19154502290915e-09	8.251976025383063e-08	-5.934300266882404e-09	-2.688037154335041e-08	-4.889212159048355e-08	-4.52406755458273e-07	1.141308664116898e-08	1.10623678614625e-07	2.881505892031439e-08	2.392884444472959e-07	0.001136851385869635	-3.268813940653871e-08	0.04435000036671773	6.838367602316793e-08	-0.4187119970240942	1.085463462629711e-08	8.161871053661664e-09	6.000934612007542e-08	-1.167151615736528e-08	-8.805558037256464e-08	1.194667681636836e-09	2.981071320031286e-08	1.712080669812161e-08	1.773702056980698e-07	-2.006646492268016e-08	-2.480842467770623e-07	8.897675928448267e-09	8.35380914557399e-08	2.441712932691784e-08	2.2128061900152e-07	1.18885000972544e-08	1.350633533306869e-07	-2.872463766236734e-10	1.016629904961356e-08	2.600347875070437e-10	3.802880351979752e-09	5.325782670154148e-09	6.694404994754144e-08	3.636519561398738e-08	3.182207286905629e-07	1.665810521658656e-09	2.390359999781847e-08	1.84932622642991e-09	1.809394893435878e-08	1.047197549987596	-8.554003516413337e-09	1.607065131741443e-09	3.441928845528482e-08	9.521021763780128e-09	-3.420992499813273e-08	2.819614078246316e-08	2.709461160217389e-07	-3.162901172825903e-09	-2.955034779359352e-08	-2.170900504177815e-09	-2.8330476142023e-08	1.047197549837317	-1.73072224005756e-08	4.667676507282193e-09	2.526957491608527e-08
0.26	4.114217230287507e-08	4.101836481757777e-07	-1.181778919845116e-08	-1.417207771868613e-07	4.099691916482699e-09	3.100689941849365e-08	-4.473137033243757e-09	-4.166211544047774e-08	0.969000000244279	1.26873203095262e-08	-2.488998663455747e-09	-3.256185564468049e-08	-2.919207781739392e-08	-3.191788248539428e-07	-3.053296412476495e-08	-2.665318216519356e-07	-1.240144051477331e-08	-3.993182938385451e-08	0.1453511400711643	0.01849575505748045	-0.00103754921616731	-0.00430729389841971	-0.07756744436328891	0.01286386304913362	0.05307322677569837	0.0002620880768156084	0.007378425392962401	-0.00451234734681819	0.004696803385083817	-0.0003218491475553059	0.015319865283507	0.1008410195652346	-0.003671687312247332	0.005428402613653667	0.01196792990689022	0.01777226955431904	0.001972098350747226	0.001157722982937183	0.0003400424843705093	0.000400389335839405	-0.0003925945496642726	-0.0002311155929666623	-9.087912351669216e-08	-8.869390789606471e-07	9.98283558095582e-09	8.536291798927543e-08	-3.075839891365572e-09	1.084113556725892e-08	-5.417996088909591e-08	-4.984376664655748e-07	1.185585301629214e-08	1.078834409704375e-07	3.122914162267144e-08	2.472900139466302e-07	0.001136850945713477	-3.341610983923224e-08	0.04435000160596716	8.306230177878716e-08	-0.418711996953358	8.675478267111625e-09	8.995827898213326e-09	6.157570748333135e-08	-1.35801015076458e-08	-9.39055973702993e-08	1.891522965283724e-09	4.011402329352345e-08	1.866416407288006e-08	1.932680137500503e-07	-2.43021070395257e-08	-2.893950260509587e-07	9.807632870807424e-09	9.218955897805406e-08	2.706799712880072e-08	2.351413951150453e-07	1.222197686098073e-08	1.427314660508233e-07	-2.108457102658415e-10	1.235618392127749e-08	1.764473684954422e-10	3.039753181017163e-09	5.535356537927363e-09	7.012645018756889e-08	4.127059389115596e-08	3.488719553830357e-07	1.90181739882558e-09	2.566976591837882e-08	1.750609829370556e-09	1.702860971920722e-08	1.047197549963521	-8.517900983263845e-09	2.549100236838698e-09	4.443084778449485e-08	1.028825925657846e-08	-3.624774226531667e-08	3.114620746275792e-08	2.893626164255867e-07	-3.563406082142635e-09	-3.134877276389212e-08	-3.531293095226916e-09	-4.001471210282503e-08	1.047197549711244	-1.857197280134254e-08	5.627813114568958e-09	3.241963606414212e-08
0.27	4.566791507979594e-08	4.426782295714176e-07	-1.305131819798661e-08	-1.48851228709025e-07	3.741068669877528e-09	2.678211383248011e-08	-4.78607271624316e-09	-4.282461352477042e-08	0.9690000000254645	9.947061304221994e-09	-2.883952771264254e-09	-3.629616909109981e-08	-3.250826894898353e-08	-3.48223675849042e-07	-3.374939592488254e-08	-2.827396797516665e-07	-1.281536430361976e-08	-3.516660209951052e-08	0.1455656177902889	0.01916685417933793	-0.001083575317686652	-0.004429851262783003	-0.07740146781045741	0.01382170410807726	0.05307591836197152	0.0002642098693727796	0.007326530586231637	-0.004686070514691156	0.004693430164201345	-0.0003303033939757476	0.01647942464167214	0.1047195304890305	-0.003609061627366292	0.005643245580485391	0.0121833528431816	0.01874591424935856	0.001985324748059138	0.001200336668298823	0.0003444465016255263	0.0004116933555025276	-0.0003952203405998274	-0.0002388893476579319	-9.481241676158388e-08	-8.828270361524288e-07	1.075026211021289e-08	8.580471165596294e-08	1.238180740974905e-09	6.761826182797435e-08	-5.977144374701451e-08	-5.42452378262397e-07	1.198553150428789e-08	1.015818639535921e-07	3.364054896025696e-08	2.532684092438224e-07	0.001136850453748016	-3.41190991108213e-08	0.04435000309238901	9.963222717165136e-08	-0.4187119968977603	6.593478415875894e-09	9.937588548508017e-09	6.350500791788888e-08	-1.596422262621e-08	-1.01624667508025e-07	2.767154876004662e-09	5.227289834107282e-08	2.008560889368184e-08	2.096961489847473e-07	-2.931911687068611e-08	-3.345298821593834e-07	1.074221908637324e-08	1.002737620409705e-07	2.990947154117582e-08	2.495640224699564e-07	1.206472316013898e-08	1.455281167007881e-07	-1.493329021309218e-10	1.41158756825979e-08	3.599139246090573e-11	1.741730261943925e-09	5.522398746331947e-09	7.066831910637021e-08	4.695968224424449e-08	3.861903818199096e-07	2.133792382474805e-09	2.705264917921306e-08	1.522725585737885e-09	1.5787405434999e-08	1.04719754996822	-8.358902808372561e-09	3.763451029164956e-09	5.666033641780499e-08	1.158879953754173e-08	-3.090644576006545e-08	3.41848172019096e-08	3.057023137772947e-07	-4.011194753939473e-09	-3.33059069826359e-08	-5.388967889375547e-09	-5.580292221566463e-08	1.047197549608763	-1.961374947426187e-08	6.916521587167942e-09	4.291681304240715e-08
0.28	5.029102922394026e-08	4.741110862546425e-07	-1.426691331754168e-08	-1.557377557103069e-07	3.284172843962931e-09	2.111901605905279e-08	-5.08572467369002e-09	-4.3829606034036e-08	0.9689999997551385	6.554681228639348e-09	-3.292986081241428e-09	-3.994922566067566e-08	-3.587586164096483e-08	-3.757889761301127e-07	-3.706251713150004e-08	-2.985561280168433e-07	-1.32257286532688e-08	-3.074621320117499e-08	0.1457850186249282	0.01985448476578701	-0.001130165650783826	-0.004543789191251025	-0.0772291233569478	0.01478033315070729	0.05307862249225438	0.0002661883989273173	0.007273480910622782	-0.004859921455430038	0.00469002474075092	-0.0003379202505561086	0.01766476646241268	0.1085980438061973	-0.0035450118802344	0.005857795311828955	0.01240521653020444	0.01971648724288712	0.001998832927829849	0.001242803831327481	0.0003489202080580264	0.0004227085140246664	-0.0003978993815773914	-0.0002467501881267247	-9.805209478049006e-08	-8.663483883266134e-07	1.150699703616981e-08	8.517064205460198e-08	6.204323987758463e-09	1.329327194164333e-07	-6.549896551560362e-08	-5.855637890146814e-07	1.197493981758847e-08	9.368472953420751e-08	3.605075767630742e-08	2.583403785486933e-07	0.001136849938570863	-3.481089627956548e-08	0.04435000468954946	1.170494958870289e-07	-0.4187119968489449	4.55500679074921e-09	1.092764764561622e-08	6.559691294057745e-08	-1.856139409911067e-08	-1.101811140542298e-07	3.722882599250229e-09	6.526310679692301e-08	2.145243424198362e-08	2.263618823176899e-07	-3.468619641164496e-08	-3.813780077607565e-07	1.168783975136158e-08	1.081038183032933e-07	3.283634185563166e-08	2.642383713861996e-07	1.168761155094834e-08	1.461422465197066e-07	-9.449017789137478e-11	1.568283158532538e-08	-1.299429324853629e-10	2.040624280846659e-10	5.409741937245827e-09	7.002717263254561e-08	5.299988077557964e-08	4.264958585750034e-07	2.363960990242582e-09	2.82638134823748e-08	1.236971340904996e-09	1.446740977950622e-08	1.04719754998581	-8.144844716297764e-09	5.099805164930372e-09	6.988350555981217e-08	1.31282710526312e-08	-2.225914598700412e-08	3.726309615486526e-08	3.211115582468937e-07	-4.480167578480709e-09	-3.533414639235146e-08	-7.469435913059698e-09	-7.342980189995429e-08	1.047197549516853	-2.055562907340879e-08	8.352437393050007e-09	5.491357062257901e-08
0.29	5.501151473530802e-08	5.044822182254525e-07	-1.546457455711637e-08	-1.623803581907067e-07	2.729004438738911e-09	1.401760609821169e-08	-5.372092905584339e-09	-4.467709296827448e-08	0.9689999994333013	2.510180082778272e-09	-3.716098593387268e-09	-4.352102535340801e-08	-3.929485589333784e-08	-4.018747256971546e-07	-4.047232774461741e-08	-3.139811664474659e-07	-1.36325335637204e-08	-2.667066268884794e-08	0.1460093425750824	0.02055864681682769	-0.001177320215458831	-0.004649107683823777	-0.07705041100276006	0.01573975017702368	0.05308133916654697	0.0002680236654792216	0.007219276366135834	-0.005033900169034836	0.00468658711473254	-0.000344699717296389	0.01887589074572861	0.112476559516735	-0.003479538070851653	0.006072051807684356	0.01263352096795876	0.02068398853490471	0.002012622890059359	0.001285124472023155	0.0003534636036680097	0.0004334348114058215	-0.0004006316725969646	-0.0002546981143730404	-1.005981575734107e-07	-8.375031354832009e-07	1.225304035882657e-08	8.346070918519254e-08	1.18225898489851e-08	2.067845083326356e-07	-7.136252619486321e-08	-6.277718987224281e-07	1.182407795619388e-08	8.419203771228378e-08	3.845976777082282e-08	2.625059218612428e-07	0.001136849400182017	-3.549150134546479e-08	0.04435000639744853	1.353141079249198e-07	-0.4187119968069118	2.560063391731578e-09	1.196600518953793e-08	6.785142255139707e-08	-2.13716159263478e-08	-1.195749370089139e-07	4.758706135020417e-09	7.908464866107392e-08	2.27646401177854e-08	2.432652137488782e-07	-4.040334566240224e-08	-4.299394028550776e-07	1.264449486577244e-08	1.156797277650223e-07	3.584860807216824e-08	2.791644418637749e-07	1.109064203340882e-08	1.445738555075788e-07	-4.63175375472006e-11	1.705705162945994e-08	-3.213556063433626e-10	-1.573250320560598e-09	5.197386110669004e-09	6.82030107660951e-08	5.939118948516138e-08	4.697883856483167e-07	2.592323222128912e-09	2.930325882786401e-08	8.933470948718904e-10	1.306862275272891e-08	1.047197550016291	-7.87572670703946e-09	6.558162644134939e-09	8.41003552105163e-08	1.490667380184685e-08	-1.030584294613273e-08	4.038104432162492e-08	3.355903498343836e-07	-4.970324555766345e-09	-3.743349099303877e-08	-9.772697166279341e-09	-9.289535115569386e-08	1.047197549435512	-2.139761159878328e-08	9.935560532215142e-09	6.840990880465758e-08
0.3	5.982937161389927e-08	5.337916254838481e-07	-1.664430191671068e-08	-1.687790361502247e-07	2.075563454205464e-09	5.477883949956745e-09	-5.645177411926119e-09	-4.536707432748588e-08	0.9689999990599526	-2.186442133361269e-09	-4.153290307701777e-09	-4.701156816929692e-08	-4.276525170610257e-08	-4.26480924550168e-07	-4.397882776423469e-08	-3.290147950435345e-07	-1.403577903497458e-08	-2.293995056252931e-08	0.1462385896407513	0.02127934033245999	-0.001225039011711667	-0.004745806740501259	-0.07686533074789419	0.01669995518702645	0.05308406838484927	0.0002697156690284925	0.007163916952770794	-0.005208006655505549	0.004683117286146207	-0.0003506417941965888	0.02011279749161995	0.1163550776206437	-0.003412640199218052	0.006286015068051597	0.01286826615644455	0.02164841812541134	0.002026694634747667	0.001327298590385848	0.000358076688455476	0.0004438722476459929	-0.0004034172136585471	-0.0002627331263968793	-1.024506051403458e-07	-7.962912776221909e-07	1.298839207818319e-08	8.067491304773464e-08	1.809297832465485e-08	2.891736285765821e-07	-7.736212578479337e-08	-6.690767073856377e-07	1.153294592010411e-08	7.310378848782081e-08	4.086757924380317e-08	2.65765039181471e-07	0.001136848838581478	-3.616091430851923e-08	0.04435000821608622	1.544260632853242e-07	-0.4187119967716612	6.086482188229763e-10	1.305266118027317e-08	7.026853675034777e-08	-2.439488810792141e-08	-1.298061363720771e-07	5.874625483315239e-09	9.373752393352571e-08	2.402222652108718e-08	2.604061432783122e-07	-4.647056462295801e-08	-4.802140674423474e-07	1.361218442960583e-08	1.230014904261576e-07	3.894627019078557e-08	2.943422339026824e-07	1.027381460752042e-08	1.408229436644047e-07	-4.814981098398672e-12	1.823853581500159e-08	-5.382466291130955e-10	-3.590207983991889e-09	4.885331266601474e-09	6.519583350701868e-08	6.613360837298975e-08	5.160679630398501e-07	2.818879078133795e-09	3.017098521568072e-08	4.918528476385637e-10	1.159104435466702e-08	1.047197550059664	-7.551548780597642e-09	8.138523466778676e-09	9.931088536991759e-08	1.692400778518871e-08	4.953463362548859e-09	4.353866170218859e-08	3.491386885397646e-07	-5.481665685796383e-09	-3.960394078469786e-08	-1.229875164903452e-08	-1.141995699828836e-07	1.047197549364742	-2.213969705038537e-08	1.166589100466337e-08	8.340582758864307e-08
0.31	6.474459985971396e-08	5.620393080298287e-07	-1.780609539632462e-08	-1.749337895888606e-07	1.323849890362591e-09	-4.500150385712009e-09	-5.904978192715357e-09	-4.589955011167019e-08	0.9689999986350925	-7.535185419779239e-09	-4.604561224184955e-09	-5.042085410834235e-08	-4.628704907925901e-08	-4.496075726891528e-07	-4.758201719035187e-08	-3.43657013805049e-07	-1.443546506703134e-08	-1.955407682221913e-08	0.1464727598219351	0.02201656531268389	-0.001273322039542335	-0.004833886361283473	-0.0766738825923502	0.01766094818071558	0.05308681014716129	0.00027126440957513	0.007107402670527662	-0.005382240914842179	0.004679615254991918	-0.0003557464812567079	0.02137548670008669	0.1202335981179234	-0.003344318265333599	0.006499685092930676	0.01310945209566181	0.022609776014407	0.002041048161894774	0.001369326186415557	0.0003627594624204256	0.0004540208227451806	-0.0004062560047621388	-0.0002708552241982413	-1.036094374812953e-07	-7.427128147435838e-07	1.371305219423966e-08	7.681325364222827e-08	2.50154894147677e-08	3.801000801482723e-07	-8.349776428539403e-08	-7.094782150043095e-07	1.110154370931918e-08	6.041998186081866e-08	4.327419209524847e-08	2.681177305093779e-07	0.001136848253769246	-3.68191351687288e-08	0.04435001014546252	1.74385361968242e-07	-0.4187119967431928	-1.29923872797658e-09	1.418761561782191e-08	7.28482555374295e-08	-2.763121064383149e-08	-1.408747121437195e-07	7.070640644134688e-09	1.092217326142783e-07	2.522519345188897e-08	2.777846709059918e-07	-5.288785329331224e-08	-5.322020015225652e-07	1.459090844286175e-08	1.300691062866992e-07	4.212932821148363e-08	3.09771747502922e-07	9.237129273283125e-09	1.348895109901843e-07	3.001749145503063e-11	1.922728414195033e-08	-7.806160007945597e-10	-5.846810562209197e-09	4.473577405043244e-09	6.100564085531636e-08	7.322713743906471e-08	5.653345907496034e-07	3.043628558257232e-09	3.086699264582491e-08	3.248859920501959e-11	1.003467458532058e-08	1.047197550115928	-7.17231093697231e-09	9.840887632861569e-09	1.155150960380159e-07	1.918027300265676e-08	2.351877293904057e-08	4.673594829655627e-08	3.617565743630366e-07	-6.014190968570822e-09	-4.184549576732872e-08	-1.504759936132521e-08	-1.373424583815233e-07	1.047197549304541	-2.278188542821504e-08	1.354342881039469e-08	9.990132697453533e-08
0.32	6.975719947275214e-08	5.892252658633947e-07	-1.894995499595819e-08	-1.808446185066146e-07	4.738637472102914e-10	-1.591649690879457e-08	-6.151495247952055e-09	-4.627452032082742e-08	0.968999998158721	-1.353604977647567e-08	-5.0699113428368e-09	-5.374888317054431e-08	-4.986024801280714e-08	-4.71254670114109e-07	-5.128189602296895e-08	-3.579078227320095e-07	-1.483159165989067e-08	-1.651304146791741e-08	0.1467118531186337	0.02277032175749939	-0.001322169298950835	-0.004913346546170415	-0.07647606653612807	0.0186227291580911	0.05308956445348302	0.0002726698871191339	0.007049733519406438	-0.005556602947044726	0.004676081021269676	-0.0003600137784767463	0.02266395837112882	0.124112121008574	-0.003274572269198291	0.006713061882321594	0.01335707878561056	0.02356806220189169	0.00205568347150068	0.001411207260112284	0.0003675119255628583	0.0004638805367033845	-0.0004091480459077398	-0.0002790644077771263	-1.040746545962593e-07	-6.767677468473793e-07	1.442702070699598e-08	7.187573096867343e-08	3.259012311932363e-08	4.795638630477063e-07	-8.976944169666522e-08	-7.489764215784438e-07	1.052987132383908e-08	4.61406178312773e-08	4.56796063251587e-08	2.695639958449635e-07	0.001136847645745321	-3.74661639260935e-08	0.04435001218557743	1.951920039736732e-07	-0.4187119967215068	-3.163597448667095e-09	1.537086850218417e-08	7.559057891264233e-08	-3.108058353407803e-08	-1.527806643238411e-07	8.346751617478765e-09	1.255372747033317e-07	2.637354091019077e-08	2.954007966319173e-07	-5.965521167346492e-08	-5.859032050957317e-07	1.558066690554019e-08	1.368825753466471e-07	4.539778213426244e-08	3.254529826644938e-07	7.98058603069695e-09	1.267735574849176e-07	5.817988011308739e-11	2.002329661030614e-08	-1.048463721387756e-09	-8.343058055212523e-09	3.962124525994308e-09	5.563243281098813e-08	8.067177668338631e-08	6.175882687775764e-07	3.266571662499221e-09	3.139128111829659e-08	-4.847456504287449e-10	8.399513444689579e-09	1.047197550185083	-6.738013176163469e-09	1.166525514238362e-08	1.327129872148113e-07	2.167546945425101e-08	4.539008578334242e-08	4.997290410472794e-08	3.734440073041996e-07	-6.567900404089662e-09	-4.415815594093136e-08	-1.801924030315142e-08	-1.623240163516131e-07	1.04719754925491	-2.33241767322723e-08	1.556817394940908e-08	1.178964069623344e-07
0.33	7.486717045301376e-08	6.153494989845459e-07	-2.007588071561137e-08	-1.865115229034867e-07	-4.743949752514337e-10	-2.877115561929095e-08	-6.384728577636214e-09	-4.649198495495754e-08	0.968999997630838	-2.018903520345054e-08	-5.549340663657312e-09	-5.69956553559028e-08	-5.348484850674699e-08	-4.914222168250366e-07	-5.507846426208592e-08	-3.717672218244159e-07	-1.522415881355258e-08	-1.381684449962414e-08	0.1469558695308471	0.02354060966690651	-0.001371580789937166	-0.004984187295162089	-0.07627188257922782	0.01958529811915299	0.05309233130381447	0.0002739321016605045	0.006990909499407122	-0.005731092752113189	0.004672514584979481	-0.000363443685856704	0.02397821250474636	0.1279906462925955	-0.003203402210812129	0.00692614543622435	0.01361114622629077	0.02452327668786542	0.002070600563565385	0.001452941811476028	0.0003723340778827741	0.0004734513895206047	-0.0004120933370953499	-0.0002873606771335344	-1.038462564852377e-07	-5.984560739335776e-07	1.513029761645215e-08	6.586234502707012e-08	4.081687943832267e-08	5.875649772748839e-07	-9.617715801860692e-08	-7.875713271080406e-07	9.817928763663806e-09	3.026569639919675e-08	4.808382193353388e-08	2.701038351882278e-07	0.001136847014509704	-3.810200058061333e-08	0.04435001433643095	2.168459893016178e-07	-0.4187119967066031	-4.984427943248567e-09	1.660241983335994e-08	7.849550687598617e-08	-3.474300677866105e-08	-1.655239929124419e-07	9.702958403347472e-09	1.426841502006859e-07	2.746726889599256e-08	3.132545204560883e-07	-6.677263976341606e-08	-6.413176781618462e-07	1.658145981764116e-08	1.434418976060013e-07	4.875163195912199e-08	3.413859393873977e-07	6.504184879761887e-09	1.164750831486046e-07	7.967218487577154e-11	2.062657322006904e-08	-1.341789790892685e-09	-1.107895046300187e-08	3.350972629454669e-09	4.907620937403399e-08	8.84675261059545e-08	6.728289971237693e-07	3.487708390859764e-09	3.174385063309577e-08	-1.059849901262727e-09	6.685560932774023e-09	1.04719755026713	-6.248655498171115e-09	1.361162599534484e-08	1.509045589003037e-07	2.440959713997145e-08	7.056740189545436e-08	5.324952912670362e-08	3.842009873632536e-07	-7.142793992352902e-09	-4.654192130550577e-08	-2.121367447451314e-08	-1.891442438931529e-07	1.04719754921585	-2.376657096255714e-08	1.774012642170657e-08	1.373910675520404e-07
0.34	8.007451280049885e-08	6.404120073932825e-07	-2.118387255528418e-08	-1.919345027794768e-07	-1.520926277022584e-09	-4.306412651720113e-08	-6.604678181767829e-09	-4.655194401406058e-08	0.9689999970514437	-2.749414170070386e-08	-6.042849186646492e-09	-6.016117066441782e-08	-5.716085056107855e-08	-5.101102128219357e-07	-5.897172190770279e-08	-3.852352110822681e-07	-1.561316652801706e-08	-1.146548591733932e-08	0.1472048090585753	0.02432742904090524	-0.001421556512501329	-0.005046408608258493	-0.07606133072164944	0.02054865506390124	0.05309511069815565	0.0002750510531992416	0.006930930610529713	-0.005905710330047567	0.004668915946121329	-0.0003660362033965812	0.02531824910093929	0.131869173969988	-0.003130808090175114	0.007138935754638945	0.01387165441770246	0.02547541947232818	0.002085799438088888	0.00149452984050679	0.0003772259193801731	0.0004827333811968412	-0.0004150918783249694	-0.0002957440322674656	-1.029242431482306e-07	-5.077777960021785e-07	1.582288292260818e-08	5.877309581741833e-08	4.969575837176481e-08	7.041034228298052e-07	-1.027209132512191e-07	-8.252629315930999e-07	8.965716028793361e-09	1.279521756457702e-08	5.0486838920374e-08	2.697372485391708e-07	0.001136846360062394	-3.872664513228829e-08	0.0443500165980231	2.393473179520758e-07	-0.4187119966984817	-6.761730211720995e-09	1.788226961134922e-08	8.156303942746109e-08	-3.861848037758054e-08	-1.791046979095219e-07	1.11392610017408e-08	1.606623591063409e-07	2.850637740929437e-08	3.313458423785051e-07	-7.424013756316567e-08	-6.984454207209091e-07	1.759328717916465e-08	1.497470730647618e-07	5.219087768606228e-08	3.575706176716337e-07	4.807925820477939e-09	1.039940879812454e-07	9.449440574308313e-11	2.103711397123901e-08	-1.660594209309346e-09	-1.405448778557723e-08	2.640121715424326e-09	4.133697054445394e-08	9.66143857067693e-08	7.31056775788182e-07	3.70703874333886e-09	3.192470119022241e-08	-1.692824153296928e-09	4.892817049573911e-09	1.047197550362068	-5.70423790299525e-09	1.568000019174521e-08	1.700898110944932e-07	2.738265605981808e-08	9.905072127537644e-08	5.656582336248331e-08	3.940275145401986e-07	-7.738871733360543e-09	-4.899679186105195e-08	-2.463090187541038e-08	-2.178031410061428e-07	1.047197549187359	-2.410906811906958e-08	2.005928622728713e-08	1.583853087436531e-07
0.35	8.537922651520741e-08	6.644127910896042e-07	-2.227393051497661e-08	-1.971135581345849e-07	-2.66573015810316e-09	-5.879540960252513e-08	-6.811344060346906e-09	-4.645439749813653e-08	0.9689999964205379	-3.545136926823561e-08	-6.550436911804341e-09	-6.324542909608937e-08	-6.088825417580182e-08	-5.273186581048061e-07	-6.296166895981956e-08	-3.983117905055663e-07	-1.599861480328411e-08	-9.458965721062958e-09	0.1474586717018183	0.02513077987949557	-0.001472096466643323	-0.005100010485459627	-0.07584441096339294	0.02151279999233587	0.05309790263650652	0.0002760267417353453	0.006869796852774212	-0.006080455680847863	0.004665285104695225	-0.0003677913310963776	0.02668406815970763	0.1357477040407514	-0.003056789907287246	0.007351432837565378	0.01413860335984562	0.02642449055527997	0.002101280095071191	0.001535971347204569	0.0003821874500550553	0.0004917265117320938	-0.0004181436695965981	-0.0003042144731789198	-1.01308614585238e-07	-4.047329130531822e-07	1.650477662546405e-08	5.060798333971808e-08	5.922675991965004e-08	8.291791997124705e-07	-1.094007073945019e-07	-8.620512350336216e-07	7.973233119227747e-09	-6.270818672581914e-09	5.288865728567906e-08	2.684642358977925e-07	0.001136845682403391	-3.934009758111837e-08	0.04435001897035385	2.626959899250472e-07	-0.4187119966971428	-8.495504254084382e-09	1.921041783615201e-08	8.479317656706706e-08	-4.27070043308365e-08	-1.93522779315081e-07	1.265565941265877e-08	1.794719014202967e-07	2.949086645009617e-08	3.496747623991675e-07	-8.205770507271372e-08	-7.572864327729203e-07	1.861614899011067e-08	1.557981017229286e-07	5.571551931508331e-08	3.740070175172018e-07	2.891808852845106e-09	8.933057198283976e-08	1.026465427150221e-10	2.125491886381608e-08	-2.004876976637739e-09	-1.72696700229386e-08	1.829571783903279e-09	3.241471632224798e-08	1.051123554858307e-07	7.922716047708145e-07	3.924562719936509e-09	3.193383278967656e-08	-2.383668406531349e-09	3.021281795089241e-09	1.047197550469898	-5.104760390635873e-09	1.787037773158474e-08	1.902687437973797e-07	3.059464621379091e-08	1.308400439231086e-07	5.992178681206699e-08	4.029235888350346e-07	-8.356133627112585e-09	-5.15227676075699e-08	-2.827092250584314e-08	-2.483007076905827e-07	1.047197549169439	-2.43516682018096e-08	2.252565336615078e-08	1.808791305371726e-07
0.36	9.078131159713938e-08	6.873518500735109e-07	-2.334605459468866e-08	-2.020486889688111e-07	-3.908806618493155e-09	-7.596500487526284e-08	-7.004726213373439e-09	-4.619934540718538e-08	0.9689999957381209	-4.406071790604578e-08	-7.072103839130854e-09	-6.624843065091741e-08	-6.466705935091677e-08	-5.430475526736478e-07	-6.704830541843621e-08	-4.109969600943103e-07	-1.638050363935374e-08	-7.797283910795056e-09	0.1477174574605761	0.02595066218267749	-0.001523200652363148	-0.005144992926765491	-0.0756211233044583	0.02247773290445687	0.05310070711886712	0.0002768591672688155	0.00680750822614062	-0.006255328804514073	0.004661622060701166	-0.0003687090689560934	0.02807566968105135	0.1396262365048857	-0.002981347662148523	0.007563636685003649	0.01441199305272025	0.02737048993672079	0.002117042534512291	0.001577266331569365	0.0003872186699074205	0.0005004307811263629	-0.000421248710910236	-0.000312771999867897	-9.899937079625982e-08	-2.893214250865892e-07	1.717597872501977e-08	4.13670075939694e-08	6.94098840819783e-08	9.627923079228785e-07	-1.162165404484551e-07	-8.979362374296055e-07	6.840480034966968e-09	-2.693241231227992e-08	5.528927702944905e-08	2.662847972640929e-07	0.001136844981532695	-3.994235792710359e-08	0.04435002145342322	2.868920052205319e-07	-0.4187119967025861	-1.018575007033872e-08	2.058686450776831e-08	8.818591829480407e-08	-4.700857863842889e-08	-2.087782371291193e-07	1.425215363610135e-08	1.991127771425533e-07	3.042073601839798e-08	3.682412805180755e-07	-9.02253422920602e-08	-8.178407143178795e-07	1.96500452504792e-08	1.615949835805016e-07	5.932555684618506e-08	3.90695138924102e-07	7.558339768634e-10	7.248453515338799e-08	1.041285957915885e-10	2.127998789780022e-08	-2.374638092877861e-09	-2.072449717508598e-08	9.193228348915327e-10	2.230944670741617e-08	1.139614354431387e-07	8.564734840716665e-07	4.14028032065271e-09	3.177124543145818e-08	-3.132382660965983e-09	1.070955169320026e-09	1.047197550590618	-4.450222961092988e-09	2.018275861486343e-08	2.114413570089631e-07	3.404556760188992e-08	1.659353698386508e-07	6.331741947545466e-08	4.108892102477616e-07	-8.994579673609023e-09	-5.411984854505961e-08	-3.213373636581138e-08	-2.806369439464724e-07	1.047197549162088	-2.44943712107772e-08	2.513922783829749e-08	2.048725329325988e-07
0.37	9.705171313572195e-08	7.207722455219622e-07	-2.433093943451523e-08	-2.027923583545214e-07	-4.908530775043827e-09	-8.63178549367125e-08	-7.228761159430119e-09	-4.59711712163903e-08	0.9689999951425861	-5.009505335536421e-08	-7.720978200594524e-09	-7.097999212797167e-08	-6.942425479449779e-08	-5.723977443953885e-07	-7.140293299678696e-08	-4.268774957933477e-07	-1.650646809191487e-08	-1.913611295309876e-09	0.1479848495763545	0.02677340823438508	-0.001574270685410611	-0.005183617201171143	-0.07538558621318812	0.02347305673420882	0.05310340907337239	0.0002762721086548589	0.006743319382745755	-0.006431620196747929	0.004657857116863224	-0.0003708934305809909	0.02950686879755612	0.1435047615830565	-0.002903397256188083	0.0077802753419287	0.01469191555725102	0.0282768475959947	0.002133185281413008	0.001618090343706687	0.0003922885112125689	0.0005085380856657904	-0.0004244453467662485	-0.0003213684977160335	-9.927111566755893e-08	-2.327481156704025e-07	1.812744667537187e-08	3.945237466272629e-08	7.892005807782023e-08	1.061542652221322e-06	-1.241926743802373e-07	-9.46873903898352e-07	5.796268156663978e-09	-4.442849343526525e-08	5.786839222331784e-08	2.673153701186422e-07	0.001136844308628952	-4.059310086683939e-08	0.04435002411860207	3.096865368660825e-07	-0.4187119969405177	-1.593191039396305e-08	2.190728275643538e-08	9.110691746644649e-08	-5.129595761050734e-08	-2.25580077036004e-07	1.599428832346113e-08	2.174859048122524e-07	3.155613919392663e-08	3.818324004339646e-07	-9.911803253724643e-08	-8.827000197965661e-07	2.10488698533709e-08	1.723226828600947e-07	6.305188008448897e-08	4.060621272725189e-07	-8.439584714138515e-10	6.300081046026362e-08	2.099477071322471e-10	2.296008585544913e-08	-2.730023418311425e-09	-2.368894243762396e-08	2.884159168378165e-10	1.683390601180884e-08	1.227100178302533e-07	9.083313321743281e-07	4.409800808209952e-09	3.248801888211896e-08	-3.939523500741282e-09	-3.53140207623447e-09	1.047197550711236	-3.542699914881012e-09	2.251919523626202e-08	2.300976959727509e-07	3.681501193721097e-08	1.856451039358951e-07	6.719158860041959e-08	4.25436844466746e-07	-9.641497607401751e-09	-5.647694326729483e-08	-3.591010380899171e-08	-3.082619115002102e-07	1.047197549118732	-2.478499515755371e-08	2.760889251696085e-08	2.233272444018733e-07
0.38	1.058314860349411e-07	7.892448546754299e-07	-2.508105974075572e-08	-1.909417307038112e-07	-4.93771051316311e-09	-7.228201774766653e-08	-7.576973379408006e-09	-4.616235865813761e-08	0.9689999949285221	-4.668500894688488e-08	-8.737867859682874e-09	-8.129253930200643e-08	-7.713305414547647e-08	-6.475133130316382e-07	-7.639018922926876e-08	-4.535883074484165e-07	-1.583931720517118e-08	1.791313024458252e-08	0.1482686882982436	0.02756992455859267	-0.001624032828626327	-0.005220696708002245	-0.07512528009966379	0.02456178510031545	0.05310576355488801	0.0002715489664923561	0.006675643754602291	-0.006612076842164733	0.004653841913644476	-0.0003788230771524191	0.03100707278010259	0.1473832584587036	-0.002820631047395467	0.008011413054807367	0.01497856683685208	0.02906571958213897	0.00214991805879768	0.001657752750654789	0.0003973308423579198	0.0005153925873179454	-0.0004278151983218733	-0.000329901548624424	-1.090942610220528e-07	-3.865814439128592e-07	1.997852050922122e-08	6.274925131749155e-08	8.493669557086674e-08	1.033047597186251e-06	-1.355093813612697e-07	-1.038571285317661e-06	5.327651677228113e-09	-4.862451777066863e-08	6.100850460640545e-08	2.803183164079458e-07	0.001136843772632431	-4.141935159944154e-08	0.04435002711781243	3.262926699672893e-07	-0.4187119978913814	-3.446017168576501e-08	2.294959954013037e-08	9.220588531806366e-08	-5.508541982663214e-08	-2.454375080199304e-07	1.802158362094947e-08	2.30123121946166e-07	3.345084497155312e-08	3.793515949596545e-07	-1.095339755998551e-07	-9.573812289365987e-07	2.356593106513067e-08	1.990180568959113e-07	6.696024191807078e-08	4.167599609945056e-07	-2.982402556352491e-10	8.119679166295532e-08	6.563967301665649e-10	3.022841563139394e-08	-2.986198335887499e-09	-2.46090506925758e-08	7.436882220394447e-10	2.836126151983888e-08	1.303967979830433e-07	9.152109876437629e-07	4.85149558745834e-09	3.632151041785824e-08	-4.806275686154277e-09	-1.626325772208624e-08	1.047197550804088	-1.960881168804518e-09	2.467119363136312e-08	2.387663745356888e-07	3.694377284616421e-08	1.501818032438127e-07	7.247847907124745e-08	4.625577324091339e-07	-1.026982775090737e-08	-5.793185405776269e-08	-3.894176882588911e-08	-3.172332317412946e-07	1.047197548940229	-2.575105227197092e-08	2.931496748580669e-08	2.212614067489891e-07
0.39	1.151964328563031e-07	8.639594171746631e-07	-2.57693943647345e-08	-1.763494408523939e-07	-4.849005424429712e-09	-5.446124384631713e-08	-7.939701967916344e-09	-4.631270607148719e-08	0.968999994750513	-4.188517061618357e-08	-9.840416709378161e-09	-9.266896077731848e-08	-8.547979159022829e-08	-7.30704138776047e-07	-8.158252314975541e-08	-4.821771814969986e-07	-1.500892719996978e-08	4.028461785514361e-08	0.1485597806448389	0.02837432432964285	-0.001673980585837285	-0.00525058755890967	-0.07485488464510368	0.02567003220928873	0.05310805777062373	0.0002658750538359473	0.006606341651228083	-0.00679347779992484	0.004649750408077212	-0.0003872466131490574	0.0325418005183	0.1512617515400121	-0.002735754831192085	0.008245249123233576	0.01527171711718823	0.02982838080050922	0.002166994958680385	0.001697063345049312	0.0004024232050998288	0.0005217632803797313	-0.0004312625617579986	-0.0003384912415938022	-1.202957417524579e-07	-5.731017978350247e-07	2.200300118131646e-08	9.028661946181386e-08	9.076703813493338e-08	9.856291922553041e-07	-1.476102118070333e-07	-1.138195768186653e-06	4.863541580607906e-09	-5.140361249415146e-08	6.426111677326463e-08	2.950194433724146e-07	0.001136843245806645	-4.227216839104785e-08	0.04435003027292012	3.423232389002223e-07	-0.4187119989918391	-5.553875827820206e-08	2.397420369629009e-08	9.30660852581323e-08	-5.894414650413723e-08	-2.665809268491683e-07	2.017044700810522e-08	2.422635139546106e-07	3.545553876779832e-08	3.73809951742418e-07	-1.205372527664786e-07	-1.035415596655422e-06	2.631794714242604e-08	2.287399831454255e-07	7.097354465903374e-08	4.267143189381114e-07	5.05991874388151e-10	1.03249584759611e-07	1.166413573797407e-09	3.84731516757747e-08	-3.242634564942535e-09	-2.530689166489852e-08	1.339093365985413e-09	4.238351795548375e-08	1.381489410974083e-07	9.153772091350083e-07	5.326569817682765e-09	4.06483360620635e-08	-5.731250042032799e-09	-3.070207864817129e-08	1.04719755090161	-1.987683439714684e-10	2.688322066797167e-08	2.462078686957374e-07	3.672909210681899e-08	1.06197713012161e-07	7.808272463477024e-08	5.035015539385479e-07	-1.091129857473705e-08	-5.926103217765839e-08	-4.200056088075055e-08	-3.238988581377505e-07	1.047197548742825	-2.67740149965711e-08	3.098405031618987e-08	2.162418016182486e-07
0.4	1.251465535998078e-07	9.449159330196625e-07	-2.639594330645158e-08	-1.590154888002696e-07	-4.642415508843629e-09	-3.285553323266424e-08	-8.316946924955133e-09	-4.642221345643906e-08	0.9689999946085588	-3.569553836326027e-08	-1.102862474968039e-08	-1.051092565539078e-07	-9.44644671287533e-08	-8.219702216286149e-07	-8.697993475824694e-08	-5.126441179390941e-07	-1.401529807631066e-08	6.520085153637334e-08	0.1488581266161404	0.02918660754753561	-0.001724113957043485	-0.005273289753893416	-0.07457439984950777	0.02679779806112864	0.05311029172057954	0.0002592503706856322	0.006535413072623132	-0.006975823070028252	0.004645582600161431	-0.0003961640385709057	0.03411105201214833	0.1551402408269819	-0.002648768607577934	0.008481783547207326	0.01557136639825949	0.03056483125110545	0.002184415981061122	0.001736022126890256	0.0004075655994382958	0.0005276501648511482	-0.0004347874370746245	-0.000347137576624168	-1.328755578587741e-07	-7.923091774368983e-07	2.420088869165761e-08	1.220644790956935e-07	9.641108577002015e-08	9.192874374284826e-07	-1.604951657175279e-07	-1.245747352505328e-06	4.403937866803359e-09	-5.276577760571372e-08	6.762622872389539e-08	3.114187510120487e-07	0.001136842728151594	-4.315155124165831e-08	0.04435003358392516	3.577782436648816e-07	-0.4187120002418908	-7.916767017127409e-08	2.498109522491453e-08	9.368751728665241e-08	-6.287213764302266e-08	-2.890103335237176e-07	2.244087848492838e-08	2.539070808375864e-07	3.757022058266224e-08	3.652074707822552e-07	-1.321278640371169e-07	-1.116803122953036e-06	2.930491808525698e-08	2.614884616086375e-07	7.509178830737787e-08	4.359252011033364e-07	1.568737918656342e-09	1.291591897502307e-07	1.739998238024777e-09	4.769429398859139e-08	-3.49933210547653e-09	-2.578246535459212e-08	2.074631348675728e-09	5.890067531874353e-08	1.459664471733484e-07	9.088299966480641e-07	5.835023498883227e-09	4.546849581473473e-08	-6.714446568376845e-09	-4.684786485448956e-08	1.047197551003801	1.743638559618145e-09	2.915527634608767e-08	2.524221784528969e-07	3.617096971917536e-08	5.36928332409399e-08	8.400432529098796e-08	5.48268309054988e-07	-1.15659100788908e-08	-6.046447762698194e-08	-4.508647997357601e-08	-3.282587906895782e-07	1.047197548526522	-2.785388333135426e-08	3.261614100811037e-08	2.082684290096519e-07
0.41	1.356818482654554e-07	1.032114402210427e-06	-2.696070656590697e-08	-1.389398745474383e-07	-4.317940766404864e-09	-7.464885906708113e-09	-8.708708250524376e-09	-4.649088081299321e-08	0.9689999945026595	-2.8116112188115e-08	-1.230249198058956e-08	-1.186134266317745e-07	-1.040870807610514e-07	-9.21311561589342e-07	-9.258242405474332e-08	-5.449891167747029e-07	-1.285842983419382e-08	9.266183128827158e-08	0.149163726212148	0.03000677421227096	-0.001774432942244927	-0.005288803292953484	-0.07428382571287609	0.0279450826558352	0.05311246540475544	0.000251674917041411	0.006462858018787436	-0.00715911265247497	0.004641338489897134	-0.0004055753534179641	0.03571482726164761	0.159018726319613	-0.002559672376553017	0.008721016326728616	0.01587751468006584	0.03127507093392767	0.002202181125939892	0.00177462909617762	0.0004127580253733208	0.000533053240732196	-0.0004383898242717511	-0.0003558405537155216	-1.468337093410014e-07	-1.044203582718481e-06	2.657218304024466e-08	1.580828302191303e-07	1.01868838476127e-07	8.340223327057863e-07	-1.741642430927538e-07	-1.361226038273685e-06	3.948840535814471e-09	-5.271101310535541e-08	7.110384045829775e-08	3.295162393268479e-07	0.001136842219667278	-4.405750015127291e-08	0.04435003705082752	3.726576842612671e-07	-0.4187120016415365	-1.053469073649811e-07	2.597027412600369e-08	9.407018140362401e-08	-6.686939324328836e-08	-3.127257280435783e-07	2.483287805141895e-08	2.650538225950932e-07	3.979489041614487e-08	3.53544152079166e-07	-1.443058094117702e-07	-1.201543807829441e-06	3.252684389362352e-08	2.97263492285547e-07	7.931497286310313e-08	4.443926074901806e-07	2.889997877169324e-09	1.589256066348145e-07	2.377150722848672e-09	5.789184256984402e-08	-3.756290957489487e-09	-2.60357717616566e-08	2.950302170110381e-09	7.791273360961815e-08	1.538493162108636e-07	8.955693501829304e-07	6.376856631059725e-09	5.078198967587193e-08	-7.755865265186415e-09	-6.470061634104106e-08	1.04719755111066	3.866339541964306e-09	3.148736066571113e-08	2.57409303807167e-07	3.526940568323328e-08	-7.332836069850351e-09	9.024328103990057e-08	5.968579977584541e-07	-1.22336622633686e-08	-6.154219040573337e-08	-4.819952610436551e-08	-3.303130293967774e-07	1.047197548291319	-2.899065727632039e-08	3.421123956156819e-08	1.97341288923199e-07
0.42	1.468023168532458e-07	1.125554824746958e-06	-2.746368414310064e-08	-1.161225980939003e-07	-3.875581197113418e-09	2.171069813155129e-08	-9.114985944624068e-09	-4.651870814114964e-08	0.968999994432815	-1.914689209074776e-08	-1.366201840210566e-08	-1.331814710109184e-07	-1.143476324871227e-07	-1.028728158658228e-06	-9.838999103924454e-08	-5.792121780038247e-07	-1.153832247361927e-08	1.226675571108384e-07	0.1494765794328618	0.03083482432384889	-0.001824937541441611	-0.005297128176089873	-0.07398316223520861	0.02911188599340839	0.05311457882315142	0.0002431486929032838	0.006388676489720998	-0.007343346547264993	0.004637018077284321	-0.0004154805576902326	0.03735312626679781	0.1628972080179054	-0.002468466138117333	0.00896294746179745	0.01619016196260729	0.03195909984897587	0.002220290393316694	0.001812884252911405	0.0004180004829049039	0.000537972508022875	-0.0004420697233493781	-0.0003646001728678627	-1.621701961991397e-07	-1.328785013679771e-06	2.91168842270776e-08	1.983416728321241e-07	1.07140296253254e-07	7.298338780872151e-07	-1.886174439327107e-07	-1.484631825491724e-06	3.498249587641244e-09	-5.123931899307656e-08	7.469395197647167e-08	3.493119083168124e-07	0.001136841720353697	-4.499001511989166e-08	0.04435004067362722	3.86961560689379e-07	-0.4187120031907761	-1.340764698593231e-07	2.694174039955757e-08	9.42140776090471e-08	-7.093591330493436e-08	-3.377271104087503e-07	2.734644570757692e-08	2.757037392271312e-07	4.212954826824621e-08	3.388199956331506e-07	-1.570710888904383e-07	-1.289637651284637e-06	3.598372456752561e-08	3.360650751761542e-07	8.364309832620956e-08	4.52116538098644e-07	4.469771749927094e-09	1.92548835413362e-07	3.077871028269089e-09	6.90657974195325e-08	-4.013511120981402e-09	-2.606681088609196e-08	3.966105830289373e-09	9.941969282810747e-08	1.617975482099538e-07	8.755952697396075e-07	6.952069214212257e-09	5.658881764547508e-08	-8.855506132461503e-09	-8.426033310782572e-08	1.047197551222189	6.169334603067013e-09	3.387947362684203e-08	2.611692447585481e-07	3.402439999899276e-08	-7.68792949202096e-08	9.679959188150809e-08	6.492706200489461e-07	-1.291455512817046e-08	-6.249417051391264e-08	-5.133969927311901e-08	-3.300615742593483e-07	1.047197548037216	-3.018433683146949e-08	3.576934597656334e-08	1.834603813588899e-07
0.43	1.585079593631789e-07	1.225237200629254e-06	-2.790487603803263e-08	-9.056365943965515e-08	-3.315336800969289e-09	5.467121888211422e-08	-9.535780007254211e-09	-4.650569544090835e-08	0.9689999943990254	-8.78787807115851e-09	-1.510720401422871e-08	-1.488133896913396e-07	-1.252461223069672e-07	-1.144220012835273e-06	-1.044026357117506e-07	-6.1531330162646e-07	-1.005497599458699e-08	1.552180290040738e-07	0.1497966862782817	0.0316707578822694	-0.001875627754633537	-0.005298264403302584	-0.07367240941650535	0.03029820807384823	0.05311663197576751	0.0002336716982712505	0.006312868485423815	-0.007528524754398319	0.004632621362322991	-0.0004258796513877111	0.03902594902759895	0.1667756859218592	-0.002375149892270882	0.009207576952413823	0.01650930824588383	0.03261691799625005	0.002238743783191528	0.00185078759709161	0.0004232929720330449	0.0005424079667231849	-0.0004458271343075057	-0.0003734164340811916	-1.788850184331893e-07	-1.64605347032077e-06	3.183499225215645e-08	2.428410069346751e-07	1.122254591014012e-07	6.067220735727685e-07	-2.038547682373989e-07	-1.615964714159447e-06	3.052165022283674e-09	-4.835069526887712e-08	7.839656327841718e-08	3.708057579819422e-07	0.001136841230210852	-4.594909614751455e-08	0.04435004445232426	4.00689872949217e-07	-0.4187120048896098	-1.653563576543002e-07	2.789549404557619e-08	9.411920590292166e-08	-7.50716978279607e-08	-3.640144806192338e-07	2.99815814534023e-08	2.858568307337004e-07	4.457419413896627e-08	3.210350014442086e-07	-1.704237024731213e-07	-1.381084653318624e-06	3.967556010696332e-08	3.77893210280459e-07	8.807616469669713e-08	4.590969929287266e-07	6.308059536929661e-09	2.300288760858737e-07	3.842159154286035e-09	8.121615853765696e-08	-4.270992595952278e-09	-2.58755827278982e-08	5.122042329212711e-09	1.234215529742118e-07	1.698111431706191e-07	8.489077553180949e-07	7.560661248340827e-09	6.288897972354422e-08	-1.001336917020212e-08	-1.055270151548437e-07	1.047197551338386	8.652623742926289e-09	3.63316152294804e-08	2.637020013070399e-07	3.243595266645379e-08	-1.549465433101385e-07	1.036732578158105e-07	7.055061759264643e-07	-1.360858867329639e-08	-6.332041795151975e-08	-5.450699947983656e-08	-3.275044252772908e-07	1.047197547764213	-3.143492199680156e-08	3.729046025309583e-08	1.666257063167245e-07
0.44	1.707987757952549e-07	1.331161529857316e-06	-2.828428225070292e-08	-6.226305858470305e-08	-2.637207577972475e-09	9.141667634498051e-08	-9.971090438414808e-09	-4.645184271226934e-08	0.9689999944012908	2.960929870652737e-09	-1.663804881695869e-08	-1.655091826730382e-07	-1.367825502205848e-07	-1.267787124120478e-06	-1.106203580722616e-07	-6.532924876426088e-07	-8.408390397096998e-09	1.903132469679779e-07	0.1501240467484079	0.03251457488753251	-0.001926503581820705	-0.005292211974591618	-0.0733515672567663	0.0315040488971547	0.05311862486260369	0.000223243933145311	0.006235434005895888	-0.007714647273874952	0.004628148345013143	-0.0004367726345103996	0.04073329554405103	0.1706541600314742	-0.002279723639013663	0.009454904798577742	0.01683495352989548	0.03324852537575023	0.002257541295564394	0.001888339128718236	0.000428635492757744	0.0005463596168331258	-0.000449662057146134	-0.0003822893373555082	-1.9697817604315e-07	-1.996008952641479e-06	3.472650711548119e-08	2.915808325267835e-07	1.171243270205685e-07	4.646869191624468e-07	-2.198762160068183e-07	-1.755224704276852e-06	2.610586839741763e-09	-4.404514193275713e-08	8.221167436413427e-08	3.939977883222372e-07	0.001136840749238741	-4.69347432341416e-08	0.04435004838691863	4.138426210407813e-07	-0.4187120067380374	-1.991865707499123e-07	2.883153506405954e-08	9.378556628524771e-08	-7.927674681236735e-08	-3.915878386750288e-07	3.273828528889511e-08	2.955130971148006e-07	4.712882802830504e-08	3.001891695123404e-07	-1.843636501598192e-07	-1.475884813931402e-06	4.36023505119366e-08	4.227478975984616e-07	9.261417197456586e-08	4.653339719804284e-07	8.404861238177023e-09	2.713657286523493e-07	4.670015100899507e-09	9.434292592421735e-08	-4.528735382402114e-09	-2.546208728707532e-08	6.418111666880392e-09	1.499183140479309e-07	1.778901010928595e-07	8.15506806918393e-07	8.202632733445438e-09	6.968247591007932e-08	-1.122945437840827e-08	-1.285006624820949e-07	1.047197551459254	1.131620696154212e-08	3.884378547362623e-08	2.650075734526424e-07	3.05040636856164e-08	-2.415345812396366e-07	1.108642788428079e-07	7.655646653910087e-07	-1.431576289874638e-08	-6.402093271855473e-08	-5.770142672451814e-08	-3.22641582450605e-07	1.04719754747231	-3.274241277231661e-08	3.877458239116565e-08	1.468372637967029e-07
0.45	1.836747661494738e-07	1.443327812431144e-06	-2.860190278111151e-08	-3.122079552904399e-08	-1.841193528122981e-09	1.319470705201502e-07	-1.042091723810586e-08	-4.635714995523262e-08	0.9689999944396109	1.609953173468596e-08	-1.825455281029562e-08	-1.832688499560141e-07	-1.489569162279756e-07	-1.399429492513841e-06	-1.170431581207774e-07	-6.931497360522706e-07	-6.598565681149289e-09	2.279532110025505e-07	0.1504586608432402	0.03336627533963819	-0.001977565023003116	-0.005278970889956973	-0.07302063575599146	0.03272940846332782	0.05312055748365994	0.0002118653975254654	0.006156373051137217	-0.007901714105694889	0.004623599025354781	-0.0004481595070582982	0.04247516581615404	0.1745326303467507	-0.002182187378345678	0.009704931000289199	0.01716709781464223	0.03385392198747638	0.002276682930435293	0.001925538847791283	0.0004340280450790011	0.0005498274583526976	-0.0004535744918652628	-0.0003912188826908126	-2.164496690290218e-07	-2.378651460641895e-06	3.779142881705183e-08	3.44561149608449e-07	1.218369000107559e-07	3.0372841485625e-07	-2.366817872409688e-07	-1.90241179584394e-06	2.173515040015512e-09	-3.832265898471657e-08	8.613928523362295e-08	4.188879993376975e-07	0.001136840277437366	-4.794695637977278e-08	0.04435005247741035	4.26419804964072e-07	-0.4187120087360589	-2.355671091461595e-07	2.974986345500761e-08	9.321315875602523e-08	-8.355106025815429e-08	-4.204471845761352e-07	3.561655721405532e-08	3.046725383704321e-07	4.979344993626253e-08	2.762824998375457e-07	-1.98890931950532e-07	-1.57403813312297e-06	4.776409578244547e-08	4.70629137130162e-07	9.725712015981576e-08	4.708274752537493e-07	1.076017685366918e-08	3.16559393112789e-07	5.561438868109504e-09	1.084460995792137e-07	-4.786739480330912e-09	-2.482632456362332e-08	7.854313843292414e-09	1.789099760492649e-07	1.86034421976675e-07	7.753924245405016e-07	8.877983669526081e-09	7.696930620508041e-08	-1.250376175707993e-08	-1.531812750895793e-07	1.047197551584789	1.41600842589145e-08	4.141598435927951e-08	2.650859611953558e-07	2.822873305648056e-08	-3.366434087087042e-07	1.183726549625002e-07	8.294460884425792e-07	-1.503607780452043e-08	-6.459571481501758e-08	-6.092298100716375e-08	-3.154730457792907e-07	1.047197547161507	-3.410680915801462e-08	4.022171239077281e-08	1.240950537988251e-07
0.46	1.971359304258353e-07	1.561736048350738e-06	-2.88577376292584e-08	2.563129727322017e-09	-9.272946514208019e-10	1.762624014076232e-07	-1.088526040632736e-08	-4.622161716979818e-08	0.968999994513986	3.062792752094118e-08	-1.995671599423948e-08	-2.020923915402673e-07	-1.617692203291395e-07	-1.539147118015364e-06	-1.236710358572981e-07	-7.348850468554459e-07	-4.625501846743861e-09	2.681379211077918e-07	0.1508005285627787	0.03422585923858646	-0.002028812078180768	-0.005258541149398649	-0.07267961491418086	0.03397428677236758	0.05312242983893629	0.0001995360914117137	0.006075685621147802	-0.008089725249858131	0.0046189734033479	-0.0004600402690314069	0.04425155984390799	0.1784110968676884	-0.002082541110266926	0.0099576555575482	0.01750574110012407	0.03443310783142852	0.002296168687804224	0.00196238675431075	0.0004394706289968163	0.0005528114912819006	-0.0004575644384648921	-0.0004002050700871045	-2.372994973908047e-07	-2.793980994322021e-06	4.102975735686838e-08	4.017819581796716e-07	1.263631780719634e-07	1.238465606541782e-07	-2.542714819398504e-07	-2.05752598886071e-06	1.740949623104919e-09	-3.118324642475545e-08	9.017939588688321e-08	4.45476391028323e-07	0.001136839814806726	-4.898573558440812e-08	0.04435005672379939	4.384214247190888e-07	-0.4187120108836745	-2.744979728430418e-07	3.065047921842041e-08	9.240198331525423e-08	-8.789463816532154e-08	-4.505925183225529e-07	3.861639722888294e-08	3.133351545005946e-07	5.256805986283873e-08	2.493149924198247e-07	-2.140055478452597e-07	-1.67554461089333e-06	5.216079591848992e-08	5.2153692887556e-07	1.020050092524468e-07	4.755775027486895e-07	1.337400638340612e-08	3.656098694671927e-07	6.516430455916028e-09	1.235256795026459e-07	-5.04500488973867e-09	-2.39682945575422e-08	9.430648858448781e-09	2.103965389782138e-07	1.942441058220656e-07	7.285646081844207e-07	9.586714056582762e-09	8.474947060854746e-08	-1.383629130621712e-08	-1.79568852977297e-07	1.047197551714994	1.718425563504345e-08	4.404821188644025e-08	2.6393716453518e-07	2.560996077904629e-08	-4.40273025717341e-07	1.261983861748874e-07	8.971504450811757e-07	-1.576953339061854e-08	-6.504476424090827e-08	-6.417166232777338e-08	-3.059988152633481e-07	1.047197546831805	-3.552811115389562e-08	4.163185025191728e-08	9.839907632309105e-08
0.47	2.111822686243398e-07	1.686386237616098e-06	-2.905178679514359e-08	3.908871718439498e-08	1.044890521340586e-10	2.243626690073997e-07	-1.136411994307931e-08	-4.604524435596602e-08	0.9689999946244159	4.654611722941837e-08	-2.174453836879029e-08	-2.219798074257977e-07	-1.752194625240766e-07	-1.686940000625046e-06	-1.305039912818236e-07	-7.784984200521345e-07	-2.489198893880716e-09	3.108673772837017e-07	0.1511496499070233	0.03509332658437732	-0.002080244747353663	-0.005230922752916647	-0.07232850473133445	0.03523868382427398	0.05312424192843274	0.0001862560148040558	0.005993371715927644	-0.00827868070636468	0.004614271478992504	-0.0004724149204297256	0.04606247762731287	0.1822895595942874	-0.001980784834777405	0.01021307847035474	0.01785088338634101	0.03498608290760664	0.002315998567671187	0.001998882848276638	0.0004449632445111895	0.0005553117156207345	-0.0004616318969450221	-0.0004092478995443842	-2.595276611284987e-07	-3.241997553681855e-06	4.444149273493082e-08	4.632432582404514e-07	1.307031612041911e-07	-7.495864344376878e-08	-2.726453001034633e-07	-2.220567283327164e-06	1.312890589009985e-09	-2.262690425287377e-08	9.433200632391504e-08	4.737629633941138e-07	0.00113683936134682	-5.00510808480476e-08	0.04435006112608578	4.49847480305832e-07	-0.418712013180884	-3.15979161840559e-07	3.153338235429794e-08	9.135203996293471e-08	-9.230748053386912e-08	-4.820238399142821e-07	4.173780533337797e-08	3.215009455052883e-07	5.545265780803365e-08	2.192866472591774e-07	-2.297074978440023e-07	-1.780404247242481e-06	5.679245092006997e-08	5.754712728346555e-07	1.06857839252459e-07	4.795840544652488e-07	1.624634982738787e-08	4.185171577155604e-07	7.534989864319077e-09	1.395816656945141e-07	-5.303531610625388e-09	-2.288799726883196e-08	1.114711671234949e-08	2.443780028347775e-07	2.025191526290312e-07	6.750233578501506e-07	1.032882389461548e-08	9.302296912048048e-08	-1.522704302581984e-08	-2.076633961452479e-07	1.047197551849868	2.038872108992895e-08	4.674046805510845e-08	2.61561183472115e-07	2.264774685331358e-08	-5.52423432265547e-07	1.343414724799696e-07	9.686777353067985e-07	-1.651612965704072e-08	-6.536808099622681e-08	-6.744747068634704e-08	-2.942188909027772e-07	1.047197546483202	-3.700631875995959e-08	4.300499597459909e-08	6.974933136950079e-08
0.48	2.258137807449869e-07	1.817278380227222e-06	-2.918405027876708e-08	7.83559668421747e-08	1.254157582541595e-09	2.762478733194791e-07	-1.185749584836171e-08	-4.582803151373614e-08	0.9689999947709007	6.385410086011746e-08	-2.361801993394802e-08	-2.429310976126054e-07	-1.893076428127868e-07	-1.842808140342887e-06	-1.37542024394354e-07	-8.23989855642336e-07	-1.896568225598664e-10	3.561415795302799e-07	0.1515060248759742	0.03596867737701075	-0.002131863030521799	-0.005196115700510968	-0.07196730520745225	0.036522599619047	0.05312599375214928	0.000172025167702492	0.005909431335476742	-0.008468580475214533	0.004609493252288591	-0.0004852834612532544	0.04790791916636867	0.1861680185265477	-0.001876918551877119	0.01047119973870882	0.01820252467329304	0.03551284721601075	0.002336172570036183	0.002035027129688946	0.0004505058916221207	0.0005573281313691994	-0.0004657768673056525	-0.0004183473710626515	-2.831341602421038e-07	-3.722701138721396e-06	4.802663495123914e-08	5.289450497907881e-07	1.348568494074388e-07	-2.926871974375896e-07	-2.918032417318071e-07	-2.391535679243299e-06	8.893379377307126e-10	-1.265363246907157e-08	9.859711654471843e-08	5.037477164350697e-07	0.001136838917057651	-5.114299217069122e-08	0.0443500656842695	4.606979717243014e-07	-0.4187120156276876	-3.60010676138711e-07	3.239857286264018e-08	9.006332869906668e-08	-9.678958736379695e-08	-5.147411493513226e-07	4.498078152754039e-08	3.291699113845131e-07	5.844724377184727e-08	1.861974643556039e-07	-2.459967819467596e-07	-1.888617042170422e-06	6.165906078718556e-08	6.324321690074485e-07	1.118156101598524e-07	4.828471304034273e-07	1.937720718561438e-08	4.752812578578919e-07	8.617117093318647e-09	1.566140581548181e-07	-5.562319642991064e-09	-2.158543269749261e-08	1.300371740499453e-08	2.808543676189558e-07	2.108595623975719e-07	6.147686735376912e-07	1.110431318362423e-08	1.017898017408794e-07	-1.667601691588807e-08	-2.374649045934319e-07	1.047197551989411	2.377348062357098e-08	4.949275286528408e-08	2.579580180061608e-07	1.934209127928244e-08	-6.730946283533217e-07	1.428019138777466e-07	1.044027959119447e-06	-1.727586660378694e-08	-6.556566508097321e-08	-7.075040608288473e-08	-2.801332726975779e-07	1.0471975461157	-3.854143197620653e-08	4.434114955881822e-08	3.814581893805446e-08
0.49	2.411661335898928e-07	1.898760418225515e-06	-2.892452894921755e-08	1.00802891715111e-07	2.943038499324017e-09	3.055986250228654e-07	-1.230731225779814e-08	-4.57535968663858e-08	0.968999995085032	7.334276606743217e-08	-2.562061406871041e-08	-2.558475033070652e-07	-2.043863780419872e-07	-1.938336278419544e-06	-1.448371410518941e-07	-8.530177425045537e-07	2.439088058729467e-09	3.834454449172482e-07	0.1518701968055615	0.0367778432061237	-0.002177539846921866	-0.005114171403994569	-0.07158800215559173	0.03776994084854792	0.05312698979086196	0.0001536472541649088	0.005822958084949209	-0.008657804683354073	0.004604465745801724	-0.0004973270940800707	0.04980104202902037	0.1900464996796009	-0.001764647910457235	0.01078833412432289	0.0185417011157825	0.0358847410582783	0.002356508799433283	0.00206864554396891	0.0004559931888684238	0.000559962205116849	-0.0004701085059421636	-0.0004282243916015165	-3.108278469369666e-07	-3.999786197683772e-06	5.217196725681398e-08	5.673079945136022e-07	1.361104145971202e-07	-4.089555300084495e-07	-3.119025060773481e-07	-2.498457467496693e-06	5.694754314459501e-10	-8.623282256548955e-09	1.030492344139036e-07	5.21757924055469e-07	0.001136838420554947	-5.191608955604292e-08	0.04435007004702219	4.699516366732105e-07	-0.418712018398013	-3.864718868747095e-07	3.331442854775166e-08	8.969932899649016e-08	-1.015844486048507e-07	-5.357538367606312e-07	4.806591312249423e-08	3.358885069317707e-07	6.067688290983385e-08	1.689201463517484e-07	-2.626432630104046e-07	-1.960037328093821e-06	6.685352994536125e-08	6.672775966097564e-07	1.165707525612455e-07	4.869117223192423e-07	2.27739624565414e-08	5.079867194435136e-07	9.820774355709315e-09	1.668566304105056e-07	-5.806210291855016e-09	-2.114144154947167e-08	1.507186626756953e-08	3.019154281012335e-07	2.181465410615835e-07	5.860128108280749e-07	1.193912479665872e-08	1.070778088598039e-07	-1.847755105318868e-08	-2.553577095264553e-07	1.047197552172378	2.583809067869377e-08	5.208332635541684e-08	2.581065503359126e-07	1.502098044334046e-08	-7.419053827482413e-07	1.516949613559864e-07	1.090416403526753e-06	-1.798618421906335e-08	-6.59967965702122e-08	-7.382058541357227e-08	-2.750941319966605e-07	1.047197545772875	-3.953282402805891e-08	4.531038644830767e-08	2.175719443132944e-08
0.5	2.571734627162258e-07	1.957850691637398e-06	-2.843343303149726e-08	1.159265784403455e-07	4.966582830111909e-09	3.251926404509142e-07	-1.274176423745819e-08	-4.573279618864228e-08	0.9689999955029238	7.948301541673063e-08	-2.773122473077239e-08	-2.651463518807444e-07	-2.202844773840047e-07	-2.006739120504546e-06	-1.523640930968831e-07	-8.74486690892045e-07	5.316462567004275e-09	4.02738775590519e-07	0.1522419019133583	0.0375567833079028	-0.002220249813441448	-0.005004484375965999	-0.07119448635779747	0.03900794007394501	0.05312756770997933	0.0001326740337085077	0.005734392007086369	-0.008847139757782903	0.004599272937794557	-0.0005091860776621145	0.05173545838959358	0.1939249904234436	-0.001647028734951606	0.01113714155323983	0.01887761941049865	0.03616422702079995	0.002377095563711793	0.002100793565936323	0.0004614762975594061	0.0005626791893640229	-0.0004745738188644922	-0.0004385289703416522	-3.412936092001613e-07	-4.18797595881417e-06	5.668971148538559e-08	5.93663444595277e-07	1.357813845098943e-07	-4.822082770385848e-07	-3.328667749766466e-07	-2.576274934448237e-06	3.051506619618901e-10	-6.962742950476563e-09	1.076521873460437e-07	5.344315144163363e-07	0.001136837901639961	-5.253805043635853e-08	0.04435007438490912	4.781042845282496e-07	-0.4187120214074208	-4.051310939479884e-07	3.424775288762172e-08	8.969518691872826e-08	-1.065738530983319e-07	-5.513686718749928e-07	5.112885129292494e-08	3.418769223620509e-07	6.25663445476091e-08	1.582922450665237e-07	-2.797586695821607e-07	-2.014155297058427e-06	7.233075452151743e-08	6.922136750811113e-07	1.212725873496529e-07	4.91027757095305e-07	2.64330308063218e-08	5.301861254304212e-07	1.111782176176529e-08	1.740797829690877e-07	-6.042562903670336e-09	-2.103128991952141e-08	1.731689209883141e-08	3.162563526650339e-07	2.249232483820227e-07	5.702042236988179e-07	1.282066381106863e-08	1.108154215706815e-07	-2.048874818409761e-08	-2.679520385386826e-07	1.047197552379954	2.73109968098371e-08	5.461984035184292e-08	2.595895988309403e-07	1.00106680902903e-08	-7.881699867181204e-07	1.609646620804162e-07	1.123759614219722e-06	-1.867745456335979e-08	-6.64870497268032e-08	-7.67841784971645e-08	-2.735901393578819e-07	1.047197545433571	-4.027209129163964e-08	4.60728806630636e-08	1.176281531612545e-08
0.51	2.737952703555713e-07	2.011161843496128e-06	-2.780927025315859e-08	1.29566457197692e-07	7.199020484756542e-09	3.428864955449563e-07	-1.317818795852981e-08	-4.571081777884351e-08	0.9689999959852947	8.502385229912799e-08	-2.993688069318645e-08	-2.735437051906304e-07	-2.368966815183954e-07	-2.068439240592846e-06	-1.601073563102759e-07	-8.938718377430149e-07	8.392925038134185e-09	4.201455094963217e-07	0.1526209780086715	0.038327607773269	-0.002261821919147446	-0.004878979631592307	-0.07078915012141193	0.04025334165544431	0.05312793512828522	0.000110059629603168	0.00564400366895392	-0.009037069245269756	0.00459396646359697	-0.0005212540849668776	0.05370724059496153	0.1978034829923238	-0.001525939946139313	0.01150081155935741	0.01921594043688359	0.03638971118809555	0.002397987160314711	0.002132120170561326	0.0004669866750150884	0.0005651502863638541	-0.0004791402219005923	-0.0004490459100303515	-3.737228301293132e-07	-4.357809768223279e-06	6.146440933556957e-08	6.17438118362714e-07	1.346798613931281e-07	-5.483810242142653e-07	-3.546491230299582e-07	-2.646472883735449e-06	6.675637850986152e-11	-5.475032355238952e-09	1.123837340691475e-07	5.458499200154365e-07	0.001136837378636455	-5.311197386672715e-08	0.044350078802805	4.854607713302719e-07	-0.4187120246039917	-4.219944871952439e-07	3.517813448874623e-08	8.970359331194529e-08	-1.116851168903007e-07	-5.654634693255524e-07	5.425300325555601e-08	3.472705450247417e-07	6.437680465568157e-08	1.486800879355063e-07	-2.974116996823298e-07	-2.062954794214941e-06	7.806300170371399e-08	7.147455251976953e-07	1.260129267789222e-07	4.947340407080067e-07	3.035220804458058e-08	5.502124904538433e-07	1.249095706632451e-08	1.806018047284921e-07	-6.275902486097144e-09	-2.093233707372541e-08	1.971747677600797e-08	3.292234996849507e-07	2.315236545143464e-07	5.559362079821144e-07	1.374118604442764e-08	1.141883654709402e-07	-2.262174572850936e-08	-2.793122920072787e-07	1.04719755260057	2.86400950000591e-08	5.716848624015647e-08	2.60920922088789e-07	4.511756366502414e-09	-8.299127843243969e-07	1.705766125879971e-07	1.153844124776235e-06	-1.936835236645646e-08	-6.692917619632862e-08	-7.971876279247264e-08	-2.72232568879819e-07	1.04719754508478	-4.093852629571192e-08	4.672711766943206e-08	2.739173501837482e-09
0.52	2.910315565079293e-07	2.058693873801705e-06	-2.705204061420155e-08	1.417225279871505e-07	9.640351463257911e-09	3.586801903049917e-07	-1.361658342101302e-08	-4.568766163698949e-08	0.9689999965321449	8.996527671462425e-08	-3.22375819559526e-08	-2.810395632367235e-07	-2.542229904451592e-07	-2.123436638684442e-06	-1.680669306920724e-07	-9.111731830574639e-07	1.166847547211919e-08	4.35665646634656e-07	0.153007425091501	0.03909031660222231	-0.002302256164039861	-0.004737657170873491	-0.0703719934464351	0.04150614559304577	0.05312809204577963	8.58040418488896e-05	0.005551793070551861	-0.00922759314581463	0.004588546323208963	-0.00053353111599436	0.0557163886451242	0.2016819773862413	-0.001401381544020355	0.01187934414267565	0.0195566641949373	0.03656119356016514	0.002419183589242039	0.002162625357843918	0.0004725243212354703	0.0005673754961163425	-0.000483807715050464	-0.0004597752106676144	-4.081155097244223e-07	-4.5092876259111e-06	6.649606080736594e-08	6.386320158159135e-07	1.328058452468218e-07	-6.074737715354913e-07	-3.77249550237283e-07	-2.709051315358328e-06	-1.457074189101359e-10	-4.16015047083612e-09	1.172438745832148e-07	5.560131408527699e-07	0.001136836851544427	-5.363785984714878e-08	0.04435008330070984	4.920210970792774e-07	-0.4187120279877257	-4.37062066616476e-07	3.610557335112519e-08	8.97245481761413e-08	-1.169182399807574e-07	-5.7803822911231e-07	5.743836901038745e-08	3.520693749198429e-07	6.61082632340513e-08	1.40083674958696e-07	-3.156023533109117e-07	-2.106435819563363e-06	8.40502714919509e-08	7.348731469595086e-07	1.307917708490537e-07	4.980305731573476e-07	3.453149417131772e-08	5.680658145137797e-07	1.394018026938696e-08	1.864226956887188e-07	-6.506229039135442e-09	-2.084458301208369e-08	2.227362029909921e-08	3.408168691609838e-07	2.379477594585543e-07	5.432087636779645e-07	1.470069149673575e-08	1.171966405605801e-07	-2.487654368642395e-08	-2.894384699322438e-07	1.047197552834226	2.982538524935977e-08	5.972926402035748e-08	2.621005201094586e-07	-1.475754728023131e-09	-8.671337755670705e-07	1.805308128787292e-07	1.180669935196292e-06	-2.005887762835336e-08	-6.73231759787885e-08	-8.26243382994967e-08	-2.710214205624716e-07	1.047197544726502	-4.153212904027575e-08	4.727309746741305e-08	-5.313731011534475e-09
0.53	3.088823211732997e-07	2.100446782554129e-06	-2.616174411462612e-08	1.52394790808721e-07	1.229057576561603e-08	3.725737247310204e-07	-1.405695062490781e-08	-4.566332776308021e-08	0.9689999971434743	9.430728866321941e-08	-3.463332851907082e-08	-2.876339260190233e-07	-2.722634041642964e-07	-2.171731314779336e-06	-1.762428162422727e-07	-9.263907268353915e-07	1.514311386895929e-08	4.492991870055222e-07	0.1534012431618468	0.03984490979476273	-0.002341552548118693	-0.004580516993809554	-0.06994301633286702	0.04276635188674943	0.05312803846246255	5.990727044567252e-05	0.005457760211880192	-0.009418711459417526	0.004583012516630534	-0.0005460171707445618	0.0577629025400816	0.2055604736051963	-0.001273353528594733	0.01227273930319454	0.01989979068465979	0.0366786741370087	0.002440684850493775	0.0021923091277841	0.0004780892362205521	0.0005693548186214881	-0.0004885762983141073	-0.0004707168722534408	-4.444716479854886e-07	-4.642409531877633e-06	7.178466590077467e-08	6.572451369548751e-07	1.301593360709752e-07	-6.594865190022626e-07	-4.00668056598621e-07	-2.764010229316874e-06	-3.322407302981021e-10	-3.018097297268066e-09	1.222326088882458e-07	5.649211769283362e-07	0.001136836320363878	-5.411570837762342e-08	0.04435008787862363	4.977852617752661e-07	-0.418712031558623	-4.503338322116845e-07	3.703006947475861e-08	8.975805151131626e-08	-1.222732223697018e-07	-5.890929512352656e-07	6.068494855741923e-08	3.562734120473547e-07	6.776072028271825e-08	1.325030061360929e-07	-3.343306304679065e-07	-2.144598373103693e-06	9.02925638862282e-08	7.525965403665511e-07	1.356091195600472e-07	5.009173544433273e-07	3.897088918653324e-08	5.837460976102306e-07	1.546549137095265e-08	1.91542455849768e-07	-6.733542562785229e-09	-2.076802773459625e-08	2.498532266810512e-08	3.510364610931334e-07	2.441955632146466e-07	5.320218907863684e-07	1.569918016799296e-08	1.198402468396011e-07	-2.725314205784136e-08	-2.983305723135779e-07	1.047197553080923	3.08668675577391e-08	6.230217369244597e-08	2.631283928929491e-07	-7.951865193286373e-09	-8.998329604461415e-07	1.908272629526124e-07	1.204237045479892e-06	-2.074903034905049e-08	-6.76690490741828e-08	-8.550090501823666e-08	-2.699566944058398e-07	1.047197544358737	-4.205289952533112e-08	4.771082005700658e-08	-1.239589822399043e-08
0.54	3.273475643516826e-07	2.1364205697534e-06	-2.513838075443232e-08	1.615832456624034e-07	1.514969339183088e-08	3.845670988230422e-07	-1.449928957021417e-08	-4.56378161571157e-08	0.9689999978192828	9.804988814491347e-08	-3.712412038254114e-08	-2.9332679353753e-07	-2.910179226758067e-07	-2.213323268877525e-06	-1.846350129608768e-07	-9.395244690767978e-07	1.881684022865448e-08	4.6104613060892e-07	0.153802432219709	0.04059138735089024	-0.002379711071383941	-0.004407559100400494	-0.06950221878070764	0.04403396053655528	0.05312777437833399	3.236931539351678e-05	0.005361905092938914	-0.009610424186078442	0.004577365043861685	-0.0005587122492174829	0.05984678227983371	0.2094389716491887	-0.001141855899862445	0.01268099704091407	0.02024531990605105	0.03674215291862622	0.002462490944069921	0.00222117148038187	0.0004836814199703338	0.0005710882538792907	-0.0004934459716915221	-0.0004818708947878309	-4.82791244912512e-07	-4.757175486122878e-06	7.733022461579578e-08	6.732774817795992e-07	1.267403338655885e-07	-7.044192666145792e-07	-4.24904642113972e-07	-2.811349625611088e-06	-4.928435556540367e-10	-2.048872834534795e-09	1.273499369842403e-07	5.725740282421356e-07	0.001136835785094808	-5.454551945815107e-08	0.04435009253654637	5.027532654182379e-07	-0.4187120353166833	-4.618097839808697e-07	3.795162285964647e-08	8.980410331747018e-08	-1.277500640571338e-07	-5.986276356944189e-07	6.399274189665137e-08	3.598826564072771e-07	6.933417580168244e-08	1.259380814676971e-07	-3.535965311533141e-07	-2.177442454835932e-06	9.678987888654586e-08	7.679157054188228e-07	1.404649729119027e-07	5.033943845659461e-07	4.367039309022712e-08	5.97253339743196e-07	1.706689037102158e-08	1.959610852116393e-07	-6.957843057046507e-09	-2.070267124126307e-08	2.785258388302571e-08	3.598822754813992e-07	2.502670657826233e-07	5.223755893073258e-07	1.673665205819927e-08	1.221191843080034e-07	-2.975154084276159e-08	-3.059885991512808e-07	1.04719755334066	3.176454192519711e-08	6.48872152564219e-08	2.640045404392605e-07	-1.49165750292873e-08	-9.280103389616096e-07	2.014659628096467e-07	1.224545455627036e-06	-2.143881052854785e-08	-6.796679548251152e-08	-8.834846294869254e-08	-2.690383904099236e-07	1.047197543981485	-4.250083775087804e-08	4.804028543821263e-08	-1.850732813553036e-08
0.55	3.464272860430779e-07	2.166615235399519e-06	-2.398195053362014e-08	1.692878925481978e-07	1.821770434190248e-08	3.946603125810573e-07	-1.494360025693212e-08	-4.561112681909595e-08	0.9689999985595706	1.011930751597064e-07	-3.970995754636352e-08	-2.981181657922437e-07	-3.104865459796903e-07	-2.248212500979012e-06	-1.932435208478847e-07	-9.50574409781683e-07	2.268965455120477e-08	4.709064774448497e-07	0.1542109922650876	0.04132974927060486	-0.002416731733835606	-0.004218783490646312	-0.06904960078995699	0.0453089715424633	0.05312729979339394	3.19017669242238e-06	0.005264227713728025	-0.009802731325797379	0.004571603904902416	-0.0005716163514131232	0.06196802786438056	0.2133174715182185	-0.001006888657823494	0.01310411735583426	0.0205932518591111	0.03675162990501771	0.002484601869970475	0.002249212415637229	0.0004893008724848151	0.0005725758018897508	-0.0004984167351827083	-0.0004932372782707846	-5.230743005054927e-07	-4.853585488646836e-06	8.313273695242927e-08	6.867290502900857e-07	1.225488386306615e-07	-7.422720143724413e-07	-4.499593067833362e-07	-2.851069504240968e-06	-6.275158949779401e-10	-1.252477082636301e-09	1.325958588711985e-07	5.78971694794168e-07	0.001136835245737218	-5.492729308873173e-08	0.04435009727447806	5.06925108008193e-07	-0.4187120392619068	-4.714899219240315e-07	3.887023350578879e-08	8.986270359460306e-08	-1.333487650430537e-07	-6.066422824897703e-07	6.736174902808387e-08	3.6289710799961e-07	7.082862979094385e-08	1.203889009535085e-07	-3.734000553671347e-07	-2.204968064760079e-06	1.035422164929039e-07	7.808306421163238e-07	1.453593309046203e-07	5.05461663525204e-07	4.863000588239936e-08	6.085875409126761e-07	1.874437726959375e-08	1.996785837743331e-07	-7.179130521919272e-09	-2.064851353208417e-08	3.087540394386097e-08	3.673543123257816e-07	2.561622671624842e-07	5.142698592408371e-07	1.781310716735468e-08	1.240334529657868e-07	-3.237174004118466e-08	-3.124125504453527e-07	1.047197553613437	3.251840835173378e-08	6.748438871228531e-08	2.647289627483928e-07	-2.236988423602591e-08	-9.516659111134747e-07	2.124469124498321e-07	1.241595165637723e-06	-2.212821816684544e-08	-6.821641520377469e-08	-9.116701209086432e-08	-2.68266508574723e-07	1.047197543594745	-4.28759437169165e-08	4.826149361103123e-08	-2.364802074615428e-08
0.5600000000000001	3.661214862474857e-07	2.191030779492484e-06	-2.269245345218958e-08	1.755087314661042e-07	2.149460861583082e-08	4.028533660050658e-07	-1.538988268506165e-08	-4.558325974902093e-08	0.9689999993643377	1.037368497075983e-07	-4.2390840010538e-08	-3.020080427831642e-07	-3.30669274075947e-07	-2.276399011083795e-06	-2.020683399032963e-07	-9.59540548950047e-07	2.676155683661016e-08	4.788802275133111e-07	0.1546269232979824	0.04205999555390658	-0.002452614535473688	-0.004014190164547007	-0.06858516236061506	0.04659138490447352	0.05312661470764241	-2.763014565761069e-05	0.005164728074247528	-0.009995632878574339	0.004565729099752726	-0.0005847294773314827	0.06412663929372212	0.2171959732122857	-0.0008684518024778777	0.0135421002479551	0.02094358654383992	0.03670710509618318	0.002507017628195439	0.002276431933550178	0.0004949475937639963	0.0005738174626528677	-0.0005034885887876663	-0.0005048160227023018	-5.653208147644305e-07	-4.931639539449505e-06	8.919220291067513e-08	6.975998424863343e-07	1.175848503661944e-07	-7.730447622758487e-07	-4.758320506067136e-07	-2.883169865206516e-06	-7.362577482698121e-10	-6.289100415725867e-10	1.379703745491203e-07	5.841141765844335e-07	0.001136834702291105	-5.526102926936538e-08	0.04435010209241871	5.103007895451314e-07	-0.4187120433942934	-4.793742460411697e-07	3.978590141318556e-08	8.993385234271489e-08	-1.390693253274612e-07	-6.131368916213198e-07	7.079196995171673e-08	3.653167668243534e-07	7.22440822505025e-08	1.158554645935271e-07	-3.937412031093681e-07	-2.227175202876134e-06	1.105495767053023e-07	7.913413504590539e-07	1.502921935381999e-07	5.071191913211008e-07	5.384972756304997e-08	6.177487011186705e-07	2.049795206666915e-08	2.026949515378492e-07	-7.397404957403528e-09	-2.060555460705955e-08	3.405378285061091e-08	3.734525716262802e-07	2.618811673542296e-07	5.07704700586902e-07	1.892854549545919e-08	1.255830528129513e-07	-3.511373965311055e-08	-3.176024261957935e-07	1.047197553899254	3.312846683734911e-08	7.009369406003618e-08	2.65301659820346e-07	-3.031179281350222e-08	-9.707996769017373e-07	2.237701118731687e-07	1.255386175511954e-06	-2.281725326394325e-08	-6.84179082379723e-08	-9.395655244475203e-08	-2.676410489002379e-07	1.047197543198519	-4.317821742344651e-08	4.837444457546236e-08	-2.781797605586219e-08
0.5700000000000001	3.864301649649059e-07	2.209667202032297e-06	-2.126988951014065e-08	1.802457624161225e-07	2.49804062136159e-08	4.091462590950674e-07	-1.583813685460276e-08	-4.555421494689068e-08	0.9690000002335839	1.056812117885891e-07	-4.516676777506455e-08	-3.049964245102916e-07	-3.51566106964577e-07	-2.297882799191876e-06	-2.111094701271117e-07	-9.664228865818896e-07	3.103254708487065e-08	4.849673808143043e-07	0.1550502253183936	0.04278212620079542	-0.002487359476298186	-0.003793779122102581	-0.06810890349268187	0.04788120062258591	0.05312571912107938	-6.009165165658243e-05	0.005063406174497419	-0.01018912884440932	0.004559740628412616	-0.0005980516269725617	0.0663226165678584	0.2210744767313903	-0.0007265453338255968	0.01399494571727658	0.02129632396023753	0.03660857849212262	0.002529738218744811	0.002302830034120717	0.0005006215838078773	0.000574813236168642	-0.0005086615325063957	-0.0005166071280823826	-6.095307876893256e-07	-4.991337638530887e-06	9.550862249053337e-08	7.058898583683455e-07	1.11848369072187e-07	-7.967375103248014e-07	-5.025228735841041e-07	-2.907650708507732e-06	-8.190691155296528e-10	-1.781717113436518e-10	1.434734840180057e-07	5.88001473612932e-07	0.001136834154756472	-5.554672800005206e-08	0.04435010699036831	5.128803100290528e-07	-0.4187120477138432	-4.854627563322846e-07	4.069862658183677e-08	9.001754956180568e-08	-1.449117449103565e-07	-6.181114630890671e-07	7.428340466754994e-08	3.671416328815075e-07	7.358053318035838e-08	1.123377723877529e-07	-4.146199743800144e-07	-2.244063869184098e-06	1.178119595237411e-07	7.994478304470133e-07	1.552635608126417e-07	5.083669679536367e-07	5.932955813217896e-08	6.247368203611795e-07	2.232761476224779e-08	2.050101885021876e-07	-7.612666363499272e-09	-2.05737944661892e-08	3.738772060327553e-08	3.781770533828954e-07	2.674237663578592e-07	5.026801133455206e-07	2.008296704251281e-08	1.267679838494971e-07	-3.797753967853927e-08	-3.215582264026032e-07	1.047197554198112	3.359471738204312e-08	7.271513129967452e-08	2.657226316551202e-07	-3.874230076171622e-08	-9.854116363263971e-07	2.354355610796565e-07	1.265918485249729e-06	-2.35059158198413e-08	-6.857127458510434e-08	-9.671708401035564e-08	-2.671620113864684e-07	1.047197542792806	-4.340765887046807e-08	4.8379138331506e-08	-3.101719406465408e-08
0.58	4.073533221953384e-07	2.222524503018957e-06	-1.971425870747335e-08	1.834989853982528e-07	2.867509713525768e-08	4.135389918510623e-07	-1.628836276555545e-08	-4.552399241270518e-08	0.9690000011673092	1.070261614026787e-07	-4.803774083994314e-08	-3.070833109736258e-07	-3.7317704464558e-07	-2.312663865303252e-06	-2.203669115193309e-07	-9.71221422677211e-07	3.550262529598618e-08	4.891679373478292e-07	0.1554808983263212	0.04349614121127135	-0.002520966556309101	-0.003557550363313035	-0.06762082418615738	0.04917841869680048	0.05312461303370487	-9.419434130449245e-05	0.004960262014477703	-0.01038321922330231	0.004553638490882085	-0.0006115828003363596	0.06855595968678939	0.2249529820755323	-0.0005811692518666532	0.01446265376379872	0.02165146410830391	0.03645605009283604	0.002552763641618592	0.002328406717348844	0.0005063228426164581	0.0005755631224370736	-0.0005139355663388967	-0.0005286105944110269	-6.557042192801772e-07	-5.032679785890979e-06	1.020819956920039e-07	7.115990979361187e-07	1.053393947486395e-07	-8.133502585192993e-07	-5.300317757155074e-07	-2.924512034144613e-06	-8.759499967574618e-10	9.973790805050136e-11	1.491051872778547e-07	5.906335858796634e-07	0.001136833603133317	-5.578438928079175e-08	0.04435011196832686	5.146636694599575e-07	-0.4187120522205561	-4.897554527973761e-07	4.160840901174244e-08	9.011379525187543e-08	-1.508760237917395e-07	-6.215659968930125e-07	7.783605317558347e-08	3.683717061710721e-07	7.483798258051149e-08	1.09835824336186e-07	-4.360363691790734e-07	-2.255634063683969e-06	1.253293649482201e-07	8.051500820802018e-07	1.602734327279454e-07	5.092049934228116e-07	6.506949758978624e-08	6.295518986402028e-07	2.423336535632965e-08	2.066242946673483e-07	-7.824914740206503e-09	-2.055323310947313e-08	4.087721720185478e-08	3.815277575956268e-07	2.727900641733731e-07	4.991960975166928e-07	2.127637180851551e-08	1.27588246075424e-07	-4.096314011747079e-08	-3.242799510657819e-07	1.047197554510009	3.391715998581579e-08	7.53487004312003e-08	2.659918782527152e-07	-4.766140808066781e-08	-9.955017893874541e-07	2.474432600692952e-07	1.273192094851047e-06	-2.419420583453957e-08	-6.86765142451708e-08	-9.944860678767512e-08	-2.668293960334145e-07	1.047197542377606	-4.356426805798117e-08	4.82755748791622e-08	-3.324567477252995e-08
0.59	4.288909579387835e-07	2.229602682452464e-06	-1.802556104418767e-08	1.852684004124951e-07	3.257868138075624e-08	4.160315642730505e-07	-1.674056041791973e-08	-4.549259214646444e-08	0.969000002165514	1.077716985498673e-07	-5.100375920517386e-08	-3.08268702173167e-07	-3.955020871189564e-07	-2.320742209417926e-06	-2.298406640799538e-07	-9.739361572360116e-07	4.017179146995686e-08	4.914818971138859e-07	0.1559189423217651	0.04420204058533438	-0.002553435775506432	-0.003305503888178363	-0.06712092444104163	0.05048303912711725	0.05312329644551889	-0.0001299382146013415	0.004855295594188376	-0.01057790401525334	0.004547422687161132	-0.0006253229974228772	0.07082666865051512	0.2288314892447117	-0.0004323235566010433	0.0149452243875215	0.02200900698803907	0.03624951989832343	0.002576093896816782	0.00235316198323456	0.0005120513701897387	0.0005760671214581621	-0.0005193106902851692	-0.0005408264216882349	-7.038411095369866e-07	-5.055665981529785e-06	1.089123225150869e-07	7.147275611896544e-07	9.805792739555174e-08	-8.228830068593428e-07	-5.583587570009242e-07	-2.933753842117163e-06	-9.069003919532401e-10	2.048188166098792e-10	1.548654843286673e-07	5.920105133846279e-07	0.001136833047421642	-5.597401311158444e-08	0.04435011702629436	5.156508678378453e-07	-0.4187120569144321	-4.92252335436444e-07	4.251524870290256e-08	9.022258941292413e-08	-1.569621619716103e-07	-6.235004930331558e-07	8.14499154758174e-08	3.690069866930472e-07	7.601643045096185e-08	1.083496204388263e-07	-4.579903875065455e-07	-2.261885786375749e-06	1.331017929787396e-07	8.084481053586196e-07	1.653218092841112e-07	5.096332677286254e-07	7.106954593587195e-08	6.321939359557408e-07	2.621520384891477e-08	2.075372700333314e-07	-8.034150087525227e-09	-2.054387053691133e-08	4.452227264634874e-08	3.835046842644747e-07	2.779800608007714e-07	4.972526531004186e-07	2.250875979346732e-08	1.28043839490732e-07	-4.407054096990516e-08	-3.257676001853294e-07	1.047197554834947	3.409579464866713e-08	7.799440145461356e-08	2.661093996131311e-07	-5.706911477035718e-08	-1.001070136084908e-06	2.597932088420852e-07	1.277207004315909e-06	-2.488212330803808e-08	-6.87336272181717e-08	-1.021511207767105e-07	-2.666432028410762e-07	1.047197541952918	-4.364804498598581e-08	4.806375421843091e-08	-3.450341817948983e-08
0.6	4.505335491496683e-07	2.235947517363996e-06	-1.630908736939128e-08	1.868839580672668e-07	3.653261758946332e-08	4.184641487861544e-07	-1.719182141200024e-08	-4.54512778312646e-08	0.9690000031796568	1.085050590714082e-07	-5.399435017424254e-08	-3.094371117048179e-07	-4.179373391476778e-07	-2.327835040780161e-06	-2.39374564257847e-07	-9.766608036178406e-07	4.488444555646908e-08	4.936773216545882e-07	0.1563609423501426	0.04486618343368332	-0.002581823243657873	-0.003029966801183905	-0.06660735575149297	0.05179766241406734	0.05312142556702752	-0.0001685760257086228	0.004748199479315407	-0.01077514148392223	0.004541112861452062	-0.0006385435859649654	0.07313608445487439	0.2327099966181432	-0.0002790354080647358	0.0154258026610296	0.02236189238970208	0.03599864550840106	0.002599474097145951	0.002375189642883714	0.0005176908144768566	0.0005752953766744663	-0.0005248281673412588	-0.0005533494394938035	-7.524018334344319e-07	-5.077431051726732e-06	1.15794756602979e-07	7.176132948972184e-07	9.05022198401048e-08	-8.332948337493213e-07	-5.868071456762637e-07	-2.941813108358531e-06	-9.383920410058567e-10	2.477222838428672e-10	1.606285920570624e-07	5.929910384078512e-07	0.001136832481282282	-5.626666012094043e-08	0.04435012211936946	5.168078958031231e-07	-0.4187120616835305	-4.950425483456842e-07	4.343856009036556e-08	9.053641055233036e-08	-1.630912540004258e-07	-6.254616562280756e-07	8.507315509703878e-08	3.695611597327397e-07	7.714663756859234e-08	1.066131366369006e-07	-4.800161132125941e-07	-2.267190753136769e-06	1.409413978246956e-07	8.117043174538499e-07	1.703689727584545e-07	5.099094868492681e-07	7.710741330068776e-08	6.345203131923085e-07	2.821388928329164e-08	2.084070856035431e-07	-8.243428864550377e-09	-2.053991722253499e-08	4.822729928255748e-08	3.857205049336819e-07	2.83138185315499e-07	4.954699126630686e-07	2.375016329391523e-08	1.284830784582282e-07	-4.71987988984071e-08	-3.270880845707191e-07	1.047197555163147	3.426595469015459e-08	8.063737383944793e-08	2.661475015024153e-07	-6.658994733918732e-08	-1.006459305310201e-06	2.722076161786886e-07	1.28087727279384e-06	-2.557136123276832e-08	-6.879461679443597e-08	-1.048514369943878e-07	-2.664920970462776e-07	1.047197541527277	-4.371718402281811e-08	4.782371868244689e-08	-3.576379478146231e-08
0.61	4.709641512806695e-07	2.254600632869358e-06	-1.483697887634379e-08	1.917831303614964e-07	4.01271300265125e-08	4.255929680233988e-07	-1.763462851937423e-08	-4.537746904604296e-08	0.9690000040842767	1.107440487777577e-07	-5.682736568885063e-08	-3.12874707715985e-07	-4.389219360241141e-07	-2.348719409428348e-06	-2.485649821506081e-07	-9.848069019217707e-07	4.923841411193818e-08	5.003240513872661e-07	0.1567980719101674	0.04540161944834423	-0.002598520001319801	-0.002711107265481407	-0.06607534035581838	0.05312900997098927	0.05311811181879687	-0.0002133457199488329	0.004638179056254871	-0.01097999307779786	0.004534759787366256	-0.0006493612982683308	0.07548767312004681	0.2365885000066456	-0.0001187903443561849	0.01586082430406519	0.02269187206171323	0.03572838854851213	0.002622245445516374	0.002389562843444149	0.0005229404448233603	0.0005705860575964071	-0.0005305946483802131	-0.0005664247501820307	-7.974069816020488e-07	-5.142262720529065e-06	1.221998394847138e-07	7.262993582876521e-07	8.39600869311975e-08	-8.651572619053492e-07	-6.135762811257495e-07	-2.965327236083499e-06	-1.038845428146075e-09	5.14444374696291e-10	1.660694037053535e-07	5.957948223578703e-07	0.001136831888330646	-5.705277088413987e-08	0.04435012713149735	5.206315120749559e-07	-0.4187120662385221	-5.035258216255583e-07	4.442852291496658e-08	9.155275043807555e-08	-1.690593560086546e-07	-6.314471944581094e-07	8.857179231309107e-08	3.713619278178441e-07	7.830811012598713e-08	1.013541294166582e-07	-5.009093108099956e-07	-2.28284836923854e-06	1.483626617223224e-07	8.210247668354429e-07	1.753122662863332e-07	5.106997076320071e-07	8.260855563871117e-08	6.413317310236427e-07	3.007630384546277e-08	2.109343736315431e-07	-8.460650983119436e-09	-2.052640920205939e-08	5.174523539053755e-08	3.923434294914344e-07	2.886377379736186e-07	4.902813861144727e-07	2.492312594355513e-08	1.29806237665856e-07	-5.008700955531437e-08	-3.309990074063901e-07	1.047197555469333	3.47774309172123e-08	8.323920814625205e-08	2.662930698429285e-07	-7.525343394742562e-08	-1.022893522325227e-06	2.839684858377575e-07	1.291734756480334e-06	-2.626629542091531e-08	-6.899389387104994e-08	-1.076188528411988e-07	-2.660883159843736e-07	1.04719754112274	-4.3922097905902e-08	4.776235059987571e-08	-3.95426377253036e-08
0.62	4.916497344316484e-07	2.271034709547722e-06	-1.33060922062274e-08	1.961368504967472e-07	4.381867583880449e-08	4.321199732513642e-07	-1.807735532672948e-08	-4.52963185602222e-08	0.9690000050191274	1.127979543083112e-07	-5.970570400755793e-08	-3.160348831211106e-07	-4.601945552504242e-07	-2.36693487242696e-06	-2.578615289430342e-07	-9.923464325659039e-07	5.368168594340696e-08	5.063316523471903e-07	0.1572401630129896	0.04590520426551738	-0.002612001816145104	-0.002371016349173046	-0.06553020029552839	0.05446959468506841	0.05311434500671021	-0.0002606404871622412	0.004526119460527674	-0.01118682075113999	0.00452830690719222	-0.0006598739427814598	0.07787757377886122	0.2404670040766291	4.56107265939721e-05	0.01629881641421191	0.02301927308579862	0.03541094377944323	0.002645141788796899	0.002401769701963177	0.000528135250943956	0.0005649042288860066	-0.0005364913329239081	-0.0005797793294817795	-8.432892953981908e-07	-5.200828032270387e-06	1.28717345230585e-07	7.340542703594066e-07	7.699700670559953e-08	-8.955552727759701e-07	-6.406719541692838e-07	-2.985763498834431e-06	-1.13204564759935e-09	6.864085197863776e-10	1.715500620029048e-07	5.979493412967883e-07	0.001136831286817849	-5.789742606393907e-08	0.04435013219195374	5.243405286412689e-07	-0.4187120709016963	-5.116872910809128e-07	4.542924098914514e-08	9.271744333095745e-08	-1.750936450321565e-07	-6.370039831880967e-07	9.209506974216857e-08	3.729303373252966e-07	7.94122846316068e-08	9.621761435897038e-08	-5.220114015883095e-07	-2.29627200777015e-06	1.559064123350499e-07	8.296078075636822e-07	1.802660413423644e-07	5.112619964231171e-07	8.821296871707438e-08	6.472805957632295e-07	3.197300844123619e-08	2.132247668321619e-07	-8.677016578059126e-09	-2.0520015125828e-08	5.535128781685962e-08	3.987304080171093e-07	2.940628923722436e-07	4.856598560097994e-07	2.611392789263552e-08	1.310104836598005e-07	-5.302579935896945e-08	-3.344286209660801e-07	1.047197555781661	3.524058455877614e-08	8.584268939535355e-08	2.663379287773459e-07	-8.414060201914892e-08	-1.037869904691412e-06	2.958756077724914e-07	1.30138957452756e-06	-2.696205157032938e-08	-6.918173554014944e-08	-1.103761765973203e-07	-2.657524040744504e-07	1.047197540714737	-4.409523896674402e-08	4.764919972817763e-08	-4.303751162360218e-08
0.63	5.125902986026047e-07	2.28524974739909e-06	-1.171642735904213e-08	1.999451184730191e-07	4.760725502633931e-08	4.380451644700507e-07	-1.852000183406599e-08	-4.520782637380233e-08	0.969000005984209	1.146667756630688e-07	-6.262936513036448e-08	-3.189176379201946e-07	-4.817551968266082e-07	-2.382481429775995e-06	-2.672642046351251e-07	-9.992793955502402e-07	5.82142610508754e-08	5.117001245343604e-07	0.1576872156586093	0.04637693788520275	-0.002622268688133784	-0.002009694052258824	-0.06497193557062299	0.05581941655630478	0.05311012513076755	-0.0003104603273488478	0.004412020692133819	-0.01139562450394862	0.004521754220929954	-0.0006700815195043528	0.08030578643131761	0.2443455088280938	0.000214167804785735	0.01673977899146975	0.02334409546195826	0.03504631120119437	0.002668163126987528	0.002411810218440799	0.0005332752328386441	0.0005582498905432646	-0.0005425182209723436	-0.0005934131773930501	-8.900487748228583e-07	-5.253126986950695e-06	1.353472738405926e-07	7.408780311124822e-07	6.96129791633109e-08	-9.244888663611836e-07	-6.680941648068667e-07	-3.003121896611327e-06	-1.217992699365681e-09	7.636147191131263e-10	1.770705669497162e-07	5.994545952246055e-07	0.00113683067674389	-5.880062566033803e-08	0.04435013730073861	5.279349455020621e-07	-0.418712075673053	-5.195269567117477e-07	4.644071431290124e-08	9.403048923097608e-08	-1.811941210709315e-07	-6.421320224180378e-07	9.56429873842713e-08	3.742663882550974e-07	8.045916108545134e-08	9.120359146383701e-08	-5.433223855475357e-07	-2.307461668731597e-06	1.635726496628782e-07	8.374534396385679e-07	1.852302979265483e-07	5.11596353222598e-07	9.392065253577736e-08	6.523669074110688e-07	3.39040030706119e-08	2.152782652053997e-07	-8.892525649369448e-09	-2.052073499384084e-08	5.904545656152369e-08	4.048814405107066e-07	2.99413648511374e-07	4.816053223490484e-07	2.73225691411564e-08	1.320958164400618e-07	-5.601516830937237e-08	-3.373769252497889e-07	1.047197556100129	3.56554156148461e-08	8.844781758675241e-08	2.662820783056674e-07	-9.325145155435722e-08	-1.051388452408755e-06	3.079289819828902e-07	1.309841726935517e-06	-2.765862968101053e-08	-6.935814180173441e-08	-1.131234082627524e-07	-2.654843613165082e-07	1.047197540303267	-4.423660720534418e-08	4.748426606735267e-08	-4.624841647635803e-08
0.64	5.337858437935388e-07	2.29724574642346e-06	-1.006798433478797e-08	2.032079342903123e-07	5.149286758911696e-08	4.433685416794582e-07	-1.896256804138375e-08	-4.511199248678334e-08	0.9690000069795216	1.163505128420303e-07	-6.559834905727028e-08	-3.215229721132371e-07	-5.036038607526662e-07	-2.395359081475452e-06	-2.767730092268809e-07	-1.00560579087478e-06	6.283613943434352e-08	5.164294679487764e-07	0.1581392298470263	0.04681682030740035	-0.002629320617285839	-0.001627140374738737	-0.06440054618110219	0.05717847558469836	0.05310545219096889	-0.0003628052405086527	0.004295882751073303	-0.01160640433622377	0.004515101728579458	-0.0006799840284370094	0.08277231107741601	0.2482240142610397	0.0003868808902191043	0.01718371203583873	0.02366633919019213	0.03463449081376556	0.00269130946008826	0.002419684392877015	0.0005383603905074245	0.0005506230425681811	-0.0005486753125255197	-0.0006073262939158424	-9.376854198760511e-07	-5.299159584569991e-06	1.420896253147366e-07	7.467706405468787e-07	6.180800430433156e-08	-9.519580426609902e-07	-6.958429130384983e-07	-3.017402429414187e-06	-1.296686583445069e-09	7.460629726765368e-10	1.826309185457877e-07	6.003105841413217e-07	0.00113683005810877	-5.976236967333674e-08	0.04435014245785197	5.314147626573357e-07	-0.4187120805525923	-5.270448185180631e-07	4.746294288623486e-08	9.549188813813144e-08	-1.873607841249798e-07	-6.468313121479324e-07	9.921554523939926e-08	3.753700806072465e-07	8.144873948752074e-08	8.631206073125816e-08	-5.648422626876745e-07	-2.316417352122884e-06	1.713613737058071e-07	8.445616630601e-07	1.902050360388849e-07	5.117027780304501e-07	9.973160709482014e-08	6.565906659671608e-07	3.586928773358991e-08	2.170948687512564e-07	-9.1071781970504e-09	-2.052856880609791e-08	6.282774162452978e-08	4.107965269722263e-07	3.046900063910098e-07	4.781177851322199e-07	2.854904968911777e-08	1.330622360066396e-07	-5.905511640652313e-08	-3.398439202575166e-07	1.047197556424738	3.60219240854222e-08	9.105459272044866e-08	2.661255184278931e-07	-1.025859825530505e-07	-1.063449165477258e-06	3.201286084689539e-07	1.317091213704204e-06	-2.835602975295877e-08	-6.952311265580489e-08	-1.15860547837495e-07	-2.65284187710547e-07	1.047197539888332	-4.434620262170249e-08	4.72675496174008e-08	-4.917535228357115e-08
0.65	5.552363700044503e-07	2.307022706620833e-06	-8.360763133464914e-09	2.059252979486265e-07	5.547551352713742e-08	4.480901048795868e-07	-1.940505394868277e-08	-4.500881689916523e-08	0.969000008005065	1.178491658451959e-07	-6.861265578827529e-08	-3.23850885700238e-07	-5.257405470285982e-07	-2.405567827525333e-06	-2.863879427183016e-07	-1.011325618539523e-06	6.754732109381131e-08	5.205196825904386e-07	0.1585962055782408	0.04722485153211017	-0.002633157603601271	-0.001223355316612789	-0.06381603212696597	0.05854677177024915	0.05310032618731423	-0.000417675226641656	0.004177705637346126	-0.01181916024796541	0.00450834943014073	-0.0006895814695794297	0.08527714771715639	0.2521025203754668	0.0005637499828940792	0.01763061554731885	0.02398600427050024	0.03417548261715678	0.002714580788099095	0.002425392225271825	0.000543390723950297	0.0005420236849607561	-0.0005549626075834361	-0.0006215186790501568	-9.86199230557769e-07	-5.338925825128276e-06	1.48944399653017e-07	7.517320986625961e-07	5.358208212866157e-08	-9.779628016753896e-07	-7.239181988641785e-07	-3.028605097243011e-06	-1.368127299837512e-09	6.337532804766098e-10	1.882311167911194e-07	6.005173080469369e-07	0.001136829430912489	-6.078265810293519e-08	0.04435014766329383	5.347799801070895e-07	-0.418712085540314	-5.342408764998589e-07	4.8495926709146e-08	9.710164005242353e-08	-1.935936341943012e-07	-6.511018523777804e-07	1.028127433075525e-07	3.762414143817439e-07	8.238101983781501e-08	8.154302216123381e-08	-5.865710330087256e-07	-2.323139057944008e-06	1.792725844638368e-07	8.509324778282783e-07	1.95190255679374e-07	5.115812708466731e-07	1.056458323942027e-07	6.599518714315053e-07	3.78688624301702e-08	2.186745774697319e-07	-9.320974221101983e-09	-2.054351656259919e-08	6.669814300587786e-08	4.164756674016685e-07	3.09891966011151e-07	4.751972443593138e-07	2.979336953651964e-08	1.339097423595342e-07	-6.214564365042172e-08	-3.418296059892633e-07	1.047197556755487	3.634010997050442e-08	9.366301479644226e-08	2.658682491440229e-07	-1.121441950152288e-07	-1.074052043896919e-06	3.324744872306826e-07	1.323138034833623e-06	-2.90542517861741e-08	-6.967664810236086e-08	-1.185875953215481e-07	-2.651518832565668e-07	1.04719753946993	-4.442402521581895e-08	4.699905037832206e-08	-5.181831904524153e-08
0.66	5.769418772353396e-07	2.314580627991209e-06	-6.594763755072964e-09	2.080972094479619e-07	5.955519284040071e-08	4.522098540704366e-07	-1.984745955596304e-08	-4.489829961094801e-08	0.9690000090608394	1.191627346725655e-07	-7.167228532337955e-08	-3.259013786811974e-07	-5.481652556544041e-07	-2.413107667925636e-06	-2.961090051093871e-07	-1.016438878544469e-06	7.234780602927878e-08	5.239707684593466e-07	0.1590581428522527	0.04760103155933223	-0.002633779647080078	-0.0007983388778809773	-0.06321839340821436	0.05992430511295717	0.05309474711980357	-0.0004750702857478577	0.00405748935095229	-0.01203389223917357	0.004501497325613774	-0.0006988738429316139	0.08782029635053877	0.2559810271713749	0.0007447750828106606	0.0180804895259101	0.02430309070288259	0.03366928661136803	0.002737977111020034	0.002428933715625229	0.0005483662331672619	0.0005324518177209895	-0.0005613801061460931	-0.0006359903327959927	-1.035590206868013e-06	-5.372425708625549e-06	1.559115968554338e-07	7.557624054596344e-07	4.493521263630089e-08	-1.002503143404382e-06	-7.523200222839071e-07	-3.036729900097799e-06	-1.432314848543011e-09	4.266856425133446e-10	1.938711616857112e-07	6.000747669414512e-07	0.001136828795155045	-6.18614909491334e-08	0.04435015291706418	5.380305978513236e-07	-0.4187120906362183	-5.411151306571351e-07	4.953966578163469e-08	9.885974497385235e-08	-1.998926712788958e-07	-6.549436431075822e-07	1.064345815887309e-07	3.768803895785894e-07	8.325600213633413e-08	7.689647575376398e-08	-6.085086965106891e-07	-2.327626786194971e-06	1.873062819369672e-07	8.565658839431029e-07	2.001859568480158e-07	5.112318316712671e-07	1.116633284339251e-07	6.624505238041024e-07	3.990272716035279e-08	2.200173913608264e-07	-9.533913721524198e-09	-2.056557826334471e-08	7.065666070556796e-08	4.219188617990331e-07	3.150195273717976e-07	4.728437000303302e-07	3.1055528683362e-08	1.346383354987455e-07	-6.528675004106815e-08	-3.433339824450289e-07	1.047197557092377	3.660997327009278e-08	9.627308381473323e-08	2.655102704540569e-07	-1.219260889408921e-07	-1.08319708766774e-06	3.449666182680762e-07	1.327982190323772e-06	-2.975329578065652e-08	-6.981874814140234e-08	-1.213045507149118e-07	-2.650874479545675e-07	1.047197539048063	-4.447007498769353e-08	4.667876835011642e-08	-5.41773167613692e-08
0.67	5.989023654862065e-07	2.319919510534589e-06	-4.769986199612124e-09	2.097236687883184e-07	6.373190552890682e-08	4.557277892520075e-07	-2.028978486322458e-08	-4.478044062213167e-08	0.9690000101468447	1.202912193241392e-07	-7.477723766258302e-08	-3.276744510561152e-07	-5.70877986630084e-07	-2.417978602676363e-06	-3.059361964001374e-07	-1.020945570889619e-06	7.723759424074592e-08	5.267827255555006e-07	0.159525041669062	0.04794536038906651	-0.002631186747722262	-0.0003520910585433031	-0.06260763002484734	0.0613110756128224	0.05308871498843692	-0.0005349904178272577	0.003935233891891793	-0.01225060030984822	0.004494545414998588	-0.0007078611484935617	0.09040175697756314	0.2598595346487643	0.0009299561899688483	0.01853333397161248	0.02461759848733918	0.03311590279639933	0.002761498428851076	0.002430308863937226	0.0005532869181583189	0.0005219074408488815	-0.0005679278082134906	-0.0006507412551533504	-1.085858348806782e-06	-5.399659235061809e-06	1.62991216921987e-07	7.588615609379936e-07	3.586739582724955e-08	-1.025579067847967e-06	-7.810483832976845e-07	-3.041776837978551e-06	-1.489249229561567e-09	1.248600587867418e-10	1.99551053229563e-07	5.989829608248644e-07	0.001136828150836441	-6.299886821193135e-08	0.04435015821916301	5.411666158900379e-07	-0.4187120958403052	-5.476675809898916e-07	5.05941601037009e-08	1.007662029024179e-07	-2.062578953787636e-07	-6.583566843373376e-07	1.100810600829346e-07	3.772870061977833e-07	8.407368638307814e-08	7.237242150884866e-08	-6.306552531935651e-07	-2.329880536875772e-06	1.954624661251984e-07	8.614618814045738e-07	2.051921395448102e-07	5.106544605042322e-07	1.177840952139872e-07	6.64086623084952e-07	4.197088192413766e-08	2.211233104245397e-07	-9.74599669831704e-09	-2.059475390833445e-08	7.470329472360006e-08	4.271261101643202e-07	3.200726904729496e-07	4.71057152145269e-07	3.233552712964486e-08	1.352480154242733e-07	-6.84784355784624e-08	-3.443570496248134e-07	1.047197557435409	3.683151398418726e-08	9.888479977532156e-08	2.65051582357995e-07	-1.319316643300405e-07	-1.090884296789719e-06	3.576050015811347e-07	1.331623680174652e-06	-3.045316173640601e-08	-6.99494127729293e-08	-1.240114140175861e-07	-2.650908818045491e-07	1.047197538622729	-4.448435193732625e-08	4.630670353278388e-08	-5.625234543195413e-08
0.68	6.211178347570511e-07	2.32303935425097e-06	-2.886430467082393e-09	2.108046759696961e-07	6.800565159265576e-08	4.586439104242994e-07	-2.073202987046737e-08	-4.465523993271621e-08	0.9690000112630808	1.212346197999168e-07	-7.792751280588574e-08	-3.291701028249915e-07	-5.938787399556377e-07	-2.420180631777512e-06	-3.158695165905527e-07	-1.024845695574972e-06	8.221668572821274e-08	5.289555538789007e-07	0.1599969020286687	0.04825783802131301	-0.002625378905527822	0.0001153881414002341	-0.06198374197686492	0.06270708326984485	0.05308222979321425	-0.000597435622879856	0.003810939260164637	-0.01246928445998939	0.004487493698295169	-0.0007165433862652732	0.09302152959822953	0.2637380428076349	0.001119293304368642	0.01898914888442599	0.02492952762387002	0.03251533117225066	0.002785144741592221	0.002429517670207817	0.0005581527789234683	0.0005103905543444321	-0.0005746057137856286	-0.00066577144612223	-1.137003656374076e-06	-5.420626404437059e-06	1.701832598526767e-07	7.610295650976739e-07	2.637863170150753e-08	-1.047190575006145e-06	-8.101032819055104e-07	-3.043745910885268e-06	-1.538930442893179e-09	-2.717234707031991e-10	2.05270791422675e-07	5.972418896971768e-07	0.001136827497956674	-6.419478989132907e-08	0.04435016356959034	5.441880342232325e-07	-0.4187121011525746	-5.538982274981286e-07	5.165940967534465e-08	1.028210138381201e-07	-2.126893064939046e-07	-6.613409760670463e-07	1.137521787901634e-07	3.774612642393254e-07	8.483407257804701e-08	6.797085942648786e-08	-6.530107030573533e-07	-2.329900309986411e-06	2.037411370285303e-07	8.656204702126911e-07	2.102088037697573e-07	5.098491573455683e-07	1.240081327343891e-07	6.648601692740544e-07	4.407332672152482e-08	2.219923346608719e-07	-9.957223151480515e-09	-2.063104349756841e-08	7.883804505997415e-08	4.320974124975296e-07	3.25051455314607e-07	4.698376007041303e-07	3.36333648753682e-08	1.35738782136118e-07	-7.172070026260451e-08	-3.448988075286168e-07	1.047197557784581	3.700473211278787e-08	1.014981626782073e-07	2.644921848558373e-07	-1.421609211826738e-07	-1.097113671262858e-06	3.703896371698582e-07	1.334062504386264e-06	-3.115384965342261e-08	-7.006864199694178e-08	-1.267081852295709e-07	-2.651621848065116e-07	1.04719753819393	-4.446685606471713e-08	4.588285592632446e-08	-5.804340505699634e-08
0.6900000000000001	6.435882850478732e-07	2.323940159140354e-06	-9.440965574837696e-10	2.11340230992095e-07	7.237643103164751e-08	4.609582175873123e-07	-2.117419457769141e-08	-4.452269754270164e-08	0.9690000124095478	1.219929360998985e-07	-8.112311075328769e-08	-3.303883339878263e-07	-6.171675156310653e-07	-2.419713755229085e-06	-3.259089656806328e-07	-1.028139252600528e-06	8.72850804916792e-08	5.304892534295467e-07	0.1604737239310728	0.04853846445607173	-0.002616356120496758	0.0006040987219496337	-0.06134672926426709	0.06411232808402452	0.05307529153413559	-0.0006624059009056526	0.003684605455770821	-0.01268994468959706	0.004480342175503523	-0.0007249205562467485	0.09567961421253789	0.2676165516479866	0.001312786426010042	0.01944793426435064	0.02523887811247509	0.03186757173892203	0.002808916049243469	0.002426560134437002	0.0005629638154627098	0.0004979011582076411	-0.0005814138228625072	-0.0006810809057026313	-1.189026129569895e-06	-5.435327216751295e-06	1.774877256475027e-07	7.622664179386751e-07	1.646892025907484e-08	-1.067337664878916e-06	-8.39484718107385e-07	-3.042637118817949e-06	-1.581358488537846e-09	-7.630649459564775e-10	2.110303762650471e-07	5.948515535583883e-07	0.001136826836515747	-6.544925598732654e-08	0.04435016896834615	5.470948528509073e-07	-0.4187121065730265	-5.598070701818461e-07	5.273541449656592e-08	1.050241777809591e-07	-2.191869046243187e-07	-6.638965182967087e-07	1.174479377104175e-07	3.774031637032158e-07	8.553716072124075e-08	6.369178950668157e-08	-6.755750461020542e-07	-2.327686105526889e-06	2.121422946469628e-07	8.690416503674547e-07	2.152359495228569e-07	5.088159221952752e-07	1.303354409951308e-07	6.647711623714091e-07	4.621006155251428e-08	2.22624464069823e-07	-1.016759308101462e-08	-2.067444703104659e-08	8.306091171469026e-08	4.368327687986615e-07	3.299558218967699e-07	4.69185045706914e-07	3.494904192053203e-08	1.361106356342792e-07	-7.501354409349442e-08	-3.449592561564392e-07	1.047197558139894	3.712962765589462e-08	1.041131725233904e-07	2.638320779475838e-07	-1.526138594987921e-07	-1.101885211087155e-06	3.833205250342466e-07	1.335298662958606e-06	-3.185535953170629e-08	-7.017643581343975e-08	-1.293948643508662e-07	-2.653013569604551e-07	1.047197537761664	-4.441758736986613e-08	4.540722553073815e-08	-5.955049563649582e-08
0.7000000000000001	6.663137163586729e-07	2.322621925202742e-06	1.057015529183747e-09	2.113303338555149e-07	7.684424384588209e-08	4.626707107410464e-07	-2.161627898489671e-08	-4.438281345208795e-08	0.9690000135862458	1.225661682240842e-07	-8.436403150478887e-08	-3.313291445446195e-07	-6.40744313656367e-07	-2.41657797303108e-06	-3.360545436703777e-07	-1.030826241966287e-06	9.244277853114536e-08	5.313838242074388e-07	0.1609555073762743	0.04878723969334268	-0.00260411839262907	0.001114040683104896	-0.06069659188705386	0.0655268100553614	0.05306790021120094	-0.0007299012519046476	0.003556232478710344	-0.01291258099867123	0.004473090846623645	-0.0007329926584379876	0.09837601082048823	0.2714950611698195	0.001510435554893047	0.01990969011138642	0.0255456499531544	0.03117262449641344	0.002832812351804821	0.002421436256624781	0.0005677200277760437	0.0004844392524385087	-0.0005883521354441262	-0.0006966696338945544	-1.24192576839424e-06	-5.44376167200452e-06	1.849046143064652e-07	7.62572119460997e-07	6.138261499951467e-09	-1.08602033746628e-06	-8.691926919033082e-07	-3.038450461776594e-06	-1.616533366495571e-09	-1.349164366973094e-09	2.168298077566794e-07	5.918119524084987e-07	0.001136826166513658	-6.676226649992375e-08	0.04435017441543046	5.498870717730624e-07	-0.4187121121016609	-5.653941090410438e-07	5.382217456736472e-08	1.073756947309349e-07	-2.257506897700061e-07	-6.660233110263249e-07	1.211683368436969e-07	3.771127045894544e-07	8.618295081265936e-08	5.953521174942978e-08	-6.983482823276674e-07	-2.323237923497205e-06	2.206659389804962e-07	8.717254218688645e-07	2.202735768041092e-07	5.075547550533534e-07	1.367660199962123e-07	6.638196023770165e-07	4.838108641710602e-08	2.23019698651393e-07	-1.037710648691936e-08	-2.072496450876901e-08	8.737189468774837e-08	4.413321790677158e-07	3.347857902194381e-07	4.690994871536201e-07	3.628255826513636e-08	1.363635759187572e-07	-7.835696707113219e-08	-3.445383955082804e-07	1.047197558501347	3.720620061350749e-08	1.067298293108708e-07	2.630712616332343e-07	-1.632904792783954e-07	-1.105198916262612e-06	3.963976651742999e-07	1.335332155891679e-06	-3.255769137125705e-08	-7.027279422242322e-08	-1.320714513814721e-07	-2.655083982663796e-07	1.047197537325933	-4.433654585277328e-08	4.487981234602494e-08	-6.077361717045257e-08
0.71	6.8929412868945e-07	2.319084652438132e-06	3.116905792920131e-09	2.107749845599561e-07	8.140909003535944e-08	4.637813898855015e-07	-2.205828309208326e-08	-4.423558766087515e-08	0.9690000147931747	1.229543161724739e-07	-8.765027506038925e-08	-3.319925344953712e-07	-6.646091340315423e-07	-2.410773285183499e-06	-3.463062505597875e-07	-1.03290666367225e-06	9.768977984661113e-08	5.316392662125767e-07	0.1614422523642733	0.04900416373312587	-0.002588665721924759	0.001645214024866016	-0.06003332984522522	0.06695052918385548	0.05306005582441027	-0.0007999216758768401	0.003425820328983209	-0.01313719338721191	0.004465739711655538	-0.0007407596928389904	0.1011107194220806	0.2753735713731335	0.001712240691017657	0.02037441642553333	0.02584984314590795	0.0304304894447249	0.002856833649276276	0.002414146036771154	0.0005724214158634697	0.0004700048370370349	-0.0005954206515304857	-0.0007125376306979991	-1.29570257284711e-06	-5.445929770196732e-06	1.92433925829564e-07	7.619466696646401e-07	-4.613344575862453e-09	-1.103238592768236e-06	-8.992272032932796e-07	-3.031185939761203e-06	-1.644455076766351e-09	-2.03002173375304e-09	2.226690858975717e-07	5.881230862475083e-07	0.001136825487950407	-6.813382142912071e-08	0.04435017991084327	5.525646909896978e-07	-0.4187121177384779	-5.70659344075722e-07	5.491968988774105e-08	1.098755646880473e-07	-2.323806619309665e-07	-6.677213542558943e-07	1.249133761900014e-07	3.765898868980413e-07	8.677144285230283e-08	5.550112615473255e-08	-7.213304117341927e-07	-2.316555763897359e-06	2.293120700291301e-07	8.736717847169208e-07	2.253216856135141e-07	5.060656559198025e-07	1.432998697376335e-07	6.620054892908765e-07	5.058640131530003e-08	2.231780384055818e-07	-1.058576336919472e-08	-2.078259593073564e-08	9.177099397914844e-08	4.455956433046925e-07	3.395413602826117e-07	4.695809250442488e-07	3.763391390918116e-08	1.364976029895518e-07	-8.175096919551773e-08	-3.436362255841406e-07	1.047197558868942	3.72344509856265e-08	1.093481330406486e-07	2.622097359127891e-07	-1.741907805214836e-07	-1.107054786789227e-06	4.09621057590018e-07	1.334162983185483e-06	-3.326084517207489e-08	-7.035771722389219e-08	-1.347379463213886e-07	-2.65783308724285e-07	1.047197536886735	-4.422373151343857e-08	4.430061637218485e-08	-6.171276965886659e-08
0.72	7.118400637731599e-07	2.321180184892586e-06	5.200529741317013e-09	2.130833047419424e-07	8.579780482518765e-08	4.655747020372863e-07	-2.250402067318005e-08	-4.420308502775828e-08	0.9690000159731834	1.238993591382596e-07	-9.087255305635277e-08	-3.331516804045145e-07	-6.880005055661911e-07	-2.412504383993756e-06	-3.563679929814664e-07	-1.035354972930119e-06	1.028273000226199e-07	5.336350989752433e-07	0.1619272881035806	0.04929076530447109	-0.002563163345104298	0.002151946165238765	-0.05935500342401669	0.06834239880079104	0.05304988536210071	-0.0008809333482071629	0.003293261724534695	-0.01335218475980049	0.004458082783271491	-0.0007525318579106694	0.1038851445571354	0.2792520801514345	0.001912764268087043	0.02074476970552597	0.02613609459090577	0.02974748687232211	0.002880403066194579	0.002410298944306727	0.0005765066043298946	0.0004532026448259157	-0.0006030543585202629	-0.0007325452914566656	-1.348063559862601e-06	-5.460871541513557e-06	1.998046854932387e-07	7.638014787156601e-07	-1.469747471308274e-08	-1.118132243455862e-06	-9.286814890929305e-07	-3.032242463322991e-06	-1.740102149253644e-09	-2.99928719073117e-09	2.284018370191977e-07	5.86485581372611e-07	0.001136824831429799	-6.881800378716875e-08	0.0443501853188037	5.544817484466901e-07	-0.4187121232746114	-5.758421138885803e-07	5.597527819616922e-08	1.109118840844833e-07	-2.390221038614615e-07	-6.712637461852931e-07	1.286309983081871e-07	3.768985400043461e-07	8.730689067669925e-08	5.067974458900997e-08	-7.441209248434464e-07	-2.318727446514387e-06	2.377185088179666e-07	8.760091835655437e-07	2.304276468837728e-07	5.06522747756466e-07	1.496319185972027e-07	6.6222854501826e-07	5.271810354967305e-08	2.235569880334195e-07	-1.078959769207611e-08	-2.07222867679105e-08	9.600795578163179e-08	4.487178174341326e-07	3.444086067899633e-07	4.685579024908673e-07	3.896660837362898e-08	1.36975633117918e-07	-8.507625172846384e-08	-3.442192317239184e-07	1.047197559231377	3.741578195715953e-08	1.119580069570941e-07	2.617674689091681e-07	-1.848877833936437e-07	-1.113505382846933e-06	4.225942503393677e-07	1.335772251574337e-06	-3.39631320848374e-08	-7.043702617591111e-08	-1.374187698876984e-07	-2.657761781169829e-07	1.047197536452343	-4.422930388535839e-08	4.378610164339834e-08	-6.320738128268307e-08
0.73	7.342491010125611e-07	2.325519561734879e-06	7.323013045672163e-09	2.167838719397836e-07	9.012828978309379e-08	4.674962626972263e-07	-2.295184565238772e-08	-4.42326207283114e-08	0.9690000171509393	1.250810489850085e-07	-9.407803581112149e-08	-3.34472868933232e-07	-7.112470894032543e-07	-2.417366787874894e-06	-3.663675687901098e-07	-1.0377505818468e-06	1.079411370696631e-07	5.363442900635716e-07	0.1624134937969589	0.04960322325097544	-0.002530561237346656	0.002653950001032016	-0.05866244983024516	0.0697201524615146	0.05303819724113901	-0.0009692821544479128	0.003158602969733459	-0.01356256057781639	0.004450208968355193	-0.0007664488143909163	0.1066986800074944	0.2831305884139133	0.002114353212388718	0.0210627647075194	0.02641103520736435	0.0290777275217184	0.002903769589719689	0.002407473857253942	0.000580217890298698	0.0004346348917668078	-0.0006110655100385237	-0.0007550264179455131	-1.399998411577982e-06	-5.48036905445433e-06	2.071338496097915e-07	7.666641363924344e-07	-2.458390693561235e-08	-1.131072557876839e-06	-9.579469204116456e-07	-3.03670011032009e-06	-1.871112848353044e-09	-4.173378747409335e-09	2.340912379531971e-07	5.857338113797062e-07	0.001136824183742822	-6.913676131526045e-08	0.0443501906979166	5.559170499999683e-07	-0.4187121288002107	-5.808391167399011e-07	5.701167786082917e-08	1.111803720434178e-07	-2.456986322560551e-07	-6.756693872511933e-07	1.323436718856064e-07	3.775795009317376e-07	8.778745827314999e-08	4.546374377015513e-08	-7.668926868990751e-07	-2.324967320138009e-06	2.460415766331419e-07	8.782505666202876e-07	2.355710146872125e-07	5.079876500355683e-07	1.558938395643808e-07	6.632372108296812e-07	5.482276536656695e-08	2.2395908239133e-07	-1.099032124960611e-08	-2.059801222639602e-08	1.001907929830869e-07	4.510894600590489e-07	3.493072174124744e-07	4.669244879716057e-07	4.029639575306617e-08	1.375978654542444e-07	-8.838430559981573e-08	-3.454386525725741e-07	1.047197559593531	3.766326522171987e-08	1.145638003226142e-07	2.615200354310754e-07	-1.955657780980508e-07	-1.121938338568795e-06	4.354883573791638e-07	1.338441662183684e-06	-3.466528103948383e-08	-7.050820850253612e-08	-1.401033817725226e-07	-2.656380323708086e-07	1.047197536019188	-4.428845210697348e-08	4.328600072595576e-08	-6.489514361993622e-08
0.74	7.567582967386814e-07	2.329403084621642e-06	9.496405048476878e-09	2.207045283800357e-07	9.449446711205546e-08	4.69104440643084e-07	-2.34004467403967e-08	-4.428222522074673e-08	0.9690000183460925	1.262442711196489e-07	-9.730429992616596e-08	-3.356902589010461e-07	-7.346107020662372e-07	-2.42185181902393e-06	-3.764067837231663e-07	-1.039758443635157e-06	1.130996390030536e-07	5.389486896396092e-07	0.1629031630616308	0.04990662896518158	-0.002493209394270033	0.003166929129161835	-0.05795633599574291	0.07109791698907762	0.05302563545884015	-0.001062057170804976	0.003021880951352046	-0.01377230826881238	0.004442189091498179	-0.0007810285873988944	0.1095508428504447	0.2870090968848457	0.002318877121514965	0.02136187103273877	0.0266799472875601	0.02838465530431172	0.00292713156685434	0.00240374207259219	0.0005837482913865375	0.0004147813123609347	-0.0006193045444341831	-0.0007786536910210394	-1.452295524011828e-06	-5.497875778338072e-06	2.14514587377184e-07	7.693616980567582e-07	-3.464687364566613e-08	-1.142355294109557e-06	-9.873352694971046e-07	-3.040639595072503e-06	-2.011707317538997e-09	-5.485713704098561e-09	2.397876163357423e-07	5.849392203400444e-07	0.001136823534366976	-6.934656253777065e-08	0.04435019609486748	5.570926966842909e-07	-0.4187121343870904	-5.855680608743437e-07	5.804700261568346e-08	1.112352491232527e-07	-2.524290605370222e-07	-6.801567184454798e-07	1.360692958243251e-07	3.782669933879887e-07	8.821168304568901e-08	4.016593601367409e-08	-7.89783405014009e-07	-2.331463061378331e-06	2.544058014164746e-07	8.800079409275357e-07	2.407355014832522e-07	5.097128343900233e-07	1.621905253685966e-07	6.64034475783766e-07	5.693748693401481e-08	2.242270177075869e-07	-1.118929768325809e-08	-2.045276978587832e-08	1.044055503119768e-07	4.530218554951201e-07	3.541732141131006e-07	4.653929101929821e-07	4.163582600164509e-08	1.382051355674375e-07	-9.171614927656794e-08	-3.466183517749741e-07	1.047197559959288	3.790765235289262e-08	1.171689778265635e-07	2.612886549179428e-07	-2.063715730461883e-07	-1.1302726031093e-06	4.484396907202987e-07	1.340802391690958e-06	-3.536787271281969e-08	-7.056926264710993e-08	-1.427833854044231e-07	-2.654891810624845e-07	1.047197535584424	-4.434954684873485e-08	4.276026980870973e-08	-6.648743620692612e-08
0.75	7.793676509515207e-07	2.332830753552877e-06	1.172070574973114e-08	2.248452740626987e-07	9.88963368120726e-08	4.703992358748594e-07	-2.3849823937207e-08	-4.435189850506427e-08	0.9690000195586429	1.273890255421808e-07	-1.005513454014862e-07	-3.368038503079567e-07	-7.580913435551401e-07	-2.425959477440864e-06	-3.86485637780636e-07	-1.04137855829519e-06	1.183028058227916e-07	5.414482977033565e-07	0.1633962958975961	0.05020098244708952	-0.002451107815874431	0.003690883549628219	-0.05723666192050993	0.0724756923834801	0.05301220001520416	-0.001159258397278352	0.002883095669390457	-0.01398142783278846	0.00443402315270045	-0.0007962711769346033	0.1124416330859864	0.2908876055642316	0.002526335995465784	0.02164208868118409	0.026942830831493	0.02766827022010208	0.002950488997598534	0.002399103590321473	0.0005870978075934136	0.0003936419066082964	-0.0006277714617072407	-0.0008034271106832447	-1.504954897164141e-06	-5.513391713164784e-06	2.219468987954159e-07	7.718941637086313e-07	-4.488637484324407e-08	-1.151980452154016e-06	-1.016846536349307e-06	-3.044060917580228e-06	-2.161885556811501e-09	-6.936292060798839e-09	2.454909721668333e-07	5.841018082536254e-07	0.00113682288330226	-6.944740745469935e-08	0.04435020150965632	5.580086884996582e-07	-0.4187121400352503	-5.900289462919079e-07	5.90812524607321e-08	1.110765153239879e-07	-2.592133887043626e-07	-6.847257397681525e-07	1.398078701243432e-07	3.789610173730998e-07	8.85795649943163e-08	3.478632131956687e-08	-8.127930791882474e-07	-2.338214670235352e-06	2.628111831679647e-07	8.812813064872881e-07	2.459211072718919e-07	5.116983008198313e-07	1.6852197600985e-07	6.646203398805142e-07	5.906226825201663e-08	2.243607939821901e-07	-1.138652699303204e-08	-2.02865594463574e-08	1.086522277683014e-07	4.545150037423461e-07	3.590065968918416e-07	4.639631691549964e-07	4.298489911936576e-08	1.387974434574975e-07	-9.507178275872051e-08	-3.477583293311185e-07	1.047197560328648	3.814894335067778e-08	1.19773539468942e-07	2.610733273697701e-07	-2.173051682380561e-07	-1.138508176468448e-06	4.614482503627723e-07	1.342854440096159e-06	-3.607090710484495e-08	-7.062018860963248e-08	-1.454587807834e-07	-2.653296241920105e-07	1.047197535148051	-4.441258811064254e-08	4.220890889166025e-08	-6.798425904365276e-08
0.76	8.02077163651079e-07	2.335802568528584e-06	1.399591514943498e-08	2.292061089877725e-07	1.033338988831452e-07	4.713806483925524e-07	-2.429997724281862e-08	-4.4441640581264e-08	0.9690000207885907	1.285153122526042e-07	-1.038191722370822e-07	-3.378136431539639e-07	-7.81689013869963e-07	-2.429689763125695e-06	-3.966041309625188e-07	-1.042610925826898e-06	1.23550637528877e-07	5.438431142548129e-07	0.1638928923048549	0.05048628369669925	-0.002404256502159849	0.004225813262431172	-0.05650342760454621	0.07385347864472205	0.05299789091023102	-0.00126088583386804	0.002742247123848691	-0.01418991926974463	0.004425711151962007	-0.0008121765829980435	0.1153710507141194	0.2947661144520712	0.002736729834241174	0.02190341765285535	0.02719968583916307	0.02692857226908948	0.002973841881952269	0.00239355841044179	0.0005902664389193259	0.000371216674508893	-0.0006364662618576968	-0.0008293466769321289	-1.55797653103492e-06	-5.526916858934466e-06	2.294307838644875e-07	7.742615333480539e-07	-5.53024105283462e-08	-1.159948032010217e-06	-1.046480720968253e-06	-3.046964077843267e-06	-2.321647566170557e-09	-8.525113817510175e-09	2.512013054464702e-07	5.832215751204494e-07	0.001136822230548675	-6.943929606604655e-08	0.04435020694228316	5.586650254460701e-07	-0.4187121457446903	-5.942217729925939e-07	6.011442739597508e-08	1.107041706456235e-07	-2.660516167580765e-07	-6.893764512192116e-07	1.435593947856608e-07	3.796615728870706e-07	8.88911041190319e-08	2.932489968783345e-08	-8.359217094217908e-07	-2.345222146709073e-06	2.712577218876122e-07	8.820706632995445e-07	2.511278320531315e-07	5.13944049324992e-07	1.74888191488141e-07	6.649948031199262e-07	6.11971093205724e-08	2.243604112151397e-07	-1.158200917892796e-08	-2.009938120783325e-08	1.129308253520609e-07	4.555689048007269e-07	3.638073657486977e-07	4.626352648576488e-07	4.434361510622815e-08	1.393747891244243e-07	-9.845120604627344e-08	-3.488585852410073e-07	1.047197560701611	3.838713821507535e-08	1.223774852497496e-07	2.608740527865574e-07	-2.283665636736543e-07	-1.146645058646239e-06	4.745140363065846e-07	1.344597807399286e-06	-3.677438421555964e-08	-7.066098639010382e-08	-1.481295679094532e-07	-2.651593617593866e-07	1.04719753471007	-4.447757589269653e-08	4.163191797480734e-08	-6.938561213011616e-08
0.77	8.248868348373565e-07	2.338318529548762e-06	1.632203324758836e-08	2.337870331552571e-07	1.078071533252734e-07	4.720486781961633e-07	-2.475090665723155e-08	-4.455145144934593e-08	0.9690000220359357	1.296231312509192e-07	-1.07107780432954e-07	-3.387196374390676e-07	-8.054037130107055e-07	-2.433042676078424e-06	-4.067622632688146e-07	-1.043455546230283e-06	1.288431341213097e-07	5.461331392939787e-07	0.1643929522834072	0.05076253271401077	-0.002352655453126287	0.004771718267570691	-0.05575663304785177	0.07523127577280349	0.05298270814392075	-0.001366939480574042	0.002599335314726748	-0.0143977825796809	0.004417253089282848	-0.0008287448055892147	0.1183390957348439	0.2986446235483642	0.002950058637841136	0.02214585794775255	0.0274505123105703	0.02616556145127393	0.002997190219915546	0.002387106532953141	0.0005932541853642746	0.0003475056160627246	-0.0006453889448855513	-0.0008564123897676919	-1.611360425624165e-06	-5.538451215647118e-06	2.369662425843986e-07	7.764638069750261e-07	-6.589498070097248e-08	-1.166258033678159e-06	-1.076237823353943e-06	-3.049349075861619e-06	-2.490993345616165e-09	-1.025217897423256e-08	2.56918616174653e-07	5.82298520940516e-07	0.001136821576106219	-6.932222837181224e-08	0.04435021239274797	5.590617075235265e-07	-0.4187121515154107	-5.981465409764018e-07	6.114652742141239e-08	1.101182150881594e-07	-2.729437446981637e-07	-6.941088527986568e-07	1.473238698082778e-07	3.803686599299012e-07	8.914630041983577e-08	2.378167111847384e-08	-8.591692957146391e-07	-2.352485490799493e-06	2.797454175754171e-07	8.823760113643049e-07	2.563556758269711e-07	5.164500799055057e-07	1.812891718034696e-07	6.651578655020016e-07	6.334201013968216e-08	2.242258694064357e-07	-1.177574424094585e-08	-1.989123507030589e-08	1.172413430632552e-07	4.561835586702626e-07	3.685755206836688e-07	4.614091973009391e-07	4.571197396223227e-08	1.39937172568218e-07	-1.018544191392267e-07	-3.499191195046404e-07	1.047197561078178	3.862223694608534e-08	1.249808151689865e-07	2.606908311683046e-07	-2.395557593529829e-07	-1.154683249642673e-06	4.876370485517358e-07	1.34603249360034e-06	-3.747830404496374e-08	-7.069165598852391e-08	-1.507957467825827e-07	-2.649783937646129e-07	1.047197534270481	-4.454451019489683e-08	4.102929705815098e-08	-7.06914954663163e-08
0.78	8.477966645103527e-07	2.340378636613411e-06	1.869906004419131e-08	2.385880465651526e-07	1.12316100138457e-07	4.724033252856916e-07	-2.520261218044579e-08	-4.468133110931007e-08	0.969000023300678	1.307124825371256e-07	-1.104171699891015e-07	-3.395218331632679e-07	-8.292354409773681e-07	-2.43601821629905e-06	-4.169600346995235e-07	-1.043912419505344e-06	1.341802956000899e-07	5.483183728208539e-07	0.164896475833253	0.05102972949902409	-0.002296304668773745	0.005328598565046778	-0.0549962782504266	0.07660908376772436	0.05296665171627331	-0.001477419337396356	0.00245436024202463	-0.01460501776259726	0.004408648964662973	-0.0008459758447081168	0.1213457681481597	0.3025231328531109	0.00316632240626567	0.02236940956587569	0.02769531024571469	0.02537923776665542	0.003020534011488364	0.002379747957855526	0.0005960610469282597	0.0003225087312697909	-0.0006545395107908042	-0.000884624249189934	-1.665106580931876e-06	-5.54799478330274e-06	2.445532749551493e-07	7.785009845895475e-07	-7.666408536112294e-08	-1.170910457157842e-06	-1.106117843506376e-06	-3.051215911635283e-06	-2.669922895148324e-09	-1.211748753096601e-08	2.626429043513816e-07	5.813326457138257e-07	0.001136820919974895	-6.909620437199643e-08	0.04435021786105075	5.591987347320275e-07	-0.4187121573474113	-6.018032502433312e-07	6.217755253704405e-08	1.093186486515957e-07	-2.798897725246244e-07	-6.989229445064883e-07	1.511012951921941e-07	3.810822785015917e-07	8.934515389672792e-08	1.815663561148803e-08	-8.825358380667923e-07	-2.360004702506612e-06	2.882742702313793e-07	8.821973506815695e-07	2.616046385934106e-07	5.19216392561372e-07	1.877249169558359e-07	6.651095270267408e-07	6.549697070934587e-08	2.239571685560779e-07	-1.196773217908571e-08	-1.96621210337753e-08	1.215837809018843e-07	4.563589653509531e-07	3.733110616967548e-07	4.602849664848674e-07	4.708997568737814e-08	1.404845937888783e-07	-1.052814220375803e-07	-3.509399321220179e-07	1.047197561458348	3.885423954370775e-08	1.275835292266526e-07	2.605236625150118e-07	-2.508727552760417e-07	-1.16262274945775e-06	5.008172870982257e-07	1.347158498699321e-06	-3.818266659305726e-08	-7.071219740489278e-08	-1.534573174027886e-07	-2.647867202076892e-07	1.047197533829283	-4.461339101724343e-08	4.040104614169119e-08	-7.190190905225319e-08
0.79	8.708066526700683e-07	2.341982889722532e-06	2.112699553924382e-08	2.436091492174589e-07	1.168607393226961e-07	4.724445896611377e-07	-2.565509381246135e-08	-4.483127956115642e-08	0.9690000245828175	1.317833661112235e-07	-1.137473409055248e-07	-3.402202303265648e-07	-8.531841977699504e-07	-2.438616383787574e-06	-4.271974452546457e-07	-1.04398154565208e-06	1.395621219652174e-07	5.503988148354384e-07	0.1654034629543924	0.0512878740517392	-0.002235204149102222	0.005896454154859432	-0.0542223632122707	0.07798690262948473	0.05294972162728874	-0.001592325404334984	0.002307321905742335	-0.01481162481849372	0.004399898778102383	-0.0008638697003547503	0.124391067954067	0.3064016423663111	0.003385521139514776	0.02257407250722478	0.02793407964459624	0.02456960121523394	0.003043873256670725	0.002371482685148945	0.000598687023611281	0.0002962260201300922	-0.0006639179595734554	-0.0009139822551988547	-1.719214996958053e-06	-5.555547561901332e-06	2.521918809767396e-07	7.803730661916185e-07	-8.760972450879756e-08	-1.173905302449267e-06	-1.136120781425552e-06	-3.052564585164261e-06	-2.858436214767036e-09	-1.412103948771051e-08	2.68374169976656e-07	5.803239494403781e-07	0.001136820262154701	-6.876122406659912e-08	0.04435022334719152	5.590761070715731e-07	-0.4187121632406922	-6.051919007933825e-07	6.320750274287005e-08	1.083054713359323e-07	-2.868897002374585e-07	-7.038187263427061e-07	1.5489167093741e-07	3.818024286021419e-07	8.948766454970837e-08	1.244979316687603e-08	-9.0602133647825e-07	-2.367779781830431e-06	2.96844279855499e-07	8.815346812513383e-07	2.668747203524501e-07	5.222429872925914e-07	1.941954269452398e-07	6.648497876941434e-07	6.766199102956354e-08	2.235543086640667e-07	-1.215797299334754e-08	-1.941203909824149e-08	1.259581388679482e-07	4.560951248427985e-07	3.780139887879558e-07	4.592625724094336e-07	4.847762028166573e-08	1.410170527864056e-07	-1.087322147413343e-07	-3.519210230931397e-07	1.047197561842121	3.908314600794256e-08	1.301856274227478e-07	2.603725468266789e-07	-2.62317551442831e-07	-1.17046355809147e-06	5.140547519460544e-07	1.347975822696229e-06	-3.88874718598402e-08	-7.072261063921043e-08	-1.561142797700709e-07	-2.645843410886158e-07	1.047197533386477	-4.468421835973634e-08	3.974716522542795e-08	-7.301685288792681e-08
0.8	8.939167993165027e-07	2.343131288876124e-06	2.360583973274588e-08	2.488503411121761e-07	1.214410708779908e-07	4.721724713225014e-07	-2.610835155327822e-08	-4.500129680488497e-08	0.9690000258823543	1.32835781973213e-07	-1.170982931822238e-07	-3.408148289289582e-07	-8.772499833884528e-07	-2.440837178543995e-06	-4.374744949341808e-07	-1.043662924670493e-06	1.449886132166924e-07	5.523744653377323e-07	0.1659139136468252	0.05153696637215611	-0.00216935389411172	0.006475285037008654	-0.05343488793338407	0.07936473235808453	0.05293191787696702	-0.001711657681389924	0.002158220305879864	-0.01501760374737027	0.004391002529601078	-0.0008824263725291147	0.1274749951525656	0.3102801520879649	0.003607654837588453	0.02275984677179981	0.02816682050721495	0.0237366517970095	0.003067207955462627	0.002362310714833398	0.0006011321154133387	0.0002686574826436282	-0.000673524291233505	-0.0009444864077944546	-1.773685673702696e-06	-5.561109551442894e-06	2.598820606491695e-07	7.82080051781239e-07	-9.873189814399636e-08	-1.175242569552432e-06	-1.166246637111473e-06	-3.053395096448552e-06	-3.0565333044723e-09	-1.626283484446606e-08	2.741124130504764e-07	5.792724321201734e-07	0.001136819602645637	-6.831728745562032e-08	0.04435022885117025	5.586938245421632e-07	-0.4187121691952532	-6.083124926265555e-07	6.423637803889039e-08	1.070786831411694e-07	-2.939435278366659e-07	-7.087961983073103e-07	1.586949970439252e-07	3.825291102315519e-07	8.957383237877707e-08	6.661143784637837e-09	-9.296257909490129e-07	-2.37581072877095e-06	3.05455446447776e-07	8.803880030736112e-07	2.721659211040896e-07	5.255298640991634e-07	2.007007017716813e-07	6.643786475042097e-07	6.983707110033517e-08	2.230172897304017e-07	-1.234646668373133e-08	-1.914098926370445e-08	1.303644169614469e-07	4.553920371457987e-07	3.826843019572719e-07	4.583420150746379e-07	4.987490774509506e-08	1.415345495607997e-07	-1.122067972504886e-07	-3.528623924180059e-07	1.047197562229498	3.930895633878978e-08	1.327871097572722e-07	2.60237484103306e-07	-2.738901478533506e-07	-1.178205675543833e-06	5.27349443095222e-07	1.348484465591063e-06	-3.959271984531257e-08	-7.072289569147682e-08	-1.587666338844295e-07	-2.643712564073924e-07	1.047197532942062	-4.475699222237555e-08	3.906765430936128e-08	-7.403632697333721e-08
0.8100000000000001	9.171271044496563e-07	2.343823834074186e-06	2.61355926246975e-08	2.543116222493041e-07	1.260570948043409e-07	4.715869702697828e-07	-2.65623854028964e-08	-4.519138284049571e-08	0.9690000271992885	1.33869730123094e-07	-1.204700268191986e-07	-3.413056289704482e-07	-9.014327978328749e-07	-2.442680600568315e-06	-4.477911837381291e-07	-1.042956556560581e-06	1.504597693545147e-07	5.542453243277355e-07	0.1664278279105514	0.05177700646027482	-0.002098753903802237	0.007065091211494442	-0.05263385241376671	0.08074257295352383	0.05291324046530817	-0.001835416168561177	0.002007055442437216	-0.01522295454922691	0.004381960219159058	-0.0009016458612312102	0.1305975497436555	0.3141586620180723	0.003832723500486703	0.02292673235960078	0.02839353283357082	0.02288038951198211	0.003090538107864071	0.002352232046908885	0.0006033963223344328	0.0002398031188103992	-0.0006833585057709531	-0.0009761367069767333	-1.828518611165805e-06	-5.564680751927426e-06	2.676238139724389e-07	7.836219413584088e-07	-1.100306062667193e-07	-1.174922258467339e-06	-1.196495410564137e-06	-3.053707445488156e-06	-3.264214164264115e-09	-1.854287360123267e-08	2.798576335728425e-07	5.781780937532115e-07	0.001136818941447703	-6.776439453906001e-08	0.04435023437298698	5.580518871437979e-07	-0.4187121752110946	-6.111650257428503e-07	6.526417842510506e-08	1.056382840673067e-07	-3.010512553222469e-07	-7.138553604003006e-07	1.625112735117398e-07	3.832623233898218e-07	8.960365738393408e-08	7.906874647734496e-10	-9.533492014790805e-07	-2.384097543328167e-06	3.141077700082104e-07	8.787573161483881e-07	2.774782408483289e-07	5.290770229810883e-07	2.072407414351605e-07	6.636961064569395e-07	7.202221092166076e-08	2.223461117550831e-07	-1.25332132502371e-08	-1.884897153016419e-08	1.348026151823804e-07	4.542497022599537e-07	3.873220012047028e-07	4.5752329448048e-07	5.128183807766613e-08	1.420370841120606e-07	-1.157051695650433e-07	-3.537640400966164e-07	1.047197562620479	3.953167053624943e-08	1.353879762302259e-07	2.60118474344893e-07	-2.855905445076006e-07	-1.185849101814839e-06	5.407013605457282e-07	1.348684427383825e-06	-4.029841054947434e-08	-7.0713052561692e-08	-1.614143797458644e-07	-2.641474661640192e-07	1.047197532496039	-4.483171260516106e-08	3.836251339349116e-08	-7.496033130848434e-08
0.8200000000000001	9.404375680695288e-07	2.34406052531672e-06	2.871625421509868e-08	2.59992992628843e-07	1.307088111017465e-07	4.706880865029818e-07	-2.70171953613159e-08	-4.540153766798867e-08	0.9690000285336198	1.348852105608665e-07	-1.238625418164492e-07	-3.416926304510348e-07	-9.257326411032169e-07	-2.444146649860532e-06	-4.581475116664906e-07	-1.041862441322345e-06	1.559755903786845e-07	5.560113918054481e-07	0.1669452057455712	0.05200799431609533	-0.002023404178173775	0.007665872678316797	-0.05181925665341863	0.08212042441580257	0.05289368939231216	-0.001963600865848743	0.001853827315414391	-0.01542767722406365	0.004372771846776322	-0.0009215281664610368	0.1337587317273369	0.3180371721566332	0.004060727128209524	0.02307472927062769	0.02861421662366385	0.02200081436015175	0.003113863713875057	0.002341246681375407	0.0006054796443745632	0.000209662928630405	-0.0006934206031857995	-0.001008933152745691	-1.88371380934738e-06	-5.566261163354928e-06	2.75417140946548e-07	7.849987349231281e-07	-1.215058488769665e-07	-1.172944369193987e-06	-1.226867101783544e-06	-3.053501632283073e-06	-3.481478794142483e-09	-2.096115575801034e-08	2.856098315437544e-07	5.770409343394925e-07	0.0011368182785609	-6.71025453169182e-08	0.04435023991264167	5.571502948764773e-07	-0.4187121812882162	-6.137495001422666e-07	6.629090390151408e-08	1.039842741143445e-07	-3.082128826942011e-07	-7.189962126216771e-07	1.663405003408539e-07	3.840020680769514e-07	8.957713956517936e-08	-5.161575792717134e-09	-9.77191568068453e-07	-2.392640225502083e-06	3.228012505368022e-07	8.766426204756692e-07	2.828116795851683e-07	5.328844639383662e-07	2.138155459356773e-07	6.628021645523329e-07	7.42174104935403e-08	2.215407747381108e-07	-1.271821269286484e-08	-1.853598589762071e-08	1.392727335307487e-07	4.526681201852636e-07	3.919270865302488e-07	4.568064106269602e-07	5.269841127937893e-08	1.425246564401883e-07	-1.192273316849983e-07	-3.546259661289713e-07	1.047197563015062	3.975128860032148e-08	1.379882268416087e-07	2.6001551755144e-07	-2.974187414055809e-07	-1.193393836904489e-06	5.541105042975732e-07	1.348575708074512e-06	-4.100454397232553e-08	-7.069308124985594e-08	-1.640575173543757e-07	-2.639129703584962e-07	1.047197532048407	-4.490837950809288e-08	3.76317424778176e-08	-7.578886589336822e-08
0.8300000000000001	9.63753945093723e-07	2.344029344184744e-06	3.132356112990734e-08	2.653450364584027e-07	1.353730167711717e-07	4.699010986752194e-07	-2.747328684435541e-08	-4.560849368337149e-08	0.9690000298722868	1.358051720595646e-07	-1.272618405518565e-07	-3.420574767873762e-07	-9.500449475119741e-07	-2.445278490053763e-06	-4.68510436983478e-07	-1.040799059476216e-06	1.615093647258172e-07	5.576994429227019e-07	0.1674637040526952	0.0522189273621238	-0.001941041997942566	0.008284970841068629	-0.0509920164748679	0.08348396787272309	0.0528727777752885	-0.002094708171891351	0.00169850253952286	-0.01563286368499207	0.004363462673895535	-0.0009406603050326201	0.1369586730428299	0.3219156823007711	0.004290550719922736	0.02321966958418907	0.02882594494030335	0.0211078511287698	0.003136983519375667	0.00232857647500273	0.0006072942749642987	0.0001793935876459167	-0.0007037624386437052	-0.00104158065153233	-1.939031502751114e-06	-5.568031525574658e-06	2.83199606287202e-07	7.859358188331901e-07	-1.330868050374817e-07	-1.17179838618825e-06	-1.257254284739134e-06	-3.05313804350411e-06	-3.712563390475311e-09	-2.33076270512843e-08	2.913606694151403e-07	5.759851993030095e-07	0.001136817608027482	-6.658354324425724e-08	0.04435024544646626	5.561727135414042e-07	-0.4187121874059421	-6.163885497041964e-07	6.731372558483088e-08	1.024123372944325e-07	-3.153890103625533e-07	-7.236698996743253e-07	1.701780204884749e-07	3.847431825120598e-07	8.95335118896915e-08	-1.058705834409882e-08	-1.001061520376435e-06	-2.400417435157883e-06	3.314979036111022e-07	8.745996792864901e-07	2.881595097185877e-07	5.364799308968829e-07	2.203942765991838e-07	6.619336889978284e-07	7.641684813522319e-08	2.208258437078289e-07	-1.290332771370919e-08	-1.825746671952257e-08	1.437680127960254e-07	4.514167141462943e-07	3.965215218552627e-07	4.561219976139436e-07	5.411829379908066e-08	1.429781977926189e-07	-1.227536820352824e-07	-3.553886434588015e-07	1.047197563412788	3.997952007838915e-08	1.405917732076984e-07	2.599717611238078e-07	-3.09290817948548e-07	-1.200392937910209e-06	5.675294286710975e-07	1.348412727258769e-06	-4.171301568535925e-08	-7.070245443653233e-08	-1.666984852042685e-07	-2.636830869143028e-07	1.047197531599195	-4.499430397557084e-08	3.689102487412351e-08	-7.657994221252646e-08
0.84	9.867787702743581e-07	2.344323615933771e-06	3.388093101182435e-08	2.686336356204617e-07	1.399764763112599e-07	4.705683115174238e-07	-2.793225509325151e-08	-4.573881147301012e-08	0.9690000311740635	1.363864182449488e-07	-1.306237424058333e-07	-3.426578586573968e-07	-9.740396769407428e-07	-2.446212358291612e-06	-4.787756702357181e-07	-1.041087258843392e-06	1.669767828317286e-07	5.593939879475561e-07	0.1679759273205244	0.05237507822205301	-0.001844525554374329	0.008945557332518473	-0.05015502248384591	0.08478800874479855	0.05284896886901357	-0.002223992277780292	0.001540975740955572	-0.01584196033150742	0.004354112433072634	-0.0009545824856977105	0.1401977901291873	0.3257941918101473	0.004518675004476176	0.02341152400725625	0.02901947950733939	0.02023282537058432	0.003159262307067078	0.002311765378488558	0.0006085630706996869	0.0001526459046646326	-0.0007145476823258062	-0.001069991506453905	-1.993714920827518e-06	-5.57687489607164e-06	2.907741458415909e-07	7.855664315231916e-07	-1.445499430040075e-07	-1.179341855880383e-06	-1.287317891227058e-06	-3.053754165666607e-06	-3.970838637128479e-09	-2.49192943362106e-08	2.970838314287576e-07	5.754030438088491e-07	0.001136816911043048	-6.700215421518915e-08	0.04435025089975729	5.556988465214203e-07	-0.4187121934990125	-6.201005020110065e-07	6.832371468591703e-08	1.018557394685685e-07	-3.224552816128701e-07	-7.261440725289536e-07	1.740091349554249e-07	3.854693745938486e-07	8.959660516126405e-08	-1.356487827494799e-08	-1.024670666686957e-06	-2.404205521908246e-06	3.40077839202347e-07	8.743826450849113e-07	2.935004969733671e-07	5.383728445438959e-07	2.268795974842534e-07	6.618383024893059e-07	7.86021489069935e-08	2.209101120582512e-07	-1.309443754939678e-08	-1.818838114821548e-08	1.482671189182936e-07	4.529240105382508e-07	4.011746317868591e-07	4.552511162230313e-07	5.552149508325166e-08	1.433375215679523e-07	-1.26222352269674e-07	-3.558641871578091e-07	1.047197563812202	4.025332375202817e-08	1.432109615419641e-07	2.601233909718177e-07	-3.209418960009799e-07	-1.205435721346776e-06	5.808083811221711e-07	1.348998508141181e-06	-4.242980867070807e-08	-7.086575953158572e-08	-1.693449799020347e-07	-2.635061637111266e-07	1.047197531148493	-4.511256181780528e-08	3.618986173523737e-08	-7.751666160333299e-08
0.85	1.009828654171398e-06	2.344311827999805e-06	3.646987517418993e-08	2.717045186905209e-07	1.445971387707116e-07	4.712610275413031e-07	-2.839240219463518e-08	-4.587065712198425e-08	0.9690000324828292	1.36887797976769e-07	-1.339952715292905e-07	-3.432195000224119e-07	-9.980681113878162e-07	-2.446803249002398e-06	-4.890542131031251e-07	-1.04132117984439e-06	1.724675805513358e-07	5.610050774036145e-07	0.1684897470467277	0.05251340937851597	-0.001741456313786979	0.009622969158658158	-0.04930519803087588	0.08608065040282811	0.05282389832595177	-0.002356504439844746	0.001381359075536754	-0.01605129894864402	0.004344636260044106	-0.0009680415385969383	0.1434756397447109	0.3296727013663137	0.004748845758620093	0.02359710564277589	0.02920465319031093	0.01934239537301745	0.003181376177791699	0.00229342751617326	0.0006095810123522323	0.0001255340993167063	-0.0007256021299912102	-0.00109851650473087	-2.048569541020243e-06	-5.585465213397947e-06	2.983505071086732e-07	7.848131206404044e-07	-1.56133181361062e-07	-1.187211508298687e-06	-1.317418812392253e-06	-3.054139301907187e-06	-4.242073292852682e-09	-2.650182199656765e-08	3.02807327064747e-07	5.748770729939293e-07	0.001136816207622279	-6.751246000374397e-08	0.04435025635202623	5.551116798494754e-07	-0.4187121996368874	-6.238014883809706e-07	6.933037466424911e-08	1.013211483770994e-07	-3.295440569453193e-07	-7.282625768116457e-07	1.778494887906426e-07	3.861979850078325e-07	8.963461863877123e-08	-1.613954835737161e-08	-1.048325960041976e-06	-2.407435615142331e-06	3.486686636424067e-07	8.741244654655531e-07	2.988572422947119e-07	5.40149720125271e-07	2.333751092203353e-07	6.617202642063818e-07	8.079287038740608e-08	2.210391673833025e-07	-1.32852845667628e-08	-1.814250088148893e-08	1.52792759049749e-07	4.546051793436746e-07	4.058126298816328e-07	4.544267969309904e-07	5.692929230759209e-08	1.436666880680469e-07	-1.296991926744867e-07	-3.562525747117038e-07	1.047197564214851	4.053336211672788e-08	1.458326510100135e-07	2.603254560550544e-07	-3.326539016547722e-07	-1.210023664416555e-06	5.941067524945677e-07	1.349478343732346e-06	-4.314855487248396e-08	-7.105039049151123e-08	-1.719888094759783e-07	-2.633307411268101e-07	1.047197530696205	-4.523859203063062e-08	3.547556593946164e-08	-7.840413805013014e-08
0.86	1.032903596784843e-06	2.343993980382845e-06	3.909039361700408e-08	2.745576856685804e-07	1.492350041495268e-07	4.719792467468572e-07	-2.885372814850643e-08	-4.600403063029387e-08	0.9690000337985839	1.37309311255025e-07	-1.37376427922228e-07	-3.437424008824214e-07	-1.022130250853194e-06	-2.447051162186121e-06	-4.99346065585699e-07	-1.041500822479209e-06	1.779817578846387e-07	5.62532711290877e-07	0.169005163231305	0.05263392083151264	-0.001631834276180516	0.01031720631948768	-0.04844254311595783	0.08736189284681173	0.0527975661461031	-0.002492244658084711	0.00121965254326641	-0.01626087953640186	0.004335034154809947	-0.0009810374637303032	0.1467922218894004	0.3335512109692702	0.004981062982354486	0.02377641449074796	0.029381465989218	0.01843656113606917	0.003203325131549528	0.002273562888056838	0.0006103480999219349	9.805817160213796e-05	-0.0007369257816399175	-0.001127155646363225	-2.103595363329288e-06	-5.593802477553581e-06	3.059286900884487e-07	7.836758861848283e-07	-1.678365201086451e-07	-1.195407343443161e-06	-1.347557048234716e-06	-3.054293452225847e-06	-4.526267357647919e-09	-2.805521003235542e-08	3.085311563231084e-07	5.744072868582503e-07	0.001136815497765174	-6.811446060992172e-08	0.04435026180327309	5.544112135255696e-07	-0.4187122058195668	-6.274915088140886e-07	7.033370551982711e-08	1.008085640200252e-07	-3.366553363599008e-07	-7.300254125224016e-07	1.816990819941278e-07	3.869290137540115e-07	8.964755232221301e-08	-1.831106859136965e-08	-1.072027400441494e-06	-2.410107714860137e-06	3.572703769312812e-07	8.738251404284156e-07	3.042297456826219e-07	5.418105576410079e-07	2.398808118074295e-07	6.615795741490559e-07	8.298901257646087e-08	2.212130096829831e-07	-1.347586876580725e-08	-1.811982591934292e-08	1.573449331903917e-07	4.564602205625656e-07	4.104355161395836e-07	4.536490397378212e-07	5.834168547210195e-08	1.439656972929026e-07	-1.331842032497202e-07	-3.565538061204853e-07	1.047197564620737	4.081963517248827e-08	1.484568416118466e-07	2.605779563735178e-07	-3.444268349099251e-07	-1.214156767119545e-06	6.07424542788287e-07	1.349852234032264e-06	-4.386925429068693e-08	-7.125634731630882e-08	-1.746299739260993e-07	-2.631568191613534e-07	1.047197530242332	-4.537239461404685e-08	3.474813748679631e-08	-7.924237155291793e-08
0.87	1.056003598114693e-06	2.343370073082892e-06	4.174248634026677e-08	2.771931365546403e-07	1.538900724477055e-07	4.727229691340861e-07	-2.931623295486526e-08	-4.6138931997939e-08	0.9690000351213278	1.376509580797169e-07	-1.407672115846459e-07	-3.442265612374253e-07	-1.046226095336877e-06	-2.446956097842781e-06	-5.096512276834396e-07	-1.041626186747851e-06	1.835193148316374e-07	5.639768896093439e-07	0.1695221758742564	0.05273661258104305	-0.001515659441554941	0.01102826881500704	-0.04756705773909176	0.0886317360767494	0.05276997232946756	-0.002631212932500185	0.001055856144144539	-0.01647070209478094	0.004325306117370161	-0.0009935702610978053	0.1501475365632558	0.3374297206190166	0.005215326675679353	0.02394945055117248	0.02954991790406058	0.0175153226597395	0.003225109168340567	0.00225217149413929	0.0006108643334087947	7.021812152092772e-05	-0.0007485186372719278	-0.001155908931350969	-2.158792387754653e-06	-5.60188668853854e-06	3.135086947809175e-07	7.821547281564635e-07	-1.796599592467567e-07	-1.203929361313807e-06	-1.37773259875445e-06	-3.05421661662259e-06	-4.823420831514187e-09	-2.957945844357393e-08	3.142553192038418e-07	5.739936854018123e-07	0.001136814781471733	-6.880815603372235e-08	0.04435026725349787	5.535974475497028e-07	-0.4187122120470506	-6.311705633103605e-07	7.133370725265101e-08	1.003179863973458e-07	-3.437891198566147e-07	-7.314325796612214e-07	1.855579145658807e-07	3.876624608323856e-07	8.963540621158944e-08	-2.007943897694209e-08	-1.09577498788551e-06	-2.412221821061666e-06	3.658829790689705e-07	8.734846699734986e-07	3.096180071370971e-07	5.433553570911067e-07	2.463967052455359e-07	6.614162323173284e-07	8.519057547415791e-08	2.214316389572927e-07	-1.366619014653013e-08	-1.812035626177746e-08	1.619236413402217e-07	4.584891341949239e-07	4.150432905607115e-07	4.529178446435234e-07	5.975867457678123e-08	1.442345492425196e-07	-1.366773839953747e-07	-3.567678813841539e-07	1.047197565029859	4.111214291930936e-08	1.510835333474635e-07	2.608808919272082e-07	-3.562606957664383e-07	-1.217835029455747e-06	6.207617520033292e-07	1.350120179040934e-06	-4.459190692531697e-08	-7.148363000597852e-08	-1.772684732523978e-07	-2.629843978147564e-07	1.047197529786872	-4.551396956805398e-08	3.400757637724138e-08	-8.003136211169634e-08
0.88	1.079128658160947e-06	2.342440106099947e-06	4.442615334397802e-08	2.796108713487004e-07	1.585623436652476e-07	4.734921947029898e-07	-2.977991661371165e-08	-4.627536122491963e-08	0.9690000364510606	1.379127384508447e-07	-1.44167622516544e-07	-3.446719810874236e-07	-1.070355644838864e-06	-2.446518055972377e-06	-5.19969699396347e-07	-1.041697272650314e-06	1.890802513923317e-07	5.653376123590149e-07	0.1700407849755817	0.05282148462710719	-0.001392931809910252	0.01175615664521623	-0.04667874190027765	0.08989018009264112	0.05274111687604514	-0.002773409263091171	0.0008899698781711395	-0.01668076662378126	0.004315452147724747	-0.001005639930699445	0.1535415837662773	0.3413082303155532	0.005451636838594696	0.02411621382404944	0.02971000893483867	0.01657867994402843	0.003246728288164816	0.002229253334420617	0.000611129712812812	4.201394907307548e-05	-0.0007603806968872412	-0.001184776359694103	-2.214160614296337e-06	-5.609717846352826e-06	3.210905211860795e-07	7.802496465553099e-07	-1.916034987753969e-07	-1.212777561910623e-06	-1.407945463951452e-06	-3.053908795097415e-06	-5.133533714451488e-09	-3.107456723022315e-08	3.199798157069473e-07	5.736362686246151e-07	0.001136814058741957	-6.959354627514592e-08	0.04435027270270057	5.526703819218752e-07	-0.4187122183193389	-6.348386518697864e-07	7.23303798627208e-08	9.984941550906141e-08	-3.509454074354608e-07	-7.32484078228105e-07	1.894259865059011e-07	3.883983262429548e-07	8.959818030690046e-08	-2.144465951408895e-08	-1.119568722374024e-06	-2.413777933746915e-06	3.745064700554747e-07	8.731030541008022e-07	3.150220266581375e-07	5.447841184755674e-07	2.529227895346545e-07	6.612302387111993e-07	8.739755908049714e-08	2.216950552062315e-07	-1.385624870893145e-08	-1.814409190879253e-08	1.665288834992389e-07	4.606919202407495e-07	4.196359531450166e-07	4.522332116480971e-07	6.118025962162993e-08	1.444732439168977e-07	-1.4017873491145e-07	-3.568948005027095e-07	1.047197565442217	4.141088535719113e-08	1.53712726216864e-07	2.612342627161253e-07	-3.68155484224312e-07	-1.221058451425162e-06	6.341183801396943e-07	1.350282178758357e-06	-4.531651277637409e-08	-7.173223856052031e-08	-1.799043074548737e-07	-2.628134770870192e-07	1.047197529329826	-4.5663316892652e-08	3.325388261079686e-08	-8.07711097264654e-08
0.89	1.102278776923606e-06	2.341204079434008e-06	4.714139462813781e-08	2.818108900507608e-07	1.632518178021533e-07	4.742869234535684e-07	-3.024477912504562e-08	-4.641331831123577e-08	0.9690000377877825	1.380946523684084e-07	-1.475776607179225e-07	-3.450786604324164e-07	-1.094518899359156e-06	-2.445737036574911e-06	-5.303014807244212e-07	-1.041714080186599e-06	1.946645675667218e-07	5.666148795398901e-07	0.170560990535281	0.05288853696970505	-0.001263651381246451	0.01250086981011526	-0.04577759559951553	0.0911372248944869	0.05271099978583586	-0.002918833649857666	0.0007219937453462136	-0.01689107312340283	0.004305472245873704	-0.001017246472535221	0.1569743634984647	0.3451867400588798	0.005689993471100514	0.02427670430937885	0.02986173908155228	0.01562663298893596	0.003268182491022274	0.002204808408900819	0.0006111442381339864	1.344565425858131e-05	-0.0007725119604858579	-0.001213757931392627	-2.269700042954341e-06	-5.617295950996438e-06	3.286741693039348e-07	7.779606413813674e-07	-2.036671386945658e-07	-1.221951945233611e-06	-1.438195643825724e-06	-3.053369987650321e-06	-5.456606006459821e-09	-3.254053639230311e-08	3.257046458324248e-07	5.733350365266586e-07	0.001136813329575845	-7.047063133419238e-08	0.04435027815088119	5.516300166420866e-07	-0.4187122246364315	-6.384957744923662e-07	7.332372335003653e-08	9.940285135517186e-08	-3.581241990964392e-07	-7.331799082230528e-07	1.933032978141891e-07	3.891366099857192e-07	8.953587460814612e-08	-2.240673020281023e-08	-1.143408603907035e-06	-2.414776052915888e-06	3.831408498907937e-07	8.726802928103265e-07	3.204418042457432e-07	5.4609684179439e-07	2.594590646747853e-07	6.610215933306683e-07	8.960996339547863e-08	2.220032584297994e-07	-1.40460444530112e-08	-1.819103286038815e-08	1.711606596674433e-07	4.630685787000424e-07	4.242135038924988e-07	4.515951407515424e-07	6.260644060664806e-08	1.446817813160371e-07	-1.436882559979463e-07	-3.569345634761519e-07	1.047197565857811	4.171586248613359e-08	1.563444202200482e-07	2.616380687402692e-07	-3.801112002835462e-07	-1.223827033027788e-06	6.474944271973821e-07	1.350338233184532e-06	-4.604307184385826e-08	-7.200217297993422e-08	-1.82537476533527e-07	-2.626440569781418e-07	1.047197528871195	-4.582043658784091e-08	3.248705618746274e-08	-8.146161439722508e-08
0.9	1.125453954402669e-06	2.339661993085075e-06	4.988821019274617e-08	2.837931926608216e-07	1.679584948584224e-07	4.751071553858217e-07	-3.071082048886716e-08	-4.65528032568874e-08	0.9690000391314937	1.381966998324079e-07	-1.509973261887813e-07	-3.454465992724036e-07	-1.118715858897753e-06	-2.444613039650381e-06	-5.406465716676622e-07	-1.041676609356706e-06	2.002722633548077e-07	5.678086911519696e-07	0.1710827925533544	0.05293776960883665	-0.001127818155563538	0.01326240830970412	-0.04486361883680539	0.09237287048228675	0.05267962105883971	-0.003067486092799673	0.0005519277456697602	-0.01710162159364563	0.004295366411817033	-0.001028389886605135	0.1604458757598181	0.3490652498489965	0.005930396573196806	0.02443092200716069	0.0300051083442014	0.0146591817944621	0.003289471776912941	0.002178836717579897	0.0006109079093723181	-1.548676292255482e-05	-0.0007849124280677774	-0.001242853646446541	-2.325410673728665e-06	-5.624621002469375e-06	3.362596391344834e-07	7.752877126346363e-07	-2.158508790042631e-07	-1.231452511282769e-06	-1.468483138377266e-06	-3.05260019428131e-06	-5.792637707539188e-09	-3.39773659298138e-08	3.314298095802745e-07	5.730899891079431e-07	0.001136812593973398	-7.143941121086178e-08	0.04435028359803973	5.504763517103371e-07	-0.4187122309983287	-6.421419311781e-07	7.431373771459814e-08	9.89782939356772e-08	-3.653254948395499e-07	-7.335200696460641e-07	1.971898484907446e-07	3.898773120606786e-07	8.944848911532639e-08	-2.296565104310591e-08	-1.167294632484545e-06	-2.415216178568581e-06	3.917861185749276e-07	8.722163861020715e-07	3.25877339899914e-07	5.472935270475745e-07	2.660055306659283e-07	6.607902961757359e-07	9.182778841910235e-08	2.223562486279965e-07	-1.423557737876938e-08	-1.826117911656431e-08	1.75818969844835e-07	4.656191095728024e-07	4.287759428031581e-07	4.510036319538591e-07	6.403721753183562e-08	1.448601614399377e-07	-1.472059472548636e-07	-3.568871703044815e-07	1.047197566276641	4.202707430613674e-08	1.589786153570161e-07	2.6209230999964e-07	-3.921278439441408e-07	-1.226140774263626e-06	6.608898931763929e-07	1.35028834231946e-06	-4.677158412776951e-08	-7.22934332642202e-08	-1.851679804883578e-07	-2.62476137488124e-07	1.047197528410978	-4.598532865362073e-08	3.170709710723903e-08	-8.210287612397539e-08
0.91	1.148654190598138e-06	2.337813847053149e-06	5.266660003780308e-08	2.855577791788826e-07	1.72682374834055e-07	4.759528904997499e-07	-3.117804070517627e-08	-4.669381606187455e-08	0.9690000404821938	1.382188808428434e-07	-1.544266189291204e-07	-3.457757976073852e-07	-1.142946523454654e-06	-2.443146065198788e-06	-5.510049722260701e-07	-1.041584860160634e-06	2.059033387565892e-07	5.689190471952533e-07	0.1716061910298018	0.05296918254450197	-0.0009854321328615127	0.01404077214398282	-0.04393681161214721	0.09359711685604064	0.05264698069505669	-0.003219366591917189	0.0003797718791417798	-0.01731241203450968	0.004285134645554733	-0.001039070172909185	0.1639561205503375	0.3529437596859034	0.006172846144883573	0.02457886691739498	0.03014011672278604	0.01367632636060685	0.003310596145836818	0.002151338260457849	0.0006104207265278069	-4.478330247033293e-05	-0.0007975820996330001	-0.001272063504855844	-2.38129250661931e-06	-5.631693000771639e-06	3.438469306777252e-07	7.722308603151163e-07	-2.281547197044891e-07	-1.241279260058099e-06	-1.498807947606077e-06	-3.05159941499038e-06	-6.141628817689586e-09	-3.53850558427552e-08	3.371553069504961e-07	5.729011263684682e-07	0.001136811851934615	-7.249988590515406e-08	0.04435028904417618	5.492093871266266e-07	-0.4187122374050302	-6.457771219269876e-07	7.530042295640567e-08	9.857574325057744e-08	-3.725492946647929e-07	-7.335045624971394e-07	2.010856385355677e-07	3.906204324678332e-07	8.933602382844129e-08	-2.312142203497601e-08	-1.191226808106554e-06	-2.415098310704997e-06	4.004422761078762e-07	8.71711333976037e-07	3.313286336206501e-07	5.483741742351209e-07	2.725621875080836e-07	6.605363472464017e-07	9.40510341513683e-08	2.227540258008227e-07	-1.442484748620599e-08	-1.835453067732102e-08	1.80503814031414e-07	4.683435128590298e-07	4.333232698769946e-07	4.504586852550475e-07	6.54725903971926e-08	1.450083842885994e-07	-1.507318086822017e-07	-3.567526209876979e-07	1.047197566698707	4.234452081720058e-08	1.616153116277677e-07	2.625969864942375e-07	-4.042054152060959e-07	-1.227999675132676e-06	6.743047780767265e-07	1.350132506163141e-06	-4.750204962810782e-08	-7.260601941337829e-08	-1.87795819319366e-07	-2.623097186169662e-07	1.047197527949175	-4.615799308999142e-08	3.091400537012572e-08	-8.269489490671634e-08
0.92	1.171879485510011e-06	2.335659641338231e-06	5.547656416330854e-08	2.871046496049439e-07	1.77423457729051e-07	4.768241287953528e-07	-3.164643977397296e-08	-4.683635672619718e-08	0.9690000418398831	1.381611953997147e-07	-1.578655389389399e-07	-3.460662554373612e-07	-1.16721089302986e-06	-2.441336113220132e-06	-5.613766823996446e-07	-1.041438832598384e-06	2.115577937720664e-07	5.699459476697411e-07	0.1721311859646232	0.05298277577670103	-0.000836493313140374	0.01483596131295136	-0.04299717392554102	0.09480996401574861	0.05261307869448679	-0.003374475147210217	0.0002055261457622721	-0.01752344444599497	0.004274776947086805	-0.001049287331447373	0.1675050978700229	0.3568222695696002	0.006417342186160815	0.02472053904008172	0.03026676421730619	0.0126780666873702	0.003331555597793904	0.002122313037534677	0.0006096826896004531	-7.4443964384753e-05	-0.0008105209751815258	-0.001301387506620537	-2.437345541626274e-06	-5.638511945903229e-06	3.514360439336602e-07	7.687900844228075e-07	-2.405786607952437e-07	-1.251432191559599e-06	-1.529170071512157e-06	-3.050367649777532e-06	-6.503579336911018e-09	-3.676360613112734e-08	3.428811379430898e-07	5.727684483082344e-07	0.001136811103459497	-7.365205541706927e-08	0.04435029448929055	5.478291228909553e-07	-0.4187122438565362	-6.494013467390292e-07	7.628377907545911e-08	9.819519929987258e-08	-3.797955985721682e-07	-7.331333867762786e-07	2.049906679486584e-07	3.913659712071829e-07	8.91984787474908e-08	-2.287404317842052e-08	-1.215205130773059e-06	-2.414422449325134e-06	4.091093224896396e-07	8.711651364322231e-07	3.367956854079514e-07	5.493387833570293e-07	2.791290352012511e-07	6.602597465426657e-07	9.627970059227648e-08	2.231965899482779e-07	-1.461385477532103e-08	-1.847108754265826e-08	1.852151922271802e-07	4.712417885587245e-07	4.378554851140083e-07	4.499603006551073e-07	6.691255920271899e-08	1.451264498620223e-07	-1.542658402799607e-07	-3.565309155258014e-07	1.047197567124009	4.26682020193251e-08	1.642545090323031e-07	2.63152098224062e-07	-4.163439140694114e-07	-1.229403735634938e-06	6.877390818983828e-07	1.349870724715574e-06	-4.823446834487321e-08	-7.293993142740849e-08	-1.904209930265516e-07	-2.62144800364668e-07	1.047197527485786	-4.633842989695302e-08	3.010778097612282e-08	-8.323767074544792e-08
0.93	1.195129839138289e-06	2.333199375940319e-06	5.831810256926254e-08	2.884338039390056e-07	1.821817435434106e-07	4.777208702726306e-07	-3.211601769525722e-08	-4.698042524985532e-08	0.9690000432045612	1.380236435030218e-07	-1.613140862182397e-07	-3.463179727623317e-07	-1.19150896762337e-06	-2.439183183714413e-06	-5.71761702188386e-07	-1.041238526669956e-06	2.172356284012394e-07	5.708893925754332e-07	0.1726577773578187	0.05297854930543381	-0.0006810016964001231	0.01564797581660973	-0.0420447057769868	0.09601141196141062	0.05257791505713003	-0.003532811758678755	2.919054553123729e-05	-0.0177347188281015	0.004264293316413249	-0.001059041362219698	0.1710928077188742	0.3607007795000871	0.006663884697028534	0.02485593837522089	0.03038505082776186	0.01166440277475215	0.003352350132784199	0.002091761048810379	0.0006086937985902564	-0.000104468748665815	-0.0008237290547133547	-0.001330825651740619	-2.493569778749558e-06	-5.645077837864145e-06	3.590269789022885e-07	7.6496538495771e-07	-2.531227022765268e-07	-1.261911305787271e-06	-1.559569510095507e-06	-3.048904898642765e-06	-6.878489265203482e-09	-3.81130167949302e-08	3.486073025580555e-07	5.726919549272412e-07	0.001136810348548042	-7.489591974660739e-08	0.04435029993338285	5.463355590033228e-07	-0.4187122503528466	-6.530146056142249e-07	7.726380607175845e-08	9.78366620835626e-08	-3.870644065616759e-07	-7.324065424834816e-07	2.089049367300167e-07	3.921139282787277e-07	8.903585387247495e-08	-2.222351447343945e-08	-1.239229600484063e-06	-2.413188594428993e-06	4.17787257720218e-07	8.705777934706298e-07	3.422784952618179e-07	5.501873544132995e-07	2.857060737454308e-07	6.599604940645281e-07	9.851378774182689e-08	2.236839410703624e-07	-1.480259924611451e-08	-1.861084971257605e-08	1.899531044321336e-07	4.743139366718864e-07	4.423725885141991e-07	4.495084781540386e-07	6.835712394841483e-08	1.452143581602064e-07	-1.578080420481407e-07	-3.562220539187918e-07	1.047197567552548	4.299811791251031e-08	1.668962075706221e-07	2.637576451891132e-07	-4.285433405340873e-07	-1.230352955770411e-06	7.01192804641362e-07	1.349502997976759e-06	-4.896884027806567e-08	-7.329516930631076e-08	-1.930435016099147e-07	-2.619813827312297e-07	1.047197527020811	-4.652663907450552e-08	2.928842392523033e-08	-8.373120364017013e-08
0.9400000000000001	1.218405251482971e-06	2.330433050859413e-06	6.119121525566511e-08	2.895452421810674e-07	1.869572322771336e-07	4.786431149315832e-07	-3.258677446902905e-08	-4.712602163284898e-08	0.9690000445762286	1.378062251527649e-07	-1.647722607670198e-07	-3.465309495822966e-07	-1.215840747235186e-06	-2.436687276681631e-06	-5.821600315922942e-07	-1.04098394237535e-06	2.229368426441081e-07	5.717493819123294e-07	0.1731859652093881	0.05295650313070033	-0.0005189572826407596	0.01647681565495793	-0.04107940716648457	0.0972014606930267	0.05254148978298639	-0.003694376426322803	-0.0001492349215513248	-0.01794623518082928	0.004253683753534064	-0.00106833226522616	0.1747192500968915	0.3645792894773641	0.006912473677486727	0.02498506492281252	0.03049497655415304	0.01063533462275271	0.003372979750807705	0.002059682294284957	0.0006074540534972172	-0.000134857655313519	-0.0008372063382284867	-0.001360377940216092	-2.549965217989161e-06	-5.651390676654387e-06	3.666197355836101e-07	7.607567619198235e-07	-2.657868441483385e-07	-1.272716602741113e-06	-1.590006263356126e-06	-3.04721116158608e-06	-7.266358602566979e-09	-3.943328783416379e-08	3.543338007953933e-07	5.726716462254888e-07	0.001136809587200253	-7.623147889376843e-08	0.04435030537645306	5.447286954637296e-07	-0.4187122568939616	-6.566168985525743e-07	7.824050394530371e-08	9.750013160164751e-08	-3.943557186333158e-07	-7.313240296187486e-07	2.128284448796426e-07	3.928643036824676e-07	8.884814920339369e-08	-2.116983592003278e-08	-1.263300217239566e-06	-2.411396746016574e-06	4.264760817996111e-07	8.699493050912572e-07	3.477770631822496e-07	5.509198874039316e-07	2.922933031406228e-07	6.596385898119888e-07	1.007532956000195e-07	2.242160791670759e-07	-1.499108089858642e-08	-1.877381718707438e-08	1.947175506462743e-07	4.775599571985155e-07	4.46874580077567e-07	4.491032177518415e-07	6.980628463428008e-08	1.452721091831517e-07	-1.613584139867417e-07	-3.558260361666692e-07	1.047197567984322	4.333426849675622e-08	1.695404072427248e-07	2.644136273893912e-07	-4.408036946001237e-07	-1.230847335539097e-06	7.146659463056643e-07	1.349029325946697e-06	-4.97051654276852e-08	-7.367173305008515e-08	-1.956633450694552e-07	-2.618194657166511e-07	1.047197526554251	-4.67226206226489e-08	2.845593421744825e-08	-8.417549359088297e-08
0.9500000000000001	1.241665384023894e-06	2.328497629653674e-06	6.406607871142689e-08	2.905172286359685e-07	1.917320677594754e-07	4.792746645115678e-07	-3.305765672318656e-08	-4.722409845943648e-08	0.9690000459462225	1.376826672739359e-07	-1.682304275138289e-07	-3.467280453660833e-07	-1.240155468987752e-06	-2.43491591861986e-06	-5.925518685236047e-07	-1.04070934421071e-06	2.286379165759893e-07	5.724251819260543e-07	0.173716362598117	0.05303301325707886	-0.0003477717090654602	0.0173198362130287	-0.040108721640063	0.09817780241930729	0.05250242477562961	-0.003887881213340975	-0.0003289641155375285	-0.01812985218915716	0.004243413260372719	-0.001063200707340171	0.1783844875636755	0.3684577992553396	0.007162457006392534	0.02512396900416204	0.03059444534809255	0.009616457379528057	0.003393344494043346	0.00203085365351047	0.0006058763013789013	-0.0001659874424914369	-0.0008507822831012626	-0.001383018666917904	-2.606348506048203e-06	-5.65589123097567e-06	3.741973416810585e-07	7.578352471566501e-07	-2.784610215441166e-07	-1.280185253878429e-06	-1.620427578289722e-06	-3.045970616201764e-06	-7.660799663903897e-09	-4.053208992325263e-08	3.600614233271833e-07	5.726878987170433e-07	0.00113680882101841	-7.721152412094798e-08	0.04435031081413117	5.43608271248111e-07	-0.4187122634467759	-6.594487203208719e-07	7.921553563727461e-08	9.721702224903515e-08	-4.01638005378119e-07	-7.305963479585034e-07	2.167544033180587e-07	3.934530084946021e-07	8.866980025975384e-08	-2.047502939236965e-08	-1.287362141537505e-06	-2.410456382671405e-06	4.351648506255416e-07	8.696536703613717e-07	3.53276932751604e-07	5.515268184670437e-07	2.988768612761592e-07	6.593931541952048e-07	1.029940600364395e-07	2.246004594007256e-07	-1.518026684629009e-08	-1.88878994523843e-08	1.994897149203681e-07	4.798856771898645e-07	4.513813775898142e-07	4.489183290483e-07	7.125509355671661e-08	1.453307714915758e-07	-1.649043948509642e-07	-3.555129269291405e-07	1.047197568416682	4.357356195481901e-08	1.721869337246335e-07	2.648879175437565e-07	-4.530530257474846e-07	-1.231258908329226e-06	7.281330156629501e-07	1.348689775167234e-06	-5.044247347856122e-08	-7.393697419648399e-08	-1.982829327276779e-07	-2.616969509853803e-07	1.047197526087293	-4.686120647240285e-08	2.762416862745237e-08	-8.451056511088836e-08
0.96	1.26491411205849e-06	2.327283884916118e-06	6.694555806336748e-08	2.913422444988927e-07	1.965079654220478e-07	4.796458959898007e-07	-3.352876565455566e-08	-4.727936768542524e-08	0.9690000473153749	1.376362800250676e-07	-1.716895120942014e-07	-3.469070640182348e-07	-1.264458009640263e-06	-2.433766552898825e-06	-6.029391153570097e-07	-1.040411440406446e-06	2.343411097419379e-07	5.729264700479619e-07	0.1742489106258941	0.05319689951162201	-0.0001676936381353927	0.01817729155739545	-0.03913193410072045	0.09895987272839976	0.05246085242795664	-0.004110567769045778	-0.0005100725604205703	-0.01828827337233764	0.004233437164473374	-0.001044987753321177	0.1820885141091627	0.3723363088576556	0.007413897332632947	0.02527110867453003	0.03068365857569155	0.008605312134549044	0.003413453965379031	0.002004816214533941	0.0006039689149662064	-0.0001978219152688064	-0.0008644732732594232	-0.001399422787123172	-2.662737257567924e-06	-5.658729295243456e-06	3.817614277129833e-07	7.560403056410307e-07	-2.911558083295652e-07	-1.284669144940032e-06	-1.650838522845771e-06	-3.045117533958762e-06	-8.062426110289668e-09	-4.142790002512887e-08	3.657900941940331e-07	5.727425976184258e-07	0.001136808049848585	-7.787901850329295e-08	0.044350316246837	5.429166697928246e-07	-0.4187122700144702	-6.615830361312542e-07	8.018874138990956e-08	9.698431606365182e-08	-4.089142958074909e-07	-7.301552402154446e-07	2.206834642680578e-07	3.938958066396057e-07	8.849749884185381e-08	-2.006588790612574e-08	-1.311420641775949e-06	-2.410232096631495e-06	4.438546155913498e-07	8.696549594149385e-07	3.587794927892517e-07	5.520090663971099e-07	3.054580798766965e-07	6.592146647758332e-07	1.052364810965977e-07	2.248555794383633e-07	-1.537006417920661e-08	-1.896002220091744e-08	2.042714048913705e-07	4.813962131847389e-07	4.558910675612166e-07	4.48937114259429e-07	7.270402603864101e-08	1.453873603474882e-07	-1.684471913920611e-07	-3.552663881963671e-07	1.047197568849883	4.372590225573785e-08	1.74835803763548e-07	2.652028159808579e-07	-4.652982462194675e-07	-1.231551933116371e-06	7.415964616402343e-07	1.348461282589707e-06	-5.118085764829007e-08	-7.410363620370129e-08	-2.009020331224151e-07	-2.616101973472505e-07	1.047197525619822	-4.69486572810608e-08	2.679179594321211e-08	-8.47421800092148e-08
0.97	1.288165302410238e-06	2.326400972537996e-06	6.983990548142488e-08	2.919933855280529e-07	2.012910635259149e-07	4.798655061019714e-07	-3.400046337173464e-08	-4.730868991584913e-08	0.969000048686664	1.376073428067815e-07	-1.751528266731466e-07	-3.470601473372667e-07	-1.288765819507194e-06	-2.432872205186138e-06	-6.133285792846031e-07	-1.040078452153676e-06	2.40054507382624e-07	5.732878746477721e-07	0.1747833985399387	0.05340815632382324	2.038715110315565e-05	0.01905009080442563	-0.03814648574514903	0.09961721721638975	0.05241724647623251	-0.004352565996308141	-0.0006928305007171575	-0.01843117262634526	0.004223595616154797	-0.001018492082137786	0.1858313082277816	0.3762148183689087	0.007667018830241566	0.02542096645406345	0.03076333677733845	0.007593100265557572	0.003433342526448614	0.001979927870871185	0.0006017618540708311	-0.0002302315587569592	-0.0008783379346633623	-0.001412005466594953	-2.719194502322138e-06	-5.660440872887884e-06	3.893178280986827e-07	7.547975012369575e-07	-3.039090405499715e-07	-1.28742741474968e-06	-1.681257231467368e-06	-3.044416721055e-06	-8.473433780870631e-09	-4.218683352519925e-08	3.715195415934543e-07	5.728424887253269e-07	0.001136807273139973	-7.838769511273871e-08	0.04435032167607281	5.424477240278264e-07	-0.4187122766084246	-6.632809345153928e-07	8.115954954833134e-08	9.679121399121687e-08	-4.161954285130994e-07	-7.29756464039067e-07	2.246179615526534e-07	3.942491055447163e-07	8.831940734959251e-08	-1.968045780577653e-08	-1.335494569655245e-06	-2.41023936365961e-06	4.525491388562273e-07	8.698246058339131e-07	3.642897128525973e-07	5.523699188800427e-07	3.120417241998809e-07	6.590690477895141e-07	1.07481990247518e-07	2.250476287501288e-07	-1.556014044109137e-08	-1.901496736381059e-08	2.090690887550789e-07	4.824676995349423e-07	4.603968030272035e-07	4.490998243654537e-07	7.415478290923937e-08	1.454311955810305e-07	-1.719911216802931e-07	-3.550279583141686e-07	1.047197569284836	4.382672838006841e-08	1.774870772853116e-07	2.654381190843726e-07	-4.775640898227772e-07	-1.231598519206932e-06	7.550650471361604e-07	1.348261322619593e-06	-5.192065149370863e-08	-7.421731848398933e-08	-2.0351981802175e-07	-2.61546175675554e-07	1.047197525151431	-4.700737531090885e-08	2.595405274138862e-08	-8.489095553913945e-08
0.98	1.311418955079138e-06	2.325848892519306e-06	7.274912096559908e-08	2.924706517234493e-07	2.060813620710768e-07	4.799334948480797e-07	-3.447274987472352e-08	-4.731206515070817e-08	0.9690000500600895	1.375958556190778e-07	-1.786203712506645e-07	-3.47187295323179e-07	-1.313078898588544e-06	-2.432232875481798e-06	-6.237202603063848e-07	-1.039710379452401e-06	2.457781094980476e-07	5.735093957254848e-07	0.1753198263402509	0.05366678369368255	0.0002164706586501829	0.0199382339541192	-0.03715237657334873	0.1001498358832772	0.05237160692045723	-0.004613875895128061	-0.0008772379364272884	-0.01855854995118002	0.004213888615416988	-0.0009837136937899977	0.189612869919532	0.380093327789099	0.007921821499218386	0.0255735423427623	0.03083347995303324	0.006579821772553651	0.003453010177252094	0.001956188622522205	0.0005992551186927755	-0.000263216372955895	-0.0008923762673130798	-0.001420766705333246	-2.775720240310846e-06	-5.661025963908953e-06	3.968665428381567e-07	7.541068339444309e-07	-3.167207182053355e-07	-1.288460063307372e-06	-1.711683704154514e-06	-3.043868177490474e-06	-8.893822675646782e-09	-4.280889042346378e-08	3.772497655254466e-07	5.729875720377466e-07	0.001136806490892576	-7.873755394928529e-08	0.04435032710183857	5.422014339531166e-07	-0.418712283228639	-6.645424154732875e-07	8.212796011253993e-08	9.663771603173027e-08	-4.234814034949445e-07	-7.294000194293706e-07	2.285578951718455e-07	3.945129052099336e-07	8.813552578296993e-08	-1.931873909132204e-08	-1.359583925175395e-06	-2.410478183755746e-06	4.612484204201743e-07	8.701626096182956e-07	3.698075929416409e-07	5.52609375915842e-07	3.186277942457126e-07	6.589563032362473e-07	1.097305874892004e-07	2.251766073360221e-07	-1.575049563194437e-08	-1.905273494106379e-08	2.138827665114934e-07	4.831001362404743e-07	4.648985839877749e-07	4.494064593663738e-07	7.560736416851165e-08	1.454622771922028e-07	-1.755361857156605e-07	-3.547976372825448e-07	1.04719756972154	4.387604032781069e-08	1.801407542899241e-07	2.655938268543003e-07	-4.898505565574135e-07	-1.231398666600909e-06	7.685387721507281e-07	1.348089895256892e-06	-5.266185501481686e-08	-7.427802103734811e-08	-2.061362874256828e-07	-2.615048859702907e-07	1.047197524682119	-4.7037360561947e-08	2.511093902198193e-08	-8.495689170066228e-08
0.99	1.334607487386e-06	2.323269301659914e-06	7.564306732276064e-08	2.920055483411857e-07	2.108890413657519e-07	4.803865434480534e-07	-3.495052961108499e-08	-4.748011685177095e-08	0.9690000514281434	1.373725968430552e-07	-1.820862537197236e-07	-3.471498029684001e-07	-1.337321299778505e-06	-2.429306353541758e-06	-6.340791921096515e-07	-1.038229378411339e-06	2.515276840312327e-07	5.743357109276791e-07	0.1758585470847444	0.0539482347118948	0.0004210145246174156	0.02083461748282039	-0.03615472085485822	0.1005060968593336	0.05232418081006546	-0.004866023251324526	-0.001063446626412339	-0.01869023323021531	0.004204744973308897	-0.0009340480028162293	0.1934332075308679	0.3839718375378148	0.008177701395916729	0.02570925717258238	0.030893374588829	0.005551424258589471	0.003472418577740096	0.00193192485115841	0.0005964347628682493	-0.0002964454893902817	-0.0009066011669884233	-0.00142964879098913	-2.832263987818017e-06	-5.66039967646409e-06	4.044019288646528e-07	7.534589235223138e-07	-3.295868987904786e-07	-1.289364377352095e-06	-1.742061727025804e-06	-3.041685276102823e-06	-9.292677490623023e-09	-4.236609028991199e-08	3.829212397399808e-07	5.711112246476888e-07	0.00113680567158429	-8.01246127510191e-08	0.04435033250416848	5.413576251473909e-07	-0.4187122898915389	-6.663897700159686e-07	8.312592733234159e-08	9.75781411008369e-08	-4.307486223651156e-07	-7.283939524639143e-07	2.325187662019784e-07	3.953107666266171e-07	8.798426794377691e-08	-1.780983865519105e-08	-1.383595978472284e-06	-2.407869068585148e-06	4.699691130153597e-07	8.711666972415184e-07	3.753051573130554e-07	5.519253742063467e-07	3.252064530380029e-07	6.585803933896825e-07	1.119899542996636e-07	2.25568512510024e-07	-1.594079733539659e-08	-1.906984623120364e-08	2.186877986933422e-07	4.82851782696399e-07	4.693778561714738e-07	4.490307751311217e-07	7.706090881746133e-08	1.454828247107357e-07	-1.79084119789674e-07	-3.546859754930893e-07	1.047197570159612	4.39095787375325e-08	1.828014996609442e-07	2.658866784767227e-07	-5.02077487549417e-07	-1.228720645875018e-06	7.8201930368966e-07	1.348099390843929e-06	-5.34044406075522e-08	-7.432702064853032e-08	-2.087486947564905e-07	-2.613654522524838e-07	1.047197524210604	-4.710829179543369e-08	2.426457397174366e-08	-8.498979873107642e-08
1	1.357581760324091e-06	2.313457893669721e-06	7.84552388875082e-08	2.889021890364199e-07	2.157365669451061e-07	4.824089805646953e-07	-3.544462553792663e-08	-4.8233505964851e-08	0.9690000527742567	1.364317285188257e-07	-1.855374715921004e-07	-3.466415810899265e-07	-1.361325425756871e-06	-2.41848258194814e-06	-6.443282123029694e-07	-1.033256902200324e-06	2.573380271072969e-07	5.774101478921484e-07	0.1764003398888257	0.0541983401487687	0.0006350286526151085	0.02172356559201028	-0.03516480457431612	0.100572060805966	0.05227551332479478	-0.005046172201160967	-0.001251791466626712	-0.01886997791776902	0.004197110974510032	-0.0008549202494193463	0.197292339480441	0.3878503485409882	0.008433325759388521	0.02578490434517903	0.03094144612801072	0.004476897403444431	0.003491483120481392	0.001903443276516697	0.0005932700111498663	-0.000329188759501899	-0.0009210410916289211	-0.00144735142105307	-2.888714339209024e-06	-5.658374674312226e-06	4.119115332630082e-07	7.517296881182091e-07	-3.424988821278782e-07	-1.293665191361844e-06	-1.772267249325363e-06	-3.033925352830849e-06	-9.60177545354439e-09	-3.881059954853566e-08	3.88402603866167e-07	5.626528980316317e-07	0.001136804745653284	-8.518820010973727e-08	0.04435033783900264	5.381063664269597e-07	-0.4187122966333711	-6.710789528911197e-07	8.422396668794824e-08	1.019391219651929e-07	-4.37945009056553e-07	-7.252112843082326e-07	2.365347818564538e-07	3.980187415879925e-07	8.795040401740252e-08	-1.256987202950329e-08	-1.407326096643008e-06	-2.395616314914319e-06	4.787479652875149e-07	8.739352334438291e-07	3.807206701105159e-07	5.485479495379366e-07	3.317559926942636e-07	6.572880329259271e-07	1.142770418861652e-07	2.269427433280516e-07	-1.613031198705415e-08	-1.90586245619128e-08	2.234298118173685e-07	4.807478217477207e-07	4.737936746845939e-07	4.461494460605129e-07	7.85135168347119e-08	1.454977361143864e-07	-1.826387554875036e-07	-3.549369315427987e-07	1.047197570598208	4.400621475491772e-08	1.854796076943188e-07	2.667949661312378e-07	-5.140679911012897e-07	-1.218639557432489e-06	7.955103204407592e-07	1.348626098864385e-06	-5.414834735626992e-08	-7.445540542994944e-08	-2.113509789660113e-07	-2.608611297931746e-07	1.047197523734054	-4.737393357603556e-08	2.341963413518226e-08	-8.509959605654542e-08
1.01	1.380463791959273e-06	2.300672571303877e-06	8.124004726441706e-08	2.845480630800782e-07	2.206055586334259e-07	4.850318478017737e-07	-3.594618285379778e-08	-4.922806877238015e-08	0.9690000541119853	1.351871019308852e-07	-1.889846628524454e-07	-3.45913056527184e-07	-1.385228396257124e-06	-2.40435142870729e-06	-6.545304512904244e-07	-1.026738958709148e-06	2.631806702793909e-07	5.813882182497343e-07	0.1769445673192903	0.0544614185550371	0.0008576867900891547	0.02261790343493355	-0.03417339410433606	0.1004409471834966	0.05222515842588858	-0.00520573190128814	-0.001441998461973374	-0.01906198549255746	0.004190212416289148	-0.0007582547721060863	0.2011902506990329	0.3917288600410677	0.00868978498789175	0.02583583333536745	0.03097898279402284	0.003381612298008525	0.003510273027038751	0.001873765555534848	0.0005897860424673268	-0.000362043554272472	-0.0009356727583737324	-0.001466756938752232	-2.945162440994502e-06	-5.655104226583293e-06	4.194055443847198e-07	7.498387952054635e-07	-3.554637862670454e-07	-1.298478662303808e-06	-1.802401763168715e-06	-3.023814097945845e-06	-9.87693301981457e-09	-3.381785306794823e-08	3.938013303804413e-07	5.513438045819445e-07	0.001136803770011565	-9.176894955922284e-08	0.04435034314238866	5.339284528380961e-07	-0.4187123034244801	-6.767642549109606e-07	8.536438594513335e-08	1.078171242217181e-07	-4.451131695991578e-07	-7.211013125677905e-07	2.405779555064935e-07	4.015110134347381e-07	8.796457928377396e-08	-5.712844075139086e-09	-1.43094170007993e-06	-2.379279826774299e-06	4.875549113352142e-07	8.775695912050312e-07	3.861046405197013e-07	5.439251979836713e-07	3.382941735167334e-07	6.556137071779819e-07	1.165779816199078e-07	2.287107235127882e-07	-1.631963975256443e-08	-1.902535060200445e-08	2.281532915443426e-07	4.775857999681144e-07	4.781795385884901e-07	4.422542258407352e-07	7.996674272259332e-08	1.455030041230633e-07	-1.861969579980635e-07	-3.553509107259827e-07	1.047197571038019	4.410141995873405e-08	1.881666561126814e-07	2.679273751111859e-07	-5.259667911405169e-07	-1.205184707465739e-06	8.090088126859077e-07	1.349394884105364e-06	-5.489362509909966e-08	-7.458865165006709e-08	-2.13948098900291e-07	-2.602101557700089e-07	1.047197523254786	-4.770848343805528e-08	2.257229339780002e-08	-8.519635310776426e-08
1.02	1.403253582291546e-06	2.284913334562382e-06	8.399749245348718e-08	2.789431704721608e-07	2.254960164307112e-07	4.882551451592888e-07	-3.645520155869844e-08	-5.046380527435841e-08	0.9690000554413291	1.336387170792337e-07	-1.924278275007587e-07	-3.449642292801724e-07	-1.409030211279265e-06	-2.386912893819206e-06	-6.646859090720162e-07	-1.018675547937809e-06	2.690556135475147e-07	5.862699220004368e-07	0.1774912293761381	0.05473746993069998	0.001088988937039554	0.02351763101159022	-0.03318048944491803	0.1001127559919255	0.05217311611334687	-0.005344702351706044	-0.001634067612452325	-0.01926625595458061	0.004184049298646243	-0.0006440515708764493	0.2051269411866435	0.3956073720380534	0.008947079081426416	0.02586204414314764	0.03100598458686537	0.002265568942281748	0.003528788297412174	0.001842891688212863	0.0005859828568206307	-0.0003950098737020009	-0.0009504961672228577	-0.001487865344086614	-3.001608293174451e-06	-5.650588333277294e-06	4.268839622297876e-07	7.477862447840772e-07	-3.6848161120798e-07	-1.303804790177989e-06	-1.83246526855586e-06	-3.011351511447812e-06	-1.011815018943357e-08	-2.738785084814971e-08	3.991174192828037e-07	5.371839442986274e-07	0.001136802744659132	-9.986686109947582e-08	0.04435034841432651	5.288238843807999e-07	-0.418712310264866	-6.834456760754915e-07	8.654718510389689e-08	1.152121478704126e-07	-4.522531039929301e-07	-7.160640372425885e-07	2.446482871520975e-07	4.057875821668538e-07	8.802679374289128e-08	2.761245207901566e-09	-1.454442788783052e-06	-2.35885960416509e-06	4.963899511584574e-07	8.820697705251248e-07	3.914570685406117e-07	5.38057119543551e-07	3.448209955054123e-07	6.535574161458471e-07	1.188927735008915e-07	2.30872453064234e-07	-1.650878063192744e-08	-1.897002435147858e-08	2.328582378742646e-07	4.733657173575802e-07	4.825354478831624e-07	4.373451144717885e-07	8.142058648110561e-08	1.454986287367664e-07	-1.897587273213538e-07	-3.559279130426411e-07	1.047197571479044	4.419519434898153e-08	1.908626449160322e-07	2.692839054165668e-07	-5.377738876670986e-07	-1.188356095974768e-06	8.225147804251056e-07	1.350405746566869e-06	-5.564027383604139e-08	-7.47267593088833e-08	-2.165400545593296e-07	-2.594125301829866e-07	1.047197522772798	-4.811194138149283e-08	2.172255175959694e-08	-8.528006988473289e-08
1.03	1.42595113132091e-06	2.266180183445236e-06	8.672757445471857e-08	2.720875112126676e-07	2.304079403369622e-07	4.920788726372404e-07	-3.697168165262862e-08	-5.194071547078576e-08	0.9690000567622881	1.317865739638712e-07	-1.9586696553704e-07	-3.437950993488918e-07	-1.432730870823294e-06	-2.366166977283888e-06	-6.74794585647745e-07	-1.00906666988631e-06	2.749628569116684e-07	5.920552591442559e-07	0.1780403260593691	0.05502649427575735	0.001328935093466307	0.02442274832198027	-0.03218609059606203	0.09958748723125267	0.05211938638716964	-0.005463083552414682	-0.001827998918063565	-0.01948278930383847	0.004178621621581319	-0.0005123106457304352	0.209102410943273	0.3994858845319454	0.009205208039992517	0.02586353676851962	0.0310224515065383	0.001128767336264102	0.003547028931601662	0.001810821674550741	0.000581860454209778	-0.0004280877177904855	-0.0009655113181762967	-0.001510676637056218	-3.058051895748872e-06	-5.644826994394228e-06	4.343467867982117e-07	7.455720368540498e-07	-3.815523569506823e-07	-1.309643574984386e-06	-1.862457765486797e-06	-2.996537593336751e-06	-1.032542696240138e-08	-1.952059288914008e-08	4.043508705732542e-07	5.201733171816804e-07	0.001136801669595986	-1.094819347304962e-07	0.0443503536548162	5.227926610550713e-07	-0.4187123171545289	-6.911232163847121e-07	8.777236416423886e-08	1.241241929112763e-07	-4.593648122378699e-07	-7.100994583326264e-07	2.487457767932657e-07	4.108484477843396e-07	8.813704739475444e-08	1.285239581961866e-08	-1.477829362752372e-06	-2.33435564708669e-06	5.052530847572447e-07	8.874357714041099e-07	3.96777954173247e-07	5.309437142175754e-07	3.513364586603001e-07	6.511191598295224e-07	1.212214175291161e-07	2.334279319823888e-07	-1.669773462514317e-08	-1.889264581033519e-08	2.375446508071345e-07	4.680875739161181e-07	4.868614025686107e-07	4.314221119536728e-07	8.287504811024877e-08	1.454846099554957e-07	-1.933240634573744e-07	-3.566679384927741e-07	1.047197571921284	4.428753792566012e-08	1.935675741043712e-07	2.708645570473805e-07	-5.494892806810349e-07	-1.168153722959575e-06	8.360282236583527e-07	1.351658686248899e-06	-5.638829356709514e-08	-7.486972840639804e-08	-2.191268459431271e-07	-2.584682530321076e-07	1.047197522288092	-4.858430740634822e-08	2.087040922057303e-08	-8.535074638745136e-08
1.04	1.448711833090832e-06	2.259047842500553e-06	8.948105633673461e-08	2.698927267678353e-07	2.353030568200572e-07	4.935513190149067e-07	-3.748065411860847e-08	-5.245202179617565e-08	0.9690000580905985	1.311381987131734e-07	-1.993105872248409e-07	-3.434593676295175e-07	-1.456491061017868e-06	-2.358118660619409e-06	-6.849325982764095e-07	-1.00539232686694e-06	2.808424311395842e-07	5.942408698885091e-07	0.1786060089655827	0.05554628329385903	0.001579496136399276	0.02533801517366737	-0.03123627627036629	0.09877599697486404	0.05206479069158471	-0.00561769121107544	-0.002023503243738389	-0.01966270546337694	0.004176969654658889	-0.0003744310592390885	0.2131166753950784	0.4033643950285996	0.009460458683371113	0.02586729197395069	0.03102319384064665	-3.841257564498387e-05	0.003565264750228899	0.001787775545629818	0.0005773858713889484	-0.0004610675038283113	-0.000980849636622109	-0.0015319722348995	-3.114500668754917e-06	-5.643608032111059e-06	4.417976168441303e-07	7.439655612652625e-07	-3.946245030565488e-07	-1.313562439442994e-06	-1.892482053429979e-06	-2.990610918251123e-06	-1.057656815631685e-08	-1.724966139434351e-08	4.096625526500165e-07	5.143244004504338e-07	0.001136800634391279	-1.130867794545264e-07	0.04435035891194533	5.203311136617713e-07	-0.4187123240023522	-6.943884946924487e-07	8.895994223275365e-08	1.27194248667113e-07	-4.664953223900421e-07	-7.078144007516512e-07	2.528203968371169e-07	4.127592821760288e-07	8.821541912136091e-08	1.666401332878103e-08	-1.501293972114309e-06	-2.325380926683354e-06	5.140996791625078e-07	8.895430938039964e-07	4.021205375670729e-07	5.284505212671763e-07	3.578565744687097e-07	6.501364490476664e-07	1.235382378336474e-07	2.343948317605549e-07	-1.688676534213405e-08	-1.887832534636381e-08	2.422468155351913e-07	4.66556464281866e-07	4.91198782118583e-07	4.29073464691957e-07	8.432712811347896e-08	1.454639955865475e-07	-1.968883669528451e-07	-3.569166961573601e-07	1.047197572362779	4.435899336066758e-08	1.962675799800708e-07	2.715449759845668e-07	-5.612813000091453e-07	-1.161083491024687e-06	8.495278354383955e-07	1.351937724551285e-06	-5.713583228421597e-08	-7.496808505817914e-08	-2.217206509480039e-07	-2.58161566234333e-07	1.047197521805197	-4.878016878443431e-08	2.002162686428128e-08	-8.541375740974543e-08
1.05	1.471433580332601e-06	2.253939462560672e-06	9.222458239185874e-08	2.684743595982748e-07	2.402065148866231e-07	4.946120127584365e-07	-3.799195488988881e-08	-5.279068103577844e-08	0.9690000594159202	1.307030168363428e-07	-2.02753100588125e-07	-3.432646618911239e-07	-1.480205197238565e-06	-2.352251292658621e-06	-6.950499313639474e-07	-1.002737513201062e-06	2.867337411812654e-07	5.957858494352948e-07	0.1791789792771123	0.05615372908001946	0.001839377029902746	0.02626030396317924	-0.03030076878546799	0.09773686045940147	0.05200878926699365	-0.005771192514925321	-0.00222077057611654	-0.01983812285318727	0.004177095678954505	-0.0002229226456339064	0.2171697244057463	0.4072429051668834	0.009715270890736025	0.02585558107498271	0.03101162167715924	-0.001229649588460341	0.003583318457909148	0.001767037860905633	0.0005725807680493598	-0.0004940869457044448	-0.0009964247647623076	-0.001553867023667252	-3.170949736589183e-06	-5.643128348824464e-06	4.492340876761587e-07	7.424612626283755e-07	-4.077319028905559e-07	-1.317159796314367e-06	-1.922470584281794e-06	-2.986186774814962e-06	-1.082044930565738e-08	-1.595338714125285e-08	4.149467611218657e-07	5.104297898515991e-07	0.001136799580190364	-1.156275393975535e-07	0.04435036415411621	5.184847656517478e-07	-0.4187123308682073	-6.967952831682639e-07	9.01624736441672e-08	1.292578188928006e-07	-4.736137329666714e-07	-7.061817838028625e-07	2.569050197204279e-07	4.141052777256502e-07	8.831442397984911e-08	1.938484031206255e-08	-1.524710094853861e-06	-2.319048031892312e-06	5.229590620786062e-07	8.911018894415766e-07	4.074498353589794e-07	5.267233762717305e-07	3.643708220046067e-07	6.494018809504932e-07	1.258601056728322e-07	2.350757129409042e-07	-1.707569956847962e-08	-1.887113811843047e-08	2.469422037345772e-07	4.656150274745959e-07	4.955203966553281e-07	4.272842996696493e-07	8.577879741833476e-08	1.454347829580584e-07	-2.004546600446647e-07	-3.571041115161262e-07	1.047197572804816	4.44223457941845e-08	1.989717721863801e-07	2.720639596452601e-07	-5.730393384590574e-07	-1.15629960071106e-06	8.630276162644819e-07	1.352041864131436e-06	-5.788410691617981e-08	-7.505433786686817e-08	-2.243134676473468e-07	-2.579771553132281e-07	1.047197521321135	-4.892649142426746e-08	1.917241916269697e-08	-8.546557124920752e-08
1.06	1.494102231931033e-06	2.249528719565887e-06	9.495353309681711e-08	2.672944405449031e-07	2.451217974914376e-07	4.95529564474941e-07	-3.850694617179329e-08	-5.306651194565592e-08	0.9690000607368213	1.303438409602597e-07	-2.06193731178822e-07	-3.431150936079477e-07	-1.50385865678169e-06	-2.34710839359002e-06	-7.051396581138093e-07	-1.000421536296463e-06	2.926422443361165e-07	5.971000109802465e-07	0.179757949175242	0.05682901222869163	0.002108398420904565	0.02718918154014857	-0.02937537490224571	0.09647818992974853	0.05195130736061197	-0.005918417140518983	-0.002419827226967881	-0.02001348964118443	0.004178723024905179	-5.674807135183367e-05	0.2212615565714705	0.4111214151737679	0.00996998256763368	0.02582594877756937	0.03098820728849464	-0.00244406826119804	0.003601165500519196	0.001747678580632368	0.0005674481439009465	-0.0005271651157923869	-0.001012224742669028	-0.001576653899718558	-3.227398424016004e-06	-5.642861243135645e-06	4.566558718017132e-07	7.409891251934638e-07	-4.208792448978992e-07	-1.320657014157681e-06	-1.952414003120447e-06	-2.982242434132734e-06	-1.104999004322963e-08	-1.499170250653025e-08	4.201888566982746e-07	5.072143267630896e-07	0.0011367984988423	-1.177892196006111e-07	0.04435036937695279	5.168444434792579e-07	-0.418712337760386	-6.988357534490587e-07	9.138723679217339e-08	1.309845857414782e-07	-4.807157643368092e-07	-7.04782378793342e-07	2.610041980369624e-07	4.152444648038905e-07	8.844133492425228e-08	2.173347993409251e-08	-1.548060208590793e-06	-2.3135721498737e-06	5.318352951796073e-07	8.92487494647673e-07	4.127610026072356e-07	5.252285054491057e-07	3.708777441961413e-07	6.487482390118373e-07	1.281893575934275e-07	2.356509706989336e-07	-1.726451331524056e-08	-1.886333894218149e-08	2.516276953960456e-07	4.648259919282704e-07	4.998224805782388e-07	4.256370788688289e-07	8.72303289839668e-08	1.453966947145194e-07	-2.040233612906952e-07	-3.57289726125764e-07	1.047197573247574	4.447936587527627e-08	2.016814123427319e-07	2.725238261063602e-07	-5.84748077737891e-07	-1.152299987559139e-06	8.765295051040814e-07	1.352081761054798e-06	-5.863328599878439e-08	-7.513298903784358e-08	-2.269041878324326e-07	-2.578436529561783e-07	1.047197520835495	-4.905470845588115e-08	1.832226184768034e-08	-8.550569879070243e-08
1.07	1.51671778788613e-06	2.245815613516199e-06	9.766790845160971e-08	2.663529696077199e-07	2.500489046345008e-07	4.9630397416442e-07	-3.902562796432192e-08	-5.327951452580809e-08	0.9690000620533018	1.30060671084924e-07	-2.096324789969319e-07	-3.430106627799887e-07	-1.527451439647241e-06	-2.342689963413606e-06	-7.152017785259953e-07	-9.984443961531427e-07	2.985679406041375e-07	5.981833545233644e-07	0.1803429186599717	0.05757213273987555	0.002386560309404734	0.02812464790457538	-0.02846009462069945	0.09499998538590523	0.05189234497243966	-0.006059365087856428	-0.002620673196292413	-0.02018880582736842	0.004181851692510911	0.0001240926636071301	0.2253921718922511	0.4149999250492534	0.01022459371406407	0.02577839508171065	0.03095295067465284	-0.003681668593858084	0.003618805878059043	0.001729697704810021	0.0005619879989437086	-0.0005603020140921374	-0.001028249570342269	-0.001600332863053416	-3.283846731035382e-06	-5.642806715044599e-06	4.640629692207938e-07	7.395491489605274e-07	-4.340665290785786e-07	-1.324054092972934e-06	-1.982312309945939e-06	-2.978777896204439e-06	-1.126519036903362e-08	-1.436460749017573e-08	4.253888393792432e-07	5.046780111849053e-07	0.001136797390347087	-1.195718200636991e-07	0.04435037458045506	5.154101471443018e-07	-0.4187123446788882	-7.00509905534833e-07	9.263423167677223e-08	1.323745492131459e-07	-4.878014165004555e-07	-7.036161857230898e-07	2.651179317867204e-07	4.161768434107497e-07	8.859615195457042e-08	2.370993219487091e-08	-1.571344313325104e-06	-2.308953280627518e-06	5.407283784655108e-07	8.936999094222856e-07	4.180540393118415e-07	5.23965908799302e-07	3.773773410433137e-07	6.481755232316987e-07	1.305259935954331e-07	2.361206050346429e-07	-1.745320658241688e-08	-1.885492781761685e-08	2.563032905195964e-07	4.641893576428892e-07	5.041050338873148e-07	4.241318022894958e-07	8.868172281037509e-08	1.453497308559305e-07	-2.075944706909366e-07	-3.574735399862735e-07	1.047197573691054	4.453005360394289e-08	2.043965004491262e-07	2.729245753678672e-07	-5.964075178456459e-07	-1.149084651568922e-06	8.900335019571943e-07	1.352057415321373e-06	-5.938336953202972e-08	-7.520403857110536e-08	-2.29492811503261e-07	-2.577610591631836e-07	1.047197520348278	-4.916481987927539e-08	1.74711549192314e-08	-8.553414003423021e-08
1.08	1.539280248197891e-06	2.242800144411608e-06	1.003677084562366e-07	2.656499467867253e-07	2.549878363158126e-07	4.969352418268738e-07	-3.95480002674747e-08	-5.342968877623495e-08	0.9690000633653615	1.298535072103359e-07	-2.130693440424546e-07	-3.429513694072469e-07	-1.55098354583522e-06	-2.33899600212938e-06	-7.252362926005056e-07	-9.968060927711009e-07	3.045108299853285e-07	5.990358800646486e-07	0.1809338877313014	0.05838309061357121	0.002673862695403253	0.02906670305645966	-0.02755492794082921	0.09330224682787155	0.05183190210247673	-0.006194036356937655	-0.002823308484090135	-0.02036407141173924	0.0041864816817717	0.0003195995592429846	0.2295615703680882	0.4188784347933398	0.01047910433002721	0.02571291998740658	0.03090585183563387	-0.00494245058644047	0.00363623959052869	0.001713095233438593	0.000556200333177646	-0.0005934976406036964	-0.001044499247782033	-0.001624903913671827	-3.340294657647317e-06	-5.642964764551328e-06	4.714553799334005e-07	7.381413339295661e-07	-4.472937554325943e-07	-1.327351032760127e-06	-2.01216550475827e-06	-2.975793161030078e-06	-1.146605028306932e-08	-1.407210209218927e-08	4.305467091647717e-07	5.028208431170461e-07	0.001136796254704726	-1.209753407868176e-07	0.04435037976462303	5.141818766468796e-07	-0.418712351623714	-7.018177394255868e-07	9.390345829796369e-08	1.334277093078036e-07	-4.948706894576104e-07	-7.026832045921056e-07	2.692462209697019e-07	4.169024135462276e-07	8.877887507080355e-08	2.531419709439775e-08	-1.594562409056794e-06	-2.305191424153768e-06	5.496383119363168e-07	8.947391337654145e-07	4.233289454727971e-07	5.229355863223195e-07	3.838696125461237e-07	6.476837336100773e-07	1.328700136788491e-07	2.364846159480322e-07	-1.764177937000858e-08	-1.884590474473656e-08	2.609689891052297e-07	4.637051246184526e-07	5.083680565825563e-07	4.227684699316501e-07	9.013297889755959e-08	1.452938913822917e-07	-2.111679882453889e-07	-3.576555530976547e-07	1.047197574135255	4.457440898018436e-08	2.071170365055631e-07	2.732662074297809e-07	-6.080176587823223e-07	-1.146653592740412e-06	9.035396068238203e-07	1.351968826931159e-06	-6.013435751591579e-08	-7.52674864666535e-08	-2.320793386598322e-07	-2.577293739342441e-07	1.047197519859482	-4.925682569445018e-08	1.661909837735016e-08	-8.555089497979083e-08
1.09	1.561789612866315e-06	2.240482312252114e-06	1.030529331106976e-07	2.651853720819193e-07	2.599385925353732e-07	4.974233674623022e-07	-4.007406308125163e-08	-5.35170346969365e-08	0.9690000646730007	1.297223493364953e-07	-2.165043263153902e-07	-3.429372134897224e-07	-1.574454975345626e-06	-2.336026509737341e-06	-7.352432003373399e-07	-9.955066261503383e-07	3.104709124796894e-07	5.996575876040988e-07	0.1815308563892312	0.05926188584977862	0.002970305578900121	0.03001534699580141	-0.02665987486263498	0.09138497425564751	0.05176997875072318	-0.006322430947762664	-0.003027733090361046	-0.0205392863942969	0.004192612992687549	0.0005297726155557296	0.2337697519989817	0.422756944406027	0.01073351441552308	0.02562952349465714	0.03084691077143769	-0.006226414238945199	0.003653466637928135	0.001697871166518085	0.0005500851466027586	-0.0006267519953270641	-0.001060973774988317	-0.001650367051573792	-3.396742203851807e-06	-5.643335391655833e-06	4.788331039395333e-07	7.367656801005801e-07	-4.605609239599462e-07	-1.330547833519259e-06	-2.041973587557438e-06	-2.97328822860965e-06	-1.165256978533675e-08	-1.411418631257087e-08	4.356624660548598e-07	5.016428225595122e-07	0.001136795091915217	-1.219997817699665e-07	0.0443503849294567	5.131596319869911e-07	-0.4187123585948634	-7.027592551213203e-07	9.51949166557478e-08	1.341440660254514e-07	-5.019235832082737e-07	-7.019834354003896e-07	2.733890655859069e-07	4.174211752103244e-07	8.898950427295162e-08	2.654627463267303e-08	-1.617714495785864e-06	-2.302286580452447e-06	5.585650955920255e-07	8.956051676770596e-07	4.285857210901024e-07	5.221375380181579e-07	3.903545587045714e-07	6.472728701469732e-07	1.352214178436756e-07	2.367430034391015e-07	-1.783023167801566e-08	-1.883626972354062e-08	2.656247911529455e-07	4.633732928549604e-07	5.126115486639632e-07	4.215470817952917e-07	9.158409724552034e-08	1.452291762936029e-07	-2.147439139540522e-07	-3.578357654599076e-07	1.047197574580176	4.461243200400068e-08	2.098430205120425e-07	2.735487222921014e-07	-6.195785005479201e-07	-1.145006811073606e-06	9.170478197039599e-07	1.351815995884157e-06	-6.088624995044262e-08	-7.532333272448801e-08	-2.346637693021462e-07	-2.577485972693597e-07	1.047197519369109	-4.933072590140551e-08	1.576609222203661e-08	-8.555596362738431e-08
1.1	1.584245881891404e-06	2.238862117037717e-06	1.057235824149929e-07	2.649592454933018e-07	2.649011732931825e-07	4.97768351070705e-07	-4.060381640565271e-08	-5.354155228791275e-08	0.9690000659762192	1.296671974634021e-07	-2.199374258157386e-07	-3.429681950274152e-07	-1.597865728178459e-06	-2.333781486237489e-06	-7.452225017364984e-07	-9.945459962908543e-07	3.164481880872201e-07	6.000484771417151e-07	0.182133824633761	0.06020851844849777	0.003275888959895339	0.03097057972260063	-0.02577493538611677	0.08924816766923309	0.051706574917179	-0.006444548860331455	-0.003233947015105147	-0.02071445077504139	0.004200245625258454	0.0007546118325453655	0.2380167167849316	0.426635453887315	0.0109878239705517	0.02552820560346233	0.03077612748206433	-0.00753355955137227	0.003670487020257379	0.001684025504048495	0.0005436424392190468	-0.0006600650782622403	-0.001077673151961124	-0.001676722276759309	-3.453189369648853e-06	-5.643918596358112e-06	4.861961412391922e-07	7.354221874735692e-07	-4.738680346606343e-07	-1.333644495250331e-06	-2.071736558343445e-06	-2.971263098943156e-06	-1.18247488758359e-08	-1.449086015132055e-08	4.407361100495078e-07	5.011439495123033e-07	0.001136793901978558	-1.226451430131458e-07	0.04435039007495606	5.123434131646361e-07	-0.4187123655923363	-7.033344526220332e-07	9.650860675012452e-08	1.345236193660893e-07	-5.089600977524455e-07	-7.015168781479418e-07	2.775464656353355e-07	4.177331284030401e-07	8.922803956101468e-08	2.740616480969675e-08	-1.640800573512313e-06	-2.300238749523557e-06	5.675087294326366e-07	8.962980111572209e-07	4.338243661637573e-07	5.215717638868175e-07	3.968321795186568e-07	6.469429328423863e-07	1.375802060899123e-07	2.368957675078508e-07	-1.801856350643812e-08	-1.882602275402902e-08	2.702706966627437e-07	4.631938623524126e-07	5.168355101315356e-07	4.204676378804207e-07	9.303507785425733e-08	1.451555855898642e-07	-2.183222478169264e-07	-3.580141770730322e-07	1.047197575025818	4.464412267539187e-08	2.125744524685644e-07	2.737721199548287e-07	-6.310900431424392e-07	-1.144144306568506e-06	9.305581405976126e-07	1.351598922180368e-06	-6.163904683561019e-08	-7.537157734460889e-08	-2.372461034302029e-07	-2.578187291685305e-07	1.047197518877158	-4.938652050014139e-08	1.491213645329074e-08	-8.554934597701063e-08
1.11	1.606661267712434e-06	2.23795303198662e-06	1.083844213897122e-07	2.649883413865967e-07	2.698728135030097e-07	4.979648534044813e-07	-4.113699388148016e-08	-5.351832157603721e-08	0.9690000672757885	1.296792761904245e-07	-2.233694045231495e-07	-3.430452227397234e-07	-1.621230613233731e-06	-2.3323158267379e-06	-7.551809329592452e-07	-9.939458868552967e-07	3.224399251928643e-07	6.00232298056948e-07	0.1827445383508456	0.06123532783979195	0.003590461053683864	0.03192723537056612	-0.02490101371179006	0.08694270559474744	0.05164167951478676	-0.006562365898699146	-0.003441930628822621	-0.02088930889908319	0.004209449408340183	0.000990912512146822	0.2423024650252731	0.430513963239041	0.01124173777239593	0.02540886989913567	0.0306930060570523	-0.008866046654150009	0.003687311106642577	0.001671335733638956	0.0005368551730498758	-0.0006937366093075974	-0.001094603554658029	-0.001703831461697446	-3.50962810990346e-06	-5.644508477085108e-06	4.935508844689004e-07	7.342242274578544e-07	-4.871950586571539e-07	-1.336300667462477e-06	-2.101469494486256e-06	-2.969856196833268e-06	-1.198470771737862e-08	-1.513593937338736e-08	4.457728364280801e-07	5.01205832283777e-07	0.001136792689354693	-1.229476062128133e-07	0.04435039520637392	5.117678446169049e-07	-0.4187123726206453	-7.037486164427776e-07	9.784169236750796e-08	1.346201929643584e-07	-5.15981332966786e-07	-7.012328637913276e-07	2.817172262847732e-07	4.178821132646397e-07	8.94907349413244e-08	2.793849811712664e-08	-1.663842180074836e-06	-2.299188776969125e-06	5.7646743080676e-07	8.968404510875192e-07	4.39048793294858e-07	5.212392566239809e-07	4.03304544151501e-07	6.467087068681517e-07	1.399457803498876e-07	2.369655779499472e-07	-1.820711541495273e-08	-1.882171679430498e-08	2.749075079707965e-07	4.631339946495335e-07	5.210498046527422e-07	4.196702726213782e-07	9.448665355526623e-08	1.450903051464899e-07	-2.219008797778983e-07	-3.581525911655869e-07	1.047197575471994	4.466809804315005e-08	2.153102599843094e-07	2.73934800942627e-07	-6.425567764406657e-07	-1.143907008378077e-06	9.440711420179717e-07	1.351351409985948e-06	-6.239219486255908e-08	-7.54041007104359e-08	-2.398262322150929e-07	-2.579213272941439e-07	1.047197518383959	-4.942379603880713e-08	1.40573865510224e-08	-8.553293176985182e-08
1.12	1.62924707130813e-06	2.237988172214339e-06	1.111178949495277e-07	2.655628916977871e-07	2.748056713362518e-07	4.979204942095247e-07	-4.166898693235573e-08	-5.370825885861041e-08	0.9690000685850535	1.296067525626581e-07	-2.268134462940225e-07	-3.431840193904476e-07	-1.644805855741697e-06	-2.332579332486238e-06	-7.652350438147978e-07	-9.940814709794509e-07	3.28398861089985e-07	6.006199647467901e-07	0.1833932050528875	0.06255581221102606	0.003911395664466568	0.032795933548247	-0.02405375441724713	0.08534889393339605	0.0515751007140489	-0.00671006764373878	-0.003651344299730795	-0.02105943739717245	0.004221432528539041	0.001183226613045847	0.2466270018991363	0.4343924724929927	0.0114901478448646	0.02526984820407953	0.03058896619860179	-0.01026125036350222	0.003704118304854369	0.001655951921226635	0.0005294285551340483	-0.0007329523753829176	-0.001111871840181938	-0.001729304708530004	-3.56591922679777e-06	-5.641542501985835e-06	5.010079397347101e-07	7.351333647500888e-07	-5.001954540897741e-07	-1.332627568218783e-06	-2.131433266313066e-06	-2.971462563566792e-06	-1.216912960205587e-08	-1.490429700426541e-08	4.508625344902841e-07	4.997800446958109e-07	0.001136791531210042	-1.235331910935345e-07	0.04435040041459488	5.120320021940842e-07	-0.4187123797578663	-7.075536020284857e-07	9.9145101025906e-08	1.35365049315719e-07	-5.230063190392408e-07	-7.002547109219807e-07	2.858806743974424e-07	4.18626656763747e-07	8.971277681601129e-08	2.891547627102703e-08	-1.687211965547022e-06	-2.301573589014805e-06	5.854103560823522e-07	8.976267486207594e-07	4.443266987414656e-07	5.211571919604363e-07	4.098074534928914e-07	6.468260069069944e-07	1.423077927904177e-07	2.373446700840439e-07	-1.840177980485427e-08	-1.893673185217573e-08	2.795491071865318e-07	4.626255150476305e-07	5.254250944959834e-07	4.215796075416712e-07	9.595150388035498e-08	1.453306868857665e-07	-2.254433014120973e-07	-3.575901229621695e-07	1.047197575915459	4.466043013211132e-08	2.180318884343942e-07	2.740090909558621e-07	-6.540563847540619e-07	-1.141542655066398e-06	9.575967296517987e-07	1.351658342732549e-06	-6.313612062004329e-08	-7.528041631545432e-08	-2.424022726869551e-07	-2.577373002756198e-07	1.047197517895222	-4.943539892763181e-08	1.320453264587359e-08	-8.553941751740661e-08
1.13	1.651832363890879e-06	2.238778962711379e-06	1.138573105055317e-07	2.664481176139974e-07	2.797384477294104e-07	4.977100031199768e-07	-4.220352359767477e-08	-5.390029977315069e-08	0.969000069893219	1.29572449593315e-07	-2.302588862435848e-07	-3.433718662833914e-07	-1.66838418610887e-06	-2.333803675873623e-06	-7.752905530664748e-07	-9.946492579287626e-07	3.343632282429729e-07	6.008790741144127e-07	0.1840553888214968	0.06399726537529886	0.004240817214319919	0.03364897719545622	-0.02322050205386337	0.08375462230438208	0.05150699369258761	-0.006860000177670268	-0.003862462767914631	-0.02122841448814948	0.004235217641248895	0.001376408004517496	0.2509903232169407	0.438270981623456	0.01173718620941254	0.02511248996577875	0.0304709488111475	-0.01168893687709167	0.003720763485642011	0.001640988413776345	0.0005216010538580276	-0.0007735174112004298	-0.001129391568066944	-0.001755075289624619	-3.622175322338594e-06	-5.637902528275531e-06	5.084778338703147e-07	7.365628207302739e-07	-5.131495508476358e-07	-1.327388840182309e-06	-2.161416846648227e-06	-2.974144766075933e-06	-1.234834012570428e-08	-1.472226649776822e-08	4.559324896225333e-07	4.985236306734078e-07	0.001136790365121976	-1.238954882993841e-07	0.04435040562609919	5.126512723870635e-07	-0.418712386940841	-7.118761886839849e-07	1.004585291805965e-07	1.360048574594723e-07	-5.300196617819871e-07	-6.992915979412235e-07	2.900535332002155e-07	4.193531597779074e-07	8.994659518218939e-08	2.971243816515575e-08	-1.710608480187998e-06	-2.305421870393769e-06	5.943624557573362e-07	8.983379720545948e-07	4.496033206213295e-07	5.213116758439283e-07	4.163119469448991e-07	6.470878954717529e-07	1.446746141374273e-07	2.37715750976235e-07	-1.859779010565391e-08	-1.907935085471946e-08	2.841842645837631e-07	4.621280400283051e-07	5.298233249546261e-07	4.242342810804737e-07	9.741937191063698e-08	1.45636192387674e-07	-2.289790456674467e-07	-3.568613853836181e-07	1.047197576358838	4.464047512230621e-08	2.207543473069673e-07	2.740173767080886e-07	-6.655260265129623e-07	-1.139277647633965e-06	9.711268904409487e-07	1.35204658765727e-06	-6.387856837686593e-08	-7.511416863201635e-08	-2.44975748046285e-07	-2.575247723367099e-07	1.047197517406326	-4.942711595678561e-08	1.235139859662653e-08	-8.554235386244337e-08
1.14	1.67441714546068e-06	2.24032540347774e-06	1.166026680577244e-07	2.676440191352276e-07	2.846711426824855e-07	4.973333801358375e-07	-4.274060387743729e-08	-5.409444431965806e-08	0.9690000712002849	1.295763672823951e-07	-2.337057243718364e-07	-3.43608763418555e-07	-1.691965604335249e-06	-2.335988856900057e-06	-7.853474607142761e-07	-9.956492477032322e-07	3.403330266518279e-07	6.010096261598157e-07	0.1847310896566737	0.06555968733261038	0.004578725703243916	0.03448636631219382	-0.02240125662163879	0.08215989070770552	0.05143735845040288	-0.00701216350049361	-0.004075286033374132	-0.02139624017201426	0.004250804746469745	0.00157045668656177	0.2553924289786865	0.4421494906304309	0.01198285286603975	0.02493679518423335	0.03033895389468943	-0.01314910619491837	0.003737246649005501	0.001626445211288086	0.0005133726692218136	-0.0008154317167601339	-0.001147162738313047	-0.001781143204981291	-3.678396396525928e-06	-5.633588555954197e-06	5.159605668757142e-07	7.385125953984097e-07	-5.260573489307392e-07	-1.320584483353055e-06	-2.19142023549174e-06	-2.977902804360691e-06	-1.252233928832384e-08	-1.458984785389581e-08	4.609827018248274e-07	4.974365902165681e-07	0.001136789191090494	-1.240344978303622e-07	0.04435041084088685	5.136256551958427e-07	-0.4187123941695693	-7.167163764092754e-07	1.017819768315795e-07	1.365396173956182e-07	-5.370213611950251e-07	-6.983435248490559e-07	2.942358026930927e-07	4.20061622307121e-07	9.019219003985868e-08	3.03293837995128e-08	-1.734031723997765e-06	-2.310733621106018e-06	6.033237298317121e-07	8.989741213890254e-07	4.548786589344495e-07	5.21702708274457e-07	4.228180245075239e-07	6.474943725624275e-07	1.470462443909163e-07	2.380788206265208e-07	-1.879514631735164e-08	-1.924957380193619e-08	2.888129801624904e-07	4.616415695915573e-07	5.342444960286705e-07	4.276342932377858e-07	9.889025764611225e-08	1.460068216522127e-07	-2.325081125439465e-07	-3.559663784299329e-07	1.04719757680213	4.460823301373471e-08	2.234776366020287e-07	2.739596581993067e-07	-6.769657017173672e-07	-1.137111986080777e-06	9.846616243854214e-07	1.352516144760112e-06	-6.461953813302704e-08	-7.490535766012198e-08	-2.475466582930824e-07	-2.572837434774142e-07	1.047197516917274	-4.939894712626853e-08	1.14979844032812e-08	-8.554174080496211e-08
1.15	1.697001416017535e-06	2.24262749451342e-06	1.193539676061057e-07	2.691505962614778e-07	2.896037561954772e-07	4.967906252571066e-07	-4.328022777164329e-08	-5.429069249813253e-08	0.9690000725062513	1.296185056298985e-07	-2.371539606787775e-07	-3.438947107959384e-07	-1.715550110420836e-06	-2.33913487556554e-06	-7.954057667582018e-07	-9.970814403028598e-07	3.4630825631655e-07	6.010116208829991e-07	0.185420307558418	0.06724307808296058	0.004925121131238559	0.03530810089845976	-0.02159601812057337	0.08056469914336636	0.05136619498749473	-0.007166557612208808	-0.004289814096109294	-0.0215629144487668	0.004268193844201591	0.001765372659178668	0.2598333191843735	0.4460279995139172	0.01222714781474624	0.02474276385944333	0.03019298144922758	-0.01464175831698232	0.003753567794944841	0.001612322313761859	0.0005047434012254061	-0.0008586952920620302	-0.001165185350920248	-0.00180750845460002	-3.734582449359775e-06	-5.628600585021833e-06	5.234561387509087e-07	7.409826887544963e-07	-5.389188483390842e-07	-1.31221449773102e-06	-2.221443432843603e-06	-2.982736678421066e-06	-1.269112708991456e-08	-1.450704107264816e-08	4.660131710971667e-07	4.965189233252915e-07	0.001136788009115597	-1.239502196864687e-07	0.04435041605895786	5.149551506204217e-07	-0.4187124014440513	-7.220741652043573e-07	1.031154439788549e-07	1.369693291241569e-07	-5.440114172783546e-07	-6.974104916454783e-07	2.984274828760738e-07	4.207520443513877e-07	9.044956138901917e-08	3.076631317409818e-08	-1.757481696976322e-06	-2.317508841151551e-06	6.122941783054799e-07	8.995351966240511e-07	4.601527136808258e-07	5.223302892520222e-07	4.29325686180766e-07	6.48045438179018e-07	1.494226835508848e-07	2.384338790349009e-07	-1.899384843994748e-08	-1.944740069382589e-08	2.934352539227137e-07	4.61166103737387e-07	5.386886077181164e-07	4.317796440136074e-07	1.003641610867808e-07	1.464425746793824e-07	-2.360305020415968e-07	-3.549051021011136e-07	1.047197577245335	4.456370380639683e-08	2.262017563195783e-07	2.738359354295164e-07	-6.883754103672765e-07	-1.135045670406836e-06	9.982009314852174e-07	1.353067014041074e-06	-6.535902988852661e-08	-7.465398339977122e-08	-2.501150034273474e-07	-2.570142136977328e-07	1.047197516428065	-4.935089243608057e-08	1.064429006583761e-08	-8.553757834496285e-08
1.16	1.719585175561442e-06	2.245685235818421e-06	1.221112091506756e-07	2.709678489927477e-07	2.945362882683853e-07	4.960817384837844e-07	-4.382239528029274e-08	-5.448904430857408e-08	0.9690000738111181	1.296988646358251e-07	-2.406035951644079e-07	-3.442297084155413e-07	-1.739137704365629e-06	-2.34324173187007e-06	-8.054654711982517e-07	-9.989458357276451e-07	3.522889172371392e-07	6.00885058283963e-07	0.1861230425267299	0.06904743762634946	0.005280003498303841	0.03611418095425405	-0.02080478655066715	0.07896904761136467	0.05129350330386314	-0.007323182512815856	-0.004506046956120114	-0.0217284373184071	0.004287384934444435	0.001961155922368187	0.2643129938340018	0.449906508273915	0.01247007105553199	0.02453039599140868	0.03003303147476194	-0.01616689324328349	0.00376972692346003	0.001598619721197663	0.0004957132498688055	-0.0009033081371061174	-0.001183459405888545	-0.001834171038480804	-3.790733480840132e-06	-5.622938615478438e-06	5.309645494958978e-07	7.439731007985335e-07	-5.517340490726706e-07	-1.302278883316204e-06	-2.251486438703818e-06	-2.988646388257057e-06	-1.285470353047643e-08	-1.447384615402529e-08	4.71023897439551e-07	4.957706299995782e-07	0.001136786819197285	-1.236426538677037e-07	0.04435042128031224	5.166397586608007e-07	-0.4187124087642869	-7.279495550692304e-07	1.044589306224228e-07	1.372939926450882e-07	-5.509898300319754e-07	-6.964924983304904e-07	3.026285737491587e-07	4.214244259107075e-07	9.071870922967085e-08	3.102322628891188e-08	-1.780958399123668e-06	-2.325747530530367e-06	6.212738011786394e-07	9.00021197759672e-07	4.65425484860458e-07	5.231944187766241e-07	4.358349319646252e-07	6.487410923215244e-07	1.518039316173326e-07	2.387809262013756e-07	-1.919389647344141e-08	-1.967283153038858e-08	2.980510858644328e-07	4.607016424657942e-07	5.43155660022964e-07	4.366703334079385e-07	1.018410822326425e-07	1.469434514691831e-07	-2.395462141603973e-07	-3.536775563971603e-07	1.047197577688454	4.450688750029256e-08	2.289267064596162e-07	2.736462083987178e-07	-6.997551524626898e-07	-1.13307870061214e-06	1.011744811740336e-06	1.353699195500157e-06	-6.609704364336461e-08	-7.436004585096407e-08	-2.5268078344908e-07	-2.567161829976656e-07	1.047197515938698	-4.928295188622171e-08	9.790315584295779e-09	-8.552986648244558e-08
1.17	1.742168424092402e-06	2.249498627392743e-06	1.248743926914342e-07	2.730957773290376e-07	2.9946873890121e-07	4.952067198158708e-07	-4.436710640338567e-08	-5.468949975098272e-08	0.9690000751148854	1.298174443001749e-07	-2.440546278287276e-07	-3.44613756277364e-07	-1.762728386169629e-06	-2.348309425813649e-06	-8.155265740344262e-07	-1.001242433977588e-06	3.582750094135956e-07	6.006299383627072e-07	0.1868392945616093	0.07097276596277707	0.005643372804439776	0.03690460647957671	-0.02002756191192008	0.07737293611170036	0.05121928339950813	-0.007482038202314762	-0.004723984613406601	-0.02189280878093516	0.004308378017198276	0.002157806476130334	0.2688314529275715	0.4537850169104246	0.01271162258839702	0.02429969158012941	0.02985910397129253	-0.01772451097382193	0.003785724034551068	0.001585337433595498	0.0004862822151520114	-0.0009492702518923975	-0.001201984903217941	-0.001861130956623645	-3.846849490967002e-06	-5.616602647324012e-06	5.38485799110682e-07	7.474838315305213e-07	-5.645029511314989e-07	-1.290777640108608e-06	-2.281549253072384e-06	-2.995631933868666e-06	-1.301306861000946e-08	-1.449026309802719e-08	4.760148808519803e-07	4.951917102394281e-07	0.001136785621335557	-1.23111800374067e-07	0.04435042650494996	5.186794793169795e-07	-0.4187124161302762	-7.343425460038947e-07	1.058124367622832e-07	1.375136079584122e-07	-5.579565994558881e-07	-6.955895449040921e-07	3.068390753123477e-07	4.220787669850804e-07	9.099963356181375e-08	3.110012314395392e-08	-1.804461830439805e-06	-2.335449689242469e-06	6.302625984511908e-07	9.004321247958881e-07	4.706969724733466e-07	5.242950968482624e-07	4.423457618591016e-07	6.495813349899469e-07	1.5418998859026e-07	2.391199621259449e-07	-1.939529041783344e-08	-1.992586631162426e-08	3.026604759876479e-07	4.60248185776779e-07	5.476456529432132e-07	4.423063614207792e-07	1.033210210836975e-07	1.475094520216149e-07	-2.430552489003484e-07	-3.522837413180731e-07	1.047197578131487	4.443778409542192e-08	2.316524870221423e-07	2.733904771069106e-07	-7.111049280036079e-07	-1.131211076696689e-06	1.025293265150778e-06	1.35441268913736e-06	-6.683357939754108e-08	-7.402354501370054e-08	-2.552439983582802e-07	-2.563896513772127e-07	1.047197515449174	-4.919512547669199e-08	8.936060958655668e-09	-8.551860521741026e-08
1.18	1.764751161610415e-06	2.254067669236384e-06	1.276435182283815e-07	2.755343812703474e-07	3.044011080939513e-07	4.941655692533659e-07	-4.491436114092207e-08	-5.489205882535844e-08	0.9690000764175531	1.299742446229479e-07	-2.475070586717368e-07	-3.450468543814064e-07	-1.786322155832836e-06	-2.354337957396276e-06	-8.25589075266725e-07	-1.003971235052689e-06	3.642665328459191e-07	6.002462611192318e-07	0.1875690636630561	0.07301906309224339	0.006015229049646357	0.03767937747442773	-0.01926434420433219	0.07577636464437346	0.05114353527442968	-0.007643124680705523	-0.004943627067968753	-0.02205602883635098	0.004331173092463112	0.002355324320465106	0.2733886964650825	0.4576635254234455	0.01295180241334132	0.02405065062560551	0.02967119893881934	-0.01931461150859762	0.003801559128217954	0.001572475450955364	0.0004764502970750239	-0.0009965816364208696	-0.001220761842908433	-0.001888388209028543	-3.902930479740384e-06	-5.609592680558557e-06	5.460198875952612e-07	7.515148809504601e-07	-5.772255545155687e-07	-1.277710768108231e-06	-2.311631875949303e-06	-3.00369331525589e-06	-1.316622232851365e-08	-1.455629190465386e-08	4.809861213344547e-07	4.947821640448413e-07	0.001136784415530414	-1.223576592055589e-07	0.04435043173287103	5.210743125889583e-07	-0.418712423542019	-7.412531380083504e-07	1.07175962398436e-07	1.376281750641289e-07	-5.649117255500922e-07	-6.947016313662837e-07	3.110589875656407e-07	4.227150675745066e-07	9.129233438544782e-08	3.099700373922429e-08	-1.827991990924732e-06	-2.346615317287854e-06	6.392605701231342e-07	9.007679777326994e-07	4.759671765194914e-07	5.256323234669375e-07	4.488581758641953e-07	6.505661661842853e-07	1.565808544696669e-07	2.394509868086086e-07	-1.959803027312358e-08	-2.020650503753292e-08	3.07263424292359e-07	4.598057336703414e-07	5.52158586478864e-07	4.486877280521295e-07	1.048039776399458e-07	1.481405763366777e-07	-2.465576062614499e-07	-3.507236568638519e-07	1.047197578574433	4.435639359178488e-08	2.343790980071569e-07	2.73068741554095e-07	-7.224247369900302e-07	-1.129442798660484e-06	1.038846291716543e-06	1.355207494952683e-06	-6.756863715105599e-08	-7.364448088798059e-08	-2.57804648154948e-07	-2.560346188363739e-07	1.047197514959494	-4.908741320749137e-08	8.081526188917297e-09	-8.550379454985695e-08
1.19	1.787333998185654e-06	2.25847825670912e-06	1.304117092840653e-07	2.777775752153209e-07	3.093393753310039e-07	4.932779705369209e-07	-4.546345577711255e-08	-5.508768798857016e-08	0.9690000777212782	1.301600857898075e-07	-2.509608070916844e-07	-3.45468085494612e-07	-1.809910797504647e-06	-2.360009910336283e-06	-8.356492831443224e-07	-1.006537972141391e-06	3.702622868997232e-07	5.998838042526048e-07	0.1883264364620632	0.07531223412950358	0.006394908910206536	0.03844263782413582	-0.0185044521163415	0.07440492887597769	0.0510661459923588	-0.007806448822184693	-0.00516463825380879	-0.02221310866907179	0.004355042909782901	0.002537447458508489	0.2779847248093221	0.4615420338817805	0.01319073345472724	0.02380806094703566	0.02946820807999666	-0.0209192588730812	0.003817355639026528	0.001561794769249138	0.0004662169621727255	-0.001043710492043028	-0.001239824176934189	-0.001916195532378599	-3.959002442866524e-06	-5.603164993057752e-06	5.535308944319769e-07	7.547892015737507e-07	-5.8997375533159e-07	-1.266247696804079e-06	-2.341722659882896e-06	-3.0113436656856e-06	-1.333141123369023e-08	-1.491008628922719e-08	4.859536794907498e-07	4.945842203760619e-07	0.001136783207694493	-1.215605993388983e-07	0.04435043694610078	5.230569774182243e-07	-0.4187124309629563	-7.474381603496828e-07	1.085403770296753e-07	1.376183895043043e-07	-5.718600304407979e-07	-6.938825463687708e-07	3.152817605956549e-07	4.232512739178683e-07	9.158659165795441e-08	3.075855670260018e-08	-1.851526854507836e-06	-2.357079725615388e-06	6.482676814003081e-07	9.011333235652499e-07	4.81236070697789e-07	5.269137079285181e-07	4.553726166424056e-07	6.51533138773861e-07	1.589750732044632e-07	2.397668966980833e-07	-1.980074224608987e-08	-2.045713022325668e-08	3.118664633954808e-07	4.594711206387486e-07	5.566723780280394e-07	4.545300483466183e-07	1.062885171901373e-07	1.487370615688019e-07	-2.500589286147106e-07	-3.492954080302943e-07	1.047197579017644	4.428421820778744e-08	2.371069484079453e-07	2.727698140348919e-07	-7.337237063402194e-07	-1.127759437580587e-06	1.052400852100189e-06	1.355943173119454e-06	-6.830390142267976e-08	-7.330406124269114e-08	-2.603643676905673e-07	-2.557090580162658e-07	1.047197514468929	-4.899825232832346e-08	7.227631189823085e-09	-8.54744852813881e-08
1.2	1.809919044813948e-06	2.259567358471098e-06	1.331551715216768e-07	2.780741760419235e-07	3.143042311282066e-07	4.936501095953932e-07	-4.60119552788129e-08	-5.524512891550255e-08	0.9690000790335233	1.303432033405779e-07	-2.54415594186295e-07	-3.456666607107488e-07	-1.833465882281196e-06	-2.360766693851856e-06	-8.456944232833595e-07	-1.006886333015891e-06	3.762581170788757e-07	6.000608361703088e-07	0.1891601562352115	0.07828794235236346	0.006780117119677995	0.03920872641134826	-0.01771092563075249	0.07403924639903939	0.05098672476547701	-0.007972034413196608	-0.005385855298279052	-0.02234678572583771	0.004377471000163654	0.002647905302117854	0.2826195392156249	0.465420542523503	0.0134288410616816	0.02365769461637058	0.02924629640801441	-0.0224763900965246	0.003833540681535655	0.001559388876249756	0.000455580364522	-0.001085356411214325	-0.001259289387641989	-0.00194542745899123	-4.015155332009535e-06	-5.60166662138336e-06	5.608945256197964e-07	7.528878887821378e-07	-6.02996332142464e-07	-1.26735544721542e-06	-2.371781301768835e-06	-3.013438053310691e-06	-1.356831270653333e-08	-1.637571784280582e-08	4.909731290384063e-07	4.947440020278158e-07	0.001136782018287	-1.213447426754451e-07	0.04435044208244232	5.219724888853827e-07	-0.4187124382665838	-7.485959304677622e-07	1.098740868316262e-07	1.374174530123543e-07	-5.788181998942252e-07	-6.933184121382511e-07	3.194847300591732e-07	4.234034594201726e-07	9.184704146838168e-08	3.05394158957755e-08	-1.87499020546e-06	-2.359352547139649e-06	6.572838118861869e-07	9.01889990325255e-07	4.865035639998258e-07	5.271275050564132e-07	4.618906159170127e-07	6.519201449399478e-07	1.613676064926568e-07	2.400431117251457e-07	-1.999867266759618e-08	-2.047837091900594e-08	3.164921977901133e-07	4.595794183142204e-07	5.611106162492708e-07	4.553890281966618e-07	1.077696752734785e-07	1.48953703248823e-07	-2.53578739979096e-07	-3.490305128764718e-07	1.047197579462333	4.429566101251106e-08	2.398374534438643e-07	2.728010073654579e-07	-7.450334174806667e-07	-1.126111065764427e-06	1.06594642943181e-06	1.356133766610893e-06	-6.904520106988547e-08	-7.328328532750789e-08	-2.629288139613417e-07	-2.556135687964159e-07	1.04719751397497	-4.906064536436965e-08	6.377559097123792e-09	-8.539279043916342e-08
1.21	1.832504299167553e-06	2.260335181971543e-06	1.358964744129896e-07	2.780852209272114e-07	3.192760500588475e-07	4.942327438170599e-07	-4.656216933056097e-08	-5.539403084126743e-08	0.9690000803472096	1.305537265910325e-07	-2.578716845007453e-07	-3.458425181204463e-07	-1.857014375626934e-06	-2.360932235388561e-06	-8.557366124786116e-07	-1.006966776777261e-06	3.822579640178199e-07	6.002857674539154e-07	0.1900239888716797	0.08153295119406535	0.00717303079069046	0.03996404247846588	-0.01691882216780517	0.07393888360274127	0.05090564226495324	-0.008139858891755685	-0.005608381212638411	-0.02247343393258189	0.004400844291906202	0.002740071789006311	0.2872931384932774	0.4692990511227948	0.01366572178084536	0.02351819486488025	0.02900910149542849	-0.02404487332380312	0.00384970912783369	0.001559477959668356	0.0004445422550230722	-0.001126546951518123	-0.001279046040343368	-0.00197525447499465	-4.071303825962088e-06	-5.600974302098078e-06	5.682286768567784e-07	7.500023745055151e-07	-6.160573128007697e-07	-1.27063154948896e-06	-2.401846030021841e-06	-3.014856563465431e-06	-1.382032138852088e-08	-1.817153584475361e-08	4.959917570373889e-07	4.951229081927967e-07	0.00113678082790191	-1.211180953408127e-07	0.04435044720089082	5.203391608093301e-07	-0.4187124455728935	-7.488066924937494e-07	1.112070592681089e-07	1.370887252693785e-07	-5.857704070801185e-07	-6.928326874928622e-07	3.236893936032456e-07	4.234409349398354e-07	9.210722729375265e-08	3.01929075700866e-08	-1.89845433614057e-06	-2.360538566073168e-06	6.663090757796242e-07	9.026947758627982e-07	4.917697427491601e-07	5.272333782523992e-07	4.684107208135106e-07	6.522603567835498e-07	1.637632332787298e-07	2.403029466467054e-07	-2.01963305013615e-08	-2.045933502301166e-08	3.211191865984092e-07	4.598128036027063e-07	5.655457790446868e-07	4.554801820425155e-07	1.092521607943886e-07	1.491179356980027e-07	-2.570985213768139e-07	-3.489505529700895e-07	1.047197579907349	4.432014899604241e-08	2.425692707470396e-07	2.728708283226118e-07	-7.563239147072276e-07	-1.124545040768435e-06	1.07949299920265e-06	1.356240216763046e-06	-6.978700728826612e-08	-7.331561893789034e-08	-2.654926211772026e-07	-2.555578776106757e-07	1.047197513479999	-4.914843638356957e-08	5.528290633877384e-09	-8.529464668201776e-08
1.22	1.855089761246468e-06	2.260781727210458e-06	1.386356179580036e-07	2.778107098711845e-07	3.242548321229265e-07	4.950258732019213e-07	-4.711409793235674e-08	-5.55343937658648e-08	0.9690000816623374	1.307916555411714e-07	-2.613290780350352e-07	-3.459956577237046e-07	-1.880556277541862e-06	-2.360506534946399e-06	-8.657758507300784e-07	-1.006779303425501e-06	3.882618277165562e-07	6.005585981034247e-07	0.1909179343714677	0.08504726065460928	0.007573649923243928	0.04070858602548866	-0.01612814172749955	0.07410384048708335	0.05082289849078749	-0.008309922257861925	-0.005832215996886866	-0.02259305328930434	0.004425162785010547	0.00281394691917386	0.2920055226422795	0.4731775596796559	0.01390137561221852	0.02338956169256468	0.0287566233422389	-0.02562470855491676	0.003865860977920632	0.001562062019504938	0.0004331026336759419	-0.001167282112954425	-0.001299094135038324	-0.002005676580388859	-4.12744792472418e-06	-5.601088035201903e-06	5.755333481429227e-07	7.461326587438832e-07	-6.291566973065074e-07	-1.276076003624699e-06	-2.431916844641914e-06	-3.015599196149819e-06	-1.408743727965287e-08	-2.029754029507055e-08	5.010095634876976e-07	4.957209388710046e-07	0.001136779636539224	-1.208806573350011e-07	0.04435045230144627	5.181569931900667e-07	-0.4187124528818856	-7.480704464276445e-07	1.125392943391232e-07	1.36632206275377e-07	-5.927166519984777e-07	-6.924253724326041e-07	3.278957512278719e-07	4.233637004768567e-07	9.236714913406732e-08	2.971903172553347e-08	-1.921919246549546e-06	-2.360637782415946e-06	6.7534347308062e-07	9.035476801778792e-07	4.970346069457923e-07	5.272313275164759e-07	4.749329313318991e-07	6.525537743046672e-07	1.661619535626823e-07	2.405464014627623e-07	-2.039371574738582e-08	-2.040002253527385e-08	3.257474298203687e-07	4.601712765042065e-07	5.699778664142875e-07	4.548035098841791e-07	1.107359737528676e-07	1.492297589163407e-07	-2.606182728078642e-07	-3.490555283111473e-07	1.047197580352692	4.43576821583815e-08	2.453024003174713e-07	2.729792769063539e-07	-7.675951980199023e-07	-1.123061362592612e-06	1.093040561412709e-06	1.356262523575913e-06	-7.052932007782171e-08	-7.340106207383849e-08	-2.680557893381499e-07	-2.555419844590455e-07	1.047197512984015	-4.926162538592323e-08	4.679825800083861e-09	-8.51800540099511e-08
1.23	1.877675431050694e-06	2.26090699418784e-06	1.413726021567188e-07	2.772506428738427e-07	3.292405773204438e-07	4.960294977499771e-07	-4.766774108420023e-08	-5.566621768929465e-08	0.9690000829789066	1.310569901909946e-07	-2.647877747891646e-07	-3.461260795205237e-07	-1.904091588025978e-06	-2.359489592525369e-06	-8.758121380377602e-07	-1.006323912960611e-06	3.942697081750842e-07	6.008793281188368e-07	0.1918419927345756	0.08883087073399525	0.007981974517338404	0.04144235705241664	-0.01533888430983563	0.07453411705206563	0.05073849344297975	-0.008482224511515328	-0.006057359651024417	-0.02270564379600505	0.004450426479476687	0.002869530692620502	0.2967566916626312	0.4770560681940864	0.01413580255580109	0.02327179509942385	0.02848886194844565	-0.02721589578986553	0.003881996231796483	0.001567141055759502	0.0004212615004806091	-0.001207561895523228	-0.001319433671726859	-0.002036693775173855	-4.183587628295814e-06	-5.602007820694836e-06	5.828085394782295e-07	7.41278741497242e-07	-6.422944856596771e-07	-1.283688809622638e-06	-2.461993745629053e-06	-3.015665951363857e-06	-1.43696603799293e-08	-2.275373119375665e-08	5.060265483893325e-07	4.965380940624397e-07	0.001136778444198942	-1.206324286580104e-07	0.04435045738410868	5.154259860275924e-07	-0.4187124601935599	-7.463871922694474e-07	1.138707920446692e-07	1.360478960303497e-07	-5.996569346493029e-07	-6.920964669574769e-07	3.321038029330524e-07	4.231717560312364e-07	9.262680698932569e-08	2.91177883621161e-08	-1.94538493668693e-06	-2.359650196167981e-06	6.843870037891744e-07	9.04448703270498e-07	5.022981565897222e-07	5.271213528486433e-07	4.814572474721783e-07	6.528003975032999e-07	1.685637673445141e-07	2.407734761733166e-07	-2.059082840566916e-08	-2.03004334557925e-08	3.303769274559917e-07	4.606548370187209e-07	5.744068783580727e-07	4.53359011721653e-07	1.122211141489153e-07	1.492891729038372e-07	-2.64137994272247e-07	-3.493454388996453e-07	1.047197580798362	4.440826049952832e-08	2.480368421551593e-07	2.731263531166841e-07	-7.788472674186905e-07	-1.121660031236958e-06	1.106589116061988e-06	1.356200687049494e-06	-7.127213943855225e-08	-7.353961473535235e-08	-2.706183184441837e-07	-2.555658893415251e-07	1.047197512487018	-4.940021237143063e-08	3.832164595743224e-09	-8.504901242296347e-08
1.24	1.90026130858023e-06	2.260710982903691e-06	1.441074270091354e-07	2.764050199351862e-07	3.342332856513991e-07	4.972436174612277e-07	-4.822309878609142e-08	-5.578950261155698e-08	0.9690000842969171	1.313497305405021e-07	-2.682477747631338e-07	-3.462337835109034e-07	-1.927620307079284e-06	-2.357881408125471e-06	-8.858454744016567e-07	-1.005600605382591e-06	4.002816053934041e-07	6.012479575001515e-07	0.1927961639610033	0.09288378143222324	0.008398004572973884	0.04216535555924978	-0.01455104991481339	0.0752297132976881	0.05065242712153001	-0.008656765652715896	-0.006283812175051065	-0.02281120545268402	0.004476635375304622	0.002906823109346235	0.3015466455543325	0.480934576666086	0.01436900261159305	0.02316489508545777	0.02820581731404873	-0.02881843502864943	0.003898114889461242	0.001574715068432049	0.000409018855437074	-0.001247386299224534	-0.001340064650408972	-0.002068306059349639	-4.239722936676988e-06	-5.603733658576879e-06	5.900542508626985e-07	7.354406227655911e-07	-6.554706778602787e-07	-1.293469967482777e-06	-2.49207673298326e-06	-3.015056829107542e-06	-1.466699068935017e-08	-2.554010854081191e-08	5.110427117422935e-07	4.975743737671018e-07	0.001136777250881063	-1.203734093098406e-07	0.04435046244887805	5.121461393219073e-07	-0.4187124675079166	-7.437569300191581e-07	1.152015523847469e-07	1.353357945342967e-07	-6.06591255032594e-07	-6.918459710674807e-07	3.363135487187869e-07	4.228651016029747e-07	9.288620085952777e-08	2.838917747983451e-08	-1.968851406552719e-06	-2.357575807329274e-06	6.934396679052873e-07	9.053978451406548e-07	5.075603916809497e-07	5.269034542489014e-07	4.879836692343484e-07	6.530002263794478e-07	1.709686746242255e-07	2.409841707783682e-07	-2.07876684762115e-08	-2.016056778456762e-08	3.350076795052782e-07	4.612634851462495e-07	5.788328148760425e-07	4.511466875549369e-07	1.137075819825319e-07	1.492961776604921e-07	-2.676576857699623e-07	-3.498202847355834e-07	1.047197581244359	4.447188401948288e-08	2.507725962601036e-07	2.733120569536023e-07	-7.900801229035925e-07	-1.120341046701472e-06	1.120138663150485e-06	1.356054707183789e-06	-7.201546537045775e-08	-7.37312769224319e-08	-2.731802084953038e-07	-2.556295922581146e-07	1.04719751198901	-4.956419734009176e-08	2.985307020855472e-09	-8.490152192105485e-08
1.25	1.922847393835077e-06	2.260193693358011e-06	1.468400925152532e-07	2.752738410552149e-07	3.392329571157927e-07	4.986682323356725e-07	-4.878017103803032e-08	-5.590424853265179e-08	0.969000085616369	1.316698765896939e-07	-2.717090779569424e-07	-3.46318769694844e-07	-1.951142434701778e-06	-2.355681981746706e-06	-8.958758598217682e-07	-1.004609380691441e-06	4.062975193715159e-07	6.01664486247369e-07	0.1937804480507508	0.09720599274929329	0.00882174009015037	0.0428775815459881	-0.01376463854243286	0.07619062922395076	0.0505646995264383	-0.008833545681463625	-0.006511573568966808	-0.02290973825934126	0.004503789472494354	0.00292582416935106	0.3063753843173834	0.4848130850956551	0.01460097577959442	0.02306886165066644	0.02790748943904815	-0.03043232627126845	0.003914216950914909	0.001584784057522578	0.0003963746985453364	-0.001286755324058343	-0.001360987071084663	-0.002100513432916211	-4.295853849867704e-06	-5.606265548848031e-06	5.972704822963302e-07	7.286183025489309e-07	-6.686852739083123e-07	-1.305419477205114e-06	-2.522165806704532e-06	-3.013771829380876e-06	-1.497942820791548e-08	-2.865667233623633e-08	5.160580535465806e-07	4.988297779849911e-07	0.001136776056585588	-1.201035992904916e-07	0.04435046749575437	5.083174530730112e-07	-0.4187124748249556	-7.401796596767768e-07	1.165315753593564e-07	1.344959017872179e-07	-6.135196131483511e-07	-6.916738847626152e-07	3.405249885850755e-07	4.224437371920715e-07	9.314533074467354e-08	2.753319907868869e-08	-1.992318656146915e-06	-2.354414615899823e-06	7.025014654289588e-07	9.063951057883494e-07	5.12821312219475e-07	5.265776317172503e-07	4.94512196618409e-07	6.53153260933111e-07	1.733766754018162e-07	2.411784852779171e-07	-2.098423595901285e-08	-1.99804255215992e-08	3.396396859682282e-07	4.619972208867924e-07	5.832556759681969e-07	4.481665373840309e-07	1.151953772537174e-07	1.492507731863054e-07	-2.711773473010099e-07	-3.504800658189617e-07	1.047197581690683	4.454855271824517e-08	2.535096626323042e-07	2.735363884171086e-07	-8.01293764474608e-07	-1.119104408986156e-06	1.1336892026782e-06	1.355824583978799e-06	-7.27592978735382e-08	-7.397604863507718e-08	-2.757414594915103e-07	-2.557330932088138e-07	1.047197511489988	-4.975358029190663e-08	2.139253075420605e-09	-8.473758250422525e-08
1.26	1.945433686815234e-06	2.259355125550799e-06	1.495705986750722e-07	2.738571062339288e-07	3.442395917136244e-07	5.003033423733121e-07	-4.933895784001693e-08	-5.601045545257909e-08	0.9690000869372623	1.320174283385701e-07	-2.751716843705908e-07	-3.463810380723453e-07	-1.974657970893462e-06	-2.352891313389074e-06	-9.059032942980945e-07	-1.00335023888716e-06	4.123174501094196e-07	6.021289143604892e-07	0.1947948450038182	0.1017975046852053	0.00925318106886786	0.0435790350126316	-0.01297965019269401	0.07741686483085361	0.0504753106577046	-0.009012564597758517	-0.006740643832771648	-0.02300124221597676	0.00453188877104588	0.002926533872634978	0.311242907951784	0.4886915934827935	0.01483172205980518	0.02298369479504986	0.02759387832344391	-0.0320575695177226	0.003930302416157483	0.00159734802303109	0.0003833290298053964	-0.001325668970024654	-0.001382200933753932	-0.002133315895873572	-4.351980367867959e-06	-5.60960349150829e-06	6.044572337791242e-07	7.208117808472613e-07	-6.819382738037777e-07	-1.319537338789651e-06	-2.552260966792872e-06	-3.011810952183859e-06	-1.530697293562524e-08	-3.210342258002991e-08	5.21072573802194e-07	5.003043067161074e-07	0.001136774861312516	-1.198229985999634e-07	0.04435047252473765	5.039399272809043e-07	-0.4187124821446769	-7.356553812423033e-07	1.178608609684975e-07	1.335282177891134e-07	-6.204420089965741e-07	-6.915802080428806e-07	3.447381225319182e-07	4.219076627985267e-07	9.3404196644763e-08	2.654985315867863e-08	-2.015786685469517e-06	-2.350166621879631e-06	7.115723963601888e-07	9.074404852135818e-07	5.18080918205298e-07	5.2614388525369e-07	5.010428296243603e-07	6.532595011642897e-07	1.757877696772865e-07	2.413564196719634e-07	-2.118053085407321e-08	-1.976000666688724e-08	3.442729468448418e-07	4.628560442403494e-07	5.876754616345361e-07	4.44418561208935e-07	1.166844999624717e-07	1.491529594812771e-07	-2.746969788653901e-07	-3.513247821497801e-07	1.047197582137333	4.46382665958152e-08	2.562480412717612e-07	2.737993475072029e-07	-8.124881921317372e-07	-1.117950118091007e-06	1.147240734645135e-06	1.355510317434523e-06	-7.350363694779359e-08	-7.427392987328814e-08	-2.783020714328033e-07	-2.55876392193623e-07	1.047197510989955	-4.996836122687523e-08	1.294002759438625e-09	-8.455719417247467e-08
1.27	1.968019938583934e-06	2.258661911711881e-06	1.523036843755242e-07	2.727472484398322e-07	3.492497690760595e-07	5.017034605377734e-07	-4.989741914085776e-08	-5.60897037738684e-08	0.9690000882595746	1.323270734113744e-07	-2.786358712305259e-07	-3.464606019954101e-07	-1.998170341155354e-06	-2.350546694413044e-06	-9.159239716714321e-07	-1.002190457832312e-06	4.183393139941349e-07	6.025435356367887e-07	0.1958862428614822	0.1069962696185719	0.009689211700311886	0.0442336086967928	-0.01215855496610458	0.07911148059120504	0.05038474911063653	-0.009179889724338535	-0.006970420955295683	-0.02308842772418556	0.004560185326051014	0.002930007356797723	0.3161492166799773	0.4925701020891446	0.01506414746706231	0.02294738933683168	0.02726520809796693	-0.03366060222660777	0.003946895842898777	0.001617340149193948	0.0003697873900158557	-0.00136660447690546	-0.001403517417397047	-0.002161839454858711	-4.408099314342588e-06	-5.612196587148241e-06	6.116273479842693e-07	7.141327545602753e-07	-6.952072515643864e-07	-1.331364225766988e-06	-2.58235175949044e-06	-3.010110528844927e-06	-1.56463262967742e-08	-3.513317041986504e-08	5.260894307185584e-07	5.015527383962499e-07	0.00113677366615366	-1.195928567607223e-07	0.04435047754229307	5.0015486222528e-07	-0.4187124894617175	-7.318996046683421e-07	1.19186168919075e-07	1.326630274581448e-07	-6.27362640279007e-07	-6.914745900053348e-07	3.489511684878893e-07	4.214667331514854e-07	9.366013571295081e-08	2.569200296940694e-08	-2.039256025478075e-06	-2.346705696947513e-06	7.206506713506126e-07	9.08428550175294e-07	5.233408347766869e-07	5.257942089463596e-07	5.075732552326452e-07	6.533394439589947e-07	1.782001318438056e-07	2.41523729176287e-07	-2.137676370002644e-08	-1.957863282217038e-08	3.489101851006732e-07	4.636328304006577e-07	5.920907219812003e-07	4.41264622523232e-07	1.181739099550914e-07	1.490768931223245e-07	-2.782177879955159e-07	-3.520392103138678e-07	1.047197582584294	4.47173628976946e-08	2.589876443985942e-07	2.740371920336755e-07	-8.236818479224439e-07	-1.117006120846575e-06	1.16079174411227e-06	1.35524215100677e-06	-7.424835574349133e-08	-7.452462600592009e-08	-2.808631969394392e-07	-2.56004017339797e-07	1.047197510489362	-5.01539553321875e-08	4.491331888849128e-10	-8.44032001009025e-08
1.28	1.990605846473703e-06	2.258681402328955e-06	1.550451113485256e-07	2.726645718270866e-07	3.542593305792344e-07	5.023269455295617e-07	-5.045307456314731e-08	-5.611959819902397e-08	0.9690000895832791	1.325194023591462e-07	-2.821019755999635e-07	-3.466061113285832e-07	-2.021683710351236e-06	-2.349909305940775e-06	-9.259332642582598e-07	-1.001576588924606e-06	4.243605776840602e-07	6.027895548919166e-07	0.1971116500157594	0.1132131838282378	0.01012604365710712	0.04479740191691654	-0.0112557224809223	0.08152136570578523	0.05029360893932708	-0.009318581144210589	-0.007200172986817041	-0.02317459020071882	0.004587769755599741	0.002961844316464356	0.3210943107724192	0.4964486112328255	0.01530178525267084	0.0230061409249006	0.02692175126989677	-0.03520061769187818	0.003964635009786437	0.001650758402511345	0.0003556349318289405	-0.001412573773814581	-0.001424706945720761	-0.002180158110048237	-4.464206827373811e-06	-5.612159189042126e-06	6.187964395573717e-07	7.111487108638105e-07	-7.084649407666571e-07	-1.335478307227243e-06	-2.6124254746923e-06	-3.009808989163567e-06	-1.599347774855061e-08	-3.683745318926777e-08	5.311124641754405e-07	5.020337544978122e-07	0.001136772472436491	-1.194876434390734e-07	0.04435048255628127	4.983498973123047e-07	-0.418712496769557	-7.309981168895497e-07	1.205035595306505e-07	1.321803205855812e-07	-6.342866107325529e-07	-6.912471783389467e-07	3.531619597379018e-07	4.213760981855554e-07	9.39099103514891e-08	2.52670899579344e-08	-2.062727321732424e-06	-2.346310170680611e-06	7.29734114837544e-07	9.092311106409281e-07	5.286030378429984e-07	5.257620370344278e-07	5.141006611797941e-07	6.534180102668129e-07	1.806115422541668e-07	2.416874112168498e-07	-2.157319047832641e-08	-1.953274642445768e-08	3.53554711428248e-07	4.640757485846366e-07	5.964996941681295e-07	4.403605304799892e-07	1.196623425703013e-07	1.491127366987221e-07	-2.817412428585214e-07	-3.522400888339145e-07	1.047197583031544	4.475707148233119e-08	2.617283652864464e-07	2.741724216431625e-07	-8.348971544398418e-07	-1.116427980225304e-06	1.174340389154988e-06	1.355178439998604e-06	-7.499330003155546e-08	-7.460619473182797e-08	-2.834262374141135e-07	-2.560485236830929e-07	1.047197509988763	-5.024399616723081e-08	-3.958697958769217e-10	-8.432769076833455e-08
1.29	2.013191794842857e-06	2.25869311734789e-06	1.577875627537578e-07	2.726943600303521e-07	3.592735572718329e-07	5.028616292290424e-07	-5.100907394545297e-08	-5.612857858224861e-08	0.9690000909084099	1.326952574748354e-07	-2.855695694413339e-07	-3.467557854656948e-07	-2.045192789508334e-06	-2.34937757035338e-06	-9.35937048767501e-07	-1.000941555229818e-06	4.303844582771516e-07	6.030178304801134e-07	0.1983986713418431	0.1199264489203646	0.01056848774733715	0.04532616427771646	-0.01032909889321916	0.08433299485188911	0.05020113575273517	-0.00945015090782109	-0.007430829432441778	-0.0232555447861453	0.004615796886456042	0.002989535624086518	0.3260781898856571	0.5003271205098585	0.01554014853039958	0.02310128556877169	0.02656316178143708	-0.03672943646964203	0.003982709999838732	0.001689985947671713	0.0003410175002296025	-0.001459752003105788	-0.001446061058335548	-0.002195797306059042	-4.520307811222384e-06	-5.611885885516744e-06	6.259446794140201e-07	7.085991902367453e-07	-7.217459671220182e-07	-1.338764782200191e-06	-2.642498252998118e-06	-3.009460637786831e-06	-1.63535202910748e-08	-3.836993030214432e-08	5.361367978982235e-07	5.024347770121887e-07	0.00113677127847525	-1.194127893865995e-07	0.04435048755672	4.967628651760429e-07	-0.4187125040764759	-7.303021709388012e-07	1.218180358150079e-07	1.317245373114352e-07	-6.412074391066973e-07	-6.910374748168077e-07	3.573732477998217e-07	4.213117422478313e-07	9.415763199528665e-08	2.488469332578918e-08	-2.086199754434229e-06	-2.346086785643424e-06	7.388254895744413e-07	9.100109555101129e-07	5.338650181911251e-07	5.257509306905402e-07	5.206286187674642e-07	6.534635529005179e-07	1.83024819644891e-07	2.418385797418284e-07	-2.176948611737146e-08	-1.949987493914582e-08	3.582023215693842e-07	4.645045994448985e-07	6.009046168311044e-07	4.396035681624153e-07	1.21151403805177e-07	1.491459924729872e-07	-2.85265479024642e-07	-3.524141225879562e-07	1.047197583479109	4.479392763715721e-08	2.644703394674323e-07	2.743034542624966e-07	-8.461056371669425e-07	-1.116018146350639e-06	1.187889008838781e-06	1.355118088544599e-06	-7.573866566794349e-08	-7.467349093813161e-08	-2.859894132114187e-07	-2.560955597821042e-07	1.047197509487455	-5.032276267026619e-08	-1.24035326201138e-09	-8.426451632239932e-08
1.3	2.035777783691394e-06	2.258697056768687e-06	1.605310385912212e-07	2.728366130496288e-07	3.642924491538551e-07	5.033075116362155e-07	-5.156541728777477e-08	-5.611664492354231e-08	0.9690000922349672	1.328546387584421e-07	-2.890386527546369e-07	-3.469096244067451e-07	-2.068697578626647e-06	-2.348951487650859e-06	-9.45935325199156e-07	-1.000285356747949e-06	4.364109557734089e-07	6.032283624013791e-07	0.1997473068397332	0.1271360648949524	0.01101654397100198	0.04581989577919254	-0.009378684202995181	0.08754636802951658	0.05010732955086077	-0.009574599015170038	-0.007662390292169894	-0.02333129148046501	0.004644266718619921	0.003013081279664211	0.3311008540196912	0.5042056299202438	0.01577923730024852	0.02323282326844495	0.02618943963258788	-0.03824705855989934	0.00400112081305566	0.001735022784675053	0.0003259350952178416	-0.001508139164779084	-0.001467579755241408	-0.002208757042891125	-4.576402265888306e-06	-5.611376676572094e-06	6.330720675542141e-07	7.064841926790797e-07	-7.350503306304697e-07	-1.341223650685831e-06	-2.672570094407895e-06	-3.009065474714717e-06	-1.672645392434676e-08	-3.973060175849467e-08	5.411624318869074e-07	5.027558059393791e-07	0.001136770084269936	-1.193682946033008e-07	0.04435049254360925	4.95393765816495e-07	-0.4187125113824739	-7.29811766816097e-07	1.231295977721473e-07	1.312956776357068e-07	-6.481251254014402e-07	-6.908454794389179e-07	3.61585032673649e-07	4.212736653383127e-07	9.440330064434347e-08	2.45448130729713e-08	-2.109673323583491e-06	-2.346035541835953e-06	7.479247955613044e-07	9.107680847828486e-07	5.391267758210669e-07	5.257608899146967e-07	5.271571279956554e-07	6.534760718601099e-07	1.85439964015978e-07	2.419772347512227e-07	-2.196565061716159e-08	-1.94800183662348e-08	3.62853015524082e-07	4.649193829814431e-07	6.053054899701254e-07	4.389937355705104e-07	1.226410936597185e-07	1.4917666044512e-07	-2.887904964938778e-07	-3.525613115759929e-07	1.04719758392699	4.482793136217268e-08	2.672135669415521e-07	2.744302898916777e-07	-8.573072961037466e-07	-1.11577661922258e-06	1.201437603163649e-06	1.355061096644756e-06	-7.648445265265543e-08	-7.472651462483095e-08	-2.885527243313547e-07	-2.561451256368311e-07	1.047197508985441	-5.039025484129363e-08	-2.084317209518463e-09	-8.421367676309684e-08
1.31	2.058363813019314e-06	2.258693220591345e-06	1.632755388609154e-07	2.730913308849166e-07	3.69316006225301e-07	5.03664592751081e-07	-5.212210459011269e-08	-5.60837972229051e-08	0.9690000935629509	1.329975462099664e-07	-2.925092255398729e-07	-3.47067628151734e-07	-2.092198077706174e-06	-2.348631057833212e-06	-9.559280935532245e-07	-9.996079934789974e-07	4.424400701728323e-07	6.034211506557136e-07	0.2011575565094298	0.1348420317520012	0.01147021232810159	0.0462785964213448	-0.008404478410250349	0.09116148523866772	0.05001219033370389	-0.009691925466257431	-0.007894855566001391	-0.02340183028367793	0.004673179252091372	0.003032481283197435	0.3361623031745214	0.508084139463981	0.01601905156221767	0.02340075402392038	0.02580058482334915	-0.03975348396265008	0.004019867449437223	0.001785868913521365	0.0003103877167936578	-0.001557735258834467	-0.00148926303643834	-0.002219037320544486	-4.632490191371579e-06	-5.610631562208177e-06	6.40178603977954e-07	7.048037181908138e-07	-7.483780312920116e-07	-1.342854912684164e-06	-2.70264099892163e-06	-3.008623499947226e-06	-1.711227864836651e-08	-4.091946755831884e-08	5.461893661414923e-07	5.029968412793835e-07	0.001136768889820551	-1.193541590891771e-07	0.04435049751694904	4.942425992336607e-07	-0.4187125186875513	-7.295269045214366e-07	1.244382454020687e-07	1.30893741558396e-07	-6.550396696167816e-07	-6.906711922052772e-07	3.657973143593837e-07	4.212618674569998e-07	9.464691629865957e-08	2.424744919948075e-08	-2.133148029180211e-06	-2.346156439258197e-06	7.570320327981333e-07	9.115024984591352e-07	5.443883107328239e-07	5.257919147068975e-07	5.336861888643676e-07	6.534555671455887e-07	1.878569753674279e-07	2.421033762450328e-07	-2.216168397769682e-08	-1.947317670572462e-08	3.675067932923413e-07	4.653200991942706e-07	6.097023135851922e-07	4.385310327042744e-07	1.241314121339258e-07	1.492047406151203e-07	-2.923162952662286e-07	-3.526816557980247e-07	1.047197584375186	4.48590826573776e-08	2.699580477088058e-07	2.745529285307059e-07	-8.685021312502537e-07	-1.115703398841128e-06	1.214986172129592e-06	1.355007464299074e-06	-7.723066098569127e-08	-7.476526579192603e-08	-2.911161707739217e-07	-2.561972212472735e-07	1.047197508482718	-5.044647268031314e-08	-2.927761638398172e-09	-8.417517209042712e-08
1.32	2.080949882826617e-06	2.258681608815864e-06	1.660210635628407e-07	2.734585135362154e-07	3.743442284861706e-07	5.03932872573639e-07	-5.267913585246674e-08	-5.603003548033694e-08	0.9690000948923612	1.331239798294081e-07	-2.959812877970415e-07	-3.472297967006614e-07	-2.115694286746918e-06	-2.348416280900438e-06	-9.659153538297067e-07	-9.989094654229638e-07	4.484718014754216e-07	6.035961952431169e-07	0.2026294203509329	0.1430443494915109	0.011929492818636	0.04670226620417322	-0.007406481514984668	0.09517834647934248	0.04991571810126454	-0.00980213026108327	-0.008128225253936264	-0.02346716119578408	0.004702534486870399	0.003047735634686189	0.3412625373501477	0.5119626491410706	0.01625959131630703	0.02360507783519798	0.02539659735372091	-0.04124871267789425	0.004038949908983422	0.001842524334210649	0.0002943753649570512	-0.001608540285271938	-0.001511110901926346	-0.002226638139019127	-4.688571587672202e-06	-5.609650542424991e-06	6.472642886852398e-07	7.035577667719474e-07	-7.617290691066441e-07	-1.343658568195188e-06	-2.732710966539324e-06	-3.008134713484357e-06	-1.751099446313403e-08	-4.193652770161682e-08	5.512176006619782e-07	5.031578830322021e-07	0.001136767695127094	-1.193703828442285e-07	0.04435050247673936	4.933093654275402e-07	-0.4187125259917079	-7.294475840548206e-07	1.25743978704772e-07	1.305187290795027e-07	-6.619510717527217e-07	-6.905146131158855e-07	3.700100928570257e-07	4.212763486038926e-07	9.488847895823494e-08	2.399260170531752e-08	-2.156623871224387e-06	-2.346449477910158e-06	7.661472012849281e-07	9.122141965389725e-07	5.496496229263959e-07	5.258440050671424e-07	5.402158013736009e-07	6.534020387569546e-07	1.902758536992407e-07	2.422170042232585e-07	-2.235758619897713e-08	-1.947934995761529e-08	3.721636548741622e-07	4.65706748083381e-07	6.140950876763047e-07	4.382154595637073e-07	1.256223592277988e-07	1.492302329829883e-07	-2.958428753416946e-07	-3.527751552540515e-07	1.047197584823698	4.488738152277198e-08	2.727037817691934e-07	2.746713701795811e-07	-8.796901426064641e-07	-1.115798485206282e-06	1.228534715736611e-06	1.354957191507555e-06	-7.797729066705102e-08	-7.478974443941684e-08	-2.936797525391196e-07	-2.562518466134313e-07	1.047197507979288	-5.04914161873247e-08	-3.770686548650506e-09	-8.414900230439012e-08
1.33	2.103535993113304e-06	2.258662221442244e-06	1.687676126969969e-07	2.739381610035255e-07	3.793771159364638e-07	5.041123511038893e-07	-5.323651107483692e-08	-5.595535969583785e-08	0.9690000962231976	1.332339396167675e-07	-2.99454839526143e-07	-3.473961300535275e-07	-2.139186205748876e-06	-2.34830715685254e-06	-9.758971060286027e-07	-9.981897725798485e-07	4.545061496811769e-07	6.037534961635891e-07	0.2041628983642424	0.1517430181134816	0.01239438544260521	0.04709090512767781	-0.00638469351719814	0.0995969517515409	0.04981791285354271	-0.009905213399647556	-0.008362499355974516	-0.02352728421678345	0.004732332422957	0.003058844334130474	0.3464015565465701	0.5158411589515123	0.0165008565625166	0.02384579470227775	0.02497747722370315	-0.04273274470563188	0.004058368191694254	0.001904989046742904	0.0002778980397080216	-0.001660554244091496	-0.001533123351705424	-0.002231559498315046	-4.744646454790173e-06	-5.608433617222537e-06	6.543291216760713e-07	7.027463384224807e-07	-7.751034440743668e-07	-1.343634617218905e-06	-2.762779997260977e-06	-3.007599115326111e-06	-1.792260136864934e-08	-4.278178218838861e-08	5.562471354483651e-07	5.032389311978345e-07	0.001136766500189564	-1.194169658684549e-07	0.04435050742298022	4.925940643981332e-07	-0.4187125332949437	-7.295738054162484e-07	1.270467976802573e-07	1.301706401990271e-07	-6.688593318092602e-07	-6.903757421707431e-07	3.742233681665753e-07	4.213171087789911e-07	9.512798862306957e-08	2.378027059048163e-08	-2.18010084971602e-06	-2.346914657791834e-06	7.752703010216887e-07	9.129031790223608e-07	5.549107124017832e-07	5.259171609954315e-07	5.467459655233554e-07	6.533154866942075e-07	1.926965990114164e-07	2.423181186859e-07	-2.255335728100253e-08	-1.949853812190679e-08	3.768236002695445e-07	4.660793296487742e-07	6.184838122434632e-07	4.380470161488092e-07	1.271139349413377e-07	1.492531375487238e-07	-2.993702367202757e-07	-3.528418099440734e-07	1.047197585272525	4.491282795835579e-08	2.754507691227148e-07	2.747856148383034e-07	-8.908713301723777e-07	-1.116061878318042e-06	1.242083233984705e-06	1.354910278270198e-06	-7.872434169673468e-08	-7.479995056730337e-08	-2.962434696269483e-07	-2.563090017353047e-07	1.04719750747515	-5.052508536232834e-08	-4.613091940275465e-09	-8.413516740498586e-08
1.34	2.126122143879374e-06	2.258635058470486e-06	1.715151862633842e-07	2.745302732868467e-07	3.844146685761808e-07	5.042030283418322e-07	-5.379423025722323e-08	-5.585976986940783e-08	0.9690000975554606	1.333274255720443e-07	-3.029298807271772e-07	-3.475666282103321e-07	-2.16267383471205e-06	-2.348303685689515e-06	-9.858733501499122e-07	-9.974489149496512e-07	4.605431147900982e-07	6.0389305341713e-07	0.2057579905493583	0.1609380376179133	0.0128648902000092	0.04744451319185857	-0.005339114416890762	0.104417301055263	0.0497187745905384	-0.01000117488195029	-0.008597677872116148	-0.02358219934667604	0.004762573060351176	0.003065807381530288	0.3515793607637886	0.5197196688953062	0.01674284730084637	0.0241229046251597	0.02454322443329587	-0.04420558004586294	0.004078122297569721	0.001973263051118132	0.0002609557410465692	-0.001713777135293142	-0.001555300385775574	-0.002233801398432244	-4.800714792725495e-06	-5.606980786600816e-06	6.613731029504487e-07	7.023694331424136e-07	-7.885011561951801e-07	-1.342783059755315e-06	-2.792848091086588e-06	-3.007016705472487e-06	-1.834709936491242e-08	-4.345523101863421e-08	5.612779705006529e-07	5.03239985776281e-07	0.001136765305007963	-1.194939081618564e-07	0.0443505123556716	4.920966961454401e-07	-0.4187125405972589	-7.299055686057205e-07	1.283467023285245e-07	1.298494749169691e-07	-6.757644497863972e-07	-6.902545793698498e-07	3.784371402880322e-07	4.213841479822953e-07	9.536544529316348e-08	2.361045585497307e-08	-2.20357896465511e-06	-2.347551978903226e-06	7.844013320084152e-07	9.135694459092998e-07	5.601715791589855e-07	5.260113824917648e-07	5.532766813136309e-07	6.531959109573472e-07	1.951192113039551e-07	2.424067196329572e-07	-2.274899722377303e-08	-1.953074119859914e-08	3.814866294784884e-07	4.664378438904503e-07	6.228684872866676e-07	4.380257024595799e-07	1.286061392745423e-07	1.49273454312327e-07	-3.028983794019718e-07	-3.528816198680903e-07	1.047197585721668	4.493542196412905e-08	2.7819900976937e-07	2.748956625068728e-07	-9.020456939479944e-07	-1.116493578176409e-06	1.255631726873874e-06	1.354866724587002e-06	-7.947181407474225e-08	-7.479588417558565e-08	-2.988073220374079e-07	-2.563686866128936e-07	1.047197506970304	-5.054748020532405e-08	-5.454977813273049e-09	-8.413366739221435e-08
1.35	2.148710227691784e-06	2.258655311021185e-06	1.742646780214582e-07	2.749663687308257e-07	3.894484656973762e-07	5.042664794402369e-07	-5.435074929173091e-08	-5.577752707572069e-08	0.9690000988873859	1.334063627869993e-07	-3.064030604607006e-07	-3.476657331326049e-07	-2.186171262496347e-06	-2.34841632947606e-06	-9.958548732339469e-07	-9.969736389916734e-07	4.665776123657078e-07	6.039750431754107e-07	0.2074492463301434	0.1697902904404539	0.01334911750379117	0.048022150388925	-0.004266597425284535	0.1084897612865091	0.04961779365107281	-0.01011957446612747	-0.008834208148863598	-0.02365720279130343	0.00479282189026613	0.003076124791624973	0.3567959500967472	0.5235981784520817	0.01699125208312719	0.0244400876550839	0.02409334308426907	-0.04570284638604368	0.004097427783228007	0.002015026680389959	0.0002435040159117382	-0.001765588233073626	-0.001577393414698312	-0.002236115110752599	-4.856816208074421e-06	-5.606585766399536e-06	6.684100486797976e-07	7.016381378308539e-07	-8.019362505765957e-07	-1.34335914582032e-06	-2.822917257782292e-06	-3.006622850039114e-06	-1.876383155267718e-08	-4.396201445179113e-08	5.663081578821811e-07	5.032668158323241e-07	0.001136764111068911	-1.195175412250731e-07	0.04435051729787728	4.917297386584032e-07	-0.41871254790333	-7.301394858730997e-07	1.29640462661976e-07	1.294654169208507e-07	-6.826765899970008e-07	-6.902686506615352e-07	3.826510534208722e-07	4.214305439039038e-07	9.560235172397775e-08	2.344493825158413e-08	-2.227062854033813e-06	-2.348074893955741e-06	7.935250263431941e-07	9.139865234236953e-07	5.654337333844004e-07	5.260952545340082e-07	5.598086758299746e-07	6.531495449735031e-07	1.975398526484234e-07	2.424531810777854e-07	-2.294433811839081e-08	-1.95428141875404e-08	3.861460082597993e-07	4.666587688909017e-07	6.272676028045031e-07	4.382017663714975e-07	1.300985509240141e-07	1.492982750307184e-07	-3.064221868678298e-07	-3.528434223906183e-07	1.047197586170924	4.495758777894753e-08	2.809472790982432e-07	2.749879439388173e-07	-9.132233075590829e-07	-1.116754258958147e-06	1.269182793455292e-06	1.354882927931181e-06	-8.021984077847024e-08	-7.481195736745161e-08	-3.013711082227058e-07	-2.564109942989039e-07	1.047197506465788	-5.056721039959458e-08	-6.295421831530229e-09	-8.409644560824892e-08
1.36	2.171300804263442e-06	2.25873930146669e-06	1.770163522940754e-07	2.751670458393366e-07	3.944760169369434e-07	5.043209148025209e-07	-5.49056115196849e-08	-5.571876377833112e-08	0.9690001002184517	1.33471320593514e-07	-3.09873387710754e-07	-3.476710990802207e-07	-2.209682655779574e-06	-2.348648182291688e-06	-1.005844865469394e-06	-9.968487478849155e-07	4.726081387229113e-07	6.039876878309572e-07	0.2092468834473271	0.1780516136667796	0.01384946594956852	0.04890043182667922	-0.003166211902494058	0.1114743368193839	0.04951481930656059	-0.01026915423557407	-0.009072222485690121	-0.02375977571949068	0.00482295040988961	0.003092014639204354	0.3620513245735251	0.5274766874679432	0.01724775325717372	0.02479843214042894	0.02362768651832932	-0.04723508035551591	0.004116052655246467	0.00202072162821357	0.0002255297176341865	-0.00181521247684477	-0.001599328919955916	-0.002239314303769334	-4.912962414199622e-06	-5.607631163665349e-06	6.754440448962923e-07	7.003191371782633e-07	-8.154128809569693e-07	-1.346029849197158e-06	-2.852988091721801e-06	-3.006487156842188e-06	-1.916668880428907e-08	-4.430365268218803e-08	5.713371215048556e-07	5.033507017973085e-07	0.001136762918812065	-1.194631207081825e-07	0.04435052225641818	4.914673079390535e-07	-0.4187125552145403	-7.301858324987011e-07	1.309271234352808e-07	1.289919036897508e-07	-6.89598758462647e-07	-6.904527134899109e-07	3.868650023396791e-07	4.214424196120653e-07	9.583915234450608e-08	2.327241471603244e-08	-2.250553889504562e-06	-2.348398658673666e-06	8.026368686551223e-07	9.140874335940674e-07	5.706976217046671e-07	5.261594863579381e-07	5.66342164102647e-07	6.532078065058051e-07	1.999573880054115e-07	2.424487413503899e-07	-2.313933030702105e-08	-1.952495469609524e-08	3.907997450106414e-07	4.667055739417586e-07	6.3168662707952e-07	4.385900683281358e-07	1.315910452923384e-07	1.493296970394084e-07	-3.099401459445967e-07	-3.527120865344672e-07	1.047197586620232	4.498004235381429e-08	2.836952149395661e-07	2.750584461282214e-07	-9.244071502071695e-07	-1.116743567519933e-06	1.282737202379434e-06	1.354975567445094e-06	-8.096846113501614e-08	-7.485834727204023e-08	-3.039347685765489e-07	-2.564300374585146e-07	1.047197505961908	-5.058682219632765e-08	-7.134151220852418e-09	-8.400928964619266e-08
1.37	2.193892301101746e-06	2.258841172708785e-06	1.797694664759993e-07	2.753553801634258e-07	3.995043188774334e-07	5.043151729773858e-07	-5.546009990665331e-08	-5.565501319762906e-08	0.9690001015501238	1.335206994748364e-07	-3.133436466998271e-07	-3.476455055791981e-07	-2.233196308435354e-06	-2.348990551435053e-06	-1.015834364139755e-06	-9.968359902511406e-07	4.786389184090713e-07	6.039640761340511e-07	0.2111221955382478	0.1864192117774503	0.0143591967721391	0.04986411020846648	-0.002040572446674124	0.1143262327230689	0.04941027502335792	-0.0104253536320415	-0.009311349192144797	-0.02386890006558981	0.004853319643094626	0.003107245325619232	0.3673454841152351	0.5313551963752551	0.01750762432935402	0.02519488040689234	0.02314666676649893	-0.04877267968591852	0.004134648690520001	0.002017201600866241	0.0002070697812926083	-0.001864827370510637	-0.001621313449090346	-0.002241113006104692	-4.969120502844207e-06	-5.609042058126847e-06	6.824636120444671e-07	6.990679218716224e-07	-8.289193775628355e-07	-1.348921331841352e-06	-2.883058923034273e-06	-3.006414065310273e-06	-1.9572834486743e-08	-4.447587478038268e-08	5.76366479866757e-07	5.034037624624454e-07	0.001136761727002225	-1.194001649422431e-07	0.04435052721213114	4.913821241172621e-07	-0.418712562527004	-7.302966867463206e-07	1.322093683746782e-07	1.285035616385454e-07	-6.965225098774883e-07	-6.90709118108102e-07	3.910792826713474e-07	4.214587618305609e-07	9.607459854801547e-08	2.312464078714695e-08	-2.274048217460846e-06	-2.348761358948641e-06	8.117495447108613e-07	9.140603485409035e-07	5.759619893388494e-07	5.2623018002019e-07	5.728765420121267e-07	6.532824285169197e-07	2.023750062259381e-07	2.424180160368428e-07	-2.333411330150433e-08	-1.950470218189847e-08	3.954534350651295e-07	4.666808907098957e-07	6.361101971752157e-07	4.391488584658168e-07	1.330839724313191e-07	1.493618279522642e-07	-3.134565078362641e-07	-3.525301222174506e-07	1.047197587069763	4.500077144154399e-08	2.864438347958364e-07	2.751184434659926e-07	-9.355888519363392e-07	-1.116743442286585e-06	1.296292794151373e-06	1.355097783698447e-06	-8.171756465636183e-08	-7.490646162344333e-08	-3.064984705606016e-07	-2.56442356340002e-07	1.047197505457803	-5.059916199748652e-08	-7.971932330197014e-09	-8.391212873477448e-08
1.38	2.216484718206695e-06	2.258960924747467e-06	1.825240205672298e-07	2.755313717030932e-07	4.045333715188461e-07	5.042492539648314e-07	-5.601421445263615e-08	-5.558627533361447e-08	0.9690001028824022	1.335544994309666e-07	-3.168138374279196e-07	-3.475889526295371e-07	-2.256712220463689e-06	-2.349443436906154e-06	-1.025823369245031e-06	-9.969353660903491e-07	4.846699514241877e-07	6.039042080846925e-07	0.2130751826029056	0.1948930847724658	0.01487830997150291	0.0509131855342868	-0.0008896790578247344	0.1170454489975641	0.04930416080146484	-0.01058817265552974	-0.009551588268227631	-0.02398457582960083	0.004883929589881183	0.003121816850869609	0.3726784287218773	0.5352337051740175	0.01777086529966807	0.0256294324544741	0.02265028382877788	-0.05031564437725147	0.004153215889048607	0.002004466598347972	0.0001881242068870039	-0.001914432914071226	-0.001643347002101601	-0.002241511217758672	-5.025290474008176e-06	-5.61081844978403e-06	6.894687501243219e-07	6.978844919109311e-07	-8.424557403941939e-07	-1.352033593752903e-06	-2.913129751719706e-06	-3.006403575443368e-06	-1.998226860003896e-08	-4.447868074637509e-08	5.813962329678855e-07	5.034259978277349e-07	0.001136760535639391	-1.193286739272549e-07	0.04435053216501614	4.914741871930291e-07	-0.418712569840721	-7.304720486159582e-07	1.334871974801682e-07	1.280003907672345e-07	-7.034478442415241e-07	-6.910378645161085e-07	3.952938944158771e-07	4.214795705593908e-07	9.63086903345059e-08	2.300161646492767e-08	-2.297545837902662e-06	-2.349162994780666e-06	8.208630545104108e-07	9.139052682642032e-07	5.812268362869476e-07	5.263073355207642e-07	5.79411809558414e-07	6.533734110068473e-07	2.04792707310003e-07	2.42361005137144e-07	-2.352868710184066e-08	-1.948205664495008e-08	4.001070784232635e-07	4.665847191953132e-07	6.405383130915905e-07	4.398781367845403e-07	1.345773323409562e-07	1.493946677692855e-07	-3.169712725428318e-07	-3.522975294395686e-07	1.047197587519515	4.50197750421366e-08	2.891931386670539e-07	2.751679359521311e-07	-9.467684127465917e-07	-1.116753883258102e-06	1.309849568771107e-06	1.35524957669124e-06	-8.24671513425073e-08	-7.495630042166091e-08	-3.09062214174864e-07	-2.564479509433662e-07	1.047197504953472	-5.060422980307119e-08	-8.808765159564013e-09	-8.38049628739944e-08
1.39	2.23907805557829e-06	2.259098557582737e-06	1.852800145677672e-07	2.75695020458339e-07	4.095631748611816e-07	5.041231577648579e-07	-5.656795515763341e-08	-5.551255018628739e-08	0.9690001042152872	1.335727204619044e-07	-3.202839598950317e-07	-3.475014402312377e-07	-2.280230391864578e-06	-2.35000683870499e-06	-1.035811880785222e-06	-9.97146875402541e-07	4.907012377682605e-07	6.038080836828815e-07	0.2151058446413005	0.2034732326518262	0.01540680554765995	0.05204765780414016	0.0002864682640541119	0.1196319856428694	0.04919647664088132	-0.0107576113060388	-0.009792939713938617	-0.02410680301152374	0.004914780250249279	0.003135729214955483	0.3780501583934519	0.5391122138642304	0.01803747616811589	0.02610208828317422	0.02213853770516618	-0.05186397442951479	0.004171754250832288	0.001982516620658763	0.0001686929944173731	-0.001964029107526536	-0.001665429578989683	-0.002240508938731276	-5.081472327691528e-06	-5.612960338636896e-06	6.964594591358567e-07	6.967688472961891e-07	-8.560219694510447e-07	-1.35536663493181e-06	-2.943200577778103e-06	-3.006455687241473e-06	-2.039499114417696e-08	-4.431207058016525e-08	5.864263808082409e-07	5.034174078931768e-07	0.001136759344723562	-1.192486476632177e-07	0.04435053711507322	4.917434971663544e-07	-0.4187125771556912	-7.307119181076137e-07	1.347606107517508e-07	1.27482391075818e-07	-7.103747615547546e-07	-6.914389527139302e-07	3.995088375732682e-07	4.215048457985549e-07	9.654142770397739e-08	2.290334174937461e-08	-2.321046750830011e-06	-2.349603566169741e-06	8.299773980537709e-07	9.13622192763967e-07	5.864921625489614e-07	5.263909528596606e-07	5.859479667415085e-07	6.534807539755875e-07	2.072104912576063e-07	2.422777086512934e-07	-2.372305170803003e-08	-1.945701808525008e-08	4.047606750850435e-07	4.66417059398011e-07	6.449709748286441e-07	4.407779032843065e-07	1.360711250212498e-07	1.494282164904726e-07	-3.204844400642999e-07	-3.52014308200821e-07	1.047197587969488	4.503705315559214e-08	2.919431265532188e-07	2.752069235866368e-07	-9.579458326379272e-07	-1.116774890434485e-06	1.323407526238638e-06	1.355430946423473e-06	-8.321722119345255e-08	-7.500786366669296e-08	-3.116259994193359e-07	-2.564468212686072e-07	1.047197504448915	-5.060202561308164e-08	-9.644649708953417e-09	-8.368779206385239e-08
1.4	2.261672313216531e-06	2.259254071214596e-06	1.880374484776112e-07	2.75846326429163e-07	4.145937289044398e-07	5.039368843774654e-07	-5.71213220216451e-08	-5.54338377556478e-08	0.9690001055487784	1.3357536256765e-07	-3.237540141011634e-07	-3.473829683843e-07	-2.303750822638021e-06	-2.350680756831563e-06	-1.045799898760328e-06	-9.97470518187716e-07	4.967327774412898e-07	6.03675702928618e-07	0.2172141816534325	0.2121596554155315	0.01594468350061021	0.05326752701802657	0.001487869518962414	0.1220858426589849	0.04908722254160736	-0.01093366958356868	-0.01003540352927776	-0.02423558161135853	0.004945871624198914	0.003148982417876856	0.3834606731299586	0.5429907224458935	0.01830745693469748	0.0266128478929927	0.02161142839566382	-0.05341766984270847	0.004190263775871042	0.001951351667798615	0.000148776143883716	-0.002013615950876569	-0.00168756117975459	-0.002238106169022503	-5.137666063894264e-06	-5.615467724685447e-06	7.034357390790714e-07	6.957209880273968e-07	-8.696180647333878e-07	-1.358920455378074e-06	-2.973271401209461e-06	-3.006570400704589e-06	-2.081100211915699e-08	-4.397604428175315e-08	5.914569233878235e-07	5.033779926587714e-07	0.001136758154254738	-1.191600861501317e-07	0.04435054206230233	4.92190054037238e-07	-0.4187125844719149	-7.310162952212875e-07	1.360296081894259e-07	1.269495625642961e-07	-7.173032618171801e-07	-6.919123827015673e-07	4.037241121435207e-07	4.215345875480532e-07	9.677281065642992e-08	2.282981664048775e-08	-2.344550956242895e-06	-2.350083073115865e-06	8.390925753409415e-07	9.132111220401946e-07	5.917579681248909e-07	5.26481032036879e-07	5.924850135614105e-07	6.536044574231405e-07	2.09628358068748e-07	2.421681265792911e-07	-2.391720712007243e-08	-1.942958650279846e-08	4.094142250504694e-07	4.661779113179892e-07	6.494081823863768e-07	4.418481579651154e-07	1.375653504721997e-07	1.494624741158253e-07	-3.239960104006686e-07	-3.516804585012081e-07	1.047197588419682	4.505260578191061e-08	2.946937984543309e-07	2.752354063695098e-07	-9.691211116103457e-07	-1.116806463815733e-06	1.336966666553964e-06	1.355641892895146e-06	-8.396777420919757e-08	-7.506115135853952e-08	-3.141898262940175e-07	-2.564389673157251e-07	1.047197503944133	-5.05925494275179e-08	-1.047958597836522e-08	-8.356061630434848e-08
1.41	2.284267491121416e-06	2.259427465643043e-06	1.907963222967619e-07	2.759852896155653e-07	4.196250336486207e-07	5.036904338026538e-07	-5.76743150446712e-08	-5.535013804169571e-08	0.9690001068828759	1.335624257482033e-07	-3.272240000463145e-07	-3.472335370887238e-07	-2.327273512784018e-06	-2.351465191285872e-06	-1.055787423170348e-06	-9.979062944458743e-07	5.027645704432754e-07	6.03507065821902e-07	0.2194001936393016	0.2209523530635815	0.01649194383035369	0.054572793175946	0.002714524706900145	0.1244070200459106	0.04897639850364299	-0.01111634748811937	-0.01027897971424505	-0.02437091162910521	0.004977203711730088	0.003161576459633727	0.3889099729313975	0.5468692309190071	0.01858080759941281	0.02716171128392952	0.02106895590027083	-0.05497673061683247	0.00420874446416487	0.001910971739767529	0.000128373655286033	-0.002063193444121323	-0.001709741804396322	-0.002234302908632353	-5.193871682616383e-06	-5.618340607929682e-06	7.103975899539662e-07	6.947409141045541e-07	-8.832440262412229e-07	-1.362695055091694e-06	-3.003342222013781e-06	-3.006747715832714e-06	-2.123030152497906e-08	-4.347060185113883e-08	5.964878607066329e-07	5.033077521245188e-07	0.00113675696423292	-1.190629893879969e-07	0.04435054700670351	4.9281385780568e-07	-0.4187125917893919	-7.313851799569791e-07	1.372941897931935e-07	1.264019052326685e-07	-7.242333450288e-07	-6.924581544790198e-07	4.079397181266345e-07	4.215687958078857e-07	9.700283919186348e-08	2.278104113826709e-08	-2.368058454141311e-06	-2.350601515619039e-06	8.482085863719225e-07	9.12672056092886e-07	5.97024253014736e-07	5.265775730524197e-07	5.990229500181199e-07	6.537445213495062e-07	2.120463077434281e-07	2.42032258921137e-07	-2.411115333796788e-08	-1.939976189759522e-08	4.140677283195412e-07	4.658672749552477e-07	6.538499357647885e-07	4.430889008269667e-07	1.390600086938061e-07	1.494974406453437e-07	-3.275059835519375e-07	-3.512959803407296e-07	1.047197588870098	4.506643292109201e-08	2.974451543703904e-07	2.7525338430075e-07	-9.802942496638468e-07	-1.116848603401847e-06	1.350526989717087e-06	1.355882416106258e-06	-8.471881038974236e-08	-7.511616349720056e-08	-3.167536947989086e-07	-2.564243890847198e-07	1.047197503439125	-5.057580124637995e-08	-1.131357396779942e-08	-8.342343559548265e-08
1.42	2.306863589292948e-06	2.259618740868078e-06	1.935566360252193e-07	2.761119100175458e-07	4.246570890937244e-07	5.033838060404231e-07	-5.822693422671173e-08	-5.52614510444311e-08	0.9690001082175798	1.335339100035643e-07	-3.306939177304853e-07	-3.470531463445094e-07	-2.350798462302569e-06	-2.352360142067917e-06	-1.065774454015283e-06	-9.984542041770159e-07	5.087966167742176e-07	6.033021723627335e-07	0.2216638805989078	0.2298513255959765	0.01704858653689042	0.05596345627789849	0.003966433827867358	0.1265955178036465	0.04886400452698818	-0.01130564501969089	-0.0105236682688405	-0.02451279306476378	0.005008776512842802	0.003173511340226096	0.3943980577977687	0.5507477392835711	0.01885752816226192	0.02774867845598472	0.02051112021898717	-0.05654115675188686	0.004227196315713771	0.001861376836565502	0.0001074855286243232	-0.002112761587260799	-0.001731971452914881	-0.002229099157560826	-5.250089183857887e-06	-5.6215789883696e-06	7.173450117605412e-07	6.93828625527661e-07	-8.968998539745506e-07	-1.366690434072671e-06	-3.033413040191065e-06	-3.006987632625851e-06	-2.165288936164317e-08	-4.279574328832225e-08	6.015191927646694e-07	5.032066862904185e-07	0.001136755774658108	-1.189573573768132e-07	0.04435055194827674	4.936149084716804e-07	-0.4187125991081221	-7.318185723146889e-07	1.385543555630538e-07	1.258394190809354e-07	-7.311650111896149e-07	-6.930762680462876e-07	4.121556555226098e-07	4.216074705780525e-07	9.723151331027811e-08	2.275701524271265e-08	-2.391569244525261e-06	-2.351158893679264e-06	8.573254311467144e-07	9.120049949220413e-07	6.02291017218497e-07	5.266805759062826e-07	6.055617761116365e-07	6.539009457546848e-07	2.144643402816466e-07	2.418701056768313e-07	-2.430489036171637e-08	-1.936754426964037e-08	4.18721184892259e-07	4.654851503097866e-07	6.582962349638791e-07	4.445001318698608e-07	1.405550996860689e-07	1.495331160790277e-07	-3.31014359518107e-07	-3.508608737193857e-07	1.047197589320735	4.507853457313633e-08	3.001971943013972e-07	2.752608573803574e-07	-9.914652467984309e-07	-1.116901309192826e-06	1.364088495728006e-06	1.35615251605681e-06	-8.547032973508697e-08	-7.517290008267607e-08	-3.193176049340094e-07	-2.564030865755913e-07	1.047197502933891	-5.05517810696678e-08	-1.214661367725604e-08	-8.327624993725493e-08
1.43	2.329449086031722e-06	2.259541055062355e-06	1.962824750462979e-07	2.755672604745608e-07	4.296946544209418e-07	5.033494344241671e-07	-5.878509477208574e-08	-5.530795603865633e-08	0.9690001095485787	1.334664330335366e-07	-3.34156853297831e-07	-3.468256375201554e-07	-2.374286863271581e-06	-2.352191970552468e-06	-1.075789136186541e-06	-9.992434275356598e-07	5.148203805727663e-07	6.03043454566693e-07	0.2239991040381781	0.2381474650115123	0.01764019767247839	0.05761812912911195	0.005179588863029083	0.1277779221499521	0.04874854153650807	-0.01150715209515376	-0.01077070203778146	-0.02466244446930342	0.005040848310155201	0.003195244374848967	0.399924927789638	0.5546262482074027	0.01914219239810964	0.02830527332684233	0.01993429046233467	-0.05816095732107884	0.00424291061617658	0.001783528918618648	8.650659039529846e-05	-0.002154427117876418	-0.001754255623423226	-0.002228661795032936	-5.306297011121656e-06	-5.623401181398926e-06	7.243221407820693e-07	6.935193076639638e-07	-9.105081562555514e-07	-1.368683061382462e-06	-3.063484736013376e-06	-3.007112491221727e-06	-2.205862493546092e-08	-4.222070766050414e-08	6.065578241231951e-07	5.033105782947994e-07	0.001136754586640313	-1.188586793380349e-07	0.04435055688288402	4.938174918712946e-07	-0.418712606362059	-7.308318235735987e-07	1.398385885672176e-07	1.258757062696978e-07	-7.380816858886801e-07	-6.931593061562926e-07	4.163641389019398e-07	4.214921276384513e-07	9.746827678940229e-08	2.285539740250387e-08	-2.415007385363624e-06	-2.350154305355249e-06	8.664116770835631e-07	9.111005685213014e-07	6.075525859863069e-07	5.26650558872683e-07	6.121016327148055e-07	6.54023900133273e-07	2.168801894265294e-07	2.417451696065292e-07	-2.449626449790217e-08	-1.929996991017564e-08	4.233735241878022e-07	4.652704661265909e-07	6.6269968871362e-07	4.445370433521071e-07	1.420482561088467e-07	1.495257822908289e-07	-3.34531347066117e-07	-3.507568781519272e-07	1.047197589770553	4.507559870797344e-08	3.029411450018802e-07	2.751302342421617e-07	-1.002619345374723e-06	-1.116567904456827e-06	1.37764354338373e-06	1.356200401642085e-06	-8.622287183754365e-08	-7.523566483955042e-08	-3.218784240036959e-07	-2.563359547029634e-07	1.047197502428283	-5.05526814450626e-08	-1.298409555814425e-08	-8.325821978721971e-08
1.44	2.352026351041385e-06	2.259253403874075e-06	1.989812260305919e-07	2.744868645792226e-07	4.347367507947179e-07	5.03518946359245e-07	-5.934758008237637e-08	-5.546082191819066e-08	0.9690001108767593	1.333648039483161e-07	-3.376142287425248e-07	-3.465543340115149e-07	-2.397746697436746e-06	-2.351202062635333e-06	-1.085825681037021e-06	-1.000247395638805e-06	5.208376174359971e-07	6.027345256956188e-07	0.2264071264802256	0.2459866157519237	0.01826151487440075	0.0595000758800107	0.006367154540124521	0.1281338708061024	0.04863031785163466	-0.01171971901896944	-0.01101982745807153	-0.02481961521956726	0.005073365981880209	0.003224624775055346	0.4054905828945486	0.5585047575531498	0.01943385960449507	0.02884557958471429	0.01933921340661264	-0.05982584680323083	0.004256444475232269	0.001681343598568007	6.535563540892091e-05	-0.002189813467728853	-0.001776593185107413	-0.00223172245987339	-5.362499597999307e-06	-5.624173631616095e-06	7.31319899372292e-07	6.937028872792331e-07	-9.240848504706141e-07	-1.369130257524941e-06	-3.09355712843243e-06	-3.007158831475185e-06	-2.24516506453647e-08	-4.169011973375341e-08	6.116023346996825e-07	5.03570933888377e-07	0.001136753399951236	-1.187637695554494e-07	0.04435056181137643	4.935811515423113e-07	-0.4187126135647863	-7.287302860403981e-07	1.411410306047126e-07	1.263845653396461e-07	-7.449867780364961e-07	-6.928321981979994e-07	4.205667695180557e-07	4.212553629301309e-07	9.771118729818302e-08	2.305610190163677e-08	-2.438388495889459e-06	-2.34791701311407e-06	8.754737890190385e-07	9.099812713590588e-07	6.128101264615699e-07	5.265162095907319e-07	6.186424908538718e-07	6.541236332798542e-07	2.192943212861563e-07	2.416443899006113e-07	-2.468571870332924e-08	-1.920381856741034e-08	4.280249663958484e-07	4.651740811896998e-07	6.670700441234907e-07	4.435173606727869e-07	1.43539964860328e-07	1.494844309233126e-07	-3.380548465272112e-07	-3.509054800884822e-07	1.047197590219764	4.506036325211191e-08	3.056788108924434e-07	2.74887756998137e-07	-1.013759580642181e-06	-1.115929974927486e-06	1.391193704274175e-06	1.356077859519458e-06	-8.697632571748812e-08	-7.530357260744133e-08	-3.244367963191927e-07	-2.562310363310203e-07	1.047197501922331	-5.057188123144537e-08	-1.382491093960556e-08	-8.334072358249926e-08
1.45	2.374600475030876e-06	2.258882524532103e-06	2.016687573716219e-07	2.731618604933693e-07	4.397812754344318e-07	5.037454606190003e-07	-5.991177660358939e-08	-5.565811234342405e-08	0.9690001122040267	1.332393539048294e-07	-3.410690988593943e-07	-3.462463752940179e-07	-2.421195111559918e-06	-2.349908974861866e-06	-1.095871653122504e-06	-1.001409031961178e-06	5.268520988201985e-07	6.023831479286975e-07	0.2288906601366388	0.2536820877130189	0.0189012332873273	0.06153037884908369	0.007557411947052832	0.1280492699819365	0.04850999581868688	-0.01194087596105661	-0.01127049981374463	-0.02498376691509085	0.005106215409293961	0.003257032115848457	0.4110950230857404	0.5623832670257464	0.01973050892010523	0.02939985247165024	0.01872749331182402	-0.06151372935752675	0.004268994702120843	0.001563232579828512	4.385821485296915e-05	-0.002222408169354408	-0.001798981708699693	-0.002235556398893434	-5.418706468941068e-06	-5.624683552558973e-06	7.383187865041581e-07	6.941428998696623e-07	-9.376641310985385e-07	-1.369014459936293e-06	-3.123629828511775e-06	-3.007205150022623e-06	-2.284086538775716e-08	-4.108501982358072e-08	6.166496738059907e-07	5.038835754418232e-07	0.001136752214100434	-1.186657843235116e-07	0.04435056673558229	4.932486264236079e-07	-0.418712620745486	-7.261699319157131e-07	1.424490968124174e-07	1.270948843745714e-07	-7.518876108150849e-07	-6.923633233662143e-07	4.247669872589625e-07	4.209672005882065e-07	9.795607222961099e-08	2.331597965939504e-08	-2.461746130074539e-06	-2.345154354088537e-06	8.845256550194118e-07	9.086954271113101e-07	6.180661459566931e-07	5.263391561973258e-07	6.251842882860511e-07	6.542221621374462e-07	2.217077371758469e-07	2.415397087129749e-07	-2.487420455865744e-08	-1.909365481562505e-08	4.326759845382289e-07	4.65090428025513e-07	6.714282403929497e-07	4.421236364921026e-07	1.450312719181238e-07	1.494283782463477e-07	-3.415803472941181e-07	-3.51138013024951e-07	1.047197590668829	4.503870994817372e-08	3.084140683143774e-07	2.745898001886535e-07	-1.024892473066582e-06	-1.115162786918695e-06	1.404742354562787e-06	1.355896140224322e-06	-8.773045296326682e-08	-7.537472184314412e-08	-3.269941060202043e-07	-2.561056095192453e-07	1.047197501416101	-5.059515658175381e-08	-1.466667812270764e-08	-8.346227513427189e-08
1.46	2.397171458000195e-06	2.258428417036441e-06	2.04345069069388e-07	2.715922482170006e-07	4.448282283400835e-07	5.040289772034332e-07	-6.047768433572476e-08	-5.589982731435646e-08	0.9690001135303806	1.330900829030764e-07	-3.445214636484397e-07	-3.459017613676648e-07	-2.444632105641099e-06	-2.348312707232067e-06	-1.10592705244299e-06	-1.002728336502777e-06	5.328638247253704e-07	6.019893212659294e-07	0.2314497050074178	0.2612338808947978	0.01955935291125803	0.06370903803633092	0.008750361083814016	0.1275241196774544	0.04838757543766472	-0.01217062292141528	-0.01152271910480075	-0.0251548995558742	0.005139396592396457	0.003292466397228298	0.4167382483632132	0.5662617766251925	0.02003214034494012	0.02996809198765017	0.01809913017796881	-0.06322460498396658	0.004280561296842304	0.001429195862400165	2.201432872744311e-05	-0.002252211222753081	-0.001821421194200065	-0.002240163612093069	-5.474917623946942e-06	-5.624930944227559e-06	7.453188021776674e-07	6.948393454352512e-07	-9.512459981393243e-07	-1.368335668616518e-06	-3.153702836251413e-06	-3.00725144686404e-06	-2.322626916263831e-08	-4.040540792998603e-08	6.216998414421199e-07	5.042485029551379e-07	0.001136751029087905	-1.185647236422214e-07	0.0443505716555016	4.928199165151846e-07	-0.4187126279041583	-7.231507611995438e-07	1.437627871903321e-07	1.280066633744735e-07	-7.587841842244464e-07	-6.917526816609377e-07	4.289647921246601e-07	4.20627640612678e-07	9.820293158368625e-08	2.363503067577866e-08	-2.485080287918863e-06	-2.34186632827865e-06	8.935672750846834e-07	9.072430357780557e-07	6.233206444716765e-07	5.26119398692465e-07	6.317270250113434e-07	6.543194867060492e-07	2.241204370956014e-07	2.414311260436201e-07	-2.506172206388676e-08	-1.896947865481976e-08	4.373265786149436e-07	4.650195066340306e-07	6.75774277521997e-07	4.403558708100542e-07	1.465221772822344e-07	1.49357624259934e-07	-3.451078493668377e-07	-3.514544769613335e-07	1.047197591117749	4.501063879615887e-08	3.111469172676822e-07	2.742363638137114e-07	-1.036018022647927e-06	-1.114266340430455e-06	1.418289494249566e-06	1.355655243756677e-06	-8.848525357487972e-08	-7.54491125466588e-08	-3.295503531067309e-07	-2.559596742676383e-07	1.047197500909592	-5.062250749598791e-08	-1.550939710745047e-08	-8.362287444253764e-08
1.47	2.419739299949342e-06	2.257891081387087e-06	2.0701016112389e-07	2.697780277501168e-07	4.49877609511673e-07	5.043694961125437e-07	-6.104530327878253e-08	-5.618596683098793e-08	0.9690001148558213	1.329169909430572e-07	-3.479713231096608e-07	-3.455204922324555e-07	-2.468057679680289e-06	-2.346413259745935e-06	-1.115991878998479e-06	-1.004205309263604e-06	5.388727951515128e-07	6.015530457073144e-07	0.2340842610925625	0.2686419952972602	0.02023587374619294	0.06603605344175241	0.009946001950408078	0.1265584198926561	0.04826305670856819	-0.01240895990004542	-0.01177648533123989	-0.0253330131419173	0.005172909531187699	0.003330927619194869	0.4224202587269672	0.5701402863514881	0.02033875387899972	0.03055029813271408	0.01745412400504702	-0.06495847368255032	0.004291144259396651	0.001279233446282966	-1.760229676571755e-07	-0.002279222627924875	-0.00184391164160853	-0.002245544099472295	-5.531133063016929e-06	-5.624915806621853e-06	7.5231994639282e-07	6.957922239759999e-07	-9.648304515929721e-07	-1.367093883565616e-06	-3.183776151651341e-06	-3.007297721999437e-06	-2.360786197000816e-08	-3.965128405296936e-08	6.267528376080702e-07	5.046657164283212e-07	0.00113674984491365	-1.184605875115789e-07	0.04435057657113436	4.922950218170413e-07	-0.418712635040803	-7.196727738918901e-07	1.450821017384565e-07	1.291199023393526e-07	-7.656764982645808e-07	-6.91000273082169e-07	4.331601841151488e-07	4.202366830035454e-07	9.845176536040878e-08	2.401325495078766e-08	-2.508390969422433e-06	-2.33805293568441e-06	9.025986492148529e-07	9.056240973592951e-07	6.285736220065201e-07	5.258569370761493e-07	6.382707010297488e-07	6.54415606985663e-07	2.265324210454197e-07	2.413186418925469e-07	-2.52482712190172e-08	-1.883129008499448e-08	4.419767486259926e-07	4.649613170152525e-07	6.801081555106324e-07	4.382140636266418e-07	1.480126809526595e-07	1.492721689640715e-07	-3.4863735274537e-07	-3.518548718976297e-07	1.047197591566523	4.497614979606736e-08	3.138773577523577e-07	2.738274478733106e-07	-1.047136229386215e-06	-1.113240635462766e-06	1.431835123334513e-06	1.355355170116522e-06	-8.924072755232681e-08	-7.552674471798533e-08	-3.321055375787723e-07	-2.557932305761993e-07	1.047197500402806	-5.065393397414766e-08	-1.635306789383407e-08	-8.382252150729649e-08
1.48	2.442304000878317e-06	2.257270517584042e-06	2.096640335351281e-07	2.677191990927177e-07	4.549294189492002e-07	5.047670173463316e-07	-6.161463343276268e-08	-5.651653089331845e-08	0.9690001161803485	1.327200780247718e-07	-3.514186772430577e-07	-3.451025678883898e-07	-2.491471833677487e-06	-2.344210632403471e-06	-1.126066132788971e-06	-1.005839950243658e-06	5.448790100986257e-07	6.010743212528523e-07	0.236794328392073	0.2759064309204065	0.02093079579213204	0.06851142506534813	0.01114433454683501	0.1251521706275416	0.04813643963139728	-0.01265588689694706	-0.01203179849306206	-0.02551810767322015	0.005206754225667683	0.003372415781748171	0.4281410541770023	0.5740187962046331	0.02065034952228406	0.03114647090684198	0.01679247479305864	-0.06671533545327801	0.004300743589783884	0.001113345331476913	-2.271284023233173e-05	-0.002303442384869788	-0.001866453050925087	-0.002251697861031113	-5.587352786151027e-06	-5.624638139741855e-06	7.593222191496159e-07	6.970015354919085e-07	-9.784174914594811e-07	-1.365289104783586e-06	-3.213849774711562e-06	-3.007343975428814e-06	-2.398564380986669e-08	-3.882264819253072e-08	6.318086623038416e-07	5.051352158613731e-07	0.00113674866157767	-1.18353375931584e-07	0.04435058148248057	4.91673942329178e-07	-0.4187126421554201	-7.15735969992752e-07	1.464070404567907e-07	1.304346012692086e-07	-7.725645529354879e-07	-6.901060976299088e-07	4.373531632304283e-07	4.197943277608088e-07	9.870257355977856e-08	2.445065248442201e-08	-2.531678174585247e-06	-2.333714176305815e-06	9.116197774099204e-07	9.038386118550286e-07	6.338250785612238e-07	5.255517713483788e-07	6.448153163412673e-07	6.545105229762876e-07	2.289436890253018e-07	2.412022562597554e-07	-2.543385202404877e-08	-1.867908910614921e-08	4.466264945713759e-07	4.649158591691788e-07	6.844298743588563e-07	4.356982149418651e-07	1.495027829293992e-07	1.491720123587602e-07	-3.521688574297151e-07	-3.523391978338396e-07	1.047197592015151	4.49352429478992e-08	3.16605389768404e-07	2.733630523674511e-07	-1.058247093281448e-06	-1.112085672015627e-06	1.445379241817627e-06	1.354995919303858e-06	-8.99968748956081e-08	-7.560761835712374e-08	-3.346596594363287e-07	-2.556062784449284e-07	1.047197499895741	-5.068943601623309e-08	-1.719769048185843e-08	-8.406121632854844e-08
1.49	2.464865560787119e-06	2.256566725627305e-06	2.123066863031022e-07	2.654157622448035e-07	4.599836566526653e-07	5.05221540904797e-07	-6.218567479766519e-08	-5.689151950134801e-08	0.9690001175039625	1.324993441482201e-07	-3.548635260486303e-07	-3.446479883354679e-07	-2.514874567632693e-06	-2.341704825204674e-06	-1.136149813814465e-06	-1.00763225944294e-06	5.508824695667091e-07	6.005531479025432e-07	0.2395799069059493	0.2830271877642364	0.02164411904907532	0.07113515290711811	0.01234535887309482	0.1233053718821109	0.04800772420615201	-0.01291140391212019	-0.01228865859026725	-0.02571018314978275	0.005240930675836413	0.003416930884888203	0.4339006347133185	0.5778973061846275	0.02096692727479313	0.03175661031003385	0.01611418254200367	-0.0684951902961496	0.004309359288004005	0.0009315315179820081	-4.559612306658052e-05	-0.002324870493587819	-0.001889045422149736	-0.00225862489676952	-5.643576793349235e-06	-5.624097943587565e-06	7.663256204480551e-07	6.984672799829767e-07	-9.920071177388519e-07	-1.362921332270428e-06	-3.243923705432074e-06	-3.007390207152171e-06	-2.435961468221391e-08	-3.791950034867009e-08	6.368673155294339e-07	5.056570012542935e-07	0.001136747479079963	-1.182430889022367e-07	0.04435058638954024	4.909566780515947e-07	-0.4187126492480097	-7.113403495021293e-07	1.477376033453347e-07	1.319507601640415e-07	-7.794483482371678e-07	-6.890701553041568e-07	4.415437294704988e-07	4.193005748844682e-07	9.895535618179563e-08	2.494722327668173e-08	-2.554941903407306e-06	-2.328850050142867e-06	9.20630659669886e-07	9.018865792652563e-07	6.390750141357877e-07	5.252039015091534e-07	6.513608709458989e-07	6.546042346779232e-07	2.313542410352477e-07	2.410819691452453e-07	-2.561846447898146e-08	-1.851287571828395e-08	4.512758164510934e-07	4.648831330958093e-07	6.887394340666682e-07	4.328083247557244e-07	1.509924832124536e-07	1.490571544440003e-07	-3.557023634198729e-07	-3.529074547699631e-07	1.047197592463633	4.488791825165436e-08	3.193310133158211e-07	2.728431772961329e-07	-1.069350614333624e-06	-1.110801450089039e-06	1.458921849698909e-06	1.354577491318684e-06	-9.075369560472361e-08	-7.569173346407401e-08	-3.372127186794e-07	-2.553988178738255e-07	1.047197499388399	-5.072901362224417e-08	-1.804326487152355e-08	-8.433895890629349e-08
1.5	2.48742397967575e-06	2.255779705516878e-06	2.149381194278123e-07	2.628677172063739e-07	4.650403226220682e-07	5.057330667879399e-07	-6.275842737349008e-08	-5.731093265507661e-08	0.969000118826663	1.322547893134022e-07	-3.583058695263787e-07	-3.441567535736897e-07	-2.538265881545907e-06	-2.338895838149545e-06	-1.146242922074962e-06	-1.009582236861448e-06	5.56883173555763e-07	5.999895256563872e-07	0.2424409966341912	0.2900042658287499	0.02237584351702278	0.07390723696706233	0.0135490749291875	0.121018023656364	0.04787691043283236	-0.0131755109455648	-0.01254706562285547	-0.0259092395716051	0.005275438881693887	0.003464472928614965	0.4396990003359157	0.5817758162914715	0.02128848713652692	0.03238071634228971	0.01541924725188211	-0.07029803821116511	0.004316991354057011	0.0007337920057982504	-6.882587147040358e-05	-0.00234350695407897	-0.001911688755282478	-0.00226632520668752	-5.699805084611556e-06	-5.623295218158983e-06	7.733301502881376e-07	7.001894574492048e-07	-1.005599330431084e-06	-1.359990566026143e-06	-3.273997943812878e-06	-3.007436417169508e-06	-2.472977458704982e-08	-3.694184052138747e-08	6.419287972848471e-07	5.062310726070827e-07	0.00113674629742053	-1.181297264235371e-07	0.04435059129231334	4.901432289842913e-07	-0.4187126563185717	-7.064859124200223e-07	1.490737904040885e-07	1.336683790238513e-07	-7.863278841696206e-07	-6.878924461049131e-07	4.457318828353603e-07	4.187554243745234e-07	9.921011322645996e-08	2.550296732756681e-08	-2.57818215588861e-06	-2.323460557195565e-06	9.296312959947496e-07	8.997679995899779e-07	6.443234287302118e-07	5.248133275584733e-07	6.579073648436436e-07	6.546967420905696e-07	2.337640770752575e-07	2.409577805490169e-07	-2.580210858381527e-08	-1.833264992139869e-08	4.559247142651451e-07	4.648631387951442e-07	6.930368346340686e-07	4.295443930682195e-07	1.524817818018226e-07	1.489275952197916e-07	-3.592378707158435e-07	-3.535596427060004e-07	1.04719759291197	4.483417570733286e-08	3.220542283946089e-07	2.722678226593561e-07	-1.080446792542744e-06	-1.109387969683002e-06	1.472462946978358e-06	1.354099886161001e-06	-9.151118967967331e-08	-7.577909003883617e-08	-3.397647153079862e-07	-2.551708488628907e-07	1.047197498880778	-5.077266679218092e-08	-1.888979106282943e-08	-8.465574924053164e-08
1.51	2.510050379694204e-06	2.256655668528417e-06	2.175375470386761e-07	2.608311080332621e-07	4.700781371040928e-07	5.056548591862349e-07	-6.331987287364831e-08	-5.732132882064178e-08	0.9690001201443352	1.320265579901343e-07	-3.617066592036821e-07	-3.430675602101935e-07	-2.561674138940304e-06	-2.337709828291045e-06	-1.156377933088214e-06	-1.011527405701928e-06	5.629013949485096e-07	5.999894155020721e-07	0.2453377009372845	0.296633463813032	0.02313183201841573	0.07620994837433805	0.01461555961633347	0.1176875870759483	0.0477419938869292	-0.0134441227237626	-0.01280649574694043	-0.0260706945070069	0.005309912393742444	0.003495248302084815	0.4455361511383253	0.5856543273807543	0.02161393984333474	0.03291202623607626	0.014702791172464	-0.07210666544170659	0.004321674963964436	0.000560612237357439	-9.138816322176624e-05	-0.002353015406362023	-0.00193444504373931	-0.002273197988542114	-5.756042492112993e-06	-5.623424856173296e-06	7.803403795406527e-07	7.009947109710861e-07	-1.019240176611986e-06	-1.359989441068176e-06	-3.303976800196123e-06	-3.005646763157937e-06	-2.496192191695334e-08	-3.374926755439462e-08	6.469190910369233e-07	5.052023797758183e-07	0.001136745121338318	-1.179424572731647e-07	0.04435059614533482	4.887386294075066e-07	-0.4187126631572896	-6.993152572913589e-07	1.503944556309323e-07	1.342421458173719e-07	-7.931971216543204e-07	-6.870922067267071e-07	4.499197001403e-07	4.184428119551669e-07	9.947710787993156e-08	2.602902622677711e-08	-2.601276997747386e-06	-2.317682754413334e-06	9.385328048515847e-07	8.966249278253954e-07	6.496004702244108e-07	5.251528726798927e-07	6.644450373705818e-07	6.546046387697241e-07	2.361776943570841e-07	2.409475253075487e-07	-2.598648531698328e-08	-1.823775761705009e-08	4.605005283044773e-07	4.634305165431781e-07	6.973560632460712e-07	4.282596729461659e-07	1.53968495061304e-07	1.488125781863808e-07	-3.627670033010214e-07	-3.537567752275832e-07	1.047197593355942	4.472443816876065e-08	3.247709860958275e-07	2.7182618333965e-07	-1.091556987972379e-06	-1.10882932602152e-06	1.486019465560782e-06	1.354157400294657e-06	-9.226758105113328e-08	-7.581995178958234e-08	-3.422976439552477e-07	-2.546759008027779e-07	1.047197498371958	-5.082237101819615e-08	-1.97489965750326e-08	-8.505435438413351e-08
1.52	2.532707667291843e-06	2.25828388324579e-06	2.201158099460896e-07	2.589116221452974e-07	4.7510819849224e-07	5.053242212816526e-07	-6.387680094767781e-08	-5.71591991122773e-08	0.9690001214591252	1.31793712946848e-07	-3.650862606979567e-07	-3.416731543983154e-07	-2.585084546902799e-06	-2.33714221401583e-06	-1.166537909342315e-06	-1.013552505265812e-06	5.689265604818806e-07	6.002367802474604e-07	0.2482908277916236	0.303021282312143	0.02390902681524795	0.07836546182634363	0.01561778942006893	0.1136283145397366	0.04760401997022019	-0.01371936990924479	-0.01306722217177869	-0.02621779979366945	0.005344542332652648	0.003519580305510791	0.4514120870717663	0.5895328390062459	0.02194385349776887	0.03340622180253587	0.01396735828020646	-0.07393004977251302	0.004324434865962251	0.0003908771478145249	-0.0001138118065089987	-0.002356700560571006	-0.001957281955034279	-0.002280078136091027	-5.812286495646714e-06	-5.623863664806347e-06	7.87353924281224e-07	7.014950014400818e-07	-1.032905640562987e-06	-1.36109638375317e-06	-3.333910181244776e-06	-3.002978723345796e-06	-2.512604913026994e-08	-2.945810145050671e-08	6.518767998934306e-07	5.034341093533006e-07	0.001136743948361742	-1.177182232692772e-07	0.04435060097231684	4.870010272539558e-07	-0.4187126698735926	-6.907971064472137e-07	1.51710627661819e-07	1.343737041248818e-07	-8.000592103551222e-07	-6.863986307804673e-07	4.541060982283404e-07	4.182146517745952e-07	9.975098740729468e-08	2.65717438199721e-08	-2.624290023453938e-06	-2.311445160142505e-06	9.473815421455893e-07	8.929048226949548e-07	6.548904150792285e-07	5.2581947318794e-07	6.709789791726156e-07	6.544235798135172e-07	2.385927473730071e-07	2.409897470043168e-07	-2.617070753812694e-08	-1.817638523899165e-08	4.650411540291895e-07	4.613286585617099e-07	7.016793939851026e-07	4.277268320913846e-07	1.554537618600133e-07	1.486968514811993e-07	-3.662941296625256e-07	-3.5377995913277e-07	1.04719759379775	4.4584562452448e-08	3.274833981161678e-07	2.714195852958529e-07	-1.102670060343449e-06	-1.108612267100407e-06	1.499582574660436e-06	1.354440080126024e-06	-9.302379602289796e-08	-7.584025853477607e-08	-3.448208952679342e-07	-2.540425197235203e-07	1.047197497862418	-5.087709598809855e-08	-2.061476495454631e-08	-8.551246930496026e-08
1.53	2.555381871850345e-06	2.260321339070525e-06	2.226769911461988e-07	2.569607488051615e-07	4.801346867966961e-07	5.048681922476141e-07	-6.443176879489128e-08	-5.69136136522931e-08	0.9690001227718413	1.315483685520571e-07	-3.684523443525048e-07	-3.400837937084842e-07	-2.608491533948891e-06	-2.336814637737569e-06	-1.176716471628211e-06	-1.015689451086026e-06	5.749546879266163e-07	6.006125901715011e-07	0.2513082141470598	0.3092078328586402	0.02470627626552604	0.08049511862503622	0.01658324962039486	0.108958563558515	0.04746338241447195	-0.01400205497771061	-0.01332934779672007	-0.02635931281781806	0.005379400680585678	0.00354135702414124	0.4573268081178662	0.5934113509998815	0.02227844206543212	0.03388427459379198	0.013213906718061	-0.07577157252464317	0.004325657013032283	0.0002166341279798416	-0.0001362959674198655	-0.002355807076306725	-0.001980187311718401	-0.002287280097043454	-5.868536146022172e-06	-5.624376929695824e-06	7.943698866476354e-07	7.01920812913185e-07	-1.046586677195873e-06	-1.362625331149178e-06	-3.36381688340533e-06	-2.999792914677123e-06	-2.52485176268594e-08	-2.448878404962086e-08	6.568164630202131e-07	5.01251365035904e-07	0.001136742777559924	-1.174709378828832e-07	0.04435060578219019	4.850276492968966e-07	-0.4187126765086953	-6.812963117205734e-07	1.530264602340102e-07	1.343273153741978e-07	-8.069153365362358e-07	-6.857097239131498e-07	4.582906691478982e-07	4.180151699616624e-07	1.000297357972704e-07	2.714857468262106e-08	-2.647245184721066e-06	-2.304720852104599e-06	9.561949669942411e-07	8.887762114744277e-07	6.601873413066004e-07	5.266613223989691e-07	6.775111075499128e-07	6.541895919932621e-07	2.410083527297533e-07	2.410612991859996e-07	-2.63544411217951e-08	-1.812901813992748e-08	4.695608640823664e-07	4.588375501530816e-07	7.060001507033022e-07	4.274836178806938e-07	1.569380111325078e-07	1.485746707646812e-07	-3.698208951124147e-07	-3.537350682382847e-07	1.047197594238223	4.442428706301733e-08	3.301922597881868e-07	2.71010864726088e-07	-1.113781813870317e-06	-1.108543485788705e-06	1.513148948320784e-06	1.354831187211951e-06	-9.378018347062187e-08	-7.584978004023175e-08	-3.473380060641507e-07	-2.533191201740304e-07	1.047197497352341	-5.093645365334266e-08	-2.14847925491981e-08	-8.60216932140556e-08
1.54	2.578072993369713e-06	2.262768036002624e-06	2.252210906390035e-07	2.549784880128544e-07	4.851576020174614e-07	5.042867720841197e-07	-6.498477641528869e-08	-5.658457244068918e-08	0.9690001240824835	1.312905248057617e-07	-3.718049101673267e-07	-3.382994781406999e-07	-2.63189510007858e-06	-2.33672709945626e-06	-1.186913619945901e-06	-1.017938243162571e-06	5.809857772827168e-07	6.011168452741946e-07	0.254389860003593	0.3151931154525235	0.02552358036925004	0.08259891877041584	0.01751194021731125	0.1036783341322837	0.04732008121968449	-0.01429217792916004	-0.01359287262176457	-0.02649523357945274	0.005414487437541536	0.003560578457976161	0.463280314276625	0.5972898633616613	0.02261770554632448	0.03434618460984459	0.01244243648602762	-0.07763123369809706	0.004325341405174534	3.788317785338898e-05	-0.0001588406459543665	-0.002350334953569182	-0.002003161113791677	-0.002294803871399395	-5.924791443239366e-06	-5.624964650841726e-06	8.013882666398872e-07	7.022721453903953e-07	-1.060283286510644e-06	-1.3645762832562e-06	-3.393696906677784e-06	-2.996089337151917e-06	-2.532932740672174e-08	-1.884131535173708e-08	6.617380804172705e-07	4.986541468236282e-07	0.001136741608932866	-1.172006011139826e-07	0.04435061057495485	4.828184955363288e-07	-0.4187126830625976	-6.70812873111438e-07	1.54341953347506e-07	1.341029795653197e-07	-8.137655001976613e-07	-6.850254861247546e-07	4.624734128989734e-07	4.178443665163683e-07	1.003133530498588e-07	2.775951881472399e-08	-2.670142481548772e-06	-2.297509830299614e-06	9.649730793975398e-07	8.842390941638139e-07	6.654912489065265e-07	5.276784203129801e-07	6.840414225024734e-07	6.539026753089587e-07	2.434245104273225e-07	2.411621818525972e-07	-2.653768606798775e-08	-1.809565631985757e-08	4.740596584640076e-07	4.559571913172929e-07	7.103183334006702e-07	4.275300303140935e-07	1.584212428787874e-07	1.484460360368266e-07	-3.733472996506886e-07	-3.536221025441273e-07	1.04719759467736	4.424361200046863e-08	3.328975711118846e-07	2.706000216303551e-07	-1.124892248552982e-06	-1.108622982086417e-06	1.526718586541828e-06	1.355330721552438e-06	-9.453674339430501e-08	-7.584851630594938e-08	-3.498489763438975e-07	-2.525057021543083e-07	1.047197496841725	-5.100044401392848e-08	-2.235907935898795e-08	-8.658202611141951e-08
1.55	2.600781031849945e-06	2.265623974042085e-06	2.277481084245038e-07	2.52964839768376e-07	4.901769441545358e-07	5.035799607911691e-07	-6.553582380887008e-08	-5.617207547746554e-08	0.9690001253910517	1.310201817079617e-07	-3.75143958142422e-07	-3.363202076949625e-07	-2.655295245291866e-06	-2.336879599171904e-06	-1.197129354295387e-06	-1.020298881495446e-06	5.870198285501819e-07	6.017495455555406e-07	0.2575357653612233	0.3209771300937931	0.02636093912641994	0.08467686226248249	0.01840386121081811	0.09778762626104258	0.0471741163858578	-0.0145897387635931	-0.01385779664691219	-0.02662556207857349	0.005449802603520222	0.003577244607015555	0.4692726055480428	0.6011683760915852	0.02296164394044595	0.0347919518506937	0.01165294758410631	-0.07950903329287468	0.004323488042389002	-0.0001453757025648328	-0.0001814458421125017	-0.002340284192358376	-0.002026203361254106	-0.002302649459158851	-5.981052387298295e-06	-5.625626828244054e-06	8.08409064257979e-07	7.025489988717128e-07	-1.0739954685073e-06	-1.366949240074237e-06	-3.423550251062139e-06	-2.991867990770179e-06	-2.536847846985694e-08	-1.251569535685537e-08	6.666416520846029e-07	4.956424547164733e-07	0.001136740442480567	-1.169072129625754e-07	0.04435061535061083	4.803735659722526e-07	-0.4187126895352996	-6.593467906198073e-07	1.556571070023063e-07	1.337006966982476e-07	-8.206097013393988e-07	-6.843459174152818e-07	4.666543294815659e-07	4.177022414387131e-07	1.006018391650599e-07	2.840457621628088e-08	-2.692981913937055e-06	-2.289812094727552e-06	9.737158793554855e-07	8.792934707631137e-07	6.70802137879007e-07	5.288707669299727e-07	6.905699240302976e-07	6.53562829760607e-07	2.458412204657148e-07	2.412923950041095e-07	-2.672044237670489e-08	-1.807629977878192e-08	4.785375371741133e-07	4.526875820543441e-07	7.146339420772064e-07	4.278660693915839e-07	1.599034570988521e-07	1.483109472976353e-07	-3.768733432773472e-07	-3.534410620502978e-07	1.047197595115162	4.404253726480188e-08	3.35599332087261e-07	2.701870560086544e-07	-1.136001364391446e-06	-1.108850755993541e-06	1.540291489323566e-06	1.355938683147485e-06	-9.529347579394739e-08	-7.583646733192894e-08	-3.523538061071744e-07	-2.516022656643541e-07	1.047197496330572	-5.1069067069856e-08	-2.323762538391588e-08	-8.719346799705198e-08
1.56	2.623505987291041e-06	2.268889153188909e-06	2.302580445026996e-07	2.509198040717264e-07	4.951927132079191e-07	5.027477583687622e-07	-6.608491097563545e-08	-5.567612276262218e-08	0.9690001266975463	1.307373392586571e-07	-3.784694882777911e-07	-3.34145982371272e-07	-2.678691969588749e-06	-2.337272136884501e-06	-1.207363674676666e-06	-1.022771366084651e-06	5.930568417290117e-07	6.025106910155393e-07	0.2607459302199506	0.3265598767824487	0.02721835253703572	0.08672894910123614	0.01925901260091544	0.09128643994479167	0.04702548791299189	-0.01489473748100977	-0.01412411987216293	-0.02675029831518031	0.005485346178521734	0.003591355471259422	0.4753036819321194	0.6050468891896534	0.02331025724779653	0.03522157631633933	0.01084544001229707	-0.08140497130897599	0.00432009692467569	-0.0003331425132748239	-0.0002041115558942711	-0.002325654792674306	-0.002049314054105689	-0.002310816860321822	-6.03731897819896e-06	-5.626363461902807e-06	8.154322795019113e-07	7.027513733571374e-07	-1.087723223185839e-06	-1.369744201603287e-06	-3.453376916558394e-06	-2.987128875531908e-06	-2.536597081626501e-08	-5.511924064975733e-09	6.715271780222104e-07	4.922162887144394e-07	0.001136739278203027	-1.165907734286617e-07	0.04435062010915813	4.776928606046677e-07	-0.4187126959268012	-6.468980642456816e-07	1.569719211984112e-07	1.331204667729815e-07	-8.274479399614481e-07	-6.836710177847311e-07	4.708334188956759e-07	4.175887947286965e-07	1.008951941428736e-07	2.908374688729173e-08	-2.715763481885916e-06	-2.281627645388412e-06	9.824233668680783e-07	8.739393412723268e-07	6.761200082240416e-07	5.30238362249947e-07	6.970966121333851e-07	6.531700553482072e-07	2.482584828449302e-07	2.414519386405365e-07	-2.690271004794651e-08	-1.807094851670053e-08	4.829945002126835e-07	4.49028722364235e-07	7.189469767329109e-07	4.284917351131649e-07	1.613846537927021e-07	1.481694045471074e-07	-3.803990259923908e-07	-3.531919467567961e-07	1.047197595551629	4.382106285601711e-08	3.38297542714316e-07	2.697719678609856e-07	-1.147109161385706e-06	-1.109226807510078e-06	1.553867656666e-06	1.356655071997091e-06	-9.605038066954899e-08	-7.581363311817045e-08	-3.548524953539815e-07	-2.506088107041677e-07	1.04719749581888	-5.114232282112523e-08	-2.412043062398187e-08	-8.785601887095303e-08
1.57	2.646247859693003e-06	2.272563573443095e-06	2.32750898873591e-07	2.488433809229056e-07	5.002049091776114e-07	5.017901648168993e-07	-6.663203791558477e-08	-5.50967142961591e-08	0.9690001280019668	1.304419974578479e-07	-3.817815005734338e-07	-3.317768021696284e-07	-2.702085272969228e-06	-2.337904712594052e-06	-1.217616581089741e-06	-1.025355696930187e-06	5.990968168192062e-07	6.034002816541905e-07	0.2640203545797751	0.3319413555184906	0.0280958206010974	0.08875517928667684	0.02007739438760323	0.08417477518353098	0.04687419580108675	-0.01520717408141006	-0.01439184229751679	-0.0268694422892732	0.005521118162546074	0.003602911050707762	0.4813735434288551	0.6089254026558657	0.02366354546837621	0.03563505800678145	0.01001991377059991	-0.08331904774640106	0.004315168052034594	-0.0005254172542765842	-0.0002268377872996748	-0.002306446754516974	-0.002072493192346426	-0.002319306074888308	-6.093591215941361e-06	-5.627174551817985e-06	8.22457912371684e-07	7.028792688466694e-07	-1.101466550546264e-06	-1.372961167843352e-06	-3.483176903166549e-06	-2.981871991437105e-06	-2.532180444594595e-08	2.169998523901844e-09	6.763946582300931e-07	4.883756488175263e-07	0.001136738116100246	-1.162512825122414e-07	0.04435062485059674	4.747763794335744e-07	-0.4187127022371024	-6.334666939890607e-07	1.582863959358206e-07	1.323622897895214e-07	-8.342802160638091e-07	-6.830007872331029e-07	4.750106811413031e-07	4.175040263863188e-07	1.011934179833e-07	2.979703082775655e-08	-2.738487185395353e-06	-2.272956482282195e-06	9.910955419353181e-07	8.681767056914534e-07	6.814448599416306e-07	5.317812062729032e-07	7.03621486811736e-07	6.52724352071759e-07	2.506762975649685e-07	2.416408127618783e-07	-2.708448908171264e-08	-1.807960253361341e-08	4.874305475797183e-07	4.449806122469657e-07	7.232574373677837e-07	4.294070274788363e-07	1.628648329603371e-07	1.480214077852429e-07	-3.839243477958191e-07	-3.528747566636224e-07	1.047197595986759	4.357918877411431e-08	3.409922029930498e-07	2.693547571873489e-07	-1.158215639535765e-06	-1.109751136636028e-06	1.567447088569129e-06	1.357479888101257e-06	-9.680745802110982e-08	-7.57800136646739e-08	-3.573450440843187e-07	-2.495253372737491e-07	1.047197495306651	-5.122021126773615e-08	-2.500749507918593e-08	-8.856967873312263e-08
1.58	2.669006649055829e-06	2.276647234804645e-06	2.35226671537178e-07	2.467355703219136e-07	5.052135320636127e-07	5.007071801355804e-07	-6.717720462871806e-08	-5.44338500780763e-08	0.9690001293043135	1.301341563055342e-07	-3.850799950293502e-07	-3.292126670900317e-07	-2.725475155433305e-06	-2.338777326300555e-06	-1.227888073534611e-06	-1.028051874032054e-06	6.051397538207655e-07	6.044183174714945e-07	0.2673590384406965	0.3371215663019185	0.02899334331860497	0.09075555281880456	0.02085900657088149	0.0764526319772605	0.04672024005014239	-0.01552704856479397	-0.01466096392297377	-0.02698299400085216	0.00555711855559324	0.003611911345360574	0.4874821900382496	0.612803916490222	0.02402150860218502	0.03603239692202008	0.009176368859014822	-0.08525126260514984	0.004308701424465719	-0.0007221999255701138	-0.0002496245363287127	-0.002282660077886378	-0.002095740775976316	-0.002328117102858307	-6.149869100525499e-06	-5.628060097989588e-06	8.294859628672968e-07	7.029326853403087e-07	-1.115225450588573e-06	-1.376600138794432e-06	-3.512950210886605e-06	-2.976097338485769e-06	-2.523597935889976e-08	1.053007240977735e-08	6.812440927082506e-07	4.841205350257341e-07	0.001136736956172224	-1.158887402133144e-07	0.04435062957492666	4.716241224589725e-07	-0.4187127084662033	-6.190526798499447e-07	1.596005312145345e-07	1.314261657478674e-07	-8.411065296464822e-07	-6.823352257603969e-07	4.791861162184478e-07	4.174479364115798e-07	1.014965106863391e-07	3.054442803767534e-08	-2.761153024465368e-06	-2.2637986054089e-06	9.997324045572049e-07	8.620055640204934e-07	6.867766930317738e-07	5.33499298998841e-07	7.101445480653504e-07	6.522257199312625e-07	2.5309466462583e-07	2.418590173681349e-07	-2.726577947800325e-08	-1.810226182952055e-08	4.918456792752174e-07	4.405432517025363e-07	7.275653239818248e-07	4.306119464885984e-07	1.643439946017574e-07	1.478669570120418e-07	-3.874493086876322e-07	-3.524894917707766e-07	1.047197596420555	4.331691501909348e-08	3.436833129234622e-07	2.689354239877443e-07	-1.169320798841621e-06	-1.11042374337139e-06	1.581029785032953e-06	1.358413131459983e-06	-9.756470784862989e-08	-7.573560897143931e-08	-3.59831452298186e-07	-2.483518453730984e-07	1.047197494793883	-5.130273240968879e-08	-2.589881874952806e-08	-8.933444758356081e-08
1.59	2.691746610910973e-06	2.27815966237721e-06	2.377276420300579e-07	2.45698488834417e-07	5.102298589387946e-07	5.004142957287837e-07	-6.771824417404138e-08	-5.410317832958103e-08	0.9690001306080667	1.299654344688429e-07	-3.883888566755627e-07	-3.280441937343621e-07	-2.748854096225828e-06	-2.338501400703584e-06	-1.238144829145503e-06	-1.029494936494924e-06	6.11181906399722e-07	6.047879159249411e-07	0.2707370059659946	0.3427907763956834	0.02984789290933618	0.09159097078933838	0.02150167646365273	0.06985414365791381	0.04656229832496437	-0.01583241082804383	-0.01492679571551754	-0.02702928104591716	0.005590586146030864	0.003579329011046969	0.4936296217471619	0.6166824281478295	0.02437870648345928	0.03638704290569432	0.008317338221892949	-0.08703812091854936	0.004302804737092427	-0.0008488205444572628	-0.0002726751199442972	-0.002285560241670824	-0.002118473106602729	-0.002324240624332107	-6.206163420589461e-06	-5.628870655214347e-06	8.364977063040772e-07	7.028372114181301e-07	-1.128982916675245e-06	-1.378176904060999e-06	-3.542694505321463e-06	-2.972710678729277e-06	-2.518281714282728e-08	1.42153282210754e-08	6.861006259266988e-07	4.822734565934944e-07	0.001136735795439621	-1.156951231089056e-07	0.04435063429695952	4.698772280547362e-07	-0.4187127147651271	-6.123587202220542e-07	1.609098219617595e-07	1.311497373111528e-07	-8.479256280562901e-07	-6.81676835213319e-07	4.833642391399617e-07	4.173681777160188e-07	1.017968896225541e-07	3.095619944642178e-08	-2.783836083580561e-06	-2.258608350764014e-06	1.008398754770378e-06	8.590950846162211e-07	6.921079634760738e-07	5.342670579062714e-07	7.16660477369715e-07	6.51873945575471e-07	2.555130402597687e-07	2.419361242184481e-07	-2.744763737418799e-08	-1.808612695835472e-08	4.962812163964931e-07	4.38730003733922e-07	7.318722393892307e-07	4.306369400313524e-07	1.658237086415112e-07	1.47780450548477e-07	-3.909742115681853e-07	-3.523975289865684e-07	1.047197596855695	4.320515972772192e-08	3.463779419318931e-07	2.686892857407603e-07	-1.180418510529295e-06	-1.110329014998403e-06	1.594604437121872e-06	1.358644687417609e-06	-9.83216853819553e-08	-7.573170605750226e-08	-3.623225977256531e-07	-2.478197101654159e-07	1.047197494282031	-5.133519140213349e-08	-2.678802391855334e-08	-8.971965689637247e-08
1.6	2.714494160624168e-06	2.27930344407566e-06	2.402225655340075e-07	2.449176660445468e-07	5.152455559821097e-07	5.002349582374988e-07	-6.825675793328468e-08	-5.379753264910745e-08	0.9690001319106544	1.29823784889672e-07	-3.916904343389184e-07	-3.270959073791833e-07	-2.772227653227667e-06	-2.338103102332684e-06	-1.248411473709914e-06	-1.030693598190537e-06	6.172260431182039e-07	6.050831976358798e-07	0.2741727144411817	0.3484388743630915	0.03070604726166338	0.09210323377586278	0.02208091026330401	0.06309777582157047	0.04640134783878883	-0.01613948212231543	-0.01519280289723966	-0.0270538796820968	0.005623561484973573	0.003534005477273909	0.4998158385653034	0.6205609395093786	0.0247391594256667	0.03671861667449269	0.007440949998939904	-0.08880044639767246	0.004295920391220414	-0.0009604606532137486	-0.0002958392857534464	-0.002292041878991898	-0.002141121540660546	-0.002317290600771655	-6.262466203268288e-06	-5.629716664348202e-06	8.435069803305895e-07	7.026478375430483e-07	-1.142751516808219e-06	-1.379527309266813e-06	-3.572411511603868e-06	-2.969564637470499e-06	-2.510739372133908e-08	1.718164079537674e-08	6.909456759789601e-07	4.807485631145385e-07	0.001136734636104186	-1.155285594157595e-07	0.04435063900574943	4.683228856203285e-07	-0.4187127210222668	-6.069534714519799e-07	1.622175974519353e-07	1.309139817830087e-07	-8.547384370110613e-07	-6.810237667129117e-07	4.875417132856453e-07	4.173034350959962e-07	1.021001583982632e-07	3.130558433194277e-08	-2.80648087487939e-06	-2.254093938690393e-06	1.017046704978885e-06	8.567337311760968e-07	6.97444246347071e-07	5.349162948859973e-07	7.23173205144721e-07	6.515213855336625e-07	2.57931826314244e-07	2.419980807529814e-07	-2.762928227873858e-08	-1.807021701132251e-08	5.007066224174098e-07	4.37313975928238e-07	7.361769991011863e-07	4.305680154826829e-07	1.673028148964205e-07	1.477069076118341e-07	-3.944988325923918e-07	-3.52331808718605e-07	1.047197597290199	4.311761342397046e-08	3.490708656720344e-07	2.684867818317183e-07	-1.191513303797647e-06	-1.110143594527654e-06	1.608179402203671e-06	1.358773235316276e-06	-9.907871930876165e-08	-7.57304035238421e-08	-3.648104416622765e-07	-2.473884412417149e-07	1.047197493770021	-5.135800804676668e-08	-2.767982375502737e-08	-9.004357316379142e-08
1.61	2.737250271442473e-06	2.280159731992811e-06	2.42710290865743e-07	2.443630936251268e-07	5.202603161424684e-07	5.001442407470659e-07	-6.879280490771541e-08	-5.350559580561055e-08	0.9690001332119818	1.297050793090779e-07	-3.949840776800449e-07	-3.263244988638419e-07	-2.79559603121324e-06	-2.337620239241232e-06	-1.25868891453973e-06	-1.031685024146991e-06	6.232722659810434e-07	6.053253154898027e-07	0.2776668439060131	0.3540470656714126	0.03156952249011474	0.09232335705733338	0.02259948991824114	0.05613631164742139	0.04623742459603526	-0.01644886010297154	-0.01545911314069428	-0.02705846911986174	0.005656119754434455	0.003477003376932673	0.5060408404930319	0.6244394506441614	0.02510301555313389	0.03702784113359912	0.006547135223382874	-0.09054269066824039	0.004287990998723218	-0.001059153359172179	-0.0003191114978608353	-0.002301253696303139	-0.002163701971035223	-0.002307621248727226	-6.318777154809944e-06	-5.630602194471222e-06	8.505142947808033e-07	7.023665897822729e-07	-1.156531714042637e-06	-1.380718994261092e-06	-3.602101293294566e-06	-2.966580096891001e-06	-2.500768547316905e-08	1.95747602840451e-08	6.957785582337476e-07	4.794690035698332e-07	0.00113673347824704	-1.153838220135216e-07	0.04435064370089312	4.669164103929948e-07	-0.4187127272335102	-6.02599977278606e-07	1.635239803487641e-07	1.306960919070384e-07	-8.615449906179201e-07	-6.803759521391258e-07	4.917184157211496e-07	4.172551338531598e-07	1.024065234725942e-07	3.160264991520824e-08	-2.829085353968504e-06	-2.250134086942518e-06	1.025674490813364e-06	8.548215999259236e-07	7.027857470525954e-07	5.354776571940538e-07	7.296828762026585e-07	6.511626000335771e-07	2.603510375949138e-07	2.420495273759998e-07	-2.781068543524513e-08	-1.805596960682261e-08	5.051207722509794e-07	4.362131207183656e-07	7.404795594764156e-07	4.304451856705664e-07	1.687812706207258e-07	1.476443024915607e-07	-3.980231635129088e-07	-3.522824914300928e-07	1.047197597723995	4.304962236473401e-08	3.517618916582044e-07	2.683231387326441e-07	-1.202605345520362e-06	-1.109892412176922e-06	1.621754988196996e-06	1.358820832882359e-06	-9.983582173920927e-08	-7.573030493228244e-08	-3.672946879302354e-07	-2.470381247871872e-07	1.047197493257813	-5.137267156972852e-08	-2.857439191081961e-08	-9.031792258831944e-08
1.62	2.760014943365889e-06	2.280728526128663e-06	2.451908180252643e-07	2.440347715761568e-07	5.252741394198709e-07	5.001421432574849e-07	-6.93263850973336e-08	-5.322736779909032e-08	0.9690001345120487	1.296093177270605e-07	-3.982697866989422e-07	-3.257299681883379e-07	-2.818959230182549e-06	-2.337052811429227e-06	-1.268977151634951e-06	-1.032469214364285e-06	6.293205749882406e-07	6.0551426948671e-07	0.2812193943604891	0.3596153503206469	0.03243831859469028	0.09225134063375018	0.02305741542846412	0.04896975113546659	0.04607052859670362	-0.0167605447700122	-0.0157257264458814	-0.02704304935921198	0.005688260954413511	0.00340832271002326	0.5123046275303474	0.6283179615521778	0.02547027486586082	0.03731471628301364	0.005635893895221857	-0.09226485373025316	0.004279016559600836	-0.001144898662332555	-0.0003424917562664637	-0.002313195693604547	-0.00218621439772676	-0.002295232568198821	-6.375096275214431e-06	-5.63152724558341e-06	8.575196496547186e-07	7.019934681358037e-07	-1.1703235083785e-06	-1.381751959043836e-06	-3.631763850393558e-06	-2.963757056990785e-06	-2.48836923983172e-08	2.139468668708047e-08	7.005992726910613e-07	4.784347779593784e-07	0.001136732321868184	-1.152609109021918e-07	0.04435064838239057	4.656578023727352e-07	-0.4187127333988575	-5.992982377019326e-07	1.648289706522461e-07	1.30496067683242e-07	-8.683452888768665e-07	-6.797333914919617e-07	4.958943464464745e-07	4.172232739875097e-07	1.027159848455473e-07	3.184739619621819e-08	-2.851649520847903e-06	-2.24672879552039e-06	1.034282112273816e-06	8.533586908657018e-07	7.081324655926471e-07	5.35951144830441e-07	7.361894905435273e-07	6.507975890752149e-07	2.627706741017779e-07	2.420904640875033e-07	-2.799184684370763e-08	-1.804338474485501e-08	5.095236658972019e-07	4.354274381043051e-07	7.447799205149189e-07	4.302684505950032e-07	1.702590758144273e-07	1.475926351876568e-07	-4.015472043297364e-07	-3.522495771210318e-07	1.047197598157081	4.300118655001257e-08	3.544510198904028e-07	2.681983564435376e-07	-1.213694635697441e-06	-1.109575467946209e-06	1.635331195101846e-06	1.358787480115857e-06	-1.005929926732981e-07	-7.573141028282329e-08	-3.697753365295297e-07	-2.467687608018327e-07	1.047197492745408	-5.1379181971019e-08	-2.947172838593007e-08	-9.054270516995649e-08
1.63	2.782788176394415e-06	2.281009826483215e-06	2.476641470125716e-07	2.439326998976371e-07	5.302870258143172e-07	5.002286657687558e-07	-6.985749850213926e-08	-5.296284862954676e-08	0.9690001358108555	1.295365001436199e-07	-4.015475613956102e-07	-3.253123153526713e-07	-2.842317250135593e-06	-2.336400818896669e-06	-1.279276184995576e-06	-1.03304616884242e-06	6.353709701397953e-07	6.056500596266016e-07	0.2848303658046094	0.3651437283107942	0.03331243557538997	0.09188718450511314	0.02345468679397295	0.04159809428570608	0.04590065984079396	-0.01707453612343737	-0.015992642812801	-0.02700762040014753	0.005719985084910739	0.003327963476545669	0.5186071996772499	0.6321964722334279	0.02584093736384752	0.03757924212273624	0.004707226014456854	-0.09396693558371076	0.00426899707385327	-0.001217696562694875	-0.0003659800609703318	-0.002327867870896122	-0.002208658820735157	-0.002280124559186438	-6.431423564481749e-06	-5.632491817684765e-06	8.645230449523357e-07	7.015284726036406e-07	-1.184126899815807e-06	-1.382626203615046e-06	-3.661399182900843e-06	-2.961095517769849e-06	-2.473541449678354e-08	2.264142000448286e-08	7.054078193509009e-07	4.776458862831742e-07	0.001136731166967617	-1.151598260817701e-07	0.04435065305024181	4.645470615595495e-07	-0.4187127395183086	-5.970482527219595e-07	1.661325683623811e-07	1.303139091116194e-07	-8.751393317879002e-07	-6.79096084771419e-07	5.000695054616197e-07	4.172078554990459e-07	1.030285425171223e-07	3.20398231749726e-08	-2.874173375517587e-06	-2.243878064424009e-06	1.042869569360239e-06	8.523450039954313e-07	7.134844019672262e-07	5.363367577951587e-07	7.426930481673274e-07	6.504263526585755e-07	2.651907358348363e-07	2.421208908874919e-07	-2.817276650412607e-08	-1.803246242541973e-08	5.139153033560772e-07	4.349569280860561e-07	7.490780822166963e-07	4.300378102559929e-07	1.717362304775248e-07	1.475519057001224e-07	-4.050709550428747e-07	-3.522330657914221e-07	1.047197598589459	4.297230597980614e-08	3.5713825036863e-07	2.681124349643989e-07	-1.224781174328884e-06	-1.109192761835514e-06	1.64890802291822e-06	1.35867317701677e-06	-1.013502321110283e-07	-7.573371957546465e-08	-3.722523874601594e-07	-2.465803492856515e-07	1.047197492232804	-5.137753925063813e-08	-3.037183318035876e-08	-9.071792090870262e-08
1.64	2.805569970528052e-06	2.281003633056468e-06	2.501302778276648e-07	2.440568785895674e-07	5.352989753258071e-07	5.004038082808786e-07	-7.038614512213239e-08	-5.271203829697988e-08	0.9690001371084019	1.29486626558756e-07	-4.04817401770049e-07	-3.250715403568421e-07	-2.865670091072373e-06	-2.335664261643558e-06	-1.289586014621606e-06	-1.033415887581395e-06	6.414234514357078e-07	6.057326859094777e-07	0.2884997582383741	0.3706321996418547	0.03419187343221385	0.0912308886714223	0.02379130401476763	0.03402134109813985	0.04572781832830626	-0.01739083416324708	-0.01625986224145311	-0.02695218224266838	0.005751292145926143	0.003235925676499901	0.5249485569337393	0.6360749826879117	0.02621500304709398	0.03782141865276691	0.003761131581087865	-0.0956489362286132	0.004257932541480518	-0.001277547060259141	-0.0003895764119724394	-0.002345270228177863	-0.002231035240060413	-0.002262297221690078	-6.487759022611896e-06	-5.633495910775287e-06	8.715244806736543e-07	7.009716031857837e-07	-1.197941888354558e-06	-1.383341727974721e-06	-3.691007290816421e-06	-2.958595479228193e-06	-2.456285176856806e-08	2.331496023625227e-08	7.102041982132667e-07	4.771023285412206e-07	0.00113673001354534	-1.150805675522565e-07	0.04435065770444681	4.635841879534379e-07	-0.4187127455918635	-5.958500223386867e-07	1.674347734791692e-07	1.301496161921706e-07	-8.819271193510215e-07	-6.784640319774981e-07	5.042438927665854e-07	4.172088783877684e-07	1.033441964873193e-07	3.217993085147148e-08	-2.896656917977556e-06	-2.241581893653375e-06	1.051436862072636e-06	8.51780539315112e-07	7.188415561763323e-07	5.366344960882072e-07	7.491935490740591e-07	6.500488907836591e-07	2.67611222794089e-07	2.421408077759655e-07	-2.835344441650048e-08	-1.802320264851677e-08	5.182956846276052e-07	4.348015906636188e-07	7.533740445817473e-07	4.297532646535359e-07	1.732127346100185e-07	1.475221140289576e-07	-4.085944156523235e-07	-3.522329574412637e-07	1.047197599021128	4.296298065411473e-08	3.598235830928857e-07	2.68065374295228e-07	-1.235864961414692e-06	-1.108744293844837e-06	1.66248547164612e-06	1.358477923585098e-06	-1.021075400523996e-07	-7.573723281020653e-08	-3.747258407221246e-07	-2.464728902386435e-07	1.047197491720001	-5.136774340858592e-08	-3.127470629410565e-08	-9.084356980455778e-08
1.65	2.828360325766798e-06	2.280709945848422e-06	2.525892104705438e-07	2.444073076519478e-07	5.403099879543408e-07	5.006675707938534e-07	-7.091232495731295e-08	-5.247493680138969e-08	0.9690001384046882	1.294596969724689e-07	-4.080793078222586e-07	-3.250076432008504e-07	-2.889017752992889e-06	-2.334843139669894e-06	-1.29990664051304e-06	-1.033578370581212e-06	6.474780188759778e-07	6.05762148335338e-07	0.2922275716617833	0.3760807643138283	0.03507663216516189	0.09028245313267763	0.02406726709084817	0.02623949157276789	0.04555200405924051	-0.01770943888944132	-0.01652738473183772	-0.02687673488677453	0.005782182137459718	0.003132209309885955	0.5313286992998159	0.6399534929156292	0.02659247191560019	0.03804124587310567	0.00279761059511489	-0.09731085566496048	0.004245822962482582	-0.001324450155025351	-0.0004132808092727866	-0.002365402765449772	-0.00225334365570253	-0.002241750555709741	-6.544102649604872e-06	-5.634539524854975e-06	8.785239568186743e-07	7.003228598822332e-07	-1.211768473994753e-06	-1.383898532122862e-06	-3.720588174140292e-06	-2.956256941365819e-06	-2.436600421367075e-08	2.34153073823887e-08	7.149884092781586e-07	4.768041047335176e-07	0.001136728861601352	-1.150231353136511e-07	0.04435066234500559	4.627691815544004e-07	-0.4187127516195222	-5.957035465521144e-07	1.687355860026104e-07	1.300031889248957e-07	-8.887086515662301e-07	-6.778372331101987e-07	5.084175083613717e-07	4.172263426536771e-07	1.036629467561383e-07	3.226771922571484e-08	-2.91910014822781e-06	-2.239840283208487e-06	1.059983990411004e-06	8.516652968247441e-07	7.242039282199659e-07	5.368443597095863e-07	7.556909932637221e-07	6.496652034504659e-07	2.700321349795361e-07	2.421502147529243e-07	-2.853388058083082e-08	-1.801560541414611e-08	5.226648097117863e-07	4.349614258369933e-07	7.576678076100724e-07	4.294148137876321e-07	1.746885882119083e-07	1.475032601741622e-07	-4.12117586158083e-07	-3.522492520705565e-07	1.047197599452088	4.297321057293834e-08	3.6250701806317e-07	2.680571744360248e-07	-1.246945996954863e-06	-1.108230063974178e-06	1.676063541285545e-06	1.358201719820842e-06	-1.028649164974123e-07	-7.57419499870489e-08	-3.771956963154252e-07	-2.464463836608087e-07	1.047197491207001	-5.134979444486235e-08	-3.218034772717078e-08	-9.091965185752201e-08
1.66	2.85115680586095e-06	2.280248012751324e-06	2.550434424913314e-07	2.448909778697656e-07	5.453214032700271e-07	5.009942573130588e-07	-7.143669853146497e-08	-5.225906795235079e-08	0.9690001396999947	1.294473856069544e-07	-4.113352123977677e-07	-3.250541797072265e-07	-2.912361951031082e-06	-2.334016837419188e-06	-1.310235791614287e-06	-1.033615211332583e-06	6.535345499847163e-07	6.057646928133739e-07	0.2960139233483383	0.3815291853951514	0.03595627701648337	0.08903028561347953	0.02428268953424811	0.01842857381070984	0.04537316705793338	-0.0180292245840524	-0.01679504418871691	-0.02679123944151926	0.005811882562881902	0.003009734161662037	0.5377476267726993	0.6438320029833273	0.02697276167403756	0.0382424132694699	0.00181779062292605	-0.09894275086497138	0.004232787888000672	-0.001363949155246378	-0.0004370966518082599	-0.00238685447919051	-0.002275493531852614	-0.002218500528568668	-6.600451795830636e-06	-5.635544966107933e-06	8.855220440748087e-07	6.996514304992017e-07	-1.225604557887941e-06	-1.384346066042444e-06	-3.750148958851225e-06	-2.954139201932242e-06	-2.415051854147933e-08	2.316733953915044e-08	7.197606169189008e-07	4.766167438247103e-07	0.001136727711129577	-1.149748646631925e-07	0.04435066697483806	4.620751577884714e-07	-0.4187127576156595	-5.96262288065263e-07	1.700350303751499e-07	1.298696654603992e-07	-8.954843297440106e-07	-6.772217094992287e-07	5.125906177912198e-07	4.172540503312835e-07	1.039840087190971e-07	3.231914839190202e-08	-2.94151160110208e-06	-2.238492070015578e-06	1.068516083177644e-06	8.518317295774459e-07	7.29569727888546e-07	5.369803633250806e-07	7.62186409939495e-07	6.493018459541307e-07	2.724531926374975e-07	2.421492735360388e-07	-2.871411305506451e-08	-1.800882361687691e-08	5.270260856689532e-07	4.353182294477698e-07	7.619609849961629e-07	4.290783708147233e-07	1.761643636700388e-07	1.474998235421731e-07	-4.156403475125764e-07	-3.522714724777673e-07	1.047197599882523	4.299505327620497e-08	3.651892171948207e-07	2.680764517150071e-07	-1.258024920544948e-06	-1.107698740933899e-06	1.689641835906204e-06	1.357884588166467e-06	-1.036222940961815e-07	-7.574632031957549e-08	-3.796631096503904e-07	-2.464756344799692e-07	1.047197490693839	-5.132802196536656e-08	-3.308796037881643e-08	-9.095967559505554e-08
1.67	2.873941523957431e-06	2.280493347273786e-06	2.57511310808438e-07	2.448250191089346e-07	5.503430563458738e-07	5.011952088191698e-07	-7.196411538519436e-08	-5.211967127481084e-08	0.9690001409963812	1.293885649168967e-07	-4.145993063752467e-07	-3.247233192414296e-07	-2.935715277635401e-06	-2.333768192469165e-06	-1.320556793921201e-06	-1.034125466154152e-06	6.595921455485847e-07	6.059330158148541e-07	0.2998596743156449	0.3872694018283387	0.036754196389968	0.08738927606687794	0.02443840474601879	0.01188097946367304	0.04519094040495735	-0.01834192626839586	-0.01706162114714446	-0.02676882999231461	0.005834721781195179	0.002816517561140265	0.5442053393319807	0.647710513381061	0.02735159713215676	0.0384520089062648	0.0008299502142385473	-0.1004716204952488	0.004219705057985797	-0.001436742820173096	-0.0004610488944447531	-0.002399265834985358	-0.00229682015803064	-0.002192664371749357	-6.656787007805757e-06	-5.63594180948034e-06	8.925229324074272e-07	6.994652892895525e-07	-1.239434730368271e-06	-1.385047389635663e-06	-3.779741963615449e-06	-2.952677622758628e-06	-2.395785267846033e-08	2.422210317245751e-08	7.245220279582153e-07	4.755529645660452e-07	0.00113672656208541	-1.148427718328575e-07	0.04435067161538214	4.613047311317963e-07	-0.4187127636858138	-5.949819831681173e-07	1.713332860522951e-07	1.297126160883403e-07	-9.022571002907402e-07	-6.766616695192563e-07	5.167651706792332e-07	4.172464961927053e-07	1.043016218398023e-07	3.245139675718796e-08	-2.96395393902639e-06	-2.236354000890769e-06	1.07707079584479e-06	8.510497142347203e-07	7.349258115311323e-07	5.371454020801044e-07	7.686873554721347e-07	6.491537862658061e-07	2.748723418270511e-07	2.421391714503223e-07	-2.889442125920981e-08	-1.799663784071828e-08	5.314045270070366e-07	4.350041510416506e-07	7.662654244238615e-07	4.291544480118077e-07	1.776442634269455e-07	1.475446917654e-07	-4.191618256730048e-07	-3.522226954460423e-07	1.047197600313784	4.297019552287082e-08	3.678750402451791e-07	2.680396276450831e-07	-1.269106428071245e-06	-1.10750764855225e-06	1.703217448602903e-06	1.357820371878785e-06	-1.043791783684046e-07	-7.573895799265092e-08	-3.82136563705897e-07	-2.463756614304076e-07	1.047197490180781	-5.133421377263472e-08	-3.399169196561513e-08	-9.106282011416296e-08
1.68	2.8967297968779e-06	2.280696232055602e-06	2.599771132014755e-07	2.447941848761165e-07	5.553665252387582e-07	5.014319772934594e-07	-7.249042277300319e-08	-5.200944420814066e-08	0.969000142292084	1.293355794766048e-07	-4.178594378598465e-07	-3.244327996132797e-07	-2.959066949674443e-06	-2.333598110921326e-06	-1.330883925671924e-06	-1.034596152759054e-06	6.656515755795176e-07	6.061021080185751e-07	0.3037640872594353	0.3930514212475725	0.03753599412051608	0.08543230569812978	0.02453369907042555	0.005490011207241987	0.04500563829976439	-0.01865462138666934	-0.01732815985604556	-0.02674688055690346	0.005855556516681777	0.002597073168316996	0.5507018369951369	0.6515890236891879	0.02773263920931148	0.03864683680542813	-0.0001729996962553382	-0.1019599768602035	0.004205822848536617	-0.001507980098337896	-0.0004851161678989855	-0.002411507881330965	-0.002317892737317412	-0.00216414169790572	-6.713124943884565e-06	-5.63621851981179e-06	8.995230338767145e-07	6.993294491146942e-07	-1.253272186999136e-06	-1.385691608428826e-06	-3.809322387054174e-06	-2.951499395978982e-06	-2.375250548512888e-08	2.516577863723167e-08	7.292716089729325e-07	4.744581929667336e-07	0.001136725414507048	-1.147064804314411e-07	0.04435067624828019	4.606269262224093e-07	-0.4187127697396107	-5.940413288808577e-07	1.726301993631912e-07	1.29563236199768e-07	-9.090244401476776e-07	-6.7611925677443e-07	5.209394975294281e-07	4.172426471516312e-07	1.046207189652012e-07	3.256412242482155e-08	-2.986373503081536e-06	-2.234439316000828e-06	1.085615883380283e-06	8.50372626687395e-07	7.402834342833564e-07	5.372513650819768e-07	7.751873592106683e-07	6.490540699396504e-07	2.772913413733334e-07	2.421188917688303e-07	-2.907456592108081e-08	-1.798437387915354e-08	5.357787133702476e-07	4.34762345972893e-07	7.705709805165777e-07	4.292915166159185e-07	1.791246888584004e-07	1.476097025953898e-07	-4.226827690973344e-07	-3.521687916564285e-07	1.047197600744714	4.294857194982084e-08	3.705603257199801e-07	2.680182719303135e-07	-1.280186498365097e-06	-1.107350804254868e-06	1.716792868608838e-06	1.357757447894708e-06	-1.051359927461173e-07	-7.572961287670337e-08	-3.846087943604121e-07	-2.463048671693724e-07	1.047197489667599	-5.134114942155692e-08	-3.48965538990863e-08	-9.114415663868894e-08
1.69	2.919521624622356e-06	2.280856667096773e-06	2.624408496704439e-07	2.447984751713114e-07	5.603918099486804e-07	5.017045627359273e-07	-7.301562069489141e-08	-5.192838675234025e-08	0.9690001435871028	1.292884292860787e-07	-4.211156068515671e-07	-3.241826208227772e-07	-2.982416967148208e-06	-2.333506592775673e-06	-1.341217186866456e-06	-1.035027271147292e-06	6.717128400775152e-07	6.062719694245366e-07	0.3077271621797095	0.3988752436528528	0.03830167020812761	0.08315937450723507	0.02456857250746839	-0.0007443309585831732	0.04481726074235451	-0.01896730993887283	-0.01759466031542021	-0.02672539113528582	0.005874386769341693	0.002351400983192235	0.5572371197621678	0.6554675339077081	0.02811588790550175	0.0388268969669599	-0.001191059108555587	-0.1034078199598354	0.004191141259653134	-0.001577660989740776	-0.0005092984721709567	-0.002423580618227329	-0.002338711269712928	-0.002132932507037759	-6.769465604067055e-06	-5.636375097102281e-06	9.065223484826706e-07	6.992439099746268e-07	-1.267116927780533e-06	-1.386278722421934e-06	-3.8388902291674e-06	-2.950604521593302e-06	-2.3534476961485e-08	2.599836593347288e-08	7.340093599630523e-07	4.733324290267754e-07	0.00113672426839449	-1.145659904589431e-07	0.04435068087353217	4.600417430603105e-07	-0.4187127757770502	-5.934403252034842e-07	1.739257703078382e-07	1.294215257946823e-07	-9.157863493148225e-07	-6.755944712647499e-07	5.251135983418041e-07	4.172425032080614e-07	1.049413000952937e-07	3.265732539480279e-08	-3.008770293267516e-06	-2.232748015345753e-06	1.094151345784122e-06	8.498004669354703e-07	7.45642596145218e-07	5.372982523306978e-07	7.816864211550954e-07	6.490026969756637e-07	2.797101912763443e-07	2.420884344915626e-07	-2.925454704067752e-08	-1.797203173218267e-08	5.401486447585863e-07	4.345928142414971e-07	7.748776532743114e-07	4.294895766270555e-07	1.806056399644034e-07	1.476948560321424e-07	-4.262031777855651e-07	-3.52109761108926e-07	1.047197601175313	4.293018255705504e-08	3.732450736192237e-07	2.680123845706981e-07	-1.291265131426503e-06	-1.107228208041753e-06	1.730368095924008e-06	1.357695816214236e-06	-1.058927372293196e-07	-7.571828497173283e-08	-3.870798016139358e-07	-2.462632516968638e-07	1.047197489154293	-5.134882891213314e-08	-3.58025461792299e-08	-9.120368516863344e-08
1.7	2.942317007190798e-06	2.280974652397299e-06	2.649025202153432e-07	2.448378899945191e-07	5.654189104756402e-07	5.020129651465738e-07	-7.353970915085905e-08	-5.18764989074096e-08	0.969000144881438	1.292471143453183e-07	-4.243678133504083e-07	-3.239727828699218e-07	-3.005765330056695e-06	-2.333493638032203e-06	-1.351556577504796e-06	-1.035418821318865e-06	6.777759390425771e-07	6.064426000327388e-07	0.3117488990764674	0.4047408690441795	0.03905122465280256	0.08057048249419381	0.02454302505714731	-0.006822047033802434	0.04462580773272771	-0.01927999192500633	-0.0178611225252684	-0.02670436172746169	0.005891212539174929	0.002079501005765981	0.5638111876330735	0.6593460440366214	0.02850134322072754	0.0389921893908601	-0.002224228022662196	-0.1048151497941444	0.004175660291335346	-0.001645785494381736	-0.0005335958072606666	-0.002435484045674451	-0.002359275755217189	-0.002099036799145474	-6.82580898835323e-06	-5.636411541351814e-06	9.135208762252955e-07	6.992086718693502e-07	-1.280968952712463e-06	-1.386808731614986e-06	-3.868445489955126e-06	-2.94999299960159e-06	-2.330376710752867e-08	2.671986506118117e-08	7.387352809285745e-07	4.721756727461707e-07	0.001136723123747737	-1.144213019153636e-07	0.04435068549113811	4.595491816454998e-07	-0.4187127817981323	-5.931789721359967e-07	1.752199988862362e-07	1.292874848730831e-07	-9.225428277921749e-07	-6.750873129902159e-07	5.292874731163615e-07	4.172460643619957e-07	1.052633652300797e-07	3.273100566713168e-08	-3.031144309584331e-06	-2.231280098925545e-06	1.102677183056308e-06	8.49333234978946e-07	7.510032971167173e-07	5.372860638262676e-07	7.881845413054159e-07	6.489996673738459e-07	2.821288915360839e-07	2.420477996185193e-07	-2.943436461799993e-08	-1.795961139980568e-08	5.445143211720523e-07	4.344955558474629e-07	7.791854426970628e-07	4.29748628045219e-07	1.820871167449546e-07	1.478001520756578e-07	-4.297230517376969e-07	-3.520456038035348e-07	1.047197601605581	4.291502734457342e-08	3.759292839429098e-07	2.680219655662371e-07	-1.302342327255465e-06	-1.107139859912907e-06	1.743943130548414e-06	1.35763547683737e-06	-1.066494118180114e-07	-7.570497427773934e-08	-3.895495854664679e-07	-2.462508150128817e-07	1.047197488640864	-5.135725224436338e-08	-3.670966880604593e-08	-9.124140570399649e-08
1.71	2.965115944583227e-06	2.281050187957179e-06	2.673621248361734e-07	2.449124293457398e-07	5.704478268196378e-07	5.023571845253987e-07	-7.406268814090611e-08	-5.185378067334873e-08	0.9690001461750894	1.292116346543237e-07	-4.276160573563703e-07	-3.238032857547136e-07	-3.029112038399905e-06	-2.333559246690919e-06	-1.361902097586944e-06	-1.035770803273772e-06	6.838408724747036e-07	6.066139998431816e-07	0.315829297949709	0.4106482974215526	0.03978465745454096	0.077665629659006	0.0244570567194623	-0.01274313701841581	0.04443127927088398	-0.01959266734506985	-0.01812754648559012	-0.02668379233343106	0.005906033826181483	0.001781373236038234	0.5704240406078539	0.663224554075928	0.02888900515498885	0.03914271407712874	-0.003272506438575168	-0.1061819663631307	0.004159379943583254	-0.001712353612260777	-0.0005580081731681152	-0.002447218163672331	-0.002379586193830194	-0.002062454574228865	-6.882155096743087e-06	-5.63632785256039e-06	9.205186171045889e-07	6.992237347988642e-07	-1.294828261794927e-06	-1.387281636007983e-06	-3.897988169417354e-06	-2.949664830003846e-06	-2.30603759232599e-08	2.733027602035651e-08	7.434493718694991e-07	4.709879241249196e-07	0.001136721980566788	-1.142724148007027e-07	0.044350690101098	4.591492419779772e-07	-0.418712787802857	-5.932572696783954e-07	1.765128850983851e-07	1.291611134349705e-07	-9.292938755797351e-07	-6.745977819508281e-07	5.334611218531001e-07	4.172533306134342e-07	1.055869143695594e-07	3.278516324180822e-08	-3.053495552031981e-06	-2.230035566740205e-06	1.111193395196841e-06	8.489709308178221e-07	7.563655371978542e-07	5.37214799568686e-07	7.946817196616302e-07	6.490449811341971e-07	2.84547442152552e-07	2.419969871497003e-07	-2.961401865304805e-08	-1.794711288202257e-08	5.488757426106459e-07	4.344705707907904e-07	7.834943487848318e-07	4.300686708704087e-07	1.835691192000539e-07	1.479255907259359e-07	-4.332423909537298e-07	-3.519763197402549e-07	1.047197602035519	4.290310631237597e-08	3.786129566910384e-07	2.680470149169304e-07	-1.313418085851981e-06	-1.107085759868327e-06	1.757517972482056e-06	1.357576429764109e-06	-1.074060165121928e-07	-7.568968079472285e-08	-3.920181459180086e-07	-2.462675571174262e-07	1.047197488127311	-5.136641941824765e-08	-3.76179217795344e-08	-9.125731824477807e-08
1.72	2.987918436799642e-06	2.281083273776414e-06	2.698196635329344e-07	2.450220932249734e-07	5.754785589806731e-07	5.027372208724021e-07	-7.458455766503259e-08	-5.186023205015762e-08	0.9690001474680571	1.291819902130949e-07	-4.30860338869453e-07	-3.236741294771528e-07	-3.052457092177836e-06	-2.333703418751819e-06	-1.372253747112901e-06	-1.036083217012015e-06	6.899076403738946e-07	6.06786168855865e-07	0.3199683587994344	0.4165975287849721	0.04050196861334279	0.07444481600167167	0.02431066749441336	-0.01850760091242328	0.04423367535682333	-0.01990533619906338	-0.0183939321963854	-0.02666368295319394	0.005918850630361357	0.001457017674008996	0.577075678686509	0.6671030640256276	0.0292788737082857	0.03927847102576579	-0.004335894356294502	-0.1075082696667942	0.004142300216396859	-0.001777365343377897	-0.0005825355698933025	-0.002458782972220968	-0.002399642585551944	-0.002023185832287932	-6.938503929236629e-06	-5.636124030728008e-06	9.275155711205513e-07	6.992890987631691e-07	-1.308694855027924e-06	-1.387697435600925e-06	-3.927518267554083e-06	-2.949620012800068e-06	-2.280430340867868e-08	2.782959881099891e-08	7.481516327858263e-07	4.697691831630218e-07	0.001136720838851644	-1.141193291149602e-07	0.04435069470341184	4.588419240577428e-07	-0.4187127937912243	-5.936752178306801e-07	1.778044289442848e-07	1.290424114803445e-07	-9.360394926775027e-07	-6.741258781465865e-07	5.376345445520201e-07	4.172643019623769e-07	1.059119475137327e-07	3.281979811883241e-08	-3.075824020610464e-06	-2.229014418789731e-06	1.119699982205721e-06	8.487135544520988e-07	7.617293163886288e-07	5.370844595579531e-07	8.01177956223738e-07	6.491386382567171e-07	2.869658431257489e-07	2.419359970851056e-07	-2.979350914582187e-08	-1.793453617883333e-08	5.53232909074367e-07	4.345178590714796e-07	7.878043715376182e-07	4.304497051026246e-07	1.850516473297014e-07	1.480711719829769e-07	-4.367611954336638e-07	-3.519019089190862e-07	1.047197602465126	4.289441946046271e-08	3.812960918636097e-07	2.680875326227781e-07	-1.324492407216053e-06	-1.107065907908016e-06	1.771092621724934e-06	1.357518674994454e-06	-1.081625513118637e-07	-7.56724045226834e-08	-3.944854829685577e-07	-2.463134780104971e-07	1.047197487613635	-5.137633043378594e-08	-3.852730509969531e-08	-9.125142279097817e-08
1.73	3.010724483840044e-06	2.281073909855004e-06	2.722751363056263e-07	2.451668816322199e-07	5.80511106958746e-07	5.031530741875841e-07	-7.510531772323848e-08	-5.189585303783629e-08	0.9690001487603409	1.291581810216319e-07	-4.341006578896564e-07	-3.235853140372391e-07	-3.075800491390491e-06	-2.333926154214903e-06	-1.382611526082667e-06	-1.036356062533592e-06	6.959762427401501e-07	6.069591070707892e-07	0.3241660816256435	0.4225885631344381	0.04120315812920806	0.07090804152219078	0.02410385738200051	-0.02411543871582486	0.04403299599054577	-0.02021799848698692	-0.01866027965765421	-0.02664403358675033	0.005929662951714549	0.001106434319678264	0.5837661018690388	0.6709815738857204	0.02967094888061808	0.0393994602367713	-0.005414391775820197	-0.1087940597051349	0.00412442110977616	-0.001840820687733098	-0.0006071779974362285	-0.002470178471320364	-0.002419444930382439	-0.001981230573322674	-6.994855485833854e-06	-5.635800075854668e-06	9.345117382731822e-07	6.994047637622649e-07	-1.322568732411454e-06	-1.388056130393812e-06	-3.957035784365312e-06	-2.949858547990258e-06	-2.253554956378501e-08	2.821783343310838e-08	7.528420636775561e-07	4.685194498604776e-07	0.001136719698602304	-1.139620448581363e-07	0.04435069929807963	4.586272278847965e-07	-0.4187127997632342	-5.944328165928509e-07	1.790946304239355e-07	1.289313790092051e-07	-9.427796790854779e-07	-6.73671601577491e-07	5.418077412131213e-07	4.172789784088237e-07	1.062384646625996e-07	3.283491029820424e-08	-3.098129715319782e-06	-2.228216655074125e-06	1.128196944082947e-06	8.485611058817759e-07	7.670946346890408e-07	5.368950437940688e-07	8.076732509917392e-07	6.492806387414061e-07	2.893840944556744e-07	2.418648294247352e-07	-2.99728360963214e-08	-1.792188129023798e-08	5.575858205632158e-07	4.346374206895304e-07	7.921155109554223e-07	4.30891730741867e-07	1.86534701133897e-07	1.482368958467807e-07	-4.402794651774989e-07	-3.518223713400288e-07	1.047197602894401	4.288896678883362e-08	3.839786894606234e-07	2.681435186837801e-07	-1.335565291347679e-06	-1.107080304031972e-06	1.784667078277047e-06	1.357462212528404e-06	-1.089190162170242e-07	-7.565314546162097e-08	-3.969515966181153e-07	-2.463885776920946e-07	1.047197487099834	-5.138698529097825e-08	-3.943781876652865e-08	-9.122371934259681e-08
1.74	3.03358673389762e-06	2.282111090253005e-06	2.746849348536444e-07	2.444378379149173e-07	5.855531649497832e-07	5.036924287992651e-07	-7.562222300702216e-08	-5.186608883814228e-08	0.969000150056688	1.29220357126462e-07	-4.373397672694365e-07	-3.235164025714103e-07	-3.099185689176167e-06	-2.334945554602534e-06	-1.393002228801685e-06	-1.037178577040419e-06	7.020382991885188e-07	6.069735691246058e-07	0.3284157142252548	0.4284441179691135	0.04187657822494783	0.06733631663490865	0.02385664253114535	-0.02936003492465298	0.04382883076546079	-0.02053777749623725	-0.01892613459164307	-0.02661806956899936	0.005938833105108518	0.0007769895644995344	0.5904953100933297	0.67486008260925	0.0300646152822691	0.03951883719385372	-0.006504346099143801	-0.1100310363912866	0.00410558423918704	-0.001909220562473083	-0.0006316990556798595	-0.002477025255497239	-0.00243888505919969	-0.001938830011914157	-7.051377877131445e-06	-5.638741363868496e-06	9.414968570512266e-07	6.99310311502321e-07	-1.336556790728926e-06	-1.390494957021249e-06	-3.986536154749215e-06	-2.949874042508398e-06	-2.227041876880726e-08	2.838924404036506e-08	7.575661728825974e-07	4.681406163378976e-07	0.001136718566565705	-1.136761920911067e-07	0.0443507038724667	4.581180557965064e-07	-0.4187128057064978	-5.947058804941964e-07	1.80376643267817e-07	1.286882728264648e-07	-9.495087768857146e-07	-6.731013500919801e-07	5.459628161574419e-07	4.16947329235019e-07	1.065544355930643e-07	3.263372323160103e-08	-3.120435458258469e-06	-2.227705540957399e-06	1.136687402576912e-06	8.483817630217194e-07	7.724556319061003e-07	5.366263694550139e-07	8.141718082480316e-07	6.494825464711076e-07	2.918014232236428e-07	2.417841130611206e-07	-3.015258167431245e-08	-1.791980772973264e-08	5.619370037000648e-07	4.34747481730521e-07	7.964198602069333e-07	4.311522422739308e-07	1.880162207151474e-07	1.483526373025907e-07	-4.437945315994573e-07	-3.516941421082774e-07	1.047197603323113	4.287600106403811e-08	3.866615724607645e-07	2.682038456037853e-07	-1.346586657804688e-06	-1.106124333754218e-06	1.798248369899797e-06	1.35754569365075e-06	-1.096759750549047e-07	-7.564586772275894e-08	-3.994204328120634e-07	-2.465189706516306e-07	1.047197486589492	-5.132962711471595e-08	-4.033806594423621e-08	-9.099226243983631e-08
1.75	3.056622157378432e-06	2.286614272689589e-06	2.769521730291323e-07	2.408155000116148e-07	5.906218274287784e-07	5.045500961694967e-07	-7.612917416461543e-08	-5.156086361606136e-08	0.9690001513676453	1.295465908016912e-07	-4.405837831212393e-07	-3.234219897564286e-07	-3.122709226952983e-06	-2.338357052190377e-06	-1.403485385153098e-06	-1.03985989025954e-06	7.080751907128886e-07	6.064757538004623e-07	0.3327022549830478	0.4337703183076227	0.04249635061025317	0.06435397240010537	0.02361349354806398	-0.03378234435738698	0.04362026786631636	-0.02088049929355811	-0.01919048771294109	-0.0265707393800345	0.00594716605866476	0.0005739190434819225	0.5972633032213817	0.6787385878701554	0.0304585056795178	0.0396658299137446	-0.00759764221639403	-0.1112007591203144	0.004085437715948266	-0.001997008291716113	-0.0006555735258843075	-0.002469593440295537	-0.00245772264873035	-0.001900963536029092	-7.108444600557666e-06	-5.65246930762381e-06	9.484481290818294e-07	6.984271611863148e-07	-1.350896526452782e-06	-1.399762291863747e-06	-4.016009236252989e-06	-2.948541424457911e-06	-2.204513505842715e-08	2.810891345649171e-08	7.624250679308067e-07	4.706364491290993e-07	0.001136717457731759	-1.129854535957313e-07	0.04435070839850218	4.564543788337823e-07	-0.4187128115934901	-5.926632866918294e-07	1.816352568698799e-07	1.280026203919545e-07	-9.562142156760861e-07	-6.72118294929687e-07	5.500600099040154e-07	4.154916784617425e-07	1.068331323208335e-07	3.17790513031843e-08	-3.142791954113068e-06	-2.227621635400281e-06	1.145178293389588e-06	8.478826519499015e-07	7.777992882358558e-07	5.362335956308877e-07	8.206829687997639e-07	6.497700533450124e-07	2.942161122080925e-07	2.416952452276767e-07	-3.033403930754219e-08	-1.795199812622851e-08	5.662920719748651e-07	4.3466636211397e-07	8.006998523973905e-07	4.306924563759269e-07	1.894916295242558e-07	1.482625970540818e-07	-4.473004658054372e-07	-3.514204315122188e-07	1.04719760375074	4.283164476655109e-08	3.893465693057159e-07	2.682437910197931e-07	-1.357445241046858e-06	-1.10196600852492e-06	1.811852110426345e-06	1.358077164964835e-06	-1.104346805009742e-07	-7.568159587999534e-08	-4.019007584008046e-07	-2.46762676400237e-07	1.047197486090566	-5.105149625430019e-08	-4.120272586812568e-08	-9.015281723576648e-08
1.76	3.079708445923348e-06	2.292053587314893e-06	2.791781583864188e-07	2.364114882832412e-07	5.956992198131163e-07	5.055223746008502e-07	-7.663254889215235e-08	-5.119984003276604e-08	0.9690001526821845	1.299506834319075e-07	-4.438263102233781e-07	-3.233495529907922e-07	-3.146270157628115e-06	-2.342492407033703e-06	-1.413998748603175e-06	-1.043031130232678e-06	7.14106385999083e-07	6.058356080597247e-07	0.3370413901140554	0.4389790136450417	0.0430895345331117	0.06130818636371579	0.02332791040715983	-0.03786236075611731	0.0434082607191205	-0.02122961558848769	-0.01945439436577301	-0.02651778141697856	0.005953820109482439	0.0003871846856844493	0.6040700813974926	0.6826170921006476	0.0308540496998964	0.03980987655702244	-0.008702765571077103	-0.1123225100355136	0.004064349487206881	-0.002089081429187114	-0.0006793505951852259	-0.002458056934163003	-0.002476208989417995	-0.001862424522965234	-7.165665114101686e-06	-5.669119254038333e-06	9.553893931432652e-07	6.973602971884303e-07	-1.365339604941618e-06	-1.410893066035964e-06	-4.045465634181015e-06	-2.947037108473996e-06	-2.182182131148006e-08	2.762247932035667e-08	7.673130272427777e-07	4.739117396673434e-07	0.001136716356426488	-1.121787563466921e-07	0.04435071290553796	4.545354734404207e-07	-0.4187128174529923	-5.902197214540448e-07	1.828863759732978e-07	1.271990626830142e-07	-9.629091395099436e-07	-6.710328106532561e-07	5.54140896360642e-07	4.137251913686365e-07	1.071025025637265e-07	3.072803112647702e-08	-3.165146184284941e-06	-2.227817965023548e-06	1.153662364307734e-06	8.473700119112897e-07	7.831392176419682e-07	5.357636095498071e-07	8.271969655713672e-07	6.501162950122235e-07	2.966299569961171e-07	2.41596764928139e-07	-3.051585654259322e-08	-1.799368909230486e-08	5.706451557256395e-07	4.345840329041736e-07	8.049738560880872e-07	4.300757437872513e-07	1.909657129615776e-07	1.481296843099084e-07	-4.508034672550581e-07	-3.511024462690635e-07	1.047197604177827	4.278086506825467e-08	3.920317681127242e-07	2.682892055016551e-07	-1.36825738422551e-06	-1.096939173855296e-06	1.825461973485108e-06	1.358734522137951e-06	-1.111938227138267e-07	-7.572788955072394e-08	-4.043834064580744e-07	-2.470590277021307e-07	1.047197485594734	-5.071232355830772e-08	-4.20582748178456e-08	-8.912806586424308e-08
1.77	3.102845599532366e-06	2.298429034128917e-06	2.813628909255041e-07	2.312258027297965e-07	6.007853421027968e-07	5.066092640933258e-07	-7.713234718963292e-08	-5.078301808825632e-08	0.9690001540003058	1.30432635017111e-07	-4.47067348575853e-07	-3.232990922745012e-07	-3.169868481201563e-06	-2.34735161913251e-06	-1.424542319151916e-06	-1.046692296959834e-06	7.201318850471017e-07	6.050531319023932e-07	0.3414331196182777	0.4440702039813702	0.04365612999352343	0.05819895852573987	0.02299989310843292	-0.04160008412084395	0.04319280932387323	-0.021585126381026	-0.01971785455013882	-0.02645919567983155	0.005958795257561557	0.0002167864911071148	0.6109156446216623	0.6864955953007266	0.0312512473434049	0.03995097712368723	-0.009819716163193019	-0.1133962891368842	0.004042319552962886	-0.002185439974886083	-0.0007030302635826151	-0.002442415737099637	-0.002494344081262624	-0.001823212972722582	-7.223039417763506e-06	-5.688691203112064e-06	9.623206492355333e-07	6.961097195086676e-07	-1.379886026195436e-06	-1.4238872795379e-06	-4.074905348533292e-06	-2.945361094556653e-06	-2.160047752796596e-08	2.692994163195992e-08	7.722300508185104e-07	4.779664879526298e-07	0.001136715262649891	-1.112561003439891e-07	0.04435071739357405	4.523613396164218e-07	-0.4187128232850041	-5.873751847808425e-07	1.841300005780706e-07	1.262775996996441e-07	-9.695935483872866e-07	-6.698448972626872e-07	5.58205475527322e-07	4.116478679557011e-07	1.073625463217432e-07	2.948066270147921e-08	-3.187498148774088e-06	-2.228294529827201e-06	1.162139615331352e-06	8.468438429058839e-07	7.884754201244374e-07	5.35216411211772e-07	8.337137985628419e-07	6.505212714727411e-07	2.990429575877167e-07	2.414886721625075e-07	-3.069803337946554e-08	-1.804488062796167e-08	5.74996254952388e-07	4.345004941011317e-07	8.092418712790235e-07	4.293021045079039e-07	1.924384710271129e-07	1.479538990700706e-07	-4.543035359483199e-07	-3.507401863788116e-07	1.047197604604373	4.272366196914887e-08	3.947171688817894e-07	2.683400890493712e-07	-1.379023087340644e-06	-1.091043829745345e-06	1.839077959076083e-06	1.359517765170098e-06	-1.119534016934622e-07	-7.578474873494477e-08	-4.068683769838726e-07	-2.474080245573116e-07	1.047197485101997	-5.031210902673854e-08	-4.290471279339598e-08	-8.791800832526609e-08
1.78	3.126033618205487e-06	2.305740613131661e-06	2.83506370646388e-07	2.252584433512807e-07	6.058801942978201e-07	5.078107646469231e-07	-7.762856905705716e-08	-5.03103977825322e-08	0.9690001553220091	1.309924455573017e-07	-4.50306898178664e-07	-3.232706076075557e-07	-3.193504197673327e-06	-2.3529346884868e-06	-1.435116096799321e-06	-1.050843390441007e-06	7.261516878569449e-07	6.041283253284675e-07	0.3458774434957145	0.4490438893166085	0.04419613699148834	0.05502628888617762	0.02262944165188324	-0.04499551445156692	0.04297391368057454	-0.02194703167117302	-0.01998086826603852	-0.02639498216859346	0.005962091502902113	6.272445974991929e-05	0.6177999928938908	0.6903740974703922	0.0316500986100433	0.04008913161373898	-0.01094849399274178	-0.1144220964244264	0.00401934791321628	-0.002286083928813023	-0.0007266125310764748	-0.002422669849105439	-0.002512127924264237	-0.001783328885301138	-7.280567511543128e-06	-5.711185154845004e-06	9.692418973586344e-07	6.946754281470268e-07	-1.394535790214235e-06	-1.438744932369556e-06	-4.104328379309822e-06	-2.943513382705882e-06	-2.138110370788488e-08	2.603130039130148e-08	7.771761386580046e-07	4.828006939849586e-07	0.001136714176401969	-1.102174855876223e-07	0.04435072186261044	4.499319773617854e-07	-0.4187128290895258	-5.841296766722227e-07	1.853661306841983e-07	1.25238231441844e-07	-9.762674423081158e-07	-6.685545547579805e-07	5.622537474040553e-07	4.092597082229363e-07	1.076132635948838e-07	2.803694602819087e-08	-3.209847847580509e-06	-2.229051329811241e-06	1.170610046460441e-06	8.463041449336843e-07	7.938078956832633e-07	5.345920006167825e-07	8.402334677741875e-07	6.509849827265649e-07	3.014551139828912e-07	2.413709669307822e-07	-3.088056981815916e-08	-1.810557273319896e-08	5.793453696551108e-07	4.344157457048444e-07	8.135038979701993e-07	4.283715385378846e-07	1.939099037208617e-07	1.477352413345684e-07	-4.578006718852228e-07	-3.503336518414632e-07	1.047197605030377	4.266003546923368e-08	3.974027716129116e-07	2.683964416629415e-07	-1.38974235039226e-06	-1.084279976195067e-06	1.852700067199272e-06	1.360426894061277e-06	-1.127134174398806e-07	-7.58521734326578e-08	-4.093556699781995e-07	-2.478096669657797e-07	1.047197484612355	-4.985085265959264e-08	-4.374203979477682e-08	-8.652264461883551e-08
1.79	3.149272501942711e-06	2.313988324323124e-06	2.856085975490709e-07	2.185094101476938e-07	6.10983776398186e-07	5.091268762616423e-07	-7.812121449442503e-08	-4.978197911559368e-08	0.9690001566472943	1.316301150524795e-07	-4.535449590318109e-07	-3.232640989899555e-07	-3.217177307043407e-06	-2.359241615096572e-06	-1.44572008154539e-06	-1.055484410676198e-06	7.321657944286126e-07	6.030611883379477e-07	0.3503743617463659	0.4539000696507565	0.04470955552700646	0.05179017744502908	0.02221655603751078	-0.04804865174828619	0.04275157378922442	-0.02231533145892876	-0.02024343551347211	-0.0263251408832643	0.005963708845504108	-7.50014083871375e-05	0.624723126214178	0.6942525986096446	0.03205060349981161	0.04022434002717768	-0.01208909905972338	-0.11539993189814	0.003995434567967064	-0.002391013290967932	-0.000750097397666805	-0.00239881927018041	-0.002529560518422836	-0.001742772260700901	-7.338249395440549e-06	-5.736601109237153e-06	9.76153137512568e-07	6.930574231035079e-07	-1.409288896998015e-06	-1.455466024530931e-06	-4.133734726510604e-06	-2.941493972921683e-06	-2.116369985123681e-08	2.492655559838134e-08	7.821512907612604e-07	4.884143577643296e-07	0.001136713097682721	-1.090629120775918e-07	0.04435072631264713	4.472473866765115e-07	-0.4187128348665574	-5.804831971281852e-07	1.86594766291681e-07	1.240809579096141e-07	-9.829308212724306e-07	-6.671617831391359e-07	5.662857119908419e-07	4.06560712170342e-07	1.078546543831482e-07	2.6396881106612e-08	-3.232195280704204e-06	-2.230088364975666e-06	1.179073657695001e-06	8.457509179946908e-07	7.991366443184461e-07	5.338903777648387e-07	8.467559732054042e-07	6.515074287736952e-07	3.038664261816407e-07	2.412436492329631e-07	-3.106346585867408e-08	-1.817576540801673e-08	5.836924998338075e-07	4.343297877153116e-07	8.177599361616147e-07	4.272840458771936e-07	1.95380011042824e-07	1.474737111034018e-07	-4.612948750657667e-07	-3.498828426570182e-07	1.047197605455841	4.25899855685091e-08	4.000885763060907e-07	2.684582633423661e-07	-1.400415173380358e-06	-1.076647613204462e-06	1.866328297854674e-06	1.361461908811485e-06	-1.134738699530821e-07	-7.593016364386306e-08	-4.118452854410548e-07	-2.482639549275351e-07	1.047197484125808	-4.932855445687001e-08	-4.45702558219881e-08	-8.494197474495135e-08
1.8	3.172562250744038e-06	2.323172167703308e-06	2.876695716335523e-07	2.109787031190358e-07	6.160960884038947e-07	5.105575989374836e-07	-7.861028350173655e-08	-4.919776208744076e-08	0.9690001579761618	1.323456435026445e-07	-4.56781531135294e-07	-3.232795664217006e-07	-3.240887809311803e-06	-2.366272398961825e-06	-1.456354273390124e-06	-1.060615357665407e-06	7.381742047621047e-07	6.01851720930834e-07	0.354923874370232	0.4586387449838141	0.04519638560007776	0.04849062420229419	0.02176123626531556	-0.05075949601100179	0.04252578964982289	-0.02269002574429322	-0.02050555629243959	-0.02624967182384405	0.005963647285367541	-0.0001963911133040555	0.6316850445825241	0.6981310987184839	0.0324527620127098	0.04035660236400333	-0.01324153136413783	-0.1163297955580251	0.003970579517215237	-0.002500228061350811	-0.0007734848633536058	-0.002370864000324549	-0.002546641863738419	-0.001701543098921871	-7.396085069455772e-06	-5.764939066288512e-06	9.830543696973346e-07	6.912557043781106e-07	-1.424145346546776e-06	-1.474050556022026e-06	-4.163124390135637e-06	-2.939302865204056e-06	-2.094826595802174e-08	2.36157072531995e-08	7.871555071282777e-07	4.948074792907432e-07	0.001136712026492148	-1.077923798138974e-07	0.04435073074368413	4.443075675606002e-07	-0.4187128406160986	-5.764357461487303e-07	1.878159074005187e-07	1.228057791029542e-07	-9.895836852802313e-07	-6.656665824061534e-07	5.703013692876817e-07	4.035508797979183e-07	1.080867186865363e-07	2.456046793674259e-08	-3.254540448145174e-06	-2.231405635320476e-06	1.187530449035032e-06	8.451841620889033e-07	8.044616660299858e-07	5.331115426559404e-07	8.53281314856492e-07	6.520886096141319e-07	3.062768941839653e-07	2.411067190690501e-07	-3.124672150101028e-08	-1.825545865241496e-08	5.880376454884785e-07	4.342426201325334e-07	8.220099858532697e-07	4.260396265258307e-07	1.968487929929998e-07	1.471693083765707e-07	-4.647861454899515e-07	-3.493877588254766e-07	1.047197605880764	4.251351226697513e-08	4.027745829613268e-07	2.685255540876447e-07	-1.411041556304939e-06	-1.068146740773531e-06	1.87996265104229e-06	1.362622809420725e-06	-1.142347592330664e-07	-7.601871936856051e-08	-4.143372233724387e-07	-2.487708884425776e-07	1.047197483642355	-4.874521441857068e-08	-4.538936087502983e-08	-8.31759987036136e-08
1.81	3.195902864609467e-06	2.33329214327221e-06	2.896892928998326e-07	2.026663222653066e-07	6.21217130314946e-07	5.121029326744467e-07	-7.909577607899172e-08	-4.855774669807343e-08	0.9690001593086111	1.331390309077966e-07	-4.60016614489113e-07	-3.233170099027912e-07	-3.264635704478516e-06	-2.374027040082561e-06	-1.467018672333521e-06	-1.066236231408633e-06	7.441769188574212e-07	6.004999231071263e-07	0.3595259813673126	0.4632599153157815	0.04565662721070226	0.045127629157973	0.02126348233529758	-0.05312804723971371	0.04229656126236994	-0.0230711145272664	-0.02076723060294096	-0.02616857499033274	0.005961906822492413	-0.0003014446550008347	0.6386857479989289	0.7020095977969099	0.0328565741487379	0.04048591862421595	-0.01440579090598512	-0.1172116874040816	0.0039447827609608	-0.00261372823996166	-0.0007967749281368771	-0.002338804039537856	-0.002563371960210986	-0.001659641399964048	-7.454074533588795e-06	-5.796199025999079e-06	9.899455939129335e-07	6.892702719708353e-07	-1.439105138860519e-06	-1.49449852684284e-06	-4.192497370184921e-06	-2.936940059553002e-06	-2.073480202823969e-08	2.209875535575595e-08	7.921887877590566e-07	5.01980058564199e-07	0.00113671096283025	-1.064058887965392e-07	0.04435073515572144	4.411125200140515e-07	-0.4187128463381496	-5.719873237338577e-07	1.890295540107113e-07	1.214126950218645e-07	-9.962260343315178e-07	-6.640689525590329e-07	5.743007192945747e-07	4.002302111056651e-07	1.083094565050483e-07	2.252770651858266e-08	-3.276883349903416e-06	-2.233003140845672e-06	1.195980420480534e-06	8.44603877216322e-07	8.097829608178823e-07	5.322554952900878e-07	8.59809492727451e-07	6.527285252478749e-07	3.086865179898648e-07	2.409601764390434e-07	-3.143033674516778e-08	-1.834465246639367e-08	5.923808066191236e-07	4.341542429565098e-07	8.262540470451642e-07	4.246382804837961e-07	1.98316249571389e-07	1.468220331540753e-07	-4.682744831577773e-07	-3.488484003468384e-07	1.047197606305146	4.243061556463177e-08	4.054607915786197e-07	2.685983138987776e-07	-1.421621499166002e-06	-1.058777358902272e-06	1.893603126762119e-06	1.363909595888996e-06	-1.149960852798338e-07	-7.611784060675018e-08	-4.168314837723512e-07	-2.493304675109075e-07	1.047197483161998	-4.810083254469462e-08	-4.619935495390203e-08	-8.122471649482229e-08
1.82	3.219284322459224e-06	2.341976047169442e-06	2.916868095076709e-07	1.957536401883512e-07	6.263420069997007e-07	5.133897423580581e-07	-7.958071076646858e-08	-4.804564293781083e-08	0.9690001606472127	1.338743180429796e-07	-4.632499777928045e-07	-3.233055138244785e-07	-3.288415859202394e-06	-2.380693562369932e-06	-1.477698600730865e-06	-1.070932899186587e-06	7.501801935591595e-07	5.994607229307737e-07	0.364168043909025	0.4677971871657056	0.04607862281966393	0.04170767641563596	0.02073839679931179	-0.05567072826328427	0.04206376842736791	-0.02344548725627733	-0.02102643692184813	-0.026057712602318	0.005960091948569116	-0.0003919364233952348	0.6457252364868382	0.705888098735334	0.03326046693125832	0.04059362396364021	-0.01557260400267687	-0.1179897386821682	0.003919185443726006	-0.002700554121940578	-0.0008199958906341249	-0.00231279793007647	-0.002579103721438213	-0.001606975736355523	-7.51211488647736e-06	-5.821569486564663e-06	9.968358113738515e-07	6.877004051208071e-07	-1.454101374293563e-06	-1.511169350958152e-06	-4.221881774682601e-06	-2.935291383786714e-06	-2.052385910350341e-08	2.089282137710993e-08	7.97231332052776e-07	5.07721078868004e-07	0.001136709909960464	-1.051134589614125e-07	0.04435073954404929	4.381494226239077e-07	-0.4187128520414309	-5.681361330234053e-07	1.902371128146436e-07	1.202054175176619e-07	-1.002879544304951e-06	-6.630207503786167e-07	5.782955611148224e-07	3.975524772532193e-07	1.085068314996914e-07	2.045944123341779e-08	-3.299238957356408e-06	-2.234442996901332e-06	1.204424657409946e-06	8.440231551232108e-07	8.151117315580912e-07	5.317315287273477e-07	8.663396872503879e-07	6.53265602019082e-07	3.110962263171041e-07	2.408465071840675e-07	-3.161404748408102e-08	-1.841568512345672e-08	5.967352271938537e-07	4.342944299555443e-07	8.305023500754202e-07	4.236318237866639e-07	1.99782712013342e-07	1.465345420865547e-07	-4.717577449553608e-07	-3.483287430079497e-07	1.04719760673047	4.238329424233665e-08	4.08146120436506e-07	2.686379286445021e-07	-1.432168093522338e-06	-1.050825296040279e-06	1.907252032194197e-06	1.365073645900039e-06	-1.157577142051427e-07	-7.62006630028522e-08	-4.193228942275689e-07	-2.497112587846056e-07	1.047197482682562	-4.758065102090816e-08	-4.700852296446578e-08	-7.96879759204618e-08
1.83	3.242699084501617e-06	2.347439049480154e-06	2.936764531618289e-07	1.918819066729016e-07	6.314670353946871e-07	5.141372836873269e-07	-8.006735869316973e-08	-4.779967294339813e-08	0.9690001619939004	1.344492101198097e-07	-4.664814470174857e-07	-3.23191721769113e-07	-3.312224411192764e-06	-2.384908647442088e-06	-1.488383015222937e-06	-1.073641377240077e-06	7.561887364742822e-07	5.990764051569768e-07	0.3688405526274267	0.4722758458480284	0.04645360137440962	0.03823564457033835	0.02019734271379335	-0.058776092076275	0.04182732070753916	-0.02380327964224243	-0.02128165426902414	-0.02589892355936601	0.005959409872141132	-0.0004692014572917667	0.6528035100638931	0.7097666037084818	0.03366325686343718	0.04066567508153107	-0.01673499319903696	-0.1186219141248433	0.003894646154822884	-0.002737411837687432	-0.0008431690425310755	-0.002300488889461769	-0.002593350284049017	-0.001535953387278263	-7.570128705842254e-06	-5.834420734461278e-06	1.003731794532133e-06	6.869969974174e-07	-1.469083718011332e-06	-1.519819090120897e-06	-4.251298751913261e-06	-2.935023328680171e-06	-2.031585178374306e-08	2.038698396542017e-08	8.022682421731798e-07	5.103669863887275e-07	0.00113670887033818	-1.040731078678675e-07	0.04435074390512408	4.35784825217756e-07	-0.4187128577325037	-5.656332152136329e-07	1.91439642198018e-07	1.194124573042762e-07	-1.009560523982971e-06	-6.630124284360644e-07	5.822947723128253e-07	3.962352891196733e-07	1.086667780389925e-07	1.847669029057957e-08	-3.321618534865881e-06	-2.235395742080076e-06	1.212863976454562e-06	8.434518459496693e-07	8.204564072176472e-07	5.318475922589873e-07	8.72871281788041e-07	6.535782730172467e-07	3.135067179265597e-07	2.407976773595967e-07	-3.179765500540527e-08	-1.844774413030578e-08	6.011108718834425e-07	4.348360613370105e-07	8.347625921802764e-07	4.234354390349819e-07	2.012484295380645e-07	1.463840733338815e-07	-4.752343184185143e-07	-3.47876921752057e-07	1.047197607157849	4.240314789475931e-08	4.108297556551754e-07	2.686153453172903e-07	-1.442691189372994e-06	-1.046010393835719e-06	1.920911103244961e-06	1.365927897728276e-06	-1.165195452723985e-07	-7.624697399997688e-08	-4.218075630498575e-07	-2.497391333999783e-07	1.047197482202411	-4.732404479722718e-08	-4.782309841306913e-08	-7.901709835262708e-08
1.84	3.266159024583636e-06	2.35249194368221e-06	2.956356539457363e-07	1.884664417155074e-07	6.365980156776698e-07	5.147876796027125e-07	-8.055214323000868e-08	-4.760216113845267e-08	0.9690001633456286	1.350248034543092e-07	-4.697112962280657e-07	-3.230596607184723e-07	-3.336067442878739e-06	-2.388819282182247e-06	-1.49908930715992e-06	-1.076037253022009e-06	7.621951339490644e-07	5.988079314440502e-07	0.3735584831059999	0.4766560714357488	0.0467953757414233	0.03470385069215585	0.01962242526162226	-0.06183223599046237	0.04158736052570396	-0.02416002620707283	-0.02153527792091153	-0.02572080840331302	0.005957959451888377	-0.0005311373051721139	0.6599205687023124	0.7136451092915426	0.03406680774481866	0.04072418770881253	-0.01790394676085923	-0.1191744118917085	0.003869812766960012	-0.002760985138523034	-0.0008662608531641769	-0.002289840193196785	-0.002606878372299117	-0.001458531553794965	-7.628237918168263e-06	-5.845193403487297e-06	1.010622877965892e-06	6.864499706903193e-07	-1.484131438533232e-06	-1.527131201307039e-06	-4.280714997044946e-06	-2.93508628838142e-06	-2.011012714692394e-08	1.996851262041758e-08	8.073229795944592e-07	5.125375860556596e-07	0.00113670784009659	-1.030359856274557e-07	0.04435074824452637	4.334414762288659e-07	-0.4187128634010351	-5.632958123966351e-07	1.926354753893372e-07	1.186739501621578e-07	-1.016243289899085e-06	-6.632716101162438e-07	5.862843722846567e-07	3.951485356721404e-07	1.08808297372297e-07	1.638887127621328e-08	-3.344004343041529e-06	-2.236380220204145e-06	1.221297091563595e-06	8.428744374559499e-07	8.258037136546456e-07	5.32118719865441e-07	8.794052474357395e-07	6.538579847641539e-07	3.159168923926405e-07	2.407633460454727e-07	-3.198147224616489e-08	-1.847360550662449e-08	6.054920480824569e-07	4.355068811535521e-07	8.390226515652486e-07	4.233952865905675e-07	2.027130096691012e-07	1.462489903668796e-07	-4.787067428949841e-07	-3.474171325020273e-07	1.047197607585528	4.244041271311251e-08	4.135129789523105e-07	2.685763172986784e-07	-1.453175274700355e-06	-1.041624203910732e-06	1.934577606166815e-06	1.3667669407202e-06	-1.172817371240359e-07	-7.628860482338766e-08	-4.24291618964322e-07	-2.496883137186668e-07	1.047197481724121	-4.711152281894498e-08	-4.863326462259258e-08	-7.850133193840987e-08
1.85	3.289664142705283e-06	2.357134729775611e-06	2.97564411859393e-07	1.855072453161685e-07	6.417349478486485e-07	5.153409301042148e-07	-8.103506437698541e-08	-4.745310752297445e-08	0.9690001647023976	1.35601098046478e-07	-4.729395254245445e-07	-3.229093306725564e-07	-3.35994495426032e-06	-2.39242546659041e-06	-1.509817476541814e-06	-1.078120526532385e-06	7.681993859835059e-07	5.986553017919938e-07	0.3783218353447447	0.4809378639288669	0.04710394592070499	0.03111229478108847	0.01901364444279851	-0.0648391600058464	0.04134388788186228	-0.02451572695076854	-0.0217873078775103	-0.02552336713415902	0.005955740687810852	-0.0005777439670362764	0.6670764124020963	0.7175236154845163	0.03447111957540278	0.0407691618454846	-0.01907946468814369	-0.1196472319827638	0.00384468528013739	-0.002771274024447386	-0.0008892713225334295	-0.002280851841281516	-0.002619687986188514	-0.00137471023590563	-7.686442523455385e-06	-5.853887493642721e-06	1.017509061675129e-06	6.860593249395647e-07	-1.499244535859262e-06	-1.533105684516579e-06	-4.310130510077656e-06	-2.93548026289046e-06	-1.990668519304606e-08	1.963740734210215e-08	8.123955443166139e-07	5.142328778688007e-07	0.001136706819235697	-1.020020922401769e-07	0.04435075256225614	4.311193756572374e-07	-0.4187128690470251	-5.611239245724116e-07	1.938246123886012e-07	1.179898960913067e-07	-1.022927842053291e-06	-6.637982954191548e-07	5.902643610303168e-07	3.942922169106207e-07	1.089313894996049e-07	1.419598419031891e-08	-3.366396381883354e-06	-2.237396431273539e-06	1.229724002737047e-06	8.422909296420527e-07	8.311536508690862e-07	5.325449115467086e-07	8.859415841934833e-07	6.541047372598035e-07	3.183267497153461e-07	2.407435132416954e-07	-3.21654992063599e-08	-1.849326925241287e-08	6.098787557908968e-07	4.363068894051692e-07	8.432825282303369e-07	4.235113664534207e-07	2.041764524064522e-07	1.461292931855489e-07	-4.821750183847699e-07	-3.469493752578605e-07	1.047197608013507	4.249508869739622e-08	4.161957903279114e-07	2.685208445886667e-07	-1.463620349504423e-06	-1.037666726265316e-06	1.94825154095976e-06	1.367590774875813e-06	-1.180442897600549e-07	-7.632555547308456e-08	-4.267750619709621e-07	-2.495587997406713e-07	1.047197481247692	-4.694308508606159e-08	-4.943902159303614e-08	-7.81406766778102e-08
1.86	3.313214438866555e-06	2.361367407760356e-06	2.99462726902799e-07	1.830043174748848e-07	6.468778319076236e-07	5.157970351918337e-07	-8.151612213409995e-08	-4.735251209696347e-08	0.9690001660642071	1.361780938963163e-07	-4.761661346069218e-07	-3.227407316313654e-07	-3.383856945337507e-06	-2.395727200666576e-06	-1.520567523368619e-06	-1.079891197771204e-06	7.742014925776066e-07	5.986185162008076e-07	0.383130609343661	0.4851212233273827	0.04737931191225465	0.02746097683713621	0.01837100025732212	-0.06779686412242707	0.04109690277601417	-0.02487038187332956	-0.02203774413882045	-0.02530659975190401	0.005952753579908559	-0.0006090214428842545	0.6742710411632445	0.7214021222874031	0.03487619235518953	0.04080059749154725	-0.02026154698089033	-0.120040374398009	0.003819263694355017	-0.002768278495460486	-0.0009122004506388333	-0.002273523833715963	-0.002631779125717206	-0.001284489433610256	-7.744742521703624e-06	-5.86050300492755e-06	1.024390345659843e-06	6.858250601651364e-07	-1.514423009989424e-06	-1.537742539749517e-06	-4.339545291011392e-06	-2.936205252207292e-06	-1.970552592210942e-08	1.939366813047389e-08	8.17485936339644e-07	5.154528618281507e-07	0.0011367058077555	-1.009714277060311e-07	0.0443507568583134	4.288185235028705e-07	-0.418712874670474	-5.591175517409627e-07	1.9500705319581e-07	1.173602950917228e-07	-1.02961418044559e-06	-6.645924843447975e-07	5.942347385498055e-07	3.936663328351141e-07	1.090360544209161e-07	1.189802903289646e-08	-3.388794651391354e-06	-2.238444375288258e-06	1.238144709974916e-06	8.417013225079773e-07	8.365062188609691e-07	5.331261673027901e-07	8.924802920612726e-07	6.543185305041957e-07	3.207362898946768e-07	2.407381789482648e-07	-3.234973588599028e-08	-1.850673536767091e-08	6.142709950087623e-07	4.372360860918617e-07	8.475422221755413e-07	4.237836786235414e-07	2.056387577501175e-07	1.460249817898895e-07	-4.85639144887872e-07	-3.464736500195567e-07	1.047197608441786	4.256717584761046e-08	4.188781897819781e-07	2.684489271872551e-07	-1.474026413785196e-06	-1.034137960899473e-06	1.961932907623794e-06	1.368399400195113e-06	-1.188072031804555e-07	-7.635782594906756e-08	-4.292578920697778e-07	-2.493505914659919e-07	1.047197480773125	-4.681873159857698e-08	-5.024036932439978e-08	-7.793513257082808e-08
1.87	3.336809913067455e-06	2.365189977636446e-06	3.013305990759543e-07	1.809576581916566e-07	6.520266678545949e-07	5.161559948655695e-07	-8.199531650135226e-08	-4.730037486041974e-08	0.9690001674310572	1.36755791003824e-07	-4.793911237751979e-07	-3.225538635948992e-07	-3.407803416110298e-06	-2.398724484410746e-06	-1.531339447640335e-06	-1.081349266738466e-06	7.802014537313668e-07	5.986975746704917e-07	0.387984805102749	0.4892061496312962	0.04762147371607232	0.02374989686029907	0.01769449270519307	-0.07070534834020438	0.04084640520815959	-0.02522399097475589	-0.02228658670484199	-0.02507050625654799	0.005948998128181496	-0.000624969732716048	0.6815044549857573	0.7252806297002028	0.0352820260841789	0.04081849464700051	-0.02145019363909916	-0.1203538391374444	0.003793548009612895	-0.002751998551562336	-0.000935048237480388	-0.002267856170500125	-0.002643151790885196	-0.001187869146908845	-7.803137912912977e-06	-5.865039937341784e-06	1.031266729920035e-06	6.857471763670341e-07	-1.529666860923716e-06	-1.541041767005852e-06	-4.368959339846152e-06	-2.937261256331917e-06	-1.950664933411402e-08	1.923729498553279e-08	8.225941556635495e-07	5.161975379337093e-07	0.001136704805655998	-9.994399202501853e-08	0.04435076113269815	4.265389197657653e-07	-0.4187128802713814	-5.572766939022884e-07	1.961827978109637e-07	1.167851471634062e-07	-1.036302305075982e-06	-6.656541768931717e-07	5.981955048431228e-07	3.932708834456208e-07	1.091222921362307e-07	9.49500580394593e-09	-3.411199151565531e-06	-2.239524052248301e-06	1.246559213277204e-06	8.411056160537239e-07	8.418614176302942e-07	5.338624871336856e-07	8.990213710391072e-07	6.544993644973304e-07	3.231455129306325e-07	2.407473431651809e-07	-3.253418228505605e-08	-1.85140038523986e-08	6.186687657360533e-07	4.382944712136297e-07	8.518017334008619e-07	4.242122231009297e-07	2.070999257000971e-07	1.459360561799013e-07	-4.890991224042901e-07	-3.459899567871158e-07	1.047197608870365	4.265667416375522e-08	4.215601773145105e-07	2.683605650944435e-07	-1.484393467542676e-06	-1.031037907813202e-06	1.975621706158919e-06	1.369192816678103e-06	-1.195704773852375e-07	-7.638541625133668e-08	-4.317401092607694e-07	-2.490636888946283e-07	1.047197480300419	-4.673846235649117e-08	-5.10373078166835e-08	-7.788469961746349e-08
1.88	3.360450565307982e-06	2.36860243940388e-06	3.031680283788589e-07	1.793672674664836e-07	6.571814556895623e-07	5.164178091254219e-07	-8.247264747874238e-08	-4.729669581334325e-08	0.969000168802948	1.373341893690011e-07	-4.826144929293727e-07	-3.223487265631579e-07	-3.431784366578696e-06	-2.401417317822919e-06	-1.542133249356962e-06	-1.082494733434171e-06	7.861992694447863e-07	5.988924772010458e-07	0.3928844226220084	0.4931926428406075	0.04783043133215797	0.01997905485057704	0.01698412178641136	-0.07356461265917834	0.04059239517829856	-0.02557655425504752	-0.02253383557557492	-0.02481508664809097	0.005944474332629663	-0.0006255888365316567	0.6887766538696347	0.7291591377229156	0.03568862076237091	0.04082285331184438	-0.02264540466277017	-0.1205876262010697	0.003767538225911021	-0.002722434192752934	-0.0009578146830580938	-0.002263848851634002	-0.002653805981692482	-0.001084849375801396	-7.861628697083446e-06	-5.867498290885422e-06	1.038138214455704e-06	6.858256735452582e-07	-1.544976088662138e-06	-1.543003366285585e-06	-4.398372656581936e-06	-2.938648275264332e-06	-1.931005542905985e-08	1.916828790727886e-08	8.277202022883303e-07	5.164669061854768e-07	0.001136703812937193	-9.891978519713897e-08	0.04435076538541038	4.242805644459217e-07	-0.4187128858497476	-5.556013510563884e-07	1.973518462340622e-07	1.162644523063569e-07	-1.042992215944466e-06	-6.669833730642776e-07	6.021466599102687e-07	3.931058687421406e-07	1.091901026455487e-07	6.98691450346732e-09	-3.433609882405883e-06	-2.24063546215367e-06	1.254967512643911e-06	8.405038102792927e-07	8.472192471770617e-07	5.34753871039395e-07	9.055648211269871e-07	6.546472392392077e-07	3.25554418823213e-07	2.407710058924438e-07	-3.271883840355721e-08	-1.851507470659596e-08	6.230720679727699e-07	4.39482044770473e-07	8.560610619062984e-07	4.247969998855855e-07	2.08559956256391e-07	1.458625163555843e-07	-4.925549509340245e-07	-3.454982955605379e-07	1.047197609299245	4.27635836458305e-08	4.242417529255086e-07	2.68255758310232e-07	-1.494721510776862e-06	-1.028366567006503e-06	1.989317936565134e-06	1.36997102432478e-06	-1.203341123744012e-07	-7.640832637989189e-08	-4.342217135439367e-07	-2.486980920265808e-07	1.047197479829574	-4.670227735980415e-08	-5.182983706988733e-08	-7.798937781771644e-08
1.89	3.384136395588136e-06	2.371604793062659e-06	3.049750148115127e-07	1.782331452993659e-07	6.623421954125261e-07	5.165824779713911e-07	-8.294811506627027e-08	-4.7341474955734e-08	0.9690001701798796	1.379132889918475e-07	-4.858362420694463e-07	-3.221253205361414e-07	-3.455799796742698e-06	-2.403805700903095e-06	-1.5529489285185e-06	-1.08332759785832e-06	7.921949397178651e-07	5.992032237924702e-07	0.3978294619014394	0.4970807029553164	0.04800618476051163	0.01614845080797014	0.01623988750097701	-0.07637465707934894	0.04033487268643107	-0.02592807171420445	-0.02277949075101922	-0.02454034092653293	0.005939182193253061	-0.0006108787543310809	0.6960876378148765	0.7330376463555414	0.03609597638976556	0.04081367348607882	-0.02384718005190337	-0.1207417355888851	0.003741234343249397	-0.002679585419032283	-0.0009804997873719505	-0.002261501877117595	-0.002663741698139063	-0.0009754301202879093	-7.920214874215028e-06	-5.867878065558465e-06	1.045004799266852e-06	6.860605516998084e-07	-1.560350693204692e-06	-1.543627337588716e-06	-4.427785241218746e-06	-2.94036630900454e-06	-1.911574420694693e-08	1.918664689571208e-08	8.328640762139866e-07	5.162609665834531e-07	0.001136702829599083	-9.789880722239248e-08	0.0443507696164501	4.220434575433396e-07	-0.4187128914055724	-5.54091523203263e-07	1.985141984651055e-07	1.157982105205748e-07	-1.049683913051043e-06	-6.685800728581151e-07	6.060882037512434e-07	3.931712887246737e-07	1.0923948594887e-07	4.373755131460633e-09	-3.456026843912411e-06	-2.241778605004363e-06	1.263369608075035e-06	8.398959051846835e-07	8.525797075012713e-07	5.358003190199184e-07	9.121106423249123e-07	6.547621547298275e-07	3.279630075724187e-07	2.408091671300533e-07	-3.290370424149373e-08	-1.850994793026298e-08	6.274809017189119e-07	4.407988067623919e-07	8.603202076918511e-07	4.255380089775089e-07	2.100188494189992e-07	1.458043623169386e-07	-4.960066304770749e-07	-3.44998666339823e-07	1.047197609728424	4.288790429383631e-08	4.269229166149725e-07	2.681345068346205e-07	-1.505010543487754e-06	-1.026123938479377e-06	2.00302159884244e-06	1.370734023135146e-06	-1.210981081479464e-07	-7.642655633473322e-08	-4.367027049192797e-07	-2.482538008618491e-07	1.04719747936059	-4.671017660851592e-08	-5.261795708401125e-08	-7.824916717158692e-08
1.9	3.40782002565511e-06	2.374378088735098e-06	3.068122218522094e-07	1.774363313027282e-07	6.674897863917918e-07	5.165645126922978e-07	-8.341340431125174e-08	-4.713125185031689e-08	0.9690001715534988	1.383091144056443e-07	-4.890681463322743e-07	-3.221552134235225e-07	-3.479834096065401e-06	-2.406377619451236e-06	-1.563792061497266e-06	-1.084844642767615e-06	7.981760673749244e-07	5.990557810571932e-07	0.4027786597950768	0.5004325451320284	0.04813431294306688	0.01223055132589699	0.01549553793726024	-0.07874321041684172	0.04007465737692727	-0.02626436555228321	-0.02302207563082974	-0.02428288837540659	0.005934278658362858	-0.0006101673218111364	0.7034374068845417	0.7369161551121561	0.03649614039989094	0.04068576209787761	-0.02503688595006109	-0.12073561596427	0.003716852188195519	-0.002623485603273657	-0.001005016636530276	-0.002293088841050814	-0.002672346912372848	-0.0008691884644943574	-7.978839265503543e-06	-5.871052305287178e-06	1.051803385857444e-06	6.847858861409301e-07	-1.575788679878971e-06	-1.546720772942189e-06	-4.457166769821166e-06	-2.940782539542337e-06	-1.891564023286636e-08	1.923888004021154e-08	8.379880725142015e-07	5.161904578715332e-07	0.001136701865888691	-9.670607140342721e-08	0.04435077391762521	4.215720440778271e-07	-0.4187128970280863	-5.539729718338484e-07	1.996448850213534e-07	1.147642376133163e-07	-1.056372172119611e-06	-6.695024153727919e-07	6.100495165435045e-07	3.933638512568325e-07	1.092751457174056e-07	2.142360350200456e-09	-3.478503570961522e-06	-2.243767660987005e-06	1.271771013776688e-06	8.393925884582794e-07	8.579246328705425e-07	5.361785303286152e-07	9.186588243086573e-07	6.549313646601562e-07	3.30366497090785e-07	2.407269569746831e-07	-3.308932786407954e-08	-1.852651104647069e-08	6.31915363117397e-07	4.421977802166309e-07	8.646035559526158e-07	4.264309387197629e-07	2.114846307795742e-07	1.458746153923771e-07	-4.994552765995605e-07	-3.44550651888216e-07	1.047197610162037	4.305321601586226e-08	4.296130775860357e-07	2.682262028898452e-07	-1.515289106707475e-06	-1.023696620871897e-06	2.016727759232911e-06	1.371404231995148e-06	-1.218623304745272e-07	-7.645011262603352e-08	-4.391955151781601e-07	-2.482055267722253e-07	1.047197478889017	-4.672077028397417e-08	-5.340911235654381e-08	-7.835582248832075e-08
1.91	3.431498866877593e-06	2.376932218554991e-06	3.086829640043365e-07	1.769703257733112e-07	6.726231850157794e-07	5.163592423950318e-07	-8.386806090510419e-08	-4.664944616448387e-08	0.9690001729233497	1.385116136429675e-07	-4.923108490824e-07	-3.224532430285697e-07	-3.503886411625429e-06	-2.409159735812338e-06	-1.57466295297254e-06	-1.08710032992252e-06	8.041419750647484e-07	5.984187852214733e-07	0.4077297617860199	0.5032242498826563	0.04821402794864745	0.008223852046679005	0.01475291700788139	-0.08064883993808659	0.03981179403314145	-0.02658466112913358	-0.02326150953719201	-0.02404472978238064	0.005929826940771843	-0.0006250569398478452	0.7108259610820755	0.7407946639662102	0.03688867828405667	0.04043337165628405	-0.02621350424911603	-0.1205648662001281	0.003694512828068145	-0.002554136568888847	-0.001031469756857057	-0.002360373093310301	-0.002679588184695914	-0.0007666476767638868	-8.037498746839636e-06	-5.877287261217298e-06	1.058530526680709e-06	6.819106548372041e-07	-1.591289939700976e-06	-1.5524916824993e-06	-4.486515585563879e-06	-2.939807753713923e-06	-1.870930228489825e-08	1.932206467422504e-08	8.430901310844528e-07	5.162887493139324e-07	0.001136700922365891	-9.533201689708963e-08	0.04435077829395189	4.229616362386913e-07	-0.4187129027221647	-5.553126695439808e-07	2.007425416316259e-07	1.131285389691654e-07	-1.06305670770856e-06	-6.696989396430368e-07	6.140322035477537e-07	3.936779127101017e-07	1.092973389481922e-07	3.193295000734576e-10	-3.501042988567314e-06	-2.246647114906331e-06	1.280172031031543e-06	8.389999078033842e-07	8.63253030753896e-07	5.358435218357625e-07	9.252093665141318e-07	6.551596363574623e-07	3.327646260968039e-07	2.405170064662272e-07	-3.327573921625115e-08	-1.856628776095249e-08	6.363765501720923e-07	4.436763984268337e-07	8.689124390357319e-07	4.274755535340073e-07	2.129577388367228e-07	1.460794507895602e-07	-5.02900950253273e-07	-3.441575076614895e-07	1.04719761060031	4.326080716014413e-08	4.323127499344365e-07	2.6854337990325e-07	-1.525558759847889e-06	-1.021051099441051e-06	2.03043614816814e-06	1.371977412063353e-06	-1.226267720200728e-07	-7.647954198491993e-08	-4.4170082356311e-07	-2.485792068205691e-07	1.047197478414611	-4.673179694819371e-08	-5.420370963653465e-08	-7.829250200813721e-08
1.92	3.455203424465982e-06	2.379150610640801e-06	3.105481821625209e-07	1.769117231703216e-07	6.777546895174126e-07	5.160217102896443e-07	-8.431743855688286e-08	-4.609144552732245e-08	0.9690001742948101	1.386392421129482e-07	-4.955567687184353e-07	-3.228445562123248e-07	-3.527966794504965e-06	-2.41183785288928e-06	-1.58555801251199e-06	-1.08945286554821e-06	8.101006448979049e-07	5.976618364335933e-07	0.4127093357798947	0.5057376916530736	0.04825461499535236	0.004146080773917125	0.01399029549162103	-0.0823441154253747	0.03954575491454962	-0.02689808703740346	-0.02349874320175047	-0.02380228726345616	0.005925082121671071	-0.0006366644342965849	0.7182533003668766	0.744673173230573	0.03727871042343023	0.04012423232436365	-0.02738903264162672	-0.1202813505026255	0.003672789569149376	-0.002471516828244593	-0.001058627378694603	-0.00244257478829266	-0.002685859578571791	-0.0006616414054700815	-8.096230133668121e-06	-5.883445349722632e-06	1.065226848665313e-06	6.785074887987628e-07	-1.606855756970946e-06	-1.558488812015699e-06	-4.515851212975019e-06	-2.938493266289057e-06	-1.850192985492651e-08	1.947064237994179e-08	8.48194528816397e-07	5.161626074590911e-07	0.00113669999243298	-9.388931155631127e-08	0.0443507826863182	4.250890465041772e-07	-0.418712908430355	-5.57321391109801e-07	2.01823245278069e-07	1.112917173664199e-07	-1.069740883547707e-06	-6.697760771701137e-07	6.180173478888051e-07	3.941799793012829e-07	1.093030371108087e-07	-1.408792050760693e-09	-3.523610627483419e-06	-2.249892744436218e-06	1.288569109433924e-06	8.386465952642914e-07	8.685765974350792e-07	5.353253882791008e-07	9.317622755887455e-07	6.553907902025502e-07	3.351604736103966e-07	2.402661536481647e-07	-3.346258541786482e-08	-1.861132226680683e-08	6.408515236749954e-07	4.452649082331184e-07	8.732311561615606e-07	4.286746295462963e-07	2.144330061909017e-07	1.463460980030697e-07	-5.063429331639583e-07	-3.437808703891315e-07	1.047197611040581	4.34954954433599e-08	4.350158754012849e-07	2.68938340195242e-07	-1.535801126330326e-06	-1.018582322004325e-06	2.044149942323384e-06	1.372503515122843e-06	-1.233915192114816e-07	-7.650840156725873e-08	-4.44210625675726e-07	-2.490691908527184e-07	1.047197477940238	-4.67699060669417e-08	-5.499695567077718e-08	-7.825767409659952e-08
1.93	3.478933698420276e-06	2.381033264992527e-06	3.124078763267628e-07	1.772605234937593e-07	6.828842998966914e-07	5.155519163761353e-07	-8.476153726658775e-08	-4.545724993883262e-08	0.9690001756678801	1.386919998155863e-07	-4.988059052403802e-07	-3.233291529747875e-07	-3.552075244704008e-06	-2.414411970682061e-06	-1.596477240115614e-06	-1.091902249644687e-06	8.160520768743937e-07	5.967849346935529e-07	0.4177173817767015	0.50797287044328	0.0482560740831816	-2.762492388823303e-06	0.01320767338847915	-0.08382903687870619	0.03927654002115179	-0.02720464327709284	-0.02373377662450513	-0.02355556081863314	0.005920044201060543	-0.0006449898051573563	0.7257194247389452	0.7485516829052448	0.03766623681801162	0.0397583441021164	-0.02856347112759321	-0.1198850688717621	0.003651682411439211	-0.002375626381340893	-0.001086489502042917	-0.002539693925997896	-0.002691161094000478	-0.0005541696506129362	-8.155033425989003e-06	-5.889526570803181e-06	1.071892351811259e-06	6.745763880256058e-07	-1.622486131688882e-06	-1.564712161491384e-06	-4.545173652054587e-06	-2.93683907726774e-06	-1.829352294295113e-08	1.96846131573618e-08	8.533012657100343e-07	5.158120323070094e-07	0.001136699076089958	-9.237795538109208e-08	0.04435078709472414	4.279542748742848e-07	-0.4187129141526574	-5.599991365313092e-07	2.028869959606829e-07	1.092537728050798e-07	-1.076424699637055e-06	-6.697338279540223e-07	6.220049495666588e-07	3.94870051030376e-07	1.092922402052551e-07	-3.042004302302072e-09	-3.54620648770984e-06	-2.253504549576668e-06	1.296962248983832e-06	8.383326508410008e-07	8.738953329140922e-07	5.346241296586305e-07	9.383175515324988e-07	6.556248261954198e-07	3.375540396315635e-07	2.399743985204956e-07	-3.364986646892055e-08	-1.866161456403369e-08	6.453402836261062e-07	4.469633096354849e-07	8.77559707330102e-07	4.300281667566301e-07	2.159104328421108e-07	1.466745570329057e-07	-5.097812253316168e-07	-3.434207400711419e-07	1.047197611482851	4.37572808655096e-08	4.37722453986581e-07	2.694110837658211e-07	-1.546016206154786e-06	-1.016290288561717e-06	2.057869141698645e-06	1.372982541173616e-06	-1.241565720487537e-07	-7.65366913730499e-08	-4.467249215160083e-07	-2.496754788686733e-07	1.047197477465898	-4.683509764021814e-08	-5.578885045927142e-08	-7.825133875370769e-08
1.94	3.502689688740475e-06	2.382580181610171e-06	3.142620464970622e-07	1.780167267436244e-07	6.88012016153616e-07	5.149498606545048e-07	-8.520035703421889e-08	-4.474685939901438e-08	0.9690001770425596	1.386698867508819e-07	-5.02058258648235e-07	-3.23907033315958e-07	-3.576211762222558e-06	-2.416882089190683e-06	-1.607420635783414e-06	-1.094448482211951e-06	8.21996270994215e-07	5.957880800013523e-07	0.4227538997764402	0.5099297862532756	0.04821840521213518	-0.004222677752238747	0.01240505069845576	-0.08510360429808096	0.03900414935294794	-0.02750432984820173	-0.02396660980545599	-0.02330455044791159	0.005914713178940258	-0.0006500330524301588	0.7332243341982811	0.7524301929902255	0.03805125746780085	0.03933570698954231	-0.02973681970701547	-0.119376021307538	0.003631191354937649	-0.002266465228177747	-0.001115056126901998	-0.002651730506426007	-0.002695492730981975	-0.000444232412192454	-8.213908623802281e-06	-5.895530924458945e-06	1.078527036118544e-06	6.701173525177333e-07	-1.638181063854783e-06	-1.571161730926357e-06	-4.574482902802582e-06	-2.934845186649969e-06	-1.808408154897213e-08	1.996397700648506e-08	8.584103417653649e-07	5.152370238576874e-07	0.001136698173336826	-9.079794837143207e-08	0.04435079151916971	4.315573213490141e-07	-0.4187129198890719	-5.633459058085052e-07	2.039337936794674e-07	1.070147052851452e-07	-1.083108155976601e-06	-6.695721919947628e-07	6.259950085813148e-07	3.957481278973811e-07	1.092649482315314e-07	-4.580307254550637e-09	-3.568830569246575e-06	-2.257482530327679e-06	1.305351449681268e-06	8.380580745335127e-07	8.792092371909351e-07	5.337397459743514e-07	9.448751943453917e-07	6.558617443360711e-07	3.399453241603043e-07	2.396417410832197e-07	-3.383758236941835e-08	-1.871716465263309e-08	6.498428300254247e-07	4.487716026339333e-07	8.818980925413561e-07	4.315361651650087e-07	2.173900187903503e-07	1.470648278790682e-07	-5.132158267562484e-07	-3.430771167075208e-07	1.047197611927118	4.404616342659321e-08	4.404324856903246e-07	2.699616106149873e-07	-1.556203999321271e-06	-1.014174999113229e-06	2.071593746293921e-06	1.373414490215674e-06	-1.249219305318891e-07	-7.656441140229345e-08	-4.492437110839569e-07	-2.503980708684337e-07	1.047197476991592	-4.692737166802303e-08	-5.657939400201736e-08	-7.827349597946169e-08
1.95	3.52647139542658e-06	2.383791360493731e-06	3.161106926734192e-07	1.791803329199168e-07	6.931378382881861e-07	5.142155431247526e-07	-8.563389785977626e-08	-4.396027390786773e-08	0.9690001784188487	1.385729029188351e-07	-5.053138289419993e-07	-3.245781972358363e-07	-3.600376347060617e-06	-2.419248208415146e-06	-1.61838819951539e-06	-1.097091563250001e-06	8.279332272573688e-07	5.946712723569914e-07	0.4278188897791108	0.5116084390830605	0.0481416083822131	-0.008513665005632646	0.01158242742155085	-0.08616781768349906	0.03872858290993809	-0.02779714675073011	-0.02419724274460305	-0.02304925615129151	0.005909089055310217	-0.0006517941761149926	0.7407680287448843	0.756308703485515	0.03843377237279791	0.03885632098664137	-0.03090907837989351	-0.1187542078099532	0.003611316399644692	-0.002144033368755156	-0.001144327253271845	-0.002778684529576992	-0.002698854489516281	-0.0003318296902086346	-8.272855727107953e-06	-5.901458410689923e-06	1.08513090158717e-06	6.651303822751452e-07	-1.65394055346865e-06	-1.577837520320617e-06	-4.603778965219006e-06	-2.932511594435747e-06	-1.787360567298949e-08	2.030873392731159e-08	8.635217569823886e-07	5.144375821111248e-07	0.001136697284173582	-8.914929052733126e-08	0.04435079595965491	4.35898185928365e-07	-0.4187129256395985	-5.673616989413891e-07	2.049636384344227e-07	1.04574514806616e-07	-1.089791252566347e-06	-6.69291169292335e-07	6.299875249327732e-07	3.968142099022982e-07	1.092211611896375e-07	-6.023700907506392e-09	-3.591482872093625e-06	-2.261826686689252e-06	1.31373671152623e-06	8.37822866341827e-07	8.84518310265608e-07	5.326722372262633e-07	9.514352040274241e-07	6.561015446245041e-07	3.423343271966191e-07	2.392681813363371e-07	-3.402573311935821e-08	-1.877797253260502e-08	6.543591628729511e-07	4.506897872284636e-07	8.862463117953228e-07	4.331986247714319e-07	2.1887176403562e-07	1.47516910541557e-07	-5.166467374378532e-07	-3.427500002982681e-07	1.047197612373384	4.436214312661072e-08	4.43145970512516e-07	2.705899207427407e-07	-1.566364505829779e-06	-1.01223645365886e-06	2.085323756109215e-06	1.373799362249016e-06	-1.256875946608878e-07	-7.659156165498937e-08	-4.517669943795719e-07	-2.512369668519995e-07	1.047197476517318	-4.704672815035636e-08	-5.736858629901501e-08	-7.832414577386155e-08
1.96	3.55027881847859e-06	2.384666801643208e-06	3.179538148558335e-07	1.807513420226366e-07	6.982617663004019e-07	5.133489637868789e-07	-8.606215974325986e-08	-4.309749346539267e-08	0.9690001797967474	1.384010483194457e-07	-5.085726161216734e-07	-3.253426447344223e-07	-3.624568999218183e-06	-2.421510328355448e-06	-1.62937993131154e-06	-1.099831492758838e-06	8.338629456638549e-07	5.934345117604704e-07	0.4329123517847132	0.5130088289326347	0.04802568359341536	-0.01287572425257052	0.01073980355776443	-0.08702167703496044	0.03844984069212224	-0.028083093984678	-0.0244256754419463	-0.02278967792877289	0.00590317183017042	-0.0006502731762118576	0.7483505083787551	0.7601872143911136	0.0388137815330028	0.03832018609341359	-0.03208024714622731	-0.1180196283790077	0.003592057545560339	-0.002008330803073119	-0.001174302881152458	-0.002920555995450852	-0.002701246369603398	-0.0002169614846614779	-8.331874735906019e-06	-5.907309029496115e-06	1.091703948217135e-06	6.596154772978416e-07	-1.669764600530482e-06	-1.584739529674164e-06	-4.633061839303857e-06	-2.929838300625073e-06	-1.766209531500323e-08	2.071888391984137e-08	8.686355113611055e-07	5.134137070673217e-07	0.001136696408600227	-8.743198184878965e-08	0.04435080041617975	4.409768686123376e-07	-0.418712931404237	-5.720465159299607e-07	2.059765302255486e-07	1.019332013694923e-07	-1.096473989406292e-06	-6.688907598467392e-07	6.339824986210339e-07	3.980682970451273e-07	1.091608790795736e-07	-7.372185261169333e-09	-3.614163396250989e-06	-2.266537018661386e-06	1.32211803451872e-06	8.376270262659437e-07	8.898225521381107e-07	5.314216034143666e-07	9.57997580578596e-07	6.563442270607188e-07	3.447210487405078e-07	2.388537192798479e-07	-3.421431871874014e-08	-1.884403820394948e-08	6.588892821686854e-07	4.527178634190756e-07	8.906043650920022e-07	4.350155455758998e-07	2.203556685779199e-07	1.480308050203723e-07	-5.200739573764308e-07	-3.424393908433839e-07	1.047197612821648	4.470521996556215e-08	4.458629084531549e-07	2.712960141490811e-07	-1.57649772568031e-06	-1.01047465219861e-06	2.099059171144523e-06	1.374137157273641e-06	-1.264535644357498e-07	-7.661814213113768e-08	-4.54294771402853e-07	-2.521921668193709e-07	1.047197476043077	-4.719316708721814e-08	-5.815642735026434e-08	-7.840328813690725e-08
1.97	3.574111957896505e-06	2.385206505058602e-06	3.197914130443054e-07	1.827297540517838e-07	7.033838001902634e-07	5.123501226408836e-07	-8.648514268466968e-08	-4.215851807158922e-08	0.9690001811762555	1.381543229527138e-07	-5.11834620187257e-07	-3.262003758117163e-07	-3.648789718695257e-06	-2.423668449011591e-06	-1.640395831171866e-06	-1.102668270738462e-06	8.397854262136734e-07	5.920777982117891e-07	0.4380342857932474	0.514130955801998	0.04787063084574195	-0.01730885549305238	0.009877179107096498	-0.08766518235246515	0.03816792269950038	-0.02836217155004539	-0.02465190789748576	-0.02252581578035574	0.005896961503520866	-0.0006454700527207542	0.7559717730998931	0.7640657257070209	0.03919128494841552	0.03772730230985896	-0.03325032600601688	-0.1171722830147014	0.003573414792684589	-0.001859357531131637	-0.001204983010543839	-0.003077344904047587	-0.002702668371243324	-9.962779555098394e-05	-8.390965650196481e-06	-5.913082780877521e-06	1.098246176008441e-06	6.535726375858224e-07	-1.68565320504028e-06	-1.591867758986999e-06	-4.662331525057136e-06	-2.926825305217947e-06	-1.744955047501333e-08	2.119442698407441e-08	8.737516049015154e-07	5.121653987262782e-07	0.001136695546616761	-8.564602233580723e-08	0.04435080488874422	4.467933694009319e-07	-0.4187129371829877	-5.774003567742203e-07	2.069724690528452e-07	9.909076497377397e-08	-1.103156366496436e-06	-6.683709636579751e-07	6.379799296460968e-07	3.995103893258683e-07	1.090841019013395e-07	-8.625760315539463e-09	-3.636872141718668e-06	-2.271613526244082e-06	1.330495418658737e-06	8.374705543058627e-07	8.951219628084431e-07	5.299878445386611e-07	9.645623239989073e-07	6.565897916447153e-07	3.471054887919705e-07	2.38398354913752e-07	-3.440333916756414e-08	-1.891536166666646e-08	6.634331879126272e-07	4.548558312057695e-07	8.949722524313943e-07	4.369869275784124e-07	2.218417324172502e-07	1.486065113155141e-07	-5.234974865719818e-07	-3.421452883428681e-07	1.047197613271909	4.50753939434475e-08	4.485832995122414e-07	2.720798908340087e-07	-1.586603658872865e-06	-1.008889594732479e-06	2.112799991399849e-06	1.374427875289551e-06	-1.272198398564751e-07	-7.664415283073839e-08	-4.568270421538004e-07	-2.532636707705478e-07	1.047197475568869	-4.736668847860835e-08	-5.894291715576539e-08	-7.85109230685988e-08
1.98	3.597939778731032e-06	2.386256184530213e-06	3.216319953942505e-07	1.835061820048586e-07	7.085064512451423e-07	5.118374307897395e-07	-8.690975725746724e-08	-4.15820154597868e-08	0.9690001825573787	1.381355801640888e-07	-5.150981050560909e-07	-3.267297954956763e-07	-3.673011604628142e-06	-2.425661783372252e-06	-1.65140041532626e-06	-1.104574900797564e-06	8.457101806954792e-07	5.912599095056936e-07	0.4430999886451621	0.5145648004293534	0.04765611193378303	-0.02186121461281151	0.009052186120795405	-0.08793162205194124	0.03788226034029039	-0.02867346162359363	-0.02487498695270526	-0.02226495483027806	0.005889423505169441	-0.0006769075110155408	0.7636318229241688	0.7679442359358521	0.03955427174488019	0.03709086136188423	-0.03439697880798809	-0.1162908320047961	0.003555253437729597	-0.001759373188871736	-0.00123707640503055	-0.00320023840907527	-0.002703114527088121	7.55575320158129e-06	-8.450013165191458e-06	-5.917284782791561e-06	1.104788708154562e-06	6.497659135134466e-07	-1.701529261798019e-06	-1.59705680359193e-06	-4.691619131570905e-06	-2.925378792616862e-06	-1.725197688141704e-08	2.115863054732362e-08	8.788630935062664e-07	5.11571217032748e-07	0.001136694678872913	-8.446005219398506e-08	0.04435080936098856	4.499737488228551e-07	-0.4187129429581552	-5.802601856144186e-07	2.079662130544581e-07	9.716328600309591e-08	-1.109841747007462e-06	-6.682125159638639e-07	6.419752206331592e-07	4.002235376668566e-07	1.090076268315027e-07	-9.798962826498776e-09	-3.659599446416129e-06	-2.275286961731067e-06	1.33887514256705e-06	8.373050703229988e-07	9.00420134193106e-07	5.291615620217969e-07	9.711261979171687e-07	6.567674456883422e-07	3.494881490460372e-07	2.38078865176433e-07	-3.459183584080713e-08	-1.895267549287355e-08	6.679782398699128e-07	4.563535478838895e-07	8.993384260973492e-07	4.38208881530762e-07	2.233268178517709e-07	1.489248596360036e-07	-5.269226194865218e-07	-3.419080835495649e-07	1.04719761372187	4.531005597593283e-08	4.513028526571086e-07	2.725390160235195e-07	-1.596730841588062e-06	-1.007621989282561e-06	2.126536467005751e-06	1.374672924050428e-06	-1.279866096230941e-07	-7.667608316069611e-08	-4.593591915339835e-07	-2.538974279858885e-07	1.047197475093867	-4.746190100983667e-08	-5.973219623078268e-08	-7.857603306070611e-08
1.99	3.621773247009704e-06	2.387517011771811e-06	3.234725555960508e-07	1.836492938701989e-07	7.136288321155473e-07	5.115923760935154e-07	-8.733356164877441e-08	-4.121298481472241e-08	0.9690001839401148	1.382378084004449e-07	-5.183636841633723e-07	-3.270798720358735e-07	-3.697244162288111e-06	-2.427511810191385e-06	-1.662406221768465e-06	-1.105914266425927e-06	8.516338481714052e-07	5.907480701551707e-07	0.4481393897329982	0.5144552408511357	0.04738931324983506	-0.02651578599619803	0.008244460632583123	-0.08787990274876438	0.03759305452325095	-0.02900315473450915	-0.02509524940089014	-0.0220045209202182	0.005880923394766514	-0.0007306204219360414	0.7713306578459748	0.7718227456067003	0.03990698589829184	0.03640620202616496	-0.03552809790754864	-0.1153474811720465	0.003537621077356453	-0.00168637867858091	-0.00127033262692345	-0.003306484259560554	-0.00270258694566715	0.00010904682247318	-8.509058023199463e-06	-5.920443243532844e-06	1.111320547447371e-06	6.472186431817367e-07	-1.717420015499301e-06	-1.601071797241197e-06	-4.720913666619695e-06	-2.92482522311516e-06	-1.706371899868723e-08	2.081527987156104e-08	8.839724308337179e-07	5.113207276936484e-07	0.001136693812205994	-8.363781110802899e-08	0.0443508138386934	4.517101697133564e-07	-0.418712948735992	-5.817436436621534e-07	2.089525475239692e-07	9.575640363212575e-08	-1.116528942581628e-06	-6.682455516293012e-07	6.459699960391582e-07	4.005317409487803e-07	1.089255186807064e-07	-1.088665631182671e-08	-3.68234872438604e-06	-2.278182479005424e-06	1.347254987727766e-06	8.371476691715056e-07	9.057157971082872e-07	5.286634012275693e-07	9.776903458872249e-07	6.569022033960749e-07	3.518688522315463e-07	2.378327869152873e-07	-3.478014746331443e-08	-1.896985461084245e-08	6.725289043975595e-07	4.574760722256016e-07	9.037069664114445e-07	4.390007916951925e-07	2.24812033571058e-07	1.490986268606725e-07	-5.303474853512062e-07	-3.417135046145456e-07	1.047197614172343	4.546666308282134e-08	4.540230841003957e-07	2.728156231517179e-07	-1.606862123835161e-06	-1.006622117448159e-06	2.140272043024626e-06	1.374871806134301e-06	-1.287538070594955e-07	-7.671164012500417e-08	-4.618928502628852e-07	-2.542892092201502e-07	1.047197474618361	-4.751604411853998e-08	-6.052280154716796e-08	-7.862371175663453e-08
2	3.645622515887455e-06	2.388712309574759e-06	3.253103101871234e-07	1.836856043015493e-07	7.187501212280478e-07	5.114126439397238e-07	-8.775429504861346e-08	-4.090791498005877e-08	0.9690001853244622	1.383619284943307e-07	-5.216319254725301e-07	-3.273885311955829e-07	-3.7214961923545e-06	-2.429238416079341e-06	-1.673424859095358e-06	-1.107022351851411e-06	8.575533168379491e-07	5.903267594918189e-07	0.4531801998899194	0.5139364158104307	0.04707688848450359	-0.03125681533460663	0.007435148184544632	-0.08756456452050851	0.03730049126448934	-0.02933846505891423	-0.02531300707003785	-0.0217421307050518	0.005871799634326274	-0.0007936788416572762	0.7790682778601187	0.775701255209438	0.04025335679371295	0.03566900859927662	-0.03665099062788174	-0.1143164966226721	0.003520561780055115	-0.001620005617384907	-0.001304519802588209	-0.003412051690264109	-0.002701087579211994	0.000208972642600804	-8.568137946446641e-06	-5.923047217194522e-06	1.117831511862649e-06	6.450265611632175e-07	-1.733350691287381e-06	-1.604621157044416e-06	-4.750204952792594e-06	-2.924540984108105e-06	-1.687954051602239e-08	2.035305434237885e-08	8.890818886612652e-07	5.111265078054844e-07	0.001136692952946489	-8.296055189917776e-08	0.04435081832721086	4.531064241185531e-07	-0.4187129545222871	-5.828855253626959e-07	2.099266443025931e-07	9.450498960033449e-08	-1.12321685294992e-06	-6.683127970172495e-07	6.499657599058182e-07	4.00734981168125e-07	1.088322822140626e-07	-1.188408503845351e-08	-3.705123136600238e-06	-2.28087889151725e-06	1.355632900075683e-06	8.370141785248241e-07	9.110077764502551e-07	5.282347150849819e-07	9.842558266953426e-07	6.570172247584135e-07	3.542474342178164e-07	2.376022871489635e-07	-3.496858765146375e-08	-1.897974544978057e-08	6.770893167774306e-07	4.584688151393996e-07	9.080816512355374e-07	4.396583675149917e-07	2.262984060814739e-07	1.49232230119597e-07	-5.337703520706277e-07	-3.41548337610262e-07	1.047197614624079	4.559841319947652e-08	4.567453976632939e-07	2.730414023943205e-07	-1.616981626891208e-06	-1.005843946276716e-06	2.154009909148649e-06	1.37502406099132e-06	-1.295213704320313e-07	-7.67487006992911e-08	-4.644295281805554e-07	-2.546202734386134e-07	1.047197474142624	-4.756359681534513e-08	-6.131337852584391e-08	-7.867719269728974e-08
2.01	3.669487585364283e-06	2.389842077939057e-06	3.271452591674685e-07	1.836151132989099e-07	7.238703185826439e-07	5.112982343283645e-07	-8.817195745698439e-08	-4.066680595579585e-08	0.9690001867104208	1.385079404457461e-07	-5.249028289835643e-07	-3.276557729748043e-07	-3.745767694827308e-06	-2.430841601036117e-06	-1.684456327306938e-06	-1.107899157074018e-06	8.634685866951115e-07	5.89995977515638e-07	0.4582224191159259	0.5130083253072383	0.04671883763778857	-0.03608430262803744	0.006624248776679917	-0.08698560736717362	0.03700457056400554	-0.02967939259680886	-0.02552825996014838	-0.02147778418477883	0.005862052223848724	-0.000866082770179247	0.7868446829666009	0.7795797647440653	0.04059338443114354	0.03487928108121919	-0.03776565696898739	-0.1131978783566728	0.003504075545825585	-0.001560254005283723	-0.001339637932024828	-0.003516940701185935	-0.002698616427722652	0.0003073332135844556	-8.627252934932993e-06	-5.925096703776597e-06	1.124321601400397e-06	6.431896674578888e-07	-1.749321289162261e-06	-1.607704883001586e-06	-4.779492990089605e-06	-2.924526075595698e-06	-1.66994414334225e-08	1.977195395977704e-08	8.941914669889086e-07	5.109885573682556e-07	0.001136692101094399	-8.242827456743132e-08	0.04435082282654096	4.54162512038445e-07	-0.4187129603170406	-5.83685830716046e-07	2.108885033903297e-07	9.340904390772213e-08	-1.129905478112339e-06	-6.684142521277086e-07	6.539625122331391e-07	4.008332583248908e-07	1.087279174315713e-07	-1.279124900637922e-08	-3.727922683058724e-06	-2.283376199266545e-06	1.3640088796108e-06	8.369045983829542e-07	9.162960722190099e-07	5.278755035940346e-07	9.908226403415214e-07	6.571125097753583e-07	3.566238950048478e-07	2.373873658774615e-07	-3.51571564052551e-08	-1.898234800968793e-08	6.816594770095264e-07	4.593317766252833e-07	9.124624805696278e-07	4.401816089901596e-07	2.277859353830187e-07	1.49325669412777e-07	-5.371912196447863e-07	-3.414125825367141e-07	1.047197615077078	4.570530632589837e-08	4.594697933458031e-07	2.732163537513273e-07	-1.627089350756206e-06	-1.005287475768232e-06	2.167750065377821e-06	1.375129688621484e-06	-1.302892997407012e-07	-7.67872648835569e-08	-4.669692252869942e-07	-2.548906206412781e-07	1.047197473666656	-4.760455910025214e-08	-6.210392716681054e-08	-7.87364758826717e-08
2.02	3.693368455440189e-06	2.390906316864704e-06	3.289774025370859e-07	1.834378208622807e-07	7.289894241793352e-07	5.112491472594378e-07	-8.85865488738872e-08	-4.048965774193368e-08	0.9690001880979906	1.386758442546913e-07	-5.281763946964751e-07	-3.278815973735379e-07	-3.770058669706535e-06	-2.432321365061716e-06	-1.695500626403206e-06	-1.108544682093747e-06	8.693796577428917e-07	5.897557242266282e-07	0.4632660474110172	0.5116709693415585	0.04631516070969004	-0.04099824787649011	0.005811762408989032	-0.08614303128875972	0.03670529242179958	-0.03002593734819303	-0.02574100807122173	-0.02121148135939932	0.005851681163333861	-0.0009478322075019486	0.794659873165421	0.783458274210582	0.04092706881058357	0.03403701947199275	-0.03887209693086552	-0.1119916263740487	0.00348816237466786	-0.001507123842277365	-0.001375687015233303	-0.003621151292326028	-0.002695173491199123	0.0004041285354241283	-8.686402988658515e-06	-5.926591703279065e-06	1.130790816060614e-06	6.417079620657508e-07	-1.765331809123939e-06	-1.610322975112708e-06	-4.808777778510725e-06	-2.924780497577939e-06	-1.652342175088758e-08	1.907197872375564e-08	8.993011658166475e-07	5.109068763819623e-07	0.001136691256649723	-8.204097911278976e-08	0.0443508273366837	4.548784334730322e-07	-0.4187129661202525	-5.841445597222039e-07	2.118381247871789e-07	9.246856655428868e-08	-1.136594818068884e-06	-6.685499169606787e-07	6.57960253021121e-07	4.008265724190777e-07	1.086124243332325e-07	-1.360814821560376e-08	-3.750747363761494e-06	-2.285674402253309e-06	1.372382926333117e-06	8.368189287458961e-07	9.21580684414551e-07	5.275857667547276e-07	9.973907868257616e-07	6.571880584469092e-07	3.589982345926403e-07	2.371880231007814e-07	-3.534585372468847e-08	-1.897766229056452e-08	6.862393850938465e-07	4.600649566832527e-07	9.168494544137153e-07	4.405705161206961e-07	2.292746214756922e-07	1.493789447402125e-07	-5.406100880736817e-07	-3.413062393939018e-07	1.047197615531342	4.578734246208688e-08	4.621962711479233e-07	2.733404772227383e-07	-1.637185295430153e-06	-1.004952705922706e-06	2.181492511712142e-06	1.375188689024794e-06	-1.310575949855054e-07	-7.682733267780159e-08	-4.695119415822013e-07	-2.551002508281445e-07	1.047197473190456	-4.763893097326098e-08	-6.289444747006779e-08	-7.880156131278042e-08
2.03	3.717265126115172e-06	2.391905026351702e-06	3.308067402959758e-07	1.831537269916616e-07	7.34107438018122e-07	5.112653827329433e-07	-8.899806929932191e-08	-4.037647033847225e-08	0.9690001894871717	1.388656399211661e-07	-5.314526226112622e-07	-3.280660043917838e-07	-3.794369116992182e-06	-2.433677708156135e-06	-1.706557756384161e-06	-1.108958926910598e-06	8.752865299812905e-07	5.896059996247892e-07	0.468311084775194	0.5099243479133915	0.04586585770020797	-0.04599865107996511	0.004997689081471901	-0.08503683628526676	0.03640265683787144	-0.03037809931306676	-0.0259512514032579	-0.02094322222891324	0.005840686452781687	-0.001038927153625388	0.8025138484565792	0.7873367836089886	0.04125440993203307	0.03314222377159718	-0.03997031051351622	-0.1106977406747996	0.003472822266581943	-0.001460615128365826	-0.001412667052213638	-0.003724683463684396	-0.002690758769641408	0.0004993586081198307	-8.745588107623214e-06	-5.92753221570193e-06	1.137239155843301e-06	6.405814449868034e-07	-1.781382251172417e-06	-1.612475433377782e-06	-4.838059318055955e-06	-2.925304250054827e-06	-1.635148146841763e-08	1.825312863431459e-08	9.044109851444828e-07	5.108814648466045e-07	0.001136690419612462	-8.179866553525302e-08	0.04435083185763906	4.552541884223147e-07	-0.4187129719319228	-5.842617123811693e-07	2.127755084931408e-07	9.168355754003411e-08	-1.143284872819556e-06	-6.687197915161596e-07	6.619589822697639e-07	4.007149234506858e-07	1.084858029190463e-07	-1.433478266612721e-08	-3.773597178708553e-06	-2.287773500477541e-06	1.380755040242635e-06	8.367571696136495e-07	9.268616130368789e-07	5.273655045670606e-07	1.003960266148063e-06	6.572438707730661e-07	3.61370452981194e-07	2.370042588189231e-07	-3.553467960976386e-08	-1.896568829241034e-08	6.908290410303913e-07	4.606683553133078e-07	9.212425727678007e-07	4.408250889066013e-07	2.307644643594947e-07	1.493920561019036e-07	-5.440269573573145e-07	-3.412293081818252e-07	1.047197615986869	4.584452160804207e-08	4.649248310696545e-07	2.734137728085534e-07	-1.647269460913049e-06	-1.004839636740139e-06	2.195237248151612e-06	1.375201062201251e-06	-1.318262561664438e-07	-7.686890408202514e-08	-4.720576770661771e-07	-2.552491639992125e-07	1.047197472714024	-4.766671243437168e-08	-6.368493943561575e-08	-7.887244898761591e-08
2.04	3.741177597389233e-06	2.392838206400049e-06	3.32633272444138e-07	1.827628316870526e-07	7.392243600990043e-07	5.113469407488814e-07	-8.940651873328847e-08	-4.032724374541155e-08	0.9690001908779641	1.390773274451705e-07	-5.347315127279258e-07	-3.282089940295417e-07	-3.818699036684248e-06	-2.434910630319378e-06	-1.717627717249804e-06	-1.109141891524572e-06	8.811892034103071e-07	5.895468037101214e-07	0.4733575312084556	0.5077684610227371	0.04537092860934239	-0.05108551223846196	0.004182028794128601	-0.08366702235669486	0.03609666381222112	-0.03073587849143002	-0.02615898995625689	-0.02067300679332062	0.0058290680921922	-0.001139367608549558	0.8104066088400752	0.7912152929392845	0.04157540779549202	0.03219489398003259	-0.04106029771693943	-0.1093162212589258	0.003458055221567832	-0.001420727863549111	-0.00145057804296583	-0.003827537215261029	-0.002685372263049507	0.0005930234316715542	-8.80480829182708e-06	-5.927918241045188e-06	1.143666620748458e-06	6.398101162210465e-07	-1.797472615307693e-06	-1.614162257796806e-06	-4.867337608725297e-06	-2.926097333026365e-06	-1.618362058601264e-08	1.731540369145398e-08	9.095209249724134e-07	5.109123227621821e-07	0.001136689589982615	-8.170133383482109e-08	0.04435083638940707	4.552897768862926e-07	-0.4187129777520514	-5.840372886929424e-07	2.137006545082154e-07	9.105401686495847e-08	-1.149975642364354e-06	-6.689238757941515e-07	6.659586999790678e-07	4.00498311419715e-07	1.083480531890125e-07	-1.497115235794951e-08	-3.796472127899898e-06	-2.289673493939242e-06	1.389125221339353e-06	8.367193209862144e-07	9.321388580859934e-07	5.272147170310339e-07	1.010531078308426e-06	6.572799467538293e-07	3.637405501705087e-07	2.368360730318866e-07	-3.572363406048127e-08	-1.89464260152254e-08	6.954284448191604e-07	4.611419725154486e-07	9.256418356318833e-07	4.409453273478752e-07	2.322554640344259e-07	1.493650034978501e-07	-5.474418274956843e-07	-3.411817889004842e-07	1.047197616443659	4.587684376376392e-08	4.676554731109968e-07	2.734362405087727e-07	-1.657341847204895e-06	-1.004948268220531e-06	2.20898427469623e-06	1.375166808150853e-06	-1.325952832835164e-07	-7.691197909622757e-08	-4.746064317389213e-07	-2.553373601544819e-07	1.047197472237361	-4.768790348358421e-08	-6.447540306345433e-08	-7.894913890717816e-08
2.05	3.765105869262372e-06	2.393705857009747e-06	3.344569989815725e-07	1.822651349484539e-07	7.44340190421982e-07	5.114938213072519e-07	-8.981189717578691e-08	-4.034197796275159e-08	0.9690001922703678	1.393109068267047e-07	-5.380130650464657e-07	-3.283105662868118e-07	-3.843048428782733e-06	-2.43602013155144e-06	-1.728710509000134e-06	-1.109093575935667e-06	8.87087678029942e-07	5.895781364826244e-07	0.4784053867108024	0.5052033086695953	0.04483037343709328	-0.0562588313519809	0.003364781546959093	-0.08203358950304396	0.03578731334484864	-0.03109927488328283	-0.0263642237302187	-0.02040083505262145	0.005816826081565403	-0.001249153572274462	0.8183381543159093	0.7950938022014701	0.04189006240096044	0.03119503009729894	-0.04214205854113516	-0.1078470681264271	0.003443861239625529	-0.001387462047827217	-0.001489419987489881	-0.003929712547055933	-0.00267901397142342	0.0006851230060793033	-8.864063541270122e-06	-5.927749779308844e-06	1.150073210776084e-06	6.393939757684804e-07	-1.813602901529767e-06	-1.615383448369783e-06	-4.896612650518747e-06	-2.92715974649255e-06	-1.601983910367263e-08	1.625880389517375e-08	9.146309853004401e-07	5.109994501286951e-07	0.001136688767760183	-8.174898401149401e-08	0.0443508409319877	4.549851988649658e-07	-0.4187129835806383	-5.83471288657523e-07	2.146135628324026e-07	9.057994452906172e-08	-1.156667126703278e-06	-6.691621697946541e-07	6.699594061490325e-07	4.001767363261652e-07	1.081991751431313e-07	-1.551725729107069e-08	-3.81937221133553e-06	-2.291374382638412e-06	1.397493469623271e-06	8.367053828635911e-07	9.374124195618945e-07	5.271334041466473e-07	1.01710322330685e-06	6.572962863891984e-07	3.661085261605846e-07	2.36683465739672e-07	-3.591271707684072e-08	-1.891987545900969e-08	7.00037596460154e-07	4.614858082896752e-07	9.300472430059634e-07	4.409312314445178e-07	2.337476205004859e-07	1.492977869280523e-07	-5.50854698488791e-07	-3.411636815498789e-07	1.047197616901713	4.588430892925244e-08	4.703881972719501e-07	2.734078803233962e-07	-1.667402454305691e-06	-1.005278600363882e-06	2.222733591345998e-06	1.375085926873601e-06	-1.333646763367232e-07	-7.695655772040888e-08	-4.771582056004339e-07	-2.553648392939531e-07	1.047197471760466	-4.770250412089859e-08	-6.526583835358359e-08	-7.90316310714672e-08
2.06	3.788967630060242e-06	2.393430053833256e-06	3.362620046042257e-07	1.817008100159152e-07	7.494344781078667e-07	5.110440912732311e-07	-9.022572181651849e-08	-4.034052225937757e-08	0.9690001936552899	1.393082977299132e-07	-5.412933734782711e-07	-3.284690527412871e-07	-3.867305291576999e-06	-2.435551226746227e-06	-1.739745707577629e-06	-1.108827110237732e-06	8.92993933896287e-07	5.895060747433828e-07	0.4833907137261274	0.5032453788316248	0.04425809620020409	-0.06076082143078065	0.002601717203538944	-0.08053657279336535	0.03547819476505029	-0.03137361478402797	-0.02656205370174067	-0.02004806744775656	0.005808117214972485	-0.001244767373387002	0.8263084848644326	0.798972311157787	0.0421925330361083	0.03032725615727113	-0.04319889787527506	-0.1064834049486506	0.003435652880130884	-0.001230830921694853	-0.001534847162525554	-0.004136337950355776	-0.002674432773662229	0.0007290950896334384	-8.923301878073204e-06	-5.929070485516328e-06	1.156482941848442e-06	6.381813435739065e-07	-1.829747968203198e-06	-1.618054403677876e-06	-4.925883706924468e-06	-2.927197240701387e-06	-1.585796803224804e-08	1.570763870610619e-08	9.197386172872352e-07	5.10931982941178e-07	0.00113668793953444	-8.148841199831375e-08	0.04435084548392734	4.557499072371496e-07	-0.4187129894051396	-5.837770811925867e-07	2.155680847607517e-07	9.05766911453524e-08	-1.163312050746129e-06	-6.683731114038695e-07	6.739892497508607e-07	4.00728156244661e-07	1.080759213512491e-07	-1.574959988299833e-08	-3.842242225742482e-06	-2.29266298414069e-06	1.405875263708212e-06	8.368699971530195e-07	9.426949537018518e-07	5.270679632351131e-07	1.023671422801206e-06	6.572933097117307e-07	3.684833562192664e-07	2.366540989957972e-07	-3.610180292478795e-08	-1.891919076443691e-08	7.04636171691137e-07	4.619098688902714e-07	9.344378688597501e-07	4.409902688837457e-07	2.352373279994713e-07	1.493006342191972e-07	-5.542758634308315e-07	-3.412170555378409e-07	1.047197617360216	4.596499727894462e-08	4.731255197166449e-07	2.736060011372843e-07	-1.677510824748577e-06	-1.005735273841353e-06	2.236473406615989e-06	1.374988862382814e-06	-1.341334581980808e-07	-7.697669956615703e-08	-4.79709710186165e-07	-2.555385622975265e-07	1.047197471282169	-4.77517823309416e-08	-6.605115689318762e-08	-7.896790712922747e-08
2.07	3.812814020418678e-06	2.392680516408573e-06	3.380581775664098e-07	1.810448970637981e-07	7.545199293854328e-07	5.10409012860397e-07	-9.064083697059364e-08	-4.037267466678842e-08	0.9690001950383799	1.392298466983077e-07	-5.445748648948247e-07	-3.28623359514781e-07	-3.891539212264026e-06	-2.434407905089316e-06	-1.750770854737405e-06	-1.108334336640838e-06	8.989005277433564e-07	5.894511039007475e-07	0.4883532369629724	0.5012631226804406	0.04364545826676068	-0.06506229914564828	0.001858185681649342	-0.078927428531398	0.03516707800541597	-0.03161771941785243	-0.02675552365742742	-0.01966356311181964	0.005800358856432308	-0.001202951130220415	0.8343176004978529	0.8028508199559553	0.04248644856336196	0.02947686436718811	-0.04424118847133957	-0.1051052430675372	0.003430067294129937	-0.001031595878769516	-0.001583346538967883	-0.004382096592142108	-0.002669920778195896	0.0007538690251742314	-8.98255559634052e-06	-5.930610627054919e-06	1.162880892758493e-06	6.368877639482475e-07	-1.84592343594599e-06	-1.620985077447631e-06	-4.955151235540776e-06	-2.927013939196366e-06	-1.56993549750419e-08	1.52740216788846e-08	9.24845404540071e-07	5.10840932011575e-07	0.001136687113637533	-8.120119564351612e-08	0.04435085004612915	4.567082022072299e-07	-0.4187129952333488	-5.842007944027455e-07	2.165307622268192e-07	9.084832787398846e-08	-1.169939786731912e-06	-6.672162542259351e-07	6.780307416944953e-07	4.015449611593305e-07	1.07955457266439e-07	-1.580704024764651e-08	-3.865116469177525e-06	-2.293671749709261e-06	1.414260986657587e-06	8.371170841000082e-07	9.47978597125289e-07	5.270516978964057e-07	1.030238956250631e-06	6.57270755753195e-07	3.708594639698369e-07	2.366810818529462e-07	-3.629096972349053e-08	-1.892377310578675e-08	7.092367980731668e-07	4.622836764298825e-07	9.388267146356639e-07	4.409935390020301e-07	2.367268268061506e-07	1.493050602968621e-07	-5.57698927173291e-07	-3.413157729406457e-07	1.047197617819672	4.605797113269573e-08	4.758658771403067e-07	2.738583096177231e-07	-1.68762996447374e-06	-1.006377535858742e-06	2.250211046612023e-06	1.374856699667822e-06	-1.349022359618654e-07	-7.69885215205081e-08	-4.822629886348232e-07	-2.557299433834757e-07	1.047197470803195	-4.781009811804806e-08	-6.683452013741674e-08	-7.885241680710462e-08
2.08	3.836654822583399e-06	2.391585349538775e-06	3.398474093059577e-07	1.802926217449814e-07	7.595989747182446e-07	5.096672528268398e-07	-9.105587388952641e-08	-4.044796061564125e-08	0.9690001964207182	1.391062250222052e-07	-5.478580035111838e-07	-3.287618004927479e-07	-3.91576350157116e-06	-2.432763082779255e-06	-1.761793131514019e-06	-1.107613694712577e-06	9.048060358137876e-07	5.894362705565194e-07	0.4933005550139972	0.4991357367547358	0.04299080722828832	-0.06925332290682217	0.001127559069593665	-0.0771586149635277	0.03485353649582155	-0.03184284018316078	-0.02694521581664319	-0.01925666788178932	0.005793056996057122	-0.001138384172552536	0.8423655012185056	0.8067293286242316	0.04277250311613122	0.02862191327489029	-0.04527091444249027	-0.1036896309003116	0.003426461231607436	-0.0008052050609057199	-0.001634246140151761	-0.004654494585710409	-0.00266515129735765	0.000764978454110494	-9.041830873329311e-06	-5.93212732785921e-06	1.16926420935882e-06	6.356501071152975e-07	-1.862132292689779e-06	-1.623947836117733e-06	-4.984415323897661e-06	-2.926763655749292e-06	-1.554425770332407e-08	1.488375740202491e-08	9.299516499733572e-07	5.10751357254243e-07	0.001136686291663247	-8.094119551522407e-08	0.04435085461876585	4.576925788070696e-07	-0.4187130010667569	-5.845982267152124e-07	2.17495195329199e-07	9.135737719785811e-08	-1.176555953019779e-06	-6.658177585112007e-07	6.820805366445973e-07	4.025109266553018e-07	1.078334150675882e-07	-1.571613972381332e-08	-3.888001502216483e-06	-2.294426014789822e-06	1.422648798931561e-06	8.374282654471964e-07	9.532618457147918e-07	5.270909784853892e-07	1.036806450954234e-06	6.572285745952572e-07	3.732357827558816e-07	2.367516193258343e-07	-3.648023241568196e-08	-1.892968231353622e-08	7.138418910221469e-07	4.625822729326432e-07	9.432162672661098e-07	4.409163855168806e-07	2.382165454431243e-07	1.492979652491064e-07	-5.611226664440469e-07	-3.41454834063075e-07	1.047197618280181	4.615157425371998e-08	4.786089705120146e-07	2.741318492773971e-07	-1.697752797210477e-06	-1.007216719296757e-06	2.26394791268092e-06	1.374685820641382e-06	-1.356711257538406e-07	-7.699510644206613e-08	-4.848184317605728e-07	-2.559143865003012e-07	1.047197470323686	-4.78725470313109e-08	-6.76165328134239e-08	-7.870322656866485e-08
2.09	3.860490036554404e-06	2.390144553223864e-06	3.416296998228692e-07	1.794439840594651e-07	7.646716141063019e-07	5.088188111725597e-07	-9.14708325733168e-08	-4.056638010593604e-08	0.9690001978023051	1.389374327016056e-07	-5.511427893273482e-07	-3.288843756751878e-07	-3.939978159498397e-06	-2.430616759816044e-06	-1.772812537907469e-06	-1.106665184452948e-06	9.107104581075801e-07	5.894615747106983e-07	0.4982326678792013	0.4968632210545105	0.04229414308478709	-0.07333389271430195	0.0004098373673719774	-0.0752301320897546	0.03453757023626704	-0.03204897707995302	-0.02713113017938795	-0.01882738175766566	0.005786211633846928	-0.001051066500383369	0.8504521870263904	0.8106078371626155	0.04305069669441607	0.02776240288037773	-0.04628807578872707	-0.102236568446974	0.003424834692563381	-0.0005516584681034845	-0.001687545966077185	-0.004953531931060656	-0.00266012433114749	0.0007624233764422254	-9.101127709039568e-06	-5.933620587929201e-06	1.175632891649423e-06	6.344683730750562e-07	-1.878374538434565e-06	-1.626942679688182e-06	-5.013675971995121e-06	-2.926446390360163e-06	-1.539267621709456e-08	1.453684587552714e-08	9.350573535870927e-07	5.106632586691818e-07	0.001136685473611581	-8.070841161343758e-08	0.04435085920183746	4.587030370366685e-07	-0.4187130069053636	-5.849693781299873e-07	2.184613840678908e-07	9.210383911696133e-08	-1.183160549609729e-06	-6.641776242596663e-07	6.861386346011662e-07	4.03626052732575e-07	1.07709794754697e-07	-1.547689831149879e-08	-3.910897324859353e-06	-2.294925779382373e-06	1.431038700530135e-06	8.378035411945843e-07	9.585446994703591e-07	5.271858050020636e-07	1.043373906912011e-06	6.571667662379172e-07	3.756123125774004e-07	2.368657114144615e-07	-3.666959100136222e-08	-1.893691838768535e-08	7.184514505380772e-07	4.628056583985535e-07	9.476065267510874e-07	4.407588084282972e-07	2.397064839103924e-07	1.4927934907593e-07	-5.645470812430987e-07	-3.416342389051291e-07	1.047197618741742	4.624580664201733e-08	4.813547998317684e-07	2.74426620116306e-07	-1.707879322958786e-06	-1.008252824155398e-06	2.277684004822678e-06	1.374476225303495e-06	-1.364401275740063e-07	-7.699645433083113e-08	-4.873760395634142e-07	-2.560918916480031e-07	1.047197469843641	-4.793912907073012e-08	-6.839719492120907e-08	-7.852033641390815e-08
2.1	3.884319662331693e-06	2.388358127463837e-06	3.434050491171444e-07	1.78498984007249e-07	7.697378475496047e-07	5.078636878975567e-07	-9.188571302196483e-08	-4.072793313767281e-08	0.9690001991831405	1.387234697365091e-07	-5.54429222343318e-07	-3.289910850621006e-07	-3.964183186045739e-06	-2.427968936199683e-06	-1.783829073917759e-06	-1.105488805861951e-06	9.166137946247344e-07	5.895270163632847e-07	0.5031495755585852	0.4944455755797645	0.04155546583625692	-0.077304008568088	-0.0002949794250157838	-0.07314197991007851	0.03421917922675245	-0.03223613010822914	-0.02731326674566172	-0.01837570473944861	0.005779822769801724	-0.0009409981137129087	0.8585776579215074	0.8144863455711074	0.04332102929821653	0.02689833318365038	-0.04729267251005007	-0.1007460557075244	0.003425187676997772	-0.0002709561003627873	-0.001743246016744158	-0.005279208628192875	-0.002654839879565418	0.0007462037921694253	-9.160446103471299e-06	-5.935090407264892e-06	1.181986939630302e-06	6.333425618275238e-07	-1.894650173180349e-06	-1.629969608158979e-06	-5.042933179833157e-06	-2.926062143028981e-06	-1.524461051635335e-08	1.423328709939127e-08	9.401625153812783e-07	5.105766362563916e-07	0.001136684659482536	-8.050284393815666e-08	0.04435086379534398	4.597395768960267e-07	-0.4187130127491692	-5.853142486470703e-07	2.194293284428948e-07	9.308771363129814e-08	-1.189753576501762e-06	-6.622958514713318e-07	6.902050355642026e-07	4.048903393911501e-07	1.075845963277652e-07	-1.508931601070288e-08	-3.933803937106138e-06	-2.295171043486916e-06	1.439430691453308e-06	8.382429113421717e-07	9.638271583919921e-07	5.273361774464291e-07	1.049941324123965e-06	6.57085330681175e-07	3.779890534343933e-07	2.370233581188277e-07	-3.685904548053132e-08	-1.894548132823411e-08	7.230654766209577e-07	4.629538328276136e-07	9.51997493090597e-07	4.4052080773628e-07	2.411966422079549e-07	1.492492117773329e-07	-5.679721715704467e-07	-3.418539874668077e-07	1.047197619204354	4.63406682975878e-08	4.841033650995684e-07	2.7474262213445e-07	-1.718009541718669e-06	-1.009485850434665e-06	2.291419323037298e-06	1.374227913654159e-06	-1.372092414223626e-07	-7.699256518680309e-08	-4.899358120433474e-07	-2.562624588265811e-07	1.04719746936306	-4.800984423630572e-08	-6.917650646077228e-08	-7.830374634283451e-08
2.11	3.908143699915267e-06	2.386226072258696e-06	3.451734571887833e-07	1.774576215883333e-07	7.747976750481529e-07	5.068018830018308e-07	-9.230051523547046e-08	-4.093261971085154e-08	0.9690002005632242	1.384643361269155e-07	-5.57717302559093e-07	-3.290819286534865e-07	-3.988378581213186e-06	-2.424819611930172e-06	-1.794842739544885e-06	-1.104084558939587e-06	9.225160453652501e-07	5.896325955142782e-07	0.5080512780521484	0.4918828003304981	0.04077477548269789	-0.08116367046817995	-0.0009868913075695564	-0.07089415842449964	0.03389836346727779	-0.03240429926798914	-0.02749162551546448	-0.01790163682713821	0.005773890403921513	-0.0008081790125411634	0.8667419139038566	0.8183648538497068	0.04358350092753258	0.02602970418470831	-0.04828470460645915	-0.09921809268196272	0.003427520184910609	3.690204231634647e-05	-0.001801346292152677	-0.005631524677107038	-0.002649297942611433	0.0007163197012920951	-9.219786056624499e-06	-5.936536785866281e-06	1.188326353301456e-06	6.322726733727004e-07	-1.910959196927129e-06	-1.633028621530123e-06	-5.072186947411769e-06	-2.925610913755746e-06	-1.510006060110045e-08	1.397308107361733e-08	9.452671353559134e-07	5.104914900158721e-07	0.00113668384927611	-8.032449248938132e-08	0.0443508683992854	4.608021983851441e-07	-0.4187130185981735	-5.856328382664616e-07	2.203990284542109e-07	9.430900074086849e-08	-1.196335033695877e-06	-6.601724401461975e-07	6.942797395337062e-07	4.06303786631027e-07	1.074578197867929e-07	-1.455339282142563e-08	-3.956721338956836e-06	-2.295161807103449e-06	1.447824771701081e-06	8.387463758899586e-07	9.691092224796902e-07	5.275420958184854e-07	1.056508702590095e-06	6.569842679250306e-07	3.803660053268604e-07	2.37224559438933e-07	-3.704859585318927e-08	-1.895537113518253e-08	7.276839692707881e-07	4.630267962198233e-07	9.563891662846386e-07	4.402023834408289e-07	2.426870203358118e-07	1.492075533533152e-07	-5.713979374260907e-07	-3.421140797481111e-07	1.047197619668017	4.643615922043138e-08	4.868546663154141e-07	2.750798553318292e-07	-1.728143453490124e-06	-1.010915798134558e-06	2.305153867324779e-06	1.373940885693375e-06	-1.379784672989095e-07	-7.698343900998202e-08	-4.924977492003721e-07	-2.564260880360356e-07	1.047197468881942	-4.808469252803768e-08	-6.995446743211351e-08	-7.805345635544395e-08
2.12	3.931962149305125e-06	2.383748387608442e-06	3.469349240377858e-07	1.76319896802718e-07	7.798510966019468e-07	5.05633396485382e-07	-9.271523921383373e-08	-4.118043982547225e-08	0.9690002019425565	1.381600318728249e-07	-5.610070299746735e-07	-3.291569064493454e-07	-4.012564345000738e-06	-2.421168787007511e-06	-1.805853534788849e-06	-1.102452443685855e-06	9.284172103291275e-07	5.89778312163679e-07	0.5129377753598915	0.489174895306711	0.03995207202410989	-0.08491287841457816	-0.001665898280289402	-0.06848666763301779	0.03357512295784301	-0.03255348455923303	-0.02766620648879624	-0.01740517802073442	0.005768414536206292	-0.0006526091968681213	0.8749449549734383	0.8222433619984142	0.04383811158236424	0.02515651588355144	-0.04926417207795444	-0.09765267937028897	0.003431832216301893	0.0003719159599339446	-0.001861846792302747	-0.006010480077803175	-0.002643498520285535	0.0006727711038102322	-9.279147568499169e-06	-5.937959723733371e-06	1.194651132662887e-06	6.312587077105856e-07	-1.927301609674907e-06	-1.636119719801615e-06	-5.101437274730956e-06	-2.925092702540456e-06	-1.495902647133586e-08	1.375622779820528e-08	9.503712135109987e-07	5.104078199476236e-07	0.001136683042992306	-8.017335726711155e-08	0.04435087301366174	4.618909015040208e-07	-0.4187130244523766	-5.859251469881609e-07	2.213704841018392e-07	9.576770044567247e-08	-1.202904921192076e-06	-6.578073902842631e-07	6.983627465096771e-07	4.078663944522059e-07	1.0732946513178e-07	-1.3869128743667e-08	-3.97964953041145e-06	-2.294898070231972e-06	1.456220941273454e-06	8.393139348379451e-07	9.743908917334531e-07	5.278035601182328e-07	1.063076042310401e-06	6.568635779694841e-07	3.827431682548017e-07	2.374693153747773e-07	-3.723824211933606e-08	-1.896658780853058e-08	7.323069284875689e-07	4.630245485751826e-07	9.607815463332123e-07	4.39803535541944e-07	2.441776182939631e-07	1.491543738038767e-07	-5.74824378810031e-07	-3.42414515749039e-07	1.047197620132733	4.653227941054807e-08	4.896087034793063e-07	2.754383197084433e-07	-1.738281058273151e-06	-1.012542667255076e-06	2.318887637685122e-06	1.373615141421143e-06	-1.387478052036469e-07	-7.69690758003679e-08	-4.950618510344887e-07	-2.565827792763663e-07	1.047197468400289	-4.816367394592603e-08	-7.073107783523279e-08	-7.776946645173644e-08
2.13	3.955773083352899e-06	2.380951999604128e-06	3.486904300503413e-07	1.751207834322818e-07	7.848982088968134e-07	5.043786708302983e-07	-9.313004453056985e-08	-4.146621370619839e-08	0.9690002033209332	1.378146246524228e-07	-5.642984166036096e-07	-3.292192028456504e-07	-4.036738287779011e-06	-2.417065497258487e-06	-1.8168604581004e-06	-1.100616701939356e-06	9.343176579264383e-07	5.899632730338496e-07	0.5178141679784446	0.4864525528233934	0.03908920324894646	-0.08853397538583377	-0.002331601784015546	-0.06594523145270209	0.03324976774030064	-0.03268105812334143	-0.02783686621087703	-0.01688762208491629	0.005763410626161182	-0.0004779138264955225	0.883186781130182	0.8261218700373865	0.0440849259579826	0.02428188738032022	-0.05023044850605318	-0.09604645499154596	0.003438251344433131	0.0007317454219973048	-0.001924999616502102	-0.006416130039556538	-0.00263757184564519	0.0006154789204672479	-9.338529197596617e-06	-5.939346156226676e-06	1.20096200768444e-06	6.303019571595381e-07	-1.943676954301663e-06	-1.639235427899179e-06	-5.130683704844034e-06	-2.924507799464342e-06	-1.482195348192248e-08	1.356800416276668e-08	9.554748854407263e-07	5.103285806386039e-07	0.001136682240052562	-8.005395781108184e-08	0.04435087763837012	4.630005879360655e-07	-0.4187130303124396	-5.862100364791916e-07	2.223445707324134e-07	9.743733570138458e-08	-1.209462545138764e-06	-6.552297665174295e-07	7.024539580894319e-07	4.095503810026811e-07	1.072008046877108e-07	-1.303988307908081e-08	-4.002587097442325e-06	-2.294398571170505e-06	1.464619292960218e-06	8.3993549095047e-07	9.796722556304944e-07	5.281121590520447e-07	1.06964325414852e-06	6.567253101859858e-07	3.85120666824598e-07	2.377522788950325e-07	-3.742799066844839e-08	-1.897910545357552e-08	7.369338748271483e-07	4.629523292549439e-07	9.651739804112569e-07	4.393270110664251e-07	2.456684632853986e-07	1.490925072144783e-07	-5.782517246463797e-07	-3.427520784321981e-07	1.047197620598475	4.662864555173752e-08	4.923654365029461e-07	2.75813888834398e-07	-1.748424129802616e-06	-1.014361262346015e-06	2.33262038664395e-06	1.373253656209723e-06	-1.395172686991818e-07	-7.695064171758579e-08	-4.976281771169504e-07	-2.567353093906012e-07	1.047197467918096	-4.824605484227048e-08	-7.150630189863329e-08	-7.745666631414293e-08
2.14	3.979515429089852e-06	2.37869021894308e-06	3.504710444975525e-07	1.749686303324676e-07	7.89942075988757e-07	5.036855456583674e-07	-9.354998820592312e-08	-4.162578987277041e-08	0.9690002046918869	1.375570226426055e-07	-5.675918431655177e-07	-3.293697340557009e-07	-4.060831018332936e-06	-2.414063729686361e-06	-1.827831769533033e-06	-1.099345578157023e-06	9.402290633853125e-07	5.901591693976861e-07	0.5228420949785407	0.487857523356263	0.03824472714285882	-0.09146739537387988	-0.002971371140429638	-0.06408506266607668	0.03293212330431322	-0.03270374088849091	-0.0279990584778755	-0.0163899695213213	0.005759368598635082	-0.0003989772948515073	0.8914673923718791	0.8300003786054222	0.04432599430248313	0.02350466560791315	-0.05116368215694393	-0.09429291354245546	0.003450820474325777	0.001042226536336945	-0.001998794005953239	-0.00685022419119736	-0.002635645114905032	0.0005419370624495906	-9.397885261598859e-06	-5.940282053823468e-06	1.207282111730576e-06	6.294433763860569e-07	-1.960070744222377e-06	-1.64213885436952e-06	-5.159911756722454e-06	-2.923865397447961e-06	-1.470295530676232e-08	1.294182229287126e-08	9.605824482402469e-07	5.103474054592168e-07	0.001136681422121816	-8.010952217450089e-08	0.04435088227015098	4.639696876978498e-07	-0.4187130361993154	-5.870852489891408e-07	2.233490288243003e-07	9.847882648299712e-08	-1.215985916789561e-06	-6.533606517189414e-07	7.065502558083543e-07	4.104753157937245e-07	1.07112159514084e-07	-1.217211495055919e-08	-4.025489228312115e-06	-2.294257142500097e-06	1.473022767348713e-06	8.402910542525569e-07	9.849561497797025e-07	5.282013315801129e-07	1.076207513297396e-06	6.566344108965925e-07	3.87502449918308e-07	2.379039980349892e-07	-3.761804398847059e-08	-1.899210344519134e-08	7.415496142971178e-07	4.62976178067651e-07	9.695457799380771e-07	4.388598656269663e-07	2.471604173959695e-07	1.491117681607209e-07	-5.816872297347151e-07	-3.430248171499482e-07	1.04719762106445	4.671311002801132e-08	4.951235949541149e-07	2.760757926412335e-07	-1.758628879243041e-06	-1.016206935177176e-06	2.346344271528069e-06	1.372950722133386e-06	-1.402872875960472e-07	-7.696509335072125e-08	-5.001986153113893e-07	-2.569716788930225e-07	1.047197467435248	-4.830858529826837e-08	-7.22790059931971e-08	-7.72700141323314e-08
2.15	4.003237621174504e-06	2.376286317228268e-06	3.522521275171789e-07	1.749844480019797e-07	7.949802678910043e-07	5.030402439008638e-07	-9.397105970865985e-08	-4.178935064735318e-08	0.9690002060605466	1.372849936503531e-07	-5.708870077260889e-07	-3.295284672526797e-07	-4.084897568207163e-06	-2.410931076052238e-06	-1.838792640836249e-06	-1.098029806755412e-06	9.461421675244906e-07	5.90388451834532e-07	0.5278933665348592	0.4901051414615245	0.03737220358516503	-0.09415690898754371	-0.003595223262150432	-0.06225964688947798	0.03261439742614537	-0.03268757833255694	-0.02815638871187412	-0.01587970438489279	0.005755899912785014	-0.0003246891404688414	0.8997867887002809	0.8338788871959144	0.04455969064174935	0.02274645880743015	-0.0520796166888775	-0.09247652090056753	0.003466333331122287	0.001362175877059545	-0.002076893996031095	-0.007311374968363218	-0.002634445205054525	0.0004541330138834099	-9.45725198942218e-06	-5.941095767657887e-06	1.21359309860606e-06	6.28650485795198e-07	-1.976494468198986e-06	-1.645017868852572e-06	-5.189132914721524e-06	-2.923158205934178e-06	-1.459083892560398e-08	1.224771536087457e-08	9.656904940461385e-07	5.103900373295261e-07	0.001136680603740912	-8.022646161277513e-08	0.04435088691158936	4.649263358241696e-07	-0.4187130420963872	-5.880767377778618e-07	2.243618584547088e-07	9.955761538027497e-08	-1.22249247458645e-06	-6.514695699457511e-07	7.10654112802627e-07	4.113394349018318e-07	1.07031552505671e-07	-1.118139565961088e-08	-4.048391461512576e-06	-2.294002838090649e-06	1.481429032370488e-06	8.406343966745353e-07	9.902403253670589e-07	5.282824771677731e-07	1.082771060004522e-06	6.565393736329615e-07	3.89885385827125e-07	2.380588587302867e-07	-3.780824149388273e-08	-1.900623259008633e-08	7.461661966774219e-07	4.629644151294924e-07	9.739133522434939e-07	4.383330587141547e-07	2.486527969380364e-07	1.49140928104199e-07	-5.851251405682492e-07	-3.433135850998055e-07	1.047197621531287	4.679530665354913e-08	4.97884186364491e-07	2.763277399176543e-07	-1.7688507276487e-06	-1.018210262024288e-06	2.360065512064566e-06	1.372631559719105e-06	-1.410575210277874e-07	-7.698312182860938e-08	-5.027716684246568e-07	-2.572220979085536e-07	1.047197466951836	-4.836970394398924e-08	-7.305008915724426e-08	-7.708661843473217e-08
2.16	4.026939659606855e-06	2.373740294459696e-06	3.540336791092209e-07	1.751682364408178e-07	8.000127846035555e-07	5.024427655577875e-07	-9.439325903878007e-08	-4.195689602994671e-08	0.9690002074269124	1.369985376756654e-07	-5.741839102853235e-07	-3.296954024365868e-07	-4.108937937401697e-06	-2.407667536356118e-06	-1.849743072010049e-06	-1.09666938773452e-06	9.520569703439729e-07	5.906511203443874e-07	0.5329679826474005	0.4931954071391783	0.036471632575865	-0.09660251622682549	-0.004203158149177982	-0.06046898412290581	0.03229659010579704	-0.03263257045553954	-0.02830885691287292	-0.0153568266756307	0.005753004568610978	-0.0002550493633475182	0.9081449701153885	0.8377573958088633	0.04478601497578129	0.02200726697887114	-0.05297825210185397	-0.09059727706588201	0.003484789914822661	0.001691593444165134	-0.002159299586735676	-0.007799582371054148	-0.002633972116093668	0.0003520667747686986	-9.516629381066588e-06	-5.941787297729931e-06	1.219894968310892e-06	6.279232853869608e-07	-1.99294812623149e-06	-1.647872471348335e-06	-5.218347178841248e-06	-2.922386224922992e-06	-1.448560433844746e-08	1.148568336677657e-08	9.707990228584009e-07	5.104564762495318e-07	0.00113667978490985	-8.040477612590454e-08	0.04435089156268526	4.658705323150248e-07	-0.4187130480036547	-5.891845028453546e-07	2.253830596236389e-07	1.006737023932182e-07	-1.228982218529434e-06	-6.495565211978585e-07	7.14765529072251e-07	4.12142738327003e-07	1.069589836624718e-07	-1.00677252062358e-08	-4.071293797043713e-06	-2.293635657942162e-06	1.489838088025543e-06	8.409655182164051e-07	9.955247823925646e-07	5.283555958150252e-07	1.089333894269899e-06	6.564401983950927e-07	3.922694745510493e-07	2.38216860980925e-07	-3.799858318468483e-08	-1.90214928882605e-08	7.507836219680609e-07	4.629170404404681e-07	9.782766973275075e-07	4.377465903279904e-07	2.501456019115995e-07	1.491799870449125e-07	-5.885654571469822e-07	-3.436183822817701e-07	1.047197621998987	4.687523542835097e-08	5.006472107340746e-07	2.765697306636602e-07	-1.779089675019596e-06	-1.020371242887349e-06	2.373784108253443e-06	1.37229616896688e-06	-1.418279689944023e-07	-7.700472715125021e-08	-5.053473364567536e-07	-2.574865664371945e-07	1.04719746646786	-4.84294107794331e-08	-7.381955139077479e-08	-7.690647922134521e-08
2.17	4.050621544386904e-06	2.37105215063736e-06	3.558156992736782e-07	1.755199956489822e-07	8.050396261264101e-07	5.018931106291384e-07	-9.481658619628374e-08	-4.212842602055098e-08	0.9690002087909844	1.366976547185427e-07	-5.77482550843221e-07	-3.298705396074221e-07	-4.132952125916534e-06	-2.404273110598002e-06	-1.860683063054432e-06	-1.095264321094349e-06	9.579734718437592e-07	5.909471749272522e-07	0.5380659433161643	0.4971283203892239	0.03554301411495882	-0.098804217091725	-0.004795175801512236	-0.05871307436636035	0.03197870134326829	-0.0325387172574387	-0.02845646308087187	-0.0148213363935351	0.005750682566112973	-0.0001900579634875438	0.9165419366172008	0.8416359044442686	0.04500496730457892	0.02128709012223619	-0.05385958839587328	-0.08865518203839905	0.003506190225426897	0.002030479237653682	-0.002246010778066974	-0.008314846399270109	-0.002634225848022462	0.0002357383451054656	-9.576017436532076e-06	-5.9423566440396e-06	1.226187720845071e-06	6.272617751613455e-07	-2.009431718319888e-06	-1.650702661856809e-06	-5.247554549081622e-06	-2.921549454414404e-06	-1.438725154529278e-08	1.065572631057731e-08	9.759080346770347e-07	5.105467222192338e-07	0.001136678965628629	-8.064446571388912e-08	0.04435089622343868	4.668022771704154e-07	-0.4187130539211183	-5.904085441916189e-07	2.264126323310905e-07	1.018270875218268e-07	-1.235455148618513e-06	-6.476215054752637e-07	7.188845046172253e-07	4.12885226069238e-07	1.068944529844863e-07	-8.831103590434028e-09	-4.09419623490552e-06	-2.293155602054635e-06	1.498249934313877e-06	8.412844188781664e-07	1.000809520856219e-06	5.284206875218691e-07	1.095896016093526e-06	6.563368851829859e-07	3.946547160900805e-07	2.383780047869042e-07	-3.818906906087688e-08	-1.903788433971385e-08	7.554018901690345e-07	4.628340540005783e-07	9.826358151901177e-07	4.371004604684734e-07	2.516388323166588e-07	1.492289449828616e-07	-5.920081794709137e-07	-3.439392086958418e-07	1.047197622467549	4.695289635241684e-08	5.034126680628654e-07	2.768017648792514e-07	-1.789345721355725e-06	-1.02268987776636e-06	2.387500060094699e-06	1.371944549876711e-06	-1.42598631495892e-07	-7.702990931864371e-08	-5.079256194076789e-07	-2.577650844789451e-07	1.047197465983321	-4.848770580459994e-08	-7.458739269378867e-08	-7.672959649217052e-08
2.18	4.074283275514651e-06	2.368221885761263e-06	3.575981880105509e-07	1.760397256264727e-07	8.100607924595688e-07	5.013912791149165e-07	-9.52410411811709e-08	-4.2303940619166e-08	0.9690002101527623	1.363823447789847e-07	-5.807829293997817e-07	-3.300538787651857e-07	-4.156940133751675e-06	-2.40074779877789e-06	-1.871612613969399e-06	-1.093814606834898e-06	9.638916720238493e-07	5.912766155831265e-07	0.5431872485411509	0.5019038812116619	0.03458634820244641	-0.1007620115822425	-0.005371276219153246	-0.05699191761984143	0.03166073113855906	-0.03240601873825444	-0.028599207215871	-0.01427323353860592	0.005748933905291	-0.0001297149408889126	0.9249776882057189	0.8455144131021307	0.04521654762814226	0.02058592823752524	-0.05472362557093549	-0.08665023581811847	0.003530534262934999	0.002378833257525219	-0.002337027570024998	-0.008857167053011147	-0.002635206400840906	0.0001051477248937007	-9.635416155818649e-06	-5.942803806586893e-06	1.232471356208598e-06	6.26665955118352e-07	-2.025945244464183e-06	-1.653508440377995e-06	-5.276755025442648e-06	-2.920647894408413e-06	-1.429578054613991e-08	9.757844192276716e-09	9.810175295020391e-07	5.106607752386322e-07	0.00113667814589725	-8.094553037672888e-08	0.04435090089384963	4.677215703903416e-07	-0.4187130598487777	-5.91748861816655e-07	2.274505765770639e-07	1.030177707661007e-07	-1.241911264853684e-06	-6.456645227779666e-07	7.230110394375508e-07	4.13566898128537e-07	1.068379604717147e-07	-7.47153081220547e-09	-4.117098775098001e-06	-2.292562670428069e-06	1.506664571235491e-06	8.415910986598189e-07	1.006094540758022e-06	5.284777522883051e-07	1.102457425475405e-06	6.562294339966415e-07	3.97041110444219e-07	2.385422901482242e-07	-3.837969912245889e-08	-1.905540694444638e-08	7.60021001280343e-07	4.627154558098228e-07	9.86990705831325e-07	4.363946691356037e-07	2.531324881532141e-07	1.492878019180462e-07	-5.954533075400442e-07	-3.442760643420208e-07	1.047197622936974	4.702828942574672e-08	5.061805583508639e-07	2.770238425644277e-07	-1.79961886665709e-06	-1.025166166661321e-06	2.401213367588336e-06	1.371576702448599e-06	-1.433695085322565e-07	-7.70586683307899e-08	-5.105065172774332e-07	-2.580576520338054e-07	1.047197465498217	-4.854458901948977e-08	-7.535361306628595e-08	-7.65559702472081e-08
2.19	4.097924852990096e-06	2.365249499831403e-06	3.593811453198391e-07	1.767274263732894e-07	8.150762836030309e-07	5.009372710151219e-07	-9.566662399344151e-08	-4.248343982579177e-08	0.9690002115122461	1.360526078569917e-07	-5.840850459550055e-07	-3.302454199098776e-07	-4.18090196090712e-06	-2.397091600895781e-06	-1.882531724754948e-06	-1.092320244956167e-06	9.698115708842436e-07	5.916394423120101e-07	0.5483318983223596	0.5075220896064916	0.03360163483832784	-0.1024758996983777	-0.005931459402100959	-0.05530551388334921	0.03134267949166938	-0.03223447489798673	-0.02873708931787029	-0.01371251811084323	0.005747758586145059	-7.402029555162979e-05	0.9334522248809417	0.8493929217824491	0.0454207559464713	0.01990378132473834	-0.05557036362704054	-0.08458243840504046	0.003557822027346964	0.002736655503779716	-0.002432349962609739	-0.009426544332277215	-0.002636913774549	-3.970508586658491e-05	-9.694825538926301e-06	-5.943128785371811e-06	1.238745874401472e-06	6.261358252579805e-07	-2.042488704664371e-06	-1.656289806911891e-06	-5.305948607924327e-06	-2.919681544905021e-06	-1.421119134098887e-08	8.792037011874878e-09	9.861275073334145e-07	5.107986353077269e-07	0.001136677325715712	-8.130797011442381e-08	0.0443509055739181	4.686284119748031e-07	-0.4187130657866329	-5.932054557204629e-07	2.284968923615587e-07	1.0424575212604e-07	-1.24835056723495e-06	-6.436855731059675e-07	7.271451335332266e-07	4.141877545048998e-07	1.067895061241569e-07	-5.989006871550245e-09	-4.140001417621154e-06	-2.291856863062463e-06	1.515081998790386e-06	8.418855575613631e-07	1.011379842097975e-06	5.285267901143328e-07	1.109018122415533e-06	6.561178448360592e-07	3.994286576134645e-07	2.387097170648849e-07	-3.857047336943084e-08	-1.907406070245809e-08	7.646409553019861e-07	4.625612458682016e-07	9.913413692511287e-07	4.356292163293814e-07	2.546265694212655e-07	1.493565578504662e-07	-5.989008413543733e-07	-3.44628949220307e-07	1.047197623407261	4.710141464834062e-08	5.089508815980695e-07	2.772359637191893e-07	-1.80990911092369e-06	-1.027800109572232e-06	2.414924030734351e-06	1.371192626682543e-06	-1.441406001034957e-07	-7.709100418768876e-08	-5.130900300660163e-07	-2.583642691017756e-07	1.047197465012551	-4.860006042410259e-08	-7.611821250826655e-08	-7.638560048645797e-08
2.2	4.121546276813241e-06	2.36213499284778e-06	3.611645712015426e-07	1.775830978894323e-07	8.200860995567971e-07	5.005310863297546e-07	-9.609333463309559e-08	-4.266692364042831e-08	0.9690002128694362	1.357084439525635e-07	-5.873889005088926e-07	-3.304451630414977e-07	-4.20483760738287e-06	-2.393304516951676e-06	-1.893440395411082e-06	-1.090781235458156e-06	9.757331684249419e-07	5.920356551139031e-07	0.5534998926597914	0.5139829455737137	0.03258887402260304	-0.1039458814401308	-0.006475725350355428	-0.05365386315688354	0.03102454640259925	-0.03202408573663558	-0.02887010938686974	-0.01313919011024696	0.00574715660867515	-2.297402747569048e-05	0.9419655466428701	0.8532714304852241	0.04561759225956607	0.01924064938387544	-0.05639980256418849	-0.08245178979916486	0.003588053518662793	0.003103945976417201	-0.002531977955821206	-0.01002297823706836	-0.002639347969146745	-0.0001988200871754037	-9.754245585855041e-06	-5.943331580394355e-06	1.245011275423694e-06	6.256713855802309e-07	-2.059062098920455e-06	-1.659046761458499e-06	-5.335135296526656e-06	-2.918650405904226e-06	-1.413348392983965e-08	7.758304769371704e-09	9.912379681711614e-07	5.109603024265179e-07	0.001136676505084016	-8.173178492697394e-08	0.04435091026364408	4.695228019238002e-07	-0.4187130717346841	-5.947783259030424e-07	2.295515796845753e-07	1.055110316016447e-07	-1.25477305576231e-06	-6.416846564592659e-07	7.312867869042534e-07	4.147477951983265e-07	1.067490899418129e-07	-4.383531768468219e-09	-4.162904162474981e-06	-2.291038179957817e-06	1.52350221697856e-06	8.421677955827986e-07	1.016665424876076e-06	5.285678009999527e-07	1.115578106913913e-06	6.560021177012391e-07	4.018173575978172e-07	2.388802855368866e-07	-3.876139180179276e-08	-1.909384561374898e-08	7.692617522339641e-07	4.623714241757149e-07	9.956878054495297e-07	4.348041020498062e-07	2.561210761208131e-07	1.494352127801218e-07	-6.023507809139012e-07	-3.449978633307004e-07	1.047197623878411	4.717227202019854e-08	5.117236378044826e-07	2.774381283435361e-07	-1.820216454155525e-06	-1.030591706499093e-06	2.428632049532746e-06	1.370792322578543e-06	-1.449119062096096e-07	-7.712691688934031e-08	-5.156761577734284e-07	-2.586849356828555e-07	1.047197464526321	-4.865412001843839e-08	-7.688119101973056e-08	-7.62184872099201e-08
2.21	4.145151126571627e-06	2.359121806138765e-06	3.629462881493427e-07	1.784048031150949e-07	8.250913079720949e-07	5.001540315761916e-07	-9.652171617088777e-08	-4.285607819890693e-08	0.9690002142244898	1.353709375678125e-07	-5.906924455895106e-07	-3.306074330916412e-07	-4.228751086468462e-06	-2.389639323696574e-06	-1.904345507426179e-06	-1.089398299687224e-06	9.81658144256236e-07	5.924592650303638e-07	0.5587031781223097	0.5207039852117652	0.031555601194475	-0.1052759454427295	-0.007006029798509252	-0.05206275113006779	0.03070513219146156	-0.0318378452972064	-0.02899951200969698	-0.01259158076558937	0.005746585918282737	1.597226197306743e-05	0.9505176535005246	0.8571499393686463	0.04581476112528257	0.01872730101340783	-0.05720938784804822	-0.08027876579442979	0.003618781016759379	0.003422290497330635	-0.002634203064266793	-0.01058461184878125	-0.002641927115124296	-0.0003457778118560825	-9.813665917051352e-06	-5.943356555650934e-06	1.251273931957811e-06	6.253193061296727e-07	-2.075632786150265e-06	-1.661190024982222e-06	-5.364316304479268e-06	-2.917642330427709e-06	-1.405876865448217e-08	6.797575165995179e-09	9.963534331782406e-07	5.112095873066868e-07	0.0011366756786726	-8.225235466447323e-08	0.04435091497058574	4.705621658011162e-07	-0.418713077669185	-5.959032634187402e-07	2.306229760712525e-07	1.069137711391334e-07	-1.261195971958662e-06	-6.400325677434805e-07	7.354292248368457e-07	4.151663765264347e-07	1.067048966024039e-07	-3.018181146839657e-09	-4.185799618123442e-06	-2.290100174401293e-06	1.531917668113545e-06	8.422991394508941e-07	1.021943950816071e-06	5.28463299392859e-07	1.122136790293035e-06	6.558772820625199e-07	4.042052506893868e-07	2.390097288513401e-07	-3.895305786423126e-08	-1.912522328278029e-08	7.738743380507361e-07	4.62016674669037e-07	1.000027153169391e-06	4.339325105744223e-07	2.576153774113536e-07	1.495033583286721e-07	-6.058035114849127e-07	-3.453700148635408e-07	1.04719762434949	4.722561782461549e-08	5.144963131124606e-07	2.775911455530181e-07	-1.830549090545595e-06	-1.033516478513045e-06	2.442337142528816e-06	1.370391379936765e-06	-1.456834853114633e-07	-7.716437230043621e-08	-5.182636649344039e-07	-2.589834336748948e-07	1.047197464039539	-4.870744807739899e-08	-7.764486239952516e-08	-7.609771097914661e-08
2.22	4.16875438955776e-06	2.357229198584274e-06	3.647171792122834e-07	1.783470564346244e-07	8.300963789732147e-07	4.997278394434233e-07	-9.695404237722823e-08	-4.305796314442944e-08	0.9690002155780676	1.351283669180714e-07	-5.939871086838774e-07	-3.305409941704355e-07	-4.25265920131326e-06	-2.387154366275971e-06	-1.915275872745136e-06	-1.089011833216445e-06	9.875935306996991e-07	5.928851970294989e-07	0.5639917735234055	0.5252465038525671	0.03053336631044879	-0.1069014793232897	-0.007530561166596473	-0.05064013931173538	0.03037941394622156	-0.03193950188466086	-0.02913050811821954	-0.01223017821405668	0.005743776999078071	1.161963499475918e-05	0.9591085454916762	0.8610284490950408	0.04604452057911219	0.01891124824056085	-0.05798842395777943	-0.07814909601995909	0.003639756218738705	0.003447116092213015	-0.002731872069882529	-0.01085245786237232	-0.002642214996458547	-0.000369963202462041	-9.87304307460217e-06	-5.942970770042027e-06	1.257560525641326e-06	6.252749886389221e-07	-2.09206410216012e-06	-1.660252358687563e-06	-5.393496711425304e-06	-2.917025148264578e-06	-1.397075999471729e-08	6.499895141863348e-09	1.001492831907522e-06	5.118136575444294e-07	0.001136674824167243	-8.30178104048285e-08	0.04435091972638814	4.72405625066887e-07	-0.4187130834907136	-5.942179948531064e-07	2.317459897131928e-07	1.088733364797174e-07	-1.267691503958347e-06	-6.402817795922037e-07	7.395440824381945e-07	4.15105853316451e-07	1.066074568057405e-07	-3.413108041421334e-09	-4.208656837114883e-06	-2.28901585479967e-06	1.540296709092272e-06	8.416989812380855e-07	1.027184695458454e-06	5.276376502068239e-07	1.128691707832626e-06	6.557225269239673e-07	4.065841318324323e-07	2.389127077295833e-07	-3.914799810537928e-08	-1.9211995159851e-08	7.784408046617047e-07	4.609555669068243e-07	1.004347432679236e-06	4.33069642850628e-07	2.591068320413415e-07	1.49475547127801e-07	-6.092606461299262e-07	-3.456918460861551e-07	1.047197624816592	4.719762849589473e-08	5.17258382309454e-07	2.775309279379296e-07	-1.840941328171477e-06	-1.036471935351745e-06	2.456038131306361e-06	1.370055071331767e-06	-1.464555821775031e-07	-7.719485374679521e-08	-5.208473788079334e-07	-2.591081223417963e-07	1.04719746355226	-4.87628928282723e-08	-7.841891423864914e-08	-7.62036448031408e-08
2.23	4.192342303388487e-06	2.355521215192248e-06	3.664856162141747e-07	1.781862420407676e-07	8.350972077785088e-07	4.993243804659113e-07	-9.738822531664919e-08	-4.326609581746049e-08	0.9690002169295632	1.348996687543869e-07	-5.972807616746701e-07	-3.304214524848155e-07	-4.276546522086982e-06	-2.384877797947332e-06	-1.926205034219343e-06	-1.088850125887172e-06	9.935328701844316e-07	5.933364767642991e-07	0.5693197480803247	0.5298498911675952	0.02949319798761867	-0.10842267963467	-0.008041800273024523	-0.04928688987229873	0.03005200405700528	-0.03208686330667186	-0.02925831266931364	-0.0119076109918085	0.005740813879729845	-7.382855499624949e-06	0.9677382225816408	0.8649069590562143	0.04627724903036089	0.01928972712067739	-0.0587467322707774	-0.07598405751740846	0.003660389835114582	0.003403006819869872	-0.002831553559205334	-0.01106433658611806	-0.00264244871757261	-0.0003729507630313919	-9.932416964611311e-06	-5.942388126423178e-06	1.263846555523294e-06	6.253590015320541e-07	-2.108481541597977e-06	-1.658499354283111e-06	-5.422671852880155e-06	-2.916461092303724e-06	-1.388441245742153e-08	6.323442211998153e-09	1.006638781915884e-06	5.12527181114386e-07	0.001136673962058427	-8.389212780272597e-08	0.04435092450199256	4.744479281671232e-07	-0.4187130892905664	-5.918917253398184e-07	2.328885654604851e-07	1.110046365864493e-07	-1.274193363553301e-06	-6.410067027463418e-07	7.436574063423266e-07	4.148762750476869e-07	1.065021967329219e-07	-4.172401315594072e-09	-4.231504237569998e-06	-2.287810006726973e-06	1.548668396831355e-06	8.409004758659927e-07	1.032415872156889e-06	5.266194419517686e-07	1.135245122811711e-06	6.555569624016844e-07	4.08961535484619e-07	2.387594136965628e-07	-3.934389247107562e-08	-1.931393968116166e-08	7.829959619344444e-07	4.596852802950287e-07	1.008659644608737e-06	4.321648094968521e-07	2.605978653931973e-07	1.494302429441821e-07	-6.127207036218006e-07	-3.460125374651022e-07	1.047197625283304	4.714691130849994e-08	5.200195103838406e-07	2.774081520665833e-07	-1.851361662950048e-06	-1.039552190762513e-06	2.469736097969788e-06	1.369723458907519e-06	-1.472279720441739e-07	-7.722618183599087e-08	-5.234320493676158e-07	-2.591982488431836e-07	1.047197463064434	-4.881783882899433e-08	-7.919445071158161e-08	-7.637065753407977e-08
2.24	4.215914868063813e-06	2.353997855962687e-06	3.68251599155017e-07	1.779223599335243e-07	8.400937943879776e-07	4.989436546436556e-07	-9.782426498915068e-08	-4.348047621800011e-08	0.9690002182789764	1.346848430767588e-07	-6.00573404561889e-07	-3.302488080347814e-07	-4.300413048789634e-06	-2.382809618710656e-06	-1.937132991848802e-06	-1.088913177699406e-06	9.994761627104339e-07	5.938131042347642e-07	0.5746871017930678	0.5345141471568494	0.02843509622598454	-0.1098395463768705	-0.008539747117793444	-0.04800300281175768	0.0297229025238127	-0.03227992956323943	-0.02938292566297929	-0.0116238790988448	0.005737696560238062	-4.103520951008666e-05	0.9764066847704191	0.8687854692521669	0.04651294647902869	0.01986273765375748	-0.05948431278704218	-0.07378365028677764	0.00368068186588701	0.003289962680301203	-0.002933247532235216	-0.01122024802001849	-0.002642628278466488	-0.0003547404935641355	-9.991787587078777e-06	-5.941608624794389e-06	1.270132021603715e-06	6.255713448090687e-07	-2.124885104463837e-06	-1.655931011768867e-06	-5.451841728843823e-06	-2.915950162545144e-06	-1.379972604259486e-08	6.26821637639958e-09	1.011791283203328e-06	5.133501580165566e-07	0.001136673092346153	-8.487530685816572e-08	0.044350929297399	4.76689075101825e-07	-0.4187130950687432	-5.889244548788762e-07	2.340507033131294e-07	1.133076714593291e-07	-1.280701550743523e-06	-6.422073372058946e-07	7.47769196549242e-07	4.144776417201422e-07	1.063891163839479e-07	-5.296060969357928e-09	-4.25434181948879e-06	-2.2864826301832e-06	1.557032731330794e-06	8.399036233346157e-07	1.037637480911374e-06	5.254086746276931e-07	1.14179703523029e-06	6.553805884956714e-07	4.113374616459474e-07	2.385498467522787e-07	-3.954074096132032e-08	-1.943105684671226e-08	7.875398098689557e-07	4.5820581483365e-07	1.012963788957896e-06	4.312180105130945e-07	2.620884774669211e-07	1.493674457778153e-07	-6.161836839605363e-07	-3.463320890003822e-07	1.047197625749626	4.707346626243115e-08	5.227796973356208e-07	2.772228179389792e-07	-1.861810094881309e-06	-1.042757244745348e-06	2.483431042519098e-06	1.369396542664021e-06	-1.480006549114759e-07	-7.725835656802315e-08	-5.260176766134516e-07	-2.592538131790569e-07	1.047197462576061	-4.887228607956508e-08	-7.997147181832268e-08	-7.659874917196354e-08
2.25	4.239472083583733e-06	2.352659120895592e-06	3.700151280348099e-07	1.775554101128946e-07	8.450861388016207e-07	4.985856619766564e-07	-9.826216139473266e-08	-4.370110434604828e-08	0.9690002196263074	1.344838898851874e-07	-6.038650373455337e-07	-3.300230608203331e-07	-4.32425878142121e-06	-2.380949828565944e-06	-1.948059745633511e-06	-1.089200988653145e-06	1.005423408277705e-06	5.943150794408944e-07	0.5800938346616343	0.5392392718203296	0.02735906102554649	-0.1111520795498912	-0.009024401700903194	-0.04678847813011239	0.02939210934664382	-0.03251870065436353	-0.02950434709921647	-0.01137898253516562	0.00573442504060272	-8.933742703662302e-05	0.9851139320580105	0.8726639796828983	0.04675161292511557	0.02063027983980107	-0.0602011655065737	-0.07154787432806688	0.00370063231105599	0.003107983673507015	-0.003036953988972166	-0.0113201921640736	-0.00264275367914018	-0.0003153323940602732	-1.005115494200456e-05	-5.940632265155658e-06	1.276416923882591e-06	6.259120184699662e-07	-2.141274790757697e-06	-1.652547331144831e-06	-5.481006339316308e-06	-2.915492358988838e-06	-1.371670075023731e-08	6.334217635067634e-09	1.016950335769852e-06	5.142825882509411e-07	0.001136672215030419	-8.596734757114767e-08	0.04435093411260746	4.791290658709921e-07	-0.4187131008252439	-5.853161834702799e-07	2.352324032711257e-07	1.157824410983566e-07	-1.287216065529013e-06	-6.438836829708619e-07	7.518794530589407e-07	4.139099533338171e-07	1.062682157588187e-07	-6.784087002712808e-09	-4.277169582871255e-06	-2.285033725168353e-06	1.565389712590589e-06	8.387084236439546e-07	1.042849521721911e-06	5.240053482345975e-07	1.148347445088364e-06	6.551934052059283e-07	4.137119103164172e-07	2.38284006896731e-07	-3.973854357611334e-08	-1.956334665650279e-08	7.920723484652381e-07	4.565171705226883e-07	1.017259865726712e-06	4.302292458993556e-07	2.635786682625126e-07	1.492871556287007e-07	-6.196495871461329e-07	-3.46650500691995e-07	1.047197626215559	4.697729335768833e-08	5.255389431647939e-07	2.769749255551172e-07	-1.872286623965259e-06	-1.04608709730025e-06	2.497122964954289e-06	1.369074322601273e-06	-1.48773630779409e-07	-7.729137794289209e-08	-5.286042605454406e-07	-2.592748153494161e-07	1.047197462087141	-4.892623457998453e-08	-8.074997755887226e-08	-7.688791971679211e-08
2.26	4.263013949948253e-06	2.351505009990962e-06	3.717762028535537e-07	1.770853925788786e-07	8.500742410194385e-07	4.982504024649134e-07	-9.870191453339517e-08	-4.392798020160501e-08	0.9690002209715561	1.342968091796724e-07	-6.071556600256044e-07	-3.297442108414704e-07	-4.348083719981714e-06	-2.379298427513195e-06	-1.958985295573472e-06	-1.089713558748391e-06	1.011374606886247e-06	5.948424023826899e-07	0.5855399466860247	0.5440252651580362	0.02626509238630442	-0.1123602791537321	-0.009495764022353815	-0.04564331582736272	0.02905962452549864	-0.0328031765800442	-0.02962257697802519	-0.01117292130077093	0.005730999320823818	-0.0001522895080792384	0.9938599644444155	0.8765424903484089	0.04699324836862154	0.02159235367880823	-0.06089729042937204	-0.06927672964127594	0.003720241170621522	0.002857069799487294	-0.003142672929416195	-0.01136416901828339	-0.002642824919593686	-0.0002547264645198016	-1.011051902938868e-05	-5.939459047506988e-06	1.282701262359919e-06	6.263810225147461e-07	-2.157650600479559e-06	-1.648348312411002e-06	-5.51016568429761e-06	-2.915087681634808e-06	-1.363533658034887e-08	6.521445988002322e-09	1.022115939615458e-06	5.153244718175399e-07	0.001136671330111228	-8.716824994167191e-08	0.04435093894761795	4.817679004746249e-07	-0.4187131065600687	-5.810669111140292e-07	2.36433665334474e-07	1.184289455035322e-07	-1.293736907909771e-06	-6.460357400412442e-07	7.559881758714231e-07	4.131732098887114e-07	1.061394948575343e-07	-8.636479415658843e-09	-4.299987527717397e-06	-2.283463291682431e-06	1.57373934061074e-06	8.373148767940094e-07	1.048051994588498e-06	5.224094627724816e-07	1.154896352385932e-06	6.549954125324552e-07	4.160848814960286e-07	2.379618941299197e-07	-3.993730031545472e-08	-1.971080911053328e-08	7.96593577723292e-07	4.546193473621436e-07	1.021547874915185e-06	4.291985156556349e-07	2.650684377799721e-07	1.491893724968382e-07	-6.23118413178591e-07	-3.469677725399408e-07	1.047197626681102	4.68583925942715e-08	5.282972478713605e-07	2.766644749149973e-07	-1.882791250201899e-06	-1.049541748427221e-06	2.510811865275364e-06	1.368756798719276e-06	-1.495468996479733e-07	-7.732524596059765e-08	-5.311918011635828e-07	-2.592612553542611e-07	1.047197461597674	-4.897968433025272e-08	-8.152996793323041e-08	-7.723816916856547e-08
2.27	4.286540467157368e-06	2.350535523248798e-06	3.735348236112483e-07	1.765123073314761e-07	8.550581010414304e-07	4.979378761084268e-07	-9.914352440513817e-08	-4.41611037846703e-08	0.9690002223147226	1.34123600960214e-07	-6.10445272602101e-07	-3.294122580981937e-07	-4.371887864471142e-06	-2.377855415552409e-06	-1.969909641668683e-06	-1.090450887985143e-06	1.017329758536058e-06	5.953950730601502e-07	0.5910254378662386	0.5488721271699687	0.02515319030825844	-0.1134641451883931	-0.009953834082145263	-0.04456751590350877	0.02872544806037718	-0.0331333573402814	-0.02973761529940545	-0.01100569539566074	0.005727419400901357	-0.0002298914526379269	1.002644781929634	0.8804210012486983	0.04723785280954661	0.02274895917077887	-0.06157268755543713	-0.06697021622640505	0.003739508444583604	0.002537221058242063	-0.003250404353567291	-0.01135217858264786	-0.002642841999827006	-0.0001729227049427262	-1.016987984923112e-05	-5.938088971848375e-06	1.288985037035702e-06	6.269783569434088e-07	-2.174012533629423e-06	-1.643333955567381e-06	-5.539319763787726e-06	-2.914736130483053e-06	-1.355563353292953e-08	6.829901435203625e-09	1.027288094740144e-06	5.164758087163525e-07	0.001136670437588578	-8.847801396973831e-08	0.04435094380243045	4.84605578912723e-07	-0.4187131122732176	-5.761766378101244e-07	2.376544895031744e-07	1.212471846748554e-07	-1.300264077885796e-06	-6.48663508417041e-07	7.600953649866884e-07	4.122674113848253e-07	1.060029536800945e-07	-1.085323820819587e-08	-4.322795654027211e-06	-2.281771329725433e-06	1.582081615391247e-06	8.357229827847802e-07	1.053244899511137e-06	5.206210182413458e-07	1.161443757122994e-06	6.547866104752519e-07	4.184563751847813e-07	2.375835084518448e-07	-4.013701117934442e-08	-1.98734442088037e-08	8.011034976431171e-07	4.525123453520159e-07	1.025827816523314e-06	4.281258197819327e-07	2.665577860192994e-07	1.490740963822279e-07	-6.2659016205791e-07	-3.472839045442195e-07	1.047197627146255	4.671676397218067e-08	5.310546114553203e-07	2.762914660186195e-07	-1.893323973591229e-06	-1.053121198126258e-06	2.52449774348232e-06	1.368443971018029e-06	-1.503204615171686e-07	-7.735996062113986e-08	-5.337802984678782e-07	-2.592131331935921e-07	1.047197461107661	-4.903263533036962e-08	-8.231144294139708e-08	-7.764949752728362e-08
2.28	4.31005163521108e-06	2.349750660669098e-06	3.752909903078937e-07	1.758361543706873e-07	8.600377188675972e-07	4.976480829071966e-07	-9.958699100996173e-08	-4.440047509524414e-08	0.9690002236558067	1.33964265226812e-07	-6.137338750750239e-07	-3.290272025905027e-07	-4.395671214889499e-06	-2.376620792683586e-06	-1.980832783919147e-06	-1.091412976363402e-06	1.023288863227138e-06	5.959730914732757e-07	0.5965503082022764	0.5537798578561276	0.02402335479140844	-0.1144636776538744	-0.01039861188027758	-0.04356107835855046	0.0283895799512794	-0.03350924293507516	-0.02984946206335725	-0.01087730481983506	0.005723685280835338	-0.0003221432607126958	1.011468384513665	0.8842995123837667	0.04748542624789077	0.02410009631571309	-0.06222735688476904	-0.06462833408345399	0.003758434132942238	0.002148437449771293	-0.003360148261425466	-0.01128422085716701	-0.002642804919840139	-6.992111532903953e-05	-1.022923740153188e-05	-5.936522038179823e-06	1.295268247909938e-06	6.277040217559542e-07	-2.190360590207289e-06	-1.637504260613968e-06	-5.568468577786661e-06	-2.914437705533573e-06	-1.34775916079793e-08	7.259583976671571e-09	1.032466801143912e-06	5.177365989473793e-07	0.001136669537462469	-8.989663965534702e-08	0.04435094867704498	4.876421011852866e-07	-0.4187131179646905	-5.706453635585653e-07	2.388948757772267e-07	1.242371586123267e-07	-1.30679757545709e-06	-6.517669880982527e-07	7.642010204047374e-07	4.111925578221586e-07	1.058585922264995e-07	-1.343436338032408e-08	-4.345593961800703e-06	-2.279957839297361e-06	1.590416536932111e-06	8.339327416162668e-07	1.058428236489826e-06	5.186400146411895e-07	1.16798965929955e-06	6.545669990343186e-07	4.208263913826756e-07	2.371488498625063e-07	-4.033767616778247e-08	-2.005125195131407e-08	8.056021082247137e-07	4.501961644923051e-07	1.030099690551101e-06	4.27011158278249e-07	2.680467129804947e-07	1.489413272848698e-07	-6.300648337840903e-07	-3.47598896704831e-07	1.047197627611018	4.655240749141582e-08	5.338110339166735e-07	2.758558988659839e-07	-1.903884794133249e-06	-1.056825446397363e-06	2.538180599575159e-06	1.368135839497533e-06	-1.510943163869951e-07	-7.739552192451872e-08	-5.363697524583269e-07	-2.59130448867409e-07	1.047197460617101	-4.908508758033523e-08	-8.309440258337231e-08	-7.812190479294658e-08
2.29	4.333563848609551e-06	2.349166560652362e-06	3.770396887125789e-07	1.75129131513188e-07	8.650239569252943e-07	4.975446373588951e-07	-1.000269094606304e-07	-4.452775110293401e-08	0.9690002249966141	1.338322928483506e-07	-6.170195423744511e-07	-3.286497547227395e-07	-4.419457823041598e-06	-2.375719113473956e-06	-1.991789510726471e-06	-1.092873114052173e-06	1.029251789079769e-06	5.965191025206852e-07	0.6021196557172003	0.5586207800700775	0.02287462162193852	-0.1156103538471395	-0.01084276796336358	-0.04274730121431252	0.02805058743957132	-0.03388093963726798	-0.02995874421889166	-0.01073141007227746	0.005719180130972237	-0.0004142043333461461	1.020330772198947	0.8881780233694637	0.04775479972118072	0.02564608468205875	-0.06285394443796452	-0.06218953025988552	0.003773674974767709	0.001750911692370588	-0.003468050826203465	-0.01118409485849726	-0.002640760523681388	5.546682274640963e-05	-1.028860725287857e-05	-5.935450164804878e-06	1.3015674233289e-06	6.286214670642887e-07	-2.206724035650993e-06	-1.632929870919634e-06	-5.59758376000042e-06	-2.913562557930342e-06	-1.339904604814266e-08	7.638541428681663e-09	1.037630943335602e-06	5.184987378010199e-07	0.001136668626651928	-9.126975916969845e-08	0.0443509535540721	4.901812817548058e-07	-0.4187131236483126	-5.659028559897122e-07	2.401323575929042e-07	1.266338741364323e-07	-1.313336005404104e-06	-6.544590327228216e-07	7.683155049113516e-07	4.104601498852977e-07	1.057146765387528e-07	-1.557921143981205e-08	-4.368370449432173e-06	-2.278048527549328e-06	1.598728847743805e-06	8.320156691554019e-07	1.063601490906622e-06	5.168091639689744e-07	1.174533123574624e-06	6.543405784545101e-07	4.231944187667163e-07	2.367489908522132e-07	-4.053849408510907e-08	-2.020084234208738e-08	8.101217392260069e-07	4.486844781284051e-07	1.034381649604521e-06	4.262932149728572e-07	2.695364857793177e-07	1.488468878625639e-07	-6.335335470891343e-07	-3.477400267515851e-07	1.047197628075745	4.64144832037061e-08	5.365668402829555e-07	2.754800536177201e-07	-1.914420980778063e-06	-1.059377562083757e-06	2.551856294675705e-06	1.367750136658436e-06	-1.518704199943159e-07	-7.746745033342958e-08	-5.389580399232913e-07	-2.590349355403863e-07	1.047197460127023	-4.911820782068988e-08	-8.387970705644093e-08	-7.856016898078715e-08
2.3	4.357100849119197e-06	2.348806594093163e-06	3.787736574450938e-07	1.744957923398819e-07	8.700325456857427e-07	4.978644785069309e-07	-1.004554526462862e-07	-4.437155283574057e-08	0.9690002263397596	1.33747220685032e-07	-6.202994867020391e-07	-3.283678325298847e-07	-4.443282519652757e-06	-2.375330752159487e-06	-2.002830201065113e-06	-1.095227067393307e-06	1.035218345111761e-06	5.969500471639118e-07	0.607740863135188	0.5632099975992477	0.02170559446943492	-0.1172683517049193	-0.01130465123835605	-0.04230473903509634	0.02770639566963183	-0.03417619362979007	-0.03006636968493433	-0.01048642286058808	0.005713010686777853	-0.0004845831928844212	1.029231944989006	0.8920565336494803	0.04807324347796686	0.02738738705424795	-0.06344180051790131	-0.05956466658090015	0.003780389412265197	0.001431812131730605	-0.00356853111194867	-0.01108626523568168	-0.002633880340100298	0.0002049622673884318	-1.034801194609248e-05	-5.93587535621148e-06	1.307906498888829e-06	6.298225784227681e-07	-2.223145250831088e-06	-1.632609397646839e-06	-5.626624231657513e-06	-2.911198569324671e-06	-1.331686195067977e-08	7.717760491659025e-09	1.042749942825241e-06	5.178815958084028e-07	0.001136667700695229	-9.237382407295917e-08	0.04435095840832923	4.91214936519999e-07	-0.4187131293441049	-5.64019639289706e-07	2.413343998986446e-07	1.273295030611217e-07	-1.319877347233607e-06	-6.554549174443582e-07	7.724538254196427e-07	4.108109195059041e-07	1.055831771213815e-07	-1.61283270458476e-08	-4.391107736744354e-06	-2.276080622403556e-06	1.606996452626797e-06	8.300753314146142e-07	1.068763917515315e-06	5.156247660873641e-07	1.181072795430131e-06	6.541131417077382e-07	4.255597168622943e-07	2.365158184422353e-07	-4.073830467635965e-08	-2.025937997053015e-08	8.147092091259552e-07	4.494452417056045e-07	1.03869998145854e-06	4.266072717515843e-07	2.710289393949443e-07	1.48871617938968e-07	-6.369834405263283e-07	-3.47457166180856e-07	1.047197628540948	4.637418245087218e-08	5.393225012441996e-07	2.753410108180315e-07	-1.924856170827392e-06	-1.058928351800438e-06	2.565518835049605e-06	1.36716772646526e-06	-1.526516045479399e-07	-7.762718495976167e-08	-5.415420861246436e-07	-2.589580661890727e-07	1.047197459638918	-4.910472258518133e-08	-8.466860205902658e-08	-7.882639396116414e-08
2.31	4.38063437309601e-06	2.348642938855909e-06	3.805015408944735e-07	1.738116699034131e-07	8.750447586384165e-07	4.98325539690482e-07	-1.00881938436166e-07	-4.413590025454296e-08	0.9690002276821302	1.336857908691746e-07	-6.235770268226421e-07	-3.280767730311301e-07	-4.467103840107254e-06	-2.375240980269487e-06	-2.013894880737083e-06	-1.098003692041383e-06	1.041188758679937e-06	5.973648039385246e-07	0.6134051416119588	0.5677676221505492	0.02051793561062308	-0.1190041316421756	-0.01176241804943765	-0.04202082959813571	0.0273594746758981	-0.03448102025489708	-0.03017125761952705	-0.01023947085468713	0.005706240344730743	-0.0005588646026098684	1.038171902879644	0.8959350438860804	0.04840829335431177	0.02932345250552094	-0.06400360317232887	-0.05685985855602194	0.003784341130561118	0.001087368262810757	-0.00366823300455583	-0.01094970317248074	-0.002625531553455213	0.0003765162472144043	-1.040742464482687e-05	-5.936604765260653e-06	1.314256980198892e-06	6.31197969673999e-07	-2.239573782979353e-06	-1.632973111528803e-06	-5.655638895428172e-06	-2.908431580923598e-06	-1.323477129464781e-08	7.793681755980455e-09	1.047860202108743e-06	5.169335278971611e-07	0.001136666764903883	-9.347496003630887e-08	0.04435096326979525	4.919432692077458e-07	-0.4187131350282332	-5.625308354252168e-07	2.42539734400383e-07	1.276428714975687e-07	-1.326424006263737e-06	-6.562840569270015e-07	7.765981167867041e-07	4.113630543008337e-07	1.054498435570979e-07	-1.646199641741057e-08	-4.413826514158276e-06	-2.2740098054752e-06	1.615245655051647e-06	8.279884371081782e-07	1.073916403502358e-06	5.144959954278321e-07	1.187610287366854e-06	6.53877792487595e-07	4.279231671754604e-07	2.36292326293895e-07	-4.093848917967402e-08	-2.030166793448776e-08	8.193087823571545e-07	4.507309117007616e-07	1.043023391545585e-06	4.271970503850677e-07	2.725218893564601e-07	1.489192808669152e-07	-6.404298251447748e-07	-3.470480831898101e-07	1.047197629006017	4.63467547258726e-08	5.420774564623369e-07	2.752279630074068e-07	-1.935281271085809e-06	-1.057679207921654e-06	2.579175356003099e-06	1.366530435706987e-06	-1.534344984140916e-07	-7.781348955339125e-08	-5.441255514178245e-07	-2.588623734662828e-07	1.047197459151012	-4.907709986829517e-08	-8.545960463589448e-08	-7.908473968116188e-08
2.32	4.404164420539987e-06	2.348675594940598e-06	3.822233390607179e-07	1.730767642037817e-07	8.800605957833159e-07	4.989278209095485e-07	-1.013063668302699e-07	-4.382079335934117e-08	0.9690002290237262	1.336480034007783e-07	-6.268521627362603e-07	-3.277765762264753e-07	-4.490921784405093e-06	-2.375449797803958e-06	-2.024983549742381e-06	-1.101202987996401e-06	1.047163029784298e-06	5.977633728445236e-07	0.6191124911475127	0.5722936537239822	0.01931164504550293	-0.1208176936589085	-0.01221606839660841	-0.04189557290343058	0.02700982445837011	-0.03479541951258901	-0.03027340802266981	-0.009990554054574594	0.005698869104830902	-0.0006370485625224905	1.047150645870859	0.8998135540792641	0.04875994935021543	0.03145428103587782	-0.06453935240124724	-0.05407510618525076	0.003785530129655476	0.0007175800856110302	-0.003767156504024948	-0.01077440866889445	-0.002615714163746132	0.0005701287622243327	-1.046684534908174e-05	-5.937638391952396e-06	1.32061886725909e-06	6.327476408179813e-07	-2.256009632095789e-06	-1.634021012565526e-06	-5.684627751312402e-06	-2.905261592727124e-06	-1.315277408004676e-08	7.866305221645957e-09	1.052961721186108e-06	5.156545340672948e-07	0.001136665819277888	-9.457316705974761e-08	0.04435096813847016	4.923662798180465e-07	-0.4187131407006975	-5.614364443962448e-07	2.437483610981193e-07	1.275739794457734e-07	-1.332975982494495e-06	-6.569464511707514e-07	7.807483790125362e-07	4.121165542700865e-07	1.05314675845902e-07	-1.658021955450098e-08	-4.436526781673937e-06	-2.271836076764261e-06	1.623476455018354e-06	8.257549862360938e-07	1.079058948867751e-06	5.134228519903785e-07	1.194145599384794e-06	6.536345307940804e-07	4.302847697062148e-07	2.360785144071922e-07	-4.113904759505217e-08	-2.032770623396022e-08	8.23920458919605e-07	4.525414881138765e-07	1.047351879865655e-06	4.280625508733075e-07	2.740153356638654e-07	1.489898766464055e-07	-6.438727009444741e-07	-3.465127777784475e-07	1.047197629470952	4.633220002870736e-08	5.448317059373677e-07	2.751409101858459e-07	-1.945696281553316e-06	-1.055630130447406e-06	2.592825857536188e-06	1.365838264383618e-06	-1.542191015927713e-07	-7.802636411431833e-08	-5.467084358028338e-07	-2.587478573720164e-07	1.047197458663305	-4.903533967003138e-08	-8.625271478704466e-08	-7.933520614078034e-08
2.33	4.427690991451131e-06	2.348904562347231e-06	3.839390519438271e-07	1.722910752409876e-07	8.850800571204411e-07	4.996713221641303e-07	-1.01728737828598e-07	-4.342623215013519e-08	0.9690002303645473	1.33633858279843e-07	-6.301248944428938e-07	-3.274672421159206e-07	-4.514736352546274e-06	-2.375957204762898e-06	-2.036096208081008e-06	-1.104824955258362e-06	1.053141158424843e-06	5.981457538819089e-07	0.6248629117418502	0.5767880923195469	0.01808672277407443	-0.122709037755118	-0.01266560227986835	-0.04192896895098097	0.02665744501704785	-0.03511939140286589	-0.03037282089436261	-0.009739672460250459	0.005690896967078334	-0.0007191350726222915	1.056168173962652	0.9036920642290318	0.04912821146567789	0.03377987264531867	-0.06504904820465644	-0.05121040946858647	0.003783956409548269	0.0003224476001314068	-0.00386530161035603	-0.01056038172492279	-0.002604428170973057	0.0007857998124182274	-1.052627405885709e-05	-5.93897623628671e-06	1.326992160069424e-06	6.344715918547154e-07	-2.272452798180398e-06	-1.635753100757007e-06	-5.713590799310201e-06	-2.901688604735248e-06	-1.307087030687664e-08	7.935630888655536e-09	1.058054500057337e-06	5.140446143188038e-07	0.001136664863817245	-9.566844514327543e-08	0.04435097301435395	4.92483968350901e-07	-0.4187131463614979	-5.607364662027897e-07	2.449602799918538e-07	1.271228269057356e-07	-1.339533275925881e-06	-6.574421001756081e-07	7.849046120971392e-07	4.130714194136626e-07	1.051776739877938e-07	-1.648299645711884e-08	-4.459208539291339e-06	-2.269559436270738e-06	1.631688852526919e-06	8.233749787983607e-07	1.084191553611494e-06	5.124053357750032e-07	1.200678731483952e-06	6.533833566271945e-07	4.326445244545576e-07	2.358743827821268e-07	-4.133997992249411e-08	-2.033749486894752e-08	8.28544238813307e-07	4.548769709449493e-07	1.051685446418752e-06	4.292037732163037e-07	2.7550927831716e-07	1.490834052774388e-07	-6.47312067925426e-07	-3.45851249946768e-07	1.047197629935754	4.633051835937645e-08	5.475852496692922e-07	2.750798523533488e-07	-1.956101202229912e-06	-1.052781119377693e-06	2.606470339648871e-06	1.365091212495152e-06	-1.550054140839789e-07	-7.826580864254294e-08	-5.492907392796721e-07	-2.586145179062736e-07	1.047197458175796	-4.897944199038998e-08	-8.704793251247717e-08	-7.957779334001957e-08
2.34	4.451214085829442e-06	2.349329841075808e-06	3.856486795438011e-07	1.714546030150311e-07	8.901031426497916e-07	5.005560434542275e-07	-1.021490514311501e-07	-4.295221662692503e-08	0.9690002317045937	1.336433555063689e-07	-6.333952219425422e-07	-3.271487706994659e-07	-4.538547544530795e-06	-2.376763201146307e-06	-2.047232855752964e-06	-1.108869593827264e-06	1.059123144601571e-06	5.985119470506805e-07	0.6306564033949705	0.5812509379372428	0.01684316879633767	-0.124678163930804	-0.01311101969921743	-0.04212101774078689	0.02630233635193136	-0.03545293592572768	-0.03046949623460546	-0.009486826071714747	0.005682323931473037	-0.0008051241329092642	1.065224487155023	0.9075705743353829	0.04951307970069908	0.03630022733384329	-0.06553269058255641	-0.04826576840602934	0.003779619970239497	-9.802919362807751e-05	-0.003962668323549067	-0.01030762234056578	-0.002591673575135986	0.001023529397796069	-1.058571077415293e-05	-5.940618298263595e-06	1.333376858629892e-06	6.363698227842009e-07	-2.288903281233177e-06	-1.638169376103246e-06	-5.742528039421569e-06	-2.897712616947971e-06	-1.298905997513743e-08	8.001658757009187e-09	1.063138538722428e-06	5.121037686516881e-07	0.001136663898521954	-9.676079428689221e-08	0.04435097789744663	4.922963348063093e-07	-0.4187131520106341	-5.604309008448518e-07	2.461754910815861e-07	1.262894138774556e-07	-1.346095886557894e-06	-6.577710039415717e-07	7.890668160405127e-07	4.142276497315619e-07	1.050388379827733e-07	-1.617032712526415e-08	-4.481871787010481e-06	-2.267179883994632e-06	1.639882847577341e-06	8.208484147949794e-07	1.089314217733586e-06	5.114434467817062e-07	1.207209683664327e-06	6.531242699869371e-07	4.350024314204886e-07	2.35679931418699e-07	-4.154128616199985e-08	-2.033103383944966e-08	8.3318012203826e-07	4.577373601939797e-07	1.056024091204874e-06	4.306207174140561e-07	2.770037173163439e-07	1.491998667600153e-07	-6.507479260876307e-07	-3.450634996947718e-07	1.047197630400422	4.634170971787987e-08	5.503380876581098e-07	2.750447895099156e-07	-1.966496033115597e-06	-1.049132174712515e-06	2.620108802341148e-06	1.364289280041589e-06	-1.557934358877143e-07	-7.853182313806503e-08	-5.518724618483389e-07	-2.584623550690545e-07	1.047197457688485	-4.890940682937096e-08	-8.784525781219195e-08	-7.981250127887953e-08
2.35	4.474733703674918e-06	2.34995143112633e-06	3.873522218606399e-07	1.705673475259119e-07	8.951298523713679e-07	5.015819847798399e-07	-1.025673076379263e-07	-4.239874678971067e-08	0.9690002330438654	1.33676495080356e-07	-6.366631452352061e-07	-3.268211619771111e-07	-4.562355360358659e-06	-2.377867786954186e-06	-2.058393492758248e-06	-1.113336903703108e-06	1.065108988314484e-06	5.988619523508383e-07	0.6364929661068744	0.5856821905770705	0.01558098311229256	-0.1267250721859666	-0.01355232065465567	-0.04247171927284833	0.02594449846302059	-0.03579605308117441	-0.03056343404339835	-0.009232014888967436	0.005673149998015012	-0.0008950157433834158	1.074319585447971	0.9114490843983178	0.04991455405527908	0.03901534510145192	-0.06599027953494722	-0.04524118299757911	0.003772520811729159	-0.0005438502956674606	-0.004059256643604067	-0.01001613051582341	-0.002577450376234919	0.001283317518357879	-1.064515549496926e-05	-5.94256457788305e-06	1.339772962940496e-06	6.38442333606438e-07	-2.305361081254128e-06	-1.641269838604245e-06	-5.771439471646506e-06	-2.893333629365292e-06	-1.290734308482915e-08	8.064388826706914e-09	1.068213837181383e-06	5.098319970659479e-07	0.001136662923392015	-9.78502144905981e-08	0.0443509827877482	4.918033791842714e-07	-0.4187131576481065	-5.605197483224307e-07	2.473939943673165e-07	1.250737403609331e-07	-1.352663814390535e-06	-6.579331624686418e-07	7.932349908426571e-07	4.155852452237845e-07	1.048981678308405e-07	-1.564221155893688e-08	-4.504516524831364e-06	-2.264697419935943e-06	1.64805844016962e-06	8.181752942259493e-07	1.094426941234027e-06	5.105371850104876e-07	1.213738455925919e-06	6.528572708733084e-07	4.37358490604008e-07	2.354951603169087e-07	-4.174296631356938e-08	-2.030832314546664e-08	8.378281085944644e-07	4.611226558609681e-07	1.060367814224021e-06	4.32313383466565e-07	2.784986526614173e-07	1.493392610941348e-07	-6.54180275431088e-07	-3.441495270224588e-07	1.047197630864956	4.636577410421764e-08	5.530902199038211e-07	2.750357216555462e-07	-1.976880774210372e-06	-1.044683296451872e-06	2.63374124561302e-06	1.36343246702293e-06	-1.565831670039776e-07	-7.882440760088467e-08	-5.544536035088344e-07	-2.58291368860359e-07	1.047197457201373	-4.882523418697432e-08	-8.864469068618905e-08	-8.003932995736025e-08
2.36	4.49824984498756e-06	2.350769332498795e-06	3.890496788943434e-07	1.6962930877363e-07	9.001601862851697e-07	5.027491461409677e-07	-1.029835064489267e-07	-4.176582263849215e-08	0.9690002343823624	1.337332770018041e-07	-6.39928664320885e-07	-3.264844159488564e-07	-4.586159800029861e-06	-2.379270962186535e-06	-2.069578119096861e-06	-1.118226884885895e-06	1.071098689563581e-06	5.991957697823824e-07	0.6423725998775612	0.5900818502390294	0.0143001657219392	-0.1288497625206057	-0.01398950514618306	-0.04298107354716527	0.02558393135031558	-0.03614874286920605	-0.03065463432074128	-0.008975238912008552	0.005663375166704258	-0.0009888099040447388	1.083453468841498	0.9153275944178364	0.05033263452941782	0.04192522594814429	-0.0664218150618288	-0.04213665324323604	0.003762658934017258	-0.001015015705986703	-0.004155066570521022	-0.009685906250695684	-0.002561758574269858	0.001565164174103633	-1.070460822130606e-05	-5.944815075145076e-06	1.346180473001235e-06	6.406891243214266e-07	-2.32182619824325e-06	-1.645054488260001e-06	-5.800325095985011e-06	-2.888551641987212e-06	-1.282571963595179e-08	8.12382109774871e-09	1.073280395434201e-06	5.072292995615828e-07	0.001136661938427428	-9.893670575439296e-08	0.04435098768525865	4.910051014847873e-07	-0.4187131632739147	-5.610030086355269e-07	2.486157898490449e-07	1.234758063561682e-07	-1.359237059423804e-06	-6.579285757568188e-07	7.97409136503572e-07	4.171442058903304e-07	1.047556635319954e-07	-1.489864975813707e-08	-4.527142752753986e-06	-2.262112044094669e-06	1.656215630303757e-06	8.153556170912709e-07	1.099529724112819e-06	5.096865504613473e-07	1.220265048268728e-06	6.525823592863083e-07	4.397127020051155e-07	2.353200694767559e-07	-4.194502037720269e-08	-2.026936278699846e-08	8.424881984819198e-07	4.650328579459141e-07	1.064716615476194e-06	4.342817713738302e-07	2.799940843523799e-07	1.495015882797975e-07	-6.57609115955798e-07	-3.43109331929829e-07	1.047197631329357	4.640271151838973e-08	5.558416464064259e-07	2.750526487902406e-07	-1.987255425514235e-06	-1.039434484595765e-06	2.647367669464486e-06	1.362520773439174e-06	-1.573746074327688e-07	-7.914356203100177e-08	-5.570341642611584e-07	-2.581015592801871e-07	1.04719745671446	-4.872692406320006e-08	-8.944623113446842e-08	-8.025827937546168e-08
2.37	4.521766383951212e-06	2.351302876537569e-06	3.907141019889931e-07	1.682761933314082e-07	9.051603593399549e-07	5.030215156397416e-07	-1.034361598501708e-07	-4.200245385950663e-08	0.9690002357255428	1.338528058376117e-07	-6.431925614373982e-07	-3.261902381081925e-07	-4.609958623652198e-06	-2.380094515130438e-06	-2.080653205900283e-06	-1.119797869902605e-06	1.077070308788627e-06	5.991283305033577e-07	0.6482881444719517	0.5943295286807242	0.01301435078002509	-0.1306239154118051	-0.01439301256592173	-0.0426412354854223	0.02522095895426184	-0.03647180435667207	-0.0307425363159632	-0.008703888074344928	0.005652683183396979	-0.001078785944083138	1.092626137365074	0.9192061050228568	0.05078110049728637	0.04471874640933143	-0.06681895413213033	-0.0390249944978416	0.003750517306117617	-0.001419134931982968	-0.004249713422164755	-0.009424870155023352	-0.002542945764557135	0.001837276513099888	-1.076394278745644e-05	-5.94419136660657e-06	1.352642921794916e-06	6.434312013920252e-07	-2.338083974866411e-06	-1.643749601864414e-06	-5.829481330307966e-06	-2.890121045200731e-06	-1.276917534263894e-08	7.68875964832779e-09	1.078538537695028e-06	5.089981848681822e-07	0.001136660966160737	-9.9566584564429e-08	0.04435099264005612	4.91645075836033e-07	-0.4187131688647535	-5.605006279898451e-07	2.499094383236912e-07	1.237971605902378e-07	-1.365784400991595e-06	-6.575137758442446e-07	8.01527900964054e-07	4.172236539995597e-07	1.046037640120167e-07	-1.460140572176984e-08	-4.549879051720046e-06	-2.26220417680633e-06	1.664410448668395e-06	8.139028215822037e-07	1.104626165902021e-06	5.08851717650324e-07	1.226806809077767e-06	6.526560556877472e-07	4.420511648466233e-07	2.34874040942729e-07	-4.214547307768247e-08	-2.021708487821708e-08	8.47058832420702e-07	4.661519346652597e-07	1.068977752686075e-06	4.340200650747265e-07	2.814760082752827e-07	1.493604864070185e-07	-6.610842080854674e-07	-3.432350264210189e-07	1.047197631792087	4.639357365683745e-08	5.585938498278887e-07	2.750678265960086e-07	-1.997899270909686e-06	-1.040851593594606e-06	2.661029199749059e-06	1.362491128770254e-06	-1.58163396543573e-07	-7.933334032925379e-08	-5.596313948690238e-07	-2.582810155543754e-07	1.047197456225702	-4.869204942429349e-08	-9.024024820435688e-08	-8.029325032528219e-08
2.38	4.545284904288674e-06	2.351355571300516e-06	3.923344748370404e-07	1.663590821422306e-07	9.101165605866299e-07	5.019755832604786e-07	-1.039410111085427e-07	-4.349658494251185e-08	0.9690002370756379	1.340510670950632e-07	-6.46455156354771e-07	-3.259597650795196e-07	-4.633750915582917e-06	-2.379979442711633e-06	-2.091564168068365e-06	-1.116520307158861e-06	1.08301487734407e-06	5.98502222700607e-07	0.6542366728664492	0.5983760125422211	0.01172911177571858	-0.1318724386543103	-0.01475075886972919	-0.04104020935108249	0.02485571369807138	-0.03674921264284732	-0.03082691080049447	-0.008412807522572622	0.005640944766954923	-0.001161787740077054	1.101837591030747	0.9230846164704738	0.05126558481212054	0.04726872271073541	-0.06717828620855298	-0.03593597285977233	0.003736293360332938	-0.001718439779051803	-0.004343039944803481	-0.009277138960728341	-0.002520336462640506	0.002086657974931967	-1.08231076182979e-05	-5.939394148499875e-06	1.359178105115457e-06	6.467997886510862e-07	-2.354046661618869e-06	-1.634994946286381e-06	-5.859029346908282e-06	-2.900802957854593e-06	-1.274792408390718e-08	6.558409108259932e-09	1.084070154250308e-06	5.170609856828073e-07	0.001136660015802995	-9.955439020113323e-08	0.04435099767261196	4.944360557381248e-07	-0.4187131744110955	-5.584484559106005e-07	2.513029666741886e-07	1.269786503058276e-07	-1.372293076436628e-06	-6.565892357654888e-07	8.055662041920987e-07	4.151364656333472e-07	1.04439378388774e-07	-1.502100113219363e-08	-4.572777984172839e-06	-2.266110422643056e-06	1.672665799979085e-06	8.144355842153344e-07	1.109717738049871e-06	5.08016406367343e-07	1.233370830177777e-06	6.532241016339556e-07	4.443681966471066e-07	2.340423612496795e-07	-4.234351694470839e-08	-2.015268803442944e-08	8.514984941190363e-07	4.631243295089409e-07	1.073113313854239e-06	4.305039151370428e-07	2.829386997057953e-07	1.487825423963725e-07	-6.646258933218372e-07	-3.450548113557501e-07	1.04719763225252	4.631426311583793e-08	5.613474362637507e-07	2.750699135075928e-07	-2.00892647850782e-06	-1.051986580807077e-06	2.674742648253266e-06	1.363726539253414e-06	-1.589477517596633e-07	-7.932999348364775e-08	-5.62252347250681e-07	-2.589883841950523e-07	1.047197455734264	-4.875232122668159e-08	-9.102280487068504e-08	-8.007225543056319e-08
2.39	4.568801847427311e-06	2.351368927668848e-06	3.93935550716409e-07	1.642125913912593e-07	9.150598227700412e-07	5.005629619710933e-07	-1.044626856251678e-07	-4.53765174775209e-08	0.9690002384276341	1.34292141869133e-07	-6.497157305603552e-07	-3.257455035683884e-07	-4.65753873324093e-06	-2.37973241293876e-06	-2.102433656511907e-06	-1.111831048389931e-06	1.088952547479197e-06	5.976711455008475e-07	0.6602247619860578	0.602331882612104	0.01043192526359289	-0.1329887586298614	-0.0150898965042655	-0.03910373590846208	0.02448789803117602	-0.03701697514851258	-0.03090827284333326	-0.008113580041431657	0.005628450407810692	-0.001244906996744372	1.111087829811447	0.9269631281830041	0.05177343063940151	0.0498609325776265	-0.06750747465536422	-0.03280270489257978	0.003719543472822987	-0.001997794128634917	-0.004435399482360307	-0.009143583833440121	-0.002495448459704082	0.002342511400077994	-1.088221860142119e-05	-5.933342913325228e-06	1.36574603640377e-06	6.505000304956304e-07	-2.369911428729304e-06	-1.624093887141083e-06	-5.888696875660072e-06	-2.914393237413515e-06	-1.273901561214735e-08	5.183950018945848e-09	1.089691240340674e-06	5.270982841512678e-07	0.001136659066657273	-9.931684675425293e-08	0.04435100273692768	4.977765077006605e-07	-0.4187131799343478	-5.561141198157527e-07	2.527333994235432e-07	1.309062229331951e-07	-1.378791763026792e-06	-6.553785893130322e-07	8.095804001883373e-07	4.12426585460859e-07	1.042694517719663e-07	-1.554958273564503e-08	-4.595721444044473e-06	-2.271276868804256e-06	1.680930218099168e-06	8.155637593640514e-07	1.114801134260953e-06	5.072171977048311e-07	1.239941176473626e-06	6.539590206784917e-07	4.466765657539791e-07	2.33082787751595e-07	-4.254096633728146e-08	-2.007347900676921e-08	8.559004693084741e-07	4.589959330248767e-07	1.077208485986789e-06	4.260350007826881e-07	2.843950219097408e-07	1.480675310153247e-07	-6.681884649847184e-07	-3.473818369095528e-07	1.047197632712066	4.621892596284312e-08	5.641010438374202e-07	2.750843936462082e-07	-2.020080516347126e-06	-1.065981799205967e-06	2.688470239450011e-06	1.36536640256839e-06	-1.597316784718611e-07	-7.927676341115788e-08	-5.648811759795583e-07	-2.59867191747836e-07	1.047197455242023	-4.883648600233903e-08	-9.180274749851501e-08	-7.975704793972149e-08
2.4	4.592317213367123e-06	2.351342945642565e-06	3.955173296270987e-07	1.618367210784943e-07	9.199901458901882e-07	4.987836517715861e-07	-1.05001183400046e-07	-4.764225146453361e-08	0.9690002397815314	1.345760301598212e-07	-6.529742840541505e-07	-3.25547453574799e-07	-4.681322076626237e-06	-2.379353425811821e-06	-2.113261671230911e-06	-1.105730093595816e-06	1.094883319194009e-06	5.966350989040791e-07	0.6662524118307773	0.6061971388903725	0.009122791243648135	-0.1339728753384583	-0.01541042546953062	-0.03683181515756127	0.02411751195357582	-0.03727509187366784	-0.03098662244447958	-0.007806205630922057	0.005615200105964287	-0.001328143714085085	1.120376853707173	0.9308416401604476	0.05230463797912923	0.05249537601000445	-0.067806519472564	-0.02962519059626423	0.003700267643587767	-0.002257197980732284	-0.004526792034835221	-0.009024204773158699	-0.002468281755747866	0.002604836788537944	-1.094127573682629e-05	-5.926037661082627e-06	1.372346715659853e-06	6.545319269256573e-07	-2.385678276197716e-06	-1.611046424428521e-06	-5.918483916563334e-06	-2.930891883877495e-06	-1.274244992735945e-08	3.565382380385657e-09	1.095401795966124e-06	5.391100802735631e-07	0.001136658118723573	-9.885395422378811e-08	0.04435100783300329	5.016664317236395e-07	-0.4187131854345104	-5.534976197053019e-07	2.542007365717548e-07	1.355798784723399e-07	-1.385280460762087e-06	-6.538818364868749e-07	8.135704889527696e-07	4.090940134820954e-07	1.040939841615938e-07	-1.618715053212399e-08	-4.618709431334949e-06	-2.27770351528993e-06	1.689203703028644e-06	8.172873470283545e-07	1.119876354535266e-06	5.064540916627882e-07	1.246517847965314e-06	6.548608128213558e-07	4.489762721672408e-07	2.319953204484758e-07	-4.273782125540167e-08	-1.997945779523638e-08	8.60264757989015e-07	4.537667452130676e-07	1.081263269083727e-06	4.206133220116628e-07	2.858449748871192e-07	1.472154522638752e-07	-6.717719230741107e-07	-3.502161030824267e-07	1.047197633170725	4.610756219785302e-08	5.66854672548897e-07	2.751112670118546e-07	-2.0313613844276e-06	-1.082837248791273e-06	2.702211973339294e-06	1.367410718715181e-06	-1.605151766801662e-07	-7.91736501117842e-08	-5.675178810556554e-07	-2.609174382127265e-07	1.04719745474898	-4.894454375126582e-08	-9.258007608784674e-08	-7.934762785275709e-08
2.41	4.615831002108113e-06	2.351277625221667e-06	3.970798115691098e-07	1.592314712039357e-07	9.249075299470714e-07	4.966376526619567e-07	-1.055565044331774e-07	-5.029378690355017e-08	0.9690002411373297	1.349027319671276e-07	-6.562308168361573e-07	-3.253656150987512e-07	-4.705100945738838e-06	-2.378842481330816e-06	-2.124048212225375e-06	-1.098217442776515e-06	1.100807192488505e-06	5.953940829103017e-07	0.6723196224006079	0.609971781377027	0.007801709715884193	-0.1348247887801011	-0.01571234576552459	-0.03422444709837983	0.02374455546527074	-0.03752356281831312	-0.03106195960393341	-0.007490684291043797	0.005601193861415706	-0.0014114978920992	1.129704662717925	0.9347201524028046	0.05285920683130373	0.05517205300786951	-0.06807542066015235	-0.02640342997082538	0.003678465872627276	-0.002496651335343929	-0.004617217602228232	-0.008919001779884072	-0.002438836350771854	0.002873634140311842	-1.100027902451322e-05	-5.917478391772071e-06	1.378980142883709e-06	6.588954779411672e-07	-2.401347204024106e-06	-1.595852558148694e-06	-5.948390469618069e-06	-2.950298897246536e-06	-1.275822702954348e-08	1.702706192579222e-09	1.10120182112666e-06	5.530963740496941e-07	0.001136657172001895	-9.816571260973877e-08	0.04435101296083878	5.061058278070623e-07	-0.4187131909115834	-5.505989555792479e-07	2.557049781188237e-07	1.409996169232625e-07	-1.391759169642514e-06	-6.520989772870169e-07	8.17536470485396e-07	4.051387496970559e-07	1.039129755576564e-07	-1.693370452163058e-08	-4.641741946044266e-06	-2.285390362100079e-06	1.697486254767513e-06	8.196063472082439e-07	1.124943398872812e-06	5.057270882412144e-07	1.25310084465284e-06	6.559294780625475e-07	4.512673158868917e-07	2.307799593403217e-07	-4.293408169906903e-08	-1.987062439983094e-08	8.645913601606595e-07	4.474367660735133e-07	1.085277663145052e-06	4.142388788239664e-07	2.872885586379306e-07	1.462263061420238e-07	-6.753762675900144e-07	-3.535576098743721e-07	1.047197633628497	4.598017182086765e-08	5.696083223981812e-07	2.751505336045322e-07	-2.042769082749246e-06	-1.102552929562999e-06	2.715967849921116e-06	1.369859487693788e-06	-1.612982463845786e-07	-7.902065358552669e-08	-5.701624624789727e-07	-2.621391235897238e-07	1.047197454255133	-4.907649447346196e-08	-9.335479063868028e-08	-7.884399516966997e-08
2.42	4.639343213650276e-06	2.351172966406153e-06	3.986229965424421e-07	1.563968417675835e-07	9.2981197494069e-07	4.941249646422051e-07	-1.06128648724562e-07	-5.333112379457036e-08	0.9690002424950294	1.352722472910523e-07	-6.59485328906375e-07	-3.251999881402452e-07	-4.728875340578734e-06	-2.378199579495744e-06	-2.134793279495299e-06	-1.089293095932029e-06	1.106724167362685e-06	5.939480975195154e-07	0.6784263936955495	0.6136558100720673	0.006468680680301184	-0.1355444989547898	-0.01599565739224738	-0.031281631730918	0.02336902856626079	-0.03776238798244837	-0.03113428432169477	-0.007167016021796903	0.005586431674164952	-0.001494969530786708	1.139071256843704	0.9385986649100747	0.05343713719592499	0.05789096357122143	-0.06831417821812927	-0.02313742301626354	0.003654138159941514	-0.002716154192469829	-0.004706676184539333	-0.008827974853616241	-0.002407112244776049	0.003148903455399664	-1.105922846448197e-05	-5.907665105393563e-06	1.385646318075335e-06	6.635906835421597e-07	-2.416918212208473e-06	-1.578512288301604e-06	-5.978416534824279e-06	-2.972614277520636e-06	-1.278634691869942e-08	-4.040785444732982e-10	1.107091315822281e-06	5.690571654796595e-07	0.001136656226492238	-9.725212191210492e-08	0.04435101812043415	5.110946959509283e-07	-0.4187131963655668	-5.47418127437591e-07	2.572461240647498e-07	1.471654382859623e-07	-1.398227889668073e-06	-6.50030011713458e-07	8.21478344786216e-07	4.005607941057409e-07	1.037264259601541e-07	-1.778924470416473e-08	-4.664818988172424e-06	-2.294337409234701e-06	1.705777873315776e-06	8.225207599037193e-07	1.130002267273589e-06	5.050361874401098e-07	1.259690166536205e-06	6.571650164020671e-07	4.535496969129316e-07	2.294367044271328e-07	-4.312974766828352e-08	-1.974697882055292e-08	8.688802758234073e-07	4.400059956062141e-07	1.089251668170765e-06	4.069116712195995e-07	2.887257731621749e-07	1.451000926497708e-07	-6.790014985324293e-07	-3.574063572853887e-07	1.047197634085382	4.583675483188699e-08	5.723619933852728e-07	2.752021934242409e-07	-2.054303611312061e-06	-1.125128841521141e-06	2.729737869195476e-06	1.37271270950421e-06	-1.620808875850984e-07	-7.881777383238537e-08	-5.728149202495097e-07	-2.635322478788278e-07	1.047197453760483	-4.923233816892742e-08	-9.412689115101558e-08	-7.824614989046019e-08
2.43	4.662853847993616e-06	2.351028969196024e-06	4.001468845470956e-07	1.533328327694374e-07	9.347034808710449e-07	4.912455877123315e-07	-1.067176162741997e-07	-5.675426213759444e-08	0.9690002438546301	1.356845761315954e-07	-6.627378202648042e-07	-3.250505726992809e-07	-4.752645261145924e-06	-2.377424720306605e-06	-2.145496873040686e-06	-1.078957053062357e-06	1.112634243816549e-06	5.922971427317204e-07	0.6845727257156021	0.6172492249754936	0.005123704136898988	-0.1361320058625244	-0.01626036034969901	-0.02800336905517552	0.02299093125654596	-0.03799156736607365	-0.03120359659776365	-0.006835200823181348	0.005570913544212023	-0.001578558630147619	1.148476636084509	0.9424771776822582	0.05403842907299305	0.06065210770006045	-0.06852279214649476	-0.01982716973257841	0.00362728450553048	-0.002915706552110004	-0.004795167781768531	-0.008751123994355204	-0.002373109437760448	0.003430644733801435	-1.111812405673254e-05	-5.896597801947101e-06	1.392345241234732e-06	6.686175437286355e-07	-2.432391300750817e-06	-1.559025614887248e-06	-6.008562112181961e-06	-2.997838024699796e-06	-1.28268095948273e-08	-2.754971830772088e-09	1.113070280052988e-06	5.869924545634608e-07	0.001136655282194602	-9.61131821308865e-08	0.04435102331178941	5.166330361552381e-07	-0.4187132017964604	-5.439551352803308e-07	2.58824174409533e-07	1.5407734256044e-07	-1.404686620838762e-06	-6.476749397661984e-07	8.2539611185523e-07	3.953601467081501e-07	1.03534335369087e-07	-1.87537710797265e-08	-4.687940557719425e-06	-2.304544656693799e-06	1.714078558673431e-06	8.260305851147812e-07	1.135052959737599e-06	5.043813892594743e-07	1.266285813615409e-06	6.585674278399145e-07	4.558234152453608e-07	2.279655557089089e-07	-4.332481916304517e-08	-1.960852105740229e-08	8.731315049772584e-07	4.314744338111695e-07	1.093185284160864e-06	3.986316991985614e-07	2.901566184598521e-07	1.438368117871159e-07	-6.826476159013555e-07	-3.617623453154767e-07	1.04719763454138	4.567731123091104e-08	5.751156855101719e-07	2.752662464709808e-07	-2.065964970116047e-06	-1.150564984665703e-06	2.743522031162375e-06	1.375970384146448e-06	-1.628631002817255e-07	-7.856501085236023e-08	-5.754752543672668e-07	-2.650968110800386e-07	1.047197453265029	-4.941207483766224e-08	-9.489637762485269e-08	-7.755409201512769e-08
2.44	4.68636290513813e-06	2.350845633591279e-06	4.016514755830704e-07	1.500394442094979e-07	9.395820477381355e-07	4.879995218723359e-07	-1.073234070820906e-07	-6.056320193262211e-08	0.9690002452161319	1.361397184887567e-07	-6.659882909114444e-07	-3.249173687758584e-07	-4.776410707440408e-06	-2.376517903763399e-06	-2.156158992861532e-06	-1.067209314167499e-06	1.118537421850098e-06	5.904412185469163e-07	0.6907586184607655	0.6207520260873055	0.003766780085677727	-0.1365873095033048	-0.01650645463787946	-0.02438965907115269	0.02261026353612628	-0.03821110096918891	-0.03126989643214005	-0.00649523869519716	0.00555463947155692	-0.001662265190181924	1.15792080044034	0.946355690719355	0.05466308246250785	0.06345548539438634	-0.06870126244524881	-0.01647267011977028	0.003597904909394177	-0.003095308414264437	-0.004882692393915819	-0.008688449202100967	-0.002336827929725054	0.003718857975517128	-1.117696580126493e-05	-5.884276481432685e-06	1.399076912361901e-06	6.739760585005938e-07	-2.447766469651139e-06	-1.537392537905628e-06	-6.038827201691115e-06	-3.025970138784014e-06	-1.28796150579271e-08	-5.349973666316937e-09	1.119138713818779e-06	6.069022413010966e-07	0.001136654339108987	-9.474889326608363e-08	0.04435102853490456	5.227208484199912e-07	-0.4187132072042644	-5.402099791074676e-07	2.604391291531733e-07	1.617353297466949e-07	-1.411135363154583e-06	-6.45033761445238e-07	8.292897716924378e-07	3.895368075042839e-07	1.03336703784455e-07	-1.982728364831583e-08	-4.711106654685266e-06	-2.31601210447737e-06	1.72238831084048e-06	8.301358228414291e-07	1.14009547626484e-06	5.037626936993077e-07	1.27288778589045e-06	6.601367123760897e-07	4.580884708841791e-07	2.263665131856502e-07	-4.351929618335394e-08	-1.945525111037907e-08	8.773450476222128e-07	4.218420806883803e-07	1.097078511115351e-06	3.89398962760853e-07	2.915810945309623e-07	1.424364635540593e-07	-6.863146196967927e-07	-3.66625573964636e-07	1.047197634996492	4.550184101793981e-08	5.778693987728785e-07	2.753426927447519e-07	-2.077753159161202e-06	-1.178861358996681e-06	2.757320335821811e-06	1.379632511620501e-06	-1.636448844744599e-07	-7.826236464545129e-08	-5.781434648322437e-07	-2.668328131933562e-07	1.047197452768773	-4.96157044796664e-08	-9.566325006019156e-08	-7.676782154367249e-08
2.45	4.709850139046224e-06	2.350310132422966e-06	4.03142532685125e-07	1.474802249007884e-07	9.444454214921289e-07	4.85628921702458e-07	-1.079307752634329e-07	-6.308911078772928e-08	0.9690002465753922	1.363955657832245e-07	-6.692412389629031e-07	-3.248355753699792e-07	-4.800139019358246e-06	-2.375233093143589e-06	-2.166801931521415e-06	-1.059453343438986e-06	1.124441916129173e-06	5.892817115598613e-07	0.6970458857316081	0.6256531518929201	0.002444519199561641	-0.1364952692584011	-0.01667940192187095	-0.02056240688769734	0.02223175804290494	-0.03835954124250166	-0.03133044480111186	-0.006121719564659051	0.00554005952073541	-0.00169625311283746	1.167403749904913	0.9502342029296766	0.05529375266838078	0.06573750137090233	-0.06884249859450087	-0.01312975450925303	0.003569628367908046	-0.00324400460746257	-0.004972562000049071	-0.008667938889121835	-0.00229957323324244	0.003956928923326461	-1.1235836182381e-05	-5.876763294663442e-06	1.405820893320098e-06	6.780028457175569e-07	-2.463175531050145e-06	-1.523799112621318e-06	-6.069076088710335e-06	-3.04398106913733e-06	-1.294268910671313e-08	-7.272638163272518e-09	1.125254751490863e-06	6.209093395608464e-07	0.001136653399025332	-9.392993351323695e-08	0.04435103377514522	5.271571970894598e-07	-0.4187132126012511	-5.373833155595642e-07	2.620723585287638e-07	1.67169856975771e-07	-1.417559680362901e-06	-6.428746697428315e-07	8.33185801762088e-07	3.858131929587802e-07	1.031715527385994e-07	-1.992217164794859e-08	-4.734265562741626e-06	-2.323228306758177e-06	1.73072398853346e-06	8.330618220418565e-07	1.145138146536627e-06	5.032104440715886e-07	1.279482988150875e-06	6.610209195320844e-07	4.603579285177983e-07	2.253555446526076e-07	-4.371568700847039e-08	-1.939221618713798e-08	8.815446116819612e-07	4.154214791011853e-07	1.100974018815731e-06	3.834105786184507e-07	2.930035883490629e-07	1.414750056129504e-07	-6.899794253264405e-07	-3.697512422717573e-07	1.047197635451513	4.53822610156788e-08	5.806323074472835e-07	2.755605443332598e-07	-2.089545717103638e-06	-1.197518392312147e-06	2.771117047685824e-06	1.381947917194357e-06	-1.644262279362008e-07	-7.808244002610531e-08	-5.808130418327877e-07	-2.680025729849397e-07	1.047197452271917	-4.975696015047456e-08	-9.642766376698914e-08	-7.622860115414828e-08
2.46	4.73331836301518e-06	2.349465934731388e-06	4.046192550481659e-07	1.455212844835702e-07	9.492939153455362e-07	4.839611830529639e-07	-1.08541839317023e-07	-6.456388206034462e-08	0.9690002479329863	1.36485760321794e-07	-6.724960393813584e-07	-3.248003013887282e-07	-4.823834735198905e-06	-2.373604476590884e-06	-2.177422591347111e-06	-1.054938300073879e-06	1.130346585181178e-06	5.886933691898822e-07	0.7034259381636021	0.6317457062737939	0.001150444671479756	-0.135913571179659	-0.01678678060059111	-0.01650467312544769	0.02185475715104837	-0.03844542665792802	-0.03138562230695389	-0.005718174299742877	0.005526833241925295	-0.001687447395588142	1.1769254844791	0.954112714464919	0.05593284983067681	0.06757647026630111	-0.06894748586063915	-0.009790664972153605	0.003541950612244571	-0.003363317412495328	-0.005064316382623664	-0.008685703912972234	-0.002261163940224484	0.004152724436866542	-1.129472373843738e-05	-5.873215872739958e-06	1.41258002409983e-06	6.809290413948066e-07	-2.478600168932395e-06	-1.516829931132549e-06	-6.099327631528801e-06	-3.05368134284286e-06	-1.301631996276023e-08	-8.65031047317124e-09	1.131424210526563e-06	6.30108327293147e-07	0.001136652461694915	-9.354921293621755e-08	0.04435103903454492	5.302479141699977e-07	-0.4187132179857151	-5.353083068518035e-07	2.637264512439642e-07	1.707935584158704e-07	-1.423961578459707e-06	-6.41090920055393e-07	8.370805228761983e-07	3.838110084643681e-07	1.030335989323513e-07	-1.918956452241596e-08	-4.757424468154222e-06	-2.326959108976029e-06	1.739083249141815e-06	8.350551801516957e-07	1.150179813098337e-06	5.027204240077204e-07	1.286073240047555e-06	6.613384324707496e-07	4.626299727365496e-07	2.24833162481991e-07	-4.391364309931896e-08	-1.940481940557783e-08	8.857269028112784e-07	4.116133777116587e-07	1.104865878063279e-06	3.800833345263322e-07	2.944234903202653e-07	1.408724055071412e-07	-6.936452405202298e-07	-3.714512775664812e-07	1.047197635906335	4.53085779896046e-08	5.83403136718022e-07	2.759018743036914e-07	-2.101359660614607e-06	-1.208272968302972e-06	2.784914353286236e-06	1.383159936142437e-06	-1.652071323659706e-07	-7.800125261451037e-08	-5.83484889942712e-07	-2.68708595283228e-07	1.047197451774431	-4.984782911224918e-08	-9.718959716408027e-08	-7.588901053726456e-08
2.47	4.756777571117334e-06	2.348467461713281e-06	4.060787978594261e-07	1.436869853675372e-07	9.541286419672919e-07	4.823831398824996e-07	-1.091641250846357e-07	-6.581130319827622e-08	0.9690002492909594	1.365298144111586e-07	-6.757504717568898e-07	-3.247941715135791e-07	-4.847513977003043e-06	-2.371753505465351e-06	-2.188009968037566e-06	-1.050996866493013e-06	1.136247373992177e-06	5.882312390463268e-07	0.7098682625468801	0.6382947029959715	-0.0001384519729209806	-0.1350471415571242	-0.0168555124883258	-0.01215628164030485	0.02147692468364712	-0.03849908963234265	-0.03143678101675465	-0.005297146100975634	0.005513751207253133	-0.001660448682705842	1.186486004166005	0.9579912258639736	0.05658893582954228	0.0692506001991875	-0.06901972434428046	-0.00642784192462827	0.003513080257195326	-0.003458654641908615	-0.005156320646010357	-0.008727928324955159	-0.002220955609158993	0.004334191070081777	-1.135358775262343e-05	-5.870641749929459e-06	1.41936439359953e-06	6.835757425669311e-07	-2.493975316735478e-06	-1.511456840516211e-06	-6.129648823104358e-06	-3.06150275036466e-06	-1.310153151617961e-08	-9.935376720975468e-09	1.137667757099224e-06	6.383876279794473e-07	0.001136651526234167	-9.322630086573949e-08	0.04435104432032765	5.330794497900883e-07	-0.4187132233515985	-5.333922716134205e-07	2.65410603529749e-07	1.740722925636358e-07	-1.430348183627221e-06	-6.393033084870871e-07	8.409608649368947e-07	3.821863847852109e-07	1.029040737576463e-07	-1.816634068932237e-08	-4.78060889970733e-06	-2.329925131795846e-06	1.747457770679983e-06	8.369919199875908e-07	1.155216364160827e-06	5.022776551074433e-07	1.292665005782679e-06	6.615098003818936e-07	4.648981544048729e-07	2.244459427556068e-07	-4.411192629143187e-08	-1.944120620468218e-08	8.898802180434407e-07	4.082889715564349e-07	1.108733025729919e-06	3.773454034507918e-07	2.958386348983062e-07	1.403443526641573e-07	-6.973234605491702e-07	-3.72833783253043e-07	1.047197636360562	4.524529156465393e-08	5.8617735787885e-07	2.763029982866743e-07	-2.113255440413084e-06	-1.217295263634437e-06	2.798720020148134e-06	1.384133002646466e-06	-1.659876037994455e-07	-7.793359931881577e-08	-5.861622226070297e-07	-2.693150224334095e-07	1.047197451276216	-4.99308954053979e-08	-9.794897358565149e-08	-7.558059184671731e-08
2.48	4.780227763352684e-06	2.347314713368648e-06	4.075211611189052e-07	1.419773275526897e-07	9.58949601357395e-07	4.808947921910651e-07	-1.097976325662712e-07	-6.683137420152398e-08	0.9690002506493115	1.365277280513185e-07	-6.79004536089497e-07	-3.24817185744532e-07	-4.871176744770659e-06	-2.369680179766991e-06	-2.198564061592778e-06	-1.047629042696387e-06	1.142144282562169e-06	5.878953211291955e-07	0.7163728588814416	0.6453001420594517	-0.001422170733640455	-0.1338959803907965	-0.01688559758507502	-0.007517232432269217	0.02109826064070123	-0.03852053016574554	-0.03148392093051409	-0.004858634968357355	0.005500813416718929	-0.00161525697419056	1.196085308965627	0.9618697371268402	0.05726201066497712	0.07075989116956134	-0.06905921404542475	-0.00304128536667733	0.003483017302760315	-0.003530016295702421	-0.005248574790209141	-0.008794612125070612	-0.00217894824004597	0.004501328822972149	-1.141242822493915e-05	-5.869040926231946e-06	1.426174001819198e-06	6.859429492339303e-07	-2.509300974459394e-06	-1.507679840772305e-06	-6.160039663437005e-06	-3.067445291702728e-06	-1.319832376697126e-08	-1.112783690668508e-08	1.143985391208846e-06	6.457472416197463e-07	0.001136650592643087	-9.296119730180282e-08	0.04435104963249339	5.356518039497308e-07	-0.4187132286989013	-5.316352098444151e-07	2.671248153861182e-07	1.770060594190668e-07	-1.43671949586544e-06	-6.375118350379143e-07	8.448268279441772e-07	3.809393219213085e-07	1.027829772144845e-07	-1.685250014866791e-08	-4.803818857400945e-06	-2.332126375217627e-06	1.755847553147964e-06	8.388720415495413e-07	1.160247799724096e-06	5.018821373707575e-07	1.299258285356247e-06	6.615350232655162e-07	4.67162473522768e-07	2.24193885473455e-07	-4.43105365848091e-08	-1.950137658445104e-08	8.940045573784479e-07	4.054482606355143e-07	1.11257546181565e-06	3.751967853918297e-07	2.972490220831856e-07	1.398908470839985e-07	-7.010140854132611e-07	-3.738987593314428e-07	1.047197636814195	4.519240174082681e-08	5.889549709297669e-07	2.767639162822084e-07	-2.125233056499067e-06	-1.224585278306543e-06	2.812534048271519e-06	1.384867116706445e-06	-1.667676422366255e-07	-7.787948013902149e-08	-5.888450398257403e-07	-2.698218544354843e-07	1.047197450777273	-5.000615902992074e-08	-9.87057930317027e-08	-7.530334508250658e-08
2.49	4.803668939721231e-06	2.346007689697488e-06	4.089463448266034e-07	1.403923110390276e-07	9.637567935158467e-07	4.794961399786605e-07	-1.104423617619293e-07	-6.762409507008798e-08	0.9690002520080427	1.364795012422735e-07	-6.822582323791802e-07	-3.248693440815869e-07	-4.894823038501752e-06	-2.367384499495805e-06	-2.209084872012748e-06	-1.044834828684002e-06	1.148037310891154e-06	5.87685615438488e-07	0.7229397271672874	0.6527620234642356	-0.00270071161067878	-0.132460087680676	-0.01687703589083877	-0.002587525501340378	0.02071876502221067	-0.0385097482581367	-0.03152704204823226	-0.004402640901888005	0.00548801987032268	-0.001551872270042293	1.205723398877966	0.9657482482535192	0.05795207433698141	0.0721043431774228	-0.06906595496407207	0.0003690047016995174	0.003451761748939534	-0.003577402373876754	-0.005341078815220023	-0.008885755313318597	-0.002135141832885411	0.004654137695537673	-1.147124515538454e-05	-5.868413401647418e-06	1.433008848758834e-06	6.880306613958045e-07	-2.524577142104142e-06	-1.505498931900829e-06	-6.190500152526744e-06	-3.071508966857065e-06	-1.330669671513521e-08	-1.22276910303002e-08	1.15037711285543e-06	6.521871682140447e-07	0.001136649660921677	-9.275390224440748e-08	0.04435105497104216	5.379649766489258e-07	-0.4187132340276234	-5.300371215447875e-07	2.688690868130719e-07	1.795948589821637e-07	-1.443075515174367e-06	-6.357164997078745e-07	8.48678411898046e-07	3.800698198726609e-07	1.026703093028659e-07	-1.524804290045246e-08	-4.827054341235071e-06	-2.333562839241373e-06	1.764252596545757e-06	8.406955448375476e-07	1.165274119788147e-06	5.015338707976627e-07	1.305853078768259e-06	6.614141011216172e-07	4.694229300902351e-07	2.240769906355355e-07	-4.450947397945065e-08	-1.958533054488439e-08	8.980999208163003e-07	4.030912449488966e-07	1.116393186320475e-06	3.736374803494459e-07	2.986546518749035e-07	1.39511888766665e-07	-7.047171151125033e-07	-3.746462058016805e-07	1.047197637267235	4.514990851812321e-08	5.917359758707732e-07	2.772846282902939e-07	-2.137292508872557e-06	-1.230143012319291e-06	2.82635643765639e-06	1.385362278322372e-06	-1.675472476775107e-07	-7.783889507512755e-08	-5.915333415988444e-07	-2.702290912894522e-07	1.047197450277601	-5.007361998581767e-08	-9.946005550223399e-08	-7.50572702446323e-08
2.5	4.827101100222974e-06	2.344546390699801e-06	4.103543489825206e-07	1.389319358265508e-07	9.685502184426463e-07	4.781871832452857e-07	-1.1109831267161e-07	-6.818946580396816e-08	0.9690002533671528	1.363851339840238e-07	-6.855115606259394e-07	-3.249506465247438e-07	-4.918452858196322e-06	-2.364866464651791e-06	-2.219572399297476e-06	-1.042614224455857e-06	1.153926458979131e-06	5.876021219742044e-07	0.7295688674044164	0.6606803472103225	-0.003974074604035844	-0.1307394634267628	-0.01682982740561706	0.00263283915248123	0.02033843782817547	-0.03846674390951612	-0.03156614436990911	-0.00392916390156762	0.005475370568064387	-0.001470294570261047	1.215400273903022	0.9696267592440102	0.05865912684555506	0.07328395622277173	-0.06903994710022239	0.003803028280501971	0.003419313595732987	-0.003600812876431608	-0.005433832721042997	-0.009001357889699106	-0.002089536387677321	0.004792617687778338	-1.153003854395961e-05	-5.868759176175877e-06	1.439868934418439e-06	6.898388790525533e-07	-2.539803819669722e-06	-1.504914113901785e-06	-6.221030290373571e-06	-3.07369377582767e-06	-1.342665036067144e-08	-1.323493909182071e-08	1.156842922038974e-06	6.57707407762342e-07	0.001136648731069935	-9.26044156935535e-08	0.04435106033597394	5.400189678876731e-07	-0.4187132393377649	-5.285980067145377e-07	2.7064341781061e-07	1.818386912529262e-07	-1.449416241554e-06	-6.339173024969676e-07	8.525156167985007e-07	3.795778786392682e-07	1.025660700227904e-07	-1.335296894467616e-08	-4.850315351209705e-06	-2.334234523867083e-06	1.772672900873362e-06	8.424624298516096e-07	1.170295324352977e-06	5.01232855388159e-07	1.312449386018715e-06	6.61147033950197e-07	4.71679524107274e-07	2.240952582418484e-07	-4.470873847535652e-08	-1.969306808598224e-08	9.021663083569976e-07	4.012179244965819e-07	1.120186199244391e-06	3.726674883236403e-07	3.000555242734598e-07	1.392074777121567e-07	-7.08432549646896e-07	-3.75076122663756e-07	1.04719763771968	4.511781189654316e-08	5.945203727018686e-07	2.778651343109307e-07	-2.149433797533554e-06	-1.233968465672679e-06	2.840187188302747e-06	1.385618487494249e-06	-1.683264201221011e-07	-7.781184412713395e-08	-5.942271279263414e-07	-2.705367329953134e-07	1.0471974497772	-5.013327827308871e-08	-1.002117609972453e-07	-7.484236733309451e-08
2.51	4.850524244857914e-06	2.342930816375586e-06	4.117451735866571e-07	1.375962019152594e-07	9.733298761377943e-07	4.769679219909408e-07	-1.117654852953135e-07	-6.852748640316458e-08	0.969000254726642	1.362446262765692e-07	-6.887645208297746e-07	-3.250610930740026e-07	-4.942066203854372e-06	-2.36212607523495e-06	-2.230026643446962e-06	-1.040967230011952e-06	1.159811726826103e-06	5.876448407363447e-07	0.7362602795928295	0.6690551132977129	-0.005242259713711758	-0.1287341076290568	-0.01674397212940988	0.008143861529196073	0.01995727905859558	-0.03839151711988381	-0.03160122789554468	-0.003438203967396164	0.00546286550994405	-0.001370523874846814	1.225115934040795	0.9735052700983137	0.05938316819069817	0.07429873030560823	-0.06898119045387571	0.007260785369730334	0.00338567284314067	-0.003600247803366988	-0.005526836507678071	-0.00914141985421215	-0.002042131904421695	0.004916768799694152	-1.158880839066434e-05	-5.87007824981732e-06	1.446754258798011e-06	6.913676022041769e-07	-2.554981007156135e-06	-1.505925386775172e-06	-6.251630076977489e-06	-3.073999718614545e-06	-1.355818470357995e-08	-1.414958109124672e-08	1.16338281875948e-06	6.623079602646387e-07	0.001136647803087862	-9.251273764924088e-08	0.04435106572728875	5.418137776659725e-07	-0.4187132446293257	-5.273178653536655e-07	2.724478083787325e-07	1.837375562313546e-07	-1.45574167500434e-06	-6.321142434051936e-07	8.563384426455417e-07	3.794634982211303e-07	1.024702593742581e-07	-1.116727828133885e-08	-4.87360188732485e-06	-2.334141429094758e-06	1.78110846613078e-06	8.441726965917273e-07	1.175311413418587e-06	5.009790911422465e-07	1.319047207107616e-06	6.607338217512554e-07	4.739322555738849e-07	2.242486882923937e-07	-4.490833007252673e-08	-1.98245892077446e-08	9.0620372000054e-07	3.998282992785703e-07	1.123954500587399e-06	3.72286809314413e-07	3.014516392788546e-07	1.389776139204735e-07	-7.121603890164399e-07	-3.751885099176695e-07	1.047197638171532	4.509611187608665e-08	5.973081614230534e-07	2.785054343441188e-07	-2.161656922482059e-06	-1.236061638366708e-06	2.854026300210591e-06	1.385635744222076e-06	-1.691051595703966e-07	-7.779832729504071e-08	-5.969263988082318e-07	-2.707447795530678e-07	1.047197449276071	-5.018513389173386e-08	-1.009609095167367e-07	-7.465863634789321e-08
2.52	4.87393837362605e-06	2.341160966724844e-06	4.131188186390125e-07	1.363851093051534e-07	9.780957666012902e-07	4.758383562156258e-07	-1.124438796330396e-07	-6.863815686767717e-08	0.9690002560865101	1.360579781199099e-07	-6.920171129906856e-07	-3.252006837293634e-07	-4.965663075475897e-06	-2.359163331245283e-06	-2.240447604461205e-06	-1.039893845352288e-06	1.165693114432067e-06	5.87813771724909e-07	0.743013963732526	0.6778863217264061	-0.006505266939706412	-0.126444020287558	-0.01661947006221723	0.01394554162880366	0.01957528871347106	-0.03828406788923976	-0.03163229262513895	-0.002929761099373675	0.005450504695961668	-0.001252560183799603	1.234870379291286	0.977383780816429	0.06012419837241064	0.07514866542593224	-0.06888968502503205	0.0107422759693843	0.003350839491162587	-0.003575707154682891	-0.005620090175125235	-0.009305941206857715	-0.001992928383118537	0.005026591031285109	-1.164755469549875e-05	-5.872370622571749e-06	1.453664821897552e-06	6.926168308506752e-07	-2.57010870456338e-06	-1.508532750520989e-06	-6.282299512338498e-06	-3.072426795217688e-06	-1.370129974386075e-08	-1.497161702857813e-08	1.169996803016946e-06	6.659888257209343e-07	0.001136646876975457	-9.247886811146962e-08	0.04435107114498657	5.433494059838242e-07	-0.418713249902306	-5.261966974621711e-07	2.742822585174393e-07	1.852914539174487e-07	-1.462051815525387e-06	-6.303073224325525e-07	8.601468894391687e-07	3.797266786182472e-07	1.02382877357269e-07	-8.690970910440714e-09	-4.896913949580501e-06	-2.333283554924396e-06	1.78955929231801e-06	8.458263450579005e-07	1.180322386984978e-06	5.007725780599251e-07	1.32564654203496e-06	6.601744645247925e-07	4.761811244900676e-07	2.245372807871714e-07	-4.510824877096125e-08	-1.997989391017145e-08	9.102121557469273e-07	3.989223692948617e-07	1.127698090349499e-06	3.724954433217641e-07	3.028429968910878e-07	1.388222973916156e-07	-7.159006332211343e-07	-3.749833675634209e-07	1.047197638622789	4.508480845675367e-08	6.000993420343272e-07	2.792055283898582e-07	-2.173961883718069e-06	-1.236422530401378e-06	2.86787377337992e-06	1.385414048505851e-06	-1.698834660223972e-07	-7.779834457884779e-08	-5.996311542445154e-07	-2.708532309627153e-07	1.047197448774213	-5.02291868417531e-08	-1.017075010607081e-07	-7.450607728902839e-08
2.53	4.897743344764596e-06	2.347570371389047e-06	4.14551215458486e-07	1.362765841175978e-07	9.831575068720083e-07	4.804268895985305e-07	-1.130129873630802e-07	-6.711958023929196e-08	0.9690002574959344	1.369564560585475e-07	-6.953197727570524e-07	-3.261974403170197e-07	-4.989975408164835e-06	-2.37099159427014e-06	-2.251054598596482e-06	-1.041441398827653e-06	1.171556743485344e-06	5.873452662080332e-07	0.7498600898491961	0.6856906553965133	-0.007767055565148402	-0.1252944658704589	-0.01650764488799564	0.0176234443473306	0.01919283764126431	-0.03828568936796502	-0.03165944786480446	-0.002487805177242034	0.005436808922338537	-0.001226671518997095	1.244663609631401	0.9812622914740895	0.06082631467615414	0.07546929063584323	-0.06876762319704427	0.01406739234793738	0.003313035150128987	-0.003672449483848324	-0.005711254157999582	-0.009339822667783975	-0.001946009641006982	0.005103604477577307	-1.170635900204483e-05	-5.873197919457512e-06	1.460764069135403e-06	6.97832191971879e-07	-2.585779251555272e-06	-1.51753079748624e-06	-6.312772993275744e-06	-3.071425615703077e-06	-1.395096485156153e-08	-1.785016790658594e-08	1.176658573075159e-06	6.717346800777582e-07	0.00113664593472645	-9.266322063233481e-08	0.0443510761177866	5.366238391820326e-07	-0.4187132553294255	-5.278924802581091e-07	2.757771747122596e-07	1.807679302139468e-07	-1.468318142755411e-06	-6.280804637409746e-07	8.640622388842282e-07	3.811792678657953e-07	1.022262413018777e-07	-8.709652003773522e-09	-4.920539593887621e-06	-2.340202055238708e-06	1.797871653221099e-06	8.445440054588724e-07	1.185522559447812e-06	5.040984993697043e-07	1.332382872910772e-06	6.626642696952557e-07	4.783584050199332e-07	2.230986289313904e-07	-4.526186277796474e-08	-1.916609124002407e-08	9.143009002822229e-07	3.98741201007403e-07	1.130819274047238e-06	3.595079852236701e-07	3.042265908450157e-07	1.383934234735741e-07	-7.199205070841697e-07	-3.808414169956716e-07	1.047197639082203	4.520911846778032e-08	6.029289318164645e-07	2.803562087077279e-07	-2.186372679708876e-06	-1.242428263180348e-06	2.88172750126703e-06	1.385858194117861e-06	-1.706844959648922e-07	-7.820820400406459e-08	-6.023224746275463e-07	-2.708939856697693e-07	1.047197448268227	-5.035875899381417e-08	-1.024431304046993e-07	-7.411597670460885e-08
2.54	4.921748214674696e-06	2.358179534654925e-06	4.160061046962709e-07	1.368036390164584e-07	9.88367246071394e-07	4.880458004565863e-07	-1.135303546117807e-07	-6.464120190017858e-08	0.9690002589314316	1.383998483745078e-07	-6.986484156826486e-07	-3.276559590345501e-07	-5.014653682241791e-06	-2.390441560227215e-06	-2.261742896147703e-06	-1.04463223334122e-06	1.177409241271637e-06	5.866039880179277e-07	0.7567842509036773	0.693176440106871	-0.009025734920547595	-0.1246048403497591	-0.01638398809845618	0.02033053062205016	0.01880974875136308	-0.03832891008713275	-0.03168264141778605	-0.00207223821241146	0.005422484550646482	-0.001240201786412927	1.254495625072167	0.98514080203513	0.06151621222661606	0.07543465110433696	-0.06861395804495622	0.01732214103280004	0.003273109051322626	-0.003821109729992943	-0.005801445664833474	-0.009317128522576448	-0.001899425540042759	0.005156633815003079	-1.176518237093969e-05	-5.87372453337945e-06	1.467973950709184e-06	7.04986278803397e-07	-2.601709789216757e-06	-1.530629974442863e-06	-6.343177352807779e-06	-3.069825944567629e-06	-1.426182947088469e-08	-2.175896776285465e-08	1.183380688755828e-06	6.781202562939278e-07	0.001136644984939343	-9.298919321119847e-08	0.04435108087073872	5.254582647314884e-07	-0.4187132608282056	-5.31135954567963e-07	2.771090483023697e-07	1.729043938165639e-07	-1.474554275972452e-06	-6.256323552916516e-07	8.680265755420886e-07	3.834335856032545e-07	1.020374468764675e-07	-9.893116436147863e-09	-4.944341265415041e-06	-2.350818287886656e-06	1.806118957447896e-06	8.417006581732086e-07	1.190819140196406e-06	5.092925816706963e-07	1.33919150320198e-06	6.666773877432669e-07	4.804964381624573e-07	2.208220845573586e-07	-4.539144009126648e-08	-1.78573146632103e-08	9.184177670830174e-07	3.991696783737483e-07	1.133603467673246e-06	3.399073552170858e-07	3.056038567171307e-07	1.378572219669301e-07	-7.240924032069865e-07	-3.897156835794178e-07	1.047197639545594	4.540924733752503e-08	6.05780209029131e-07	2.817708609591845e-07	-2.198877850508716e-06	-1.250556052929498e-06	2.895588489806022e-06	1.386536116483656e-06	-1.714971915215823e-07	-7.883865729817039e-08	-6.050093946041983e-07	-2.708518112657975e-07	1.047197447759737	-5.052928651959298e-08	-1.03171811280724e-07	-7.361665285543218e-08
2.55	4.945860755165421e-06	2.371066309392858e-06	4.174659726249372e-07	1.377407131688072e-07	9.936535703414354e-07	4.973968849743941e-07	-1.140237768913228e-07	-6.152637249888381e-08	0.9690002603816588	1.401272259255306e-07	-7.019914086731033e-07	-3.293852548078078e-07	-5.039529075248621e-06	-2.414050363905415e-06	-2.27246191133302e-06	-1.048994128059539e-06	1.183253808854373e-06	5.857660744314892e-07	0.7637794881125045	0.7006858062426267	-0.01028039178845264	-0.1240464033088106	-0.01623666177184864	0.02262369527477537	0.01842593650674542	-0.03838114046764208	-0.03170184807238598	-0.001663692365531193	0.005407872762523977	-0.00126771742177604	1.264366425618913	0.9890193124820831	0.06220678510912536	0.07512881286543226	-0.06842818389067587	0.02054806427246398	0.00323147138427256	-0.003988183684982207	-0.005891204321581659	-0.009273632764776822	-0.001852234138705065	0.005189941474708587	-1.182400599397493e-05	-5.87451288094536e-06	1.475256767569964e-06	7.130998280481856e-07	-2.617763693088149e-06	-1.54672439801203e-06	-6.373573852898463e-06	-3.067062543154161e-06	-1.461198870559867e-08	-2.620231706256484e-08	1.190169216612858e-06	6.84457132230171e-07	0.001136644031767324	-9.341978610581726e-08	0.04435108551254492	5.116983648638425e-07	-0.4187132663588082	-5.353140520401354e-07	2.783631268531506e-07	1.630230480008358e-07	-1.480766793461319e-06	-6.230589659011899e-07	8.720119255180291e-07	3.863023772773158e-07	1.01834411761479e-07	-1.159885818483714e-08	-4.968252523426818e-06	-2.363162216746022e-06	1.81433666229124e-06	8.379604362414686e-07	1.19616731018362e-06	5.155509597068709e-07	1.346041183658853e-06	6.714768139111312e-07	4.826108450321804e-07	2.181372159307213e-07	-4.55077364374715e-08	-1.628257668438314e-08	9.225375493936309e-07	4.001521988787796e-07	1.136188530788261e-06	3.168731876257531e-07	3.069754879091685e-07	1.372939839831876e-07	-7.283546855903202e-07	-4.001344397464733e-07	1.047197640010945	4.5656313526082e-08	6.08645096858705e-07	2.833593480411826e-07	-2.211471860817783e-06	-1.259104350204481e-06	2.909457224875881e-06	1.387239122909129e-06	-1.723162115973338e-07	-7.959829513445123e-08	-6.076962780240161e-07	-2.707193503034615e-07	1.047197447249526	-5.071924452225082e-08	-1.03895482372481e-07	-7.307008509628128e-08
2.56	4.970080966236767e-06	2.386230695602847e-06	4.18930819244485e-07	1.390878065746439e-07	9.990164796821322e-07	5.084801431519531e-07	-1.144932542017065e-07	-5.777509203540794e-08	0.9690002618466157	1.421385887116157e-07	-7.053487517284163e-07	-3.313853276367926e-07	-5.064601587185324e-06	-2.441818005304738e-06	-2.283211644152432e-06	-1.054527082982611e-06	1.189090446233551e-06	5.848315254487181e-07	0.7708458014756773	0.7082187538037796	-0.01153102616886343	-0.1236191547476134	-0.01606566590817304	0.02450293830550603	0.01804140090741138	-0.03844238050949303	-0.03171706782860426	-0.001262167636601269	0.005392973557971026	-0.00130921842508643	1.274276011271636	0.9928978228149485	0.06289803332368196	0.07455177591912919	-0.06821030073420324	0.0237451620669289	0.003188122148978795	-0.004173671348816103	-0.005980530128244134	-0.009209335394385098	-0.001804435436993906	0.00520352745669383	-1.188282987115055e-05	-5.875562962155242e-06	1.482612519717744e-06	7.221728397062443e-07	-2.633940963169445e-06	-1.565814068193739e-06	-6.403962493547793e-06	-3.063135411462673e-06	-1.500144255570345e-08	-3.11802158057161e-08	1.197024156646247e-06	6.907453078864876e-07	0.001136643075210391	-9.395499931619116e-08	0.04435109004320519	4.953441395790961e-07	-0.4187132719212332	-5.404267726746262e-07	2.795394103646024e-07	1.511238927667634e-07	-1.486955695222011e-06	-6.203602955695899e-07	8.760182888120492e-07	3.897856428879791e-07	1.01617135956912e-07	-1.382687724984119e-08	-4.992273367922948e-06	-2.377233841816804e-06	1.822524767751133e-06	8.333233396636525e-07	1.201567069409451e-06	5.228736334782276e-07	1.352931914281391e-06	6.77062548198848e-07	4.847016256291022e-07	2.150440230514788e-07	-4.561075181657976e-08	-1.444187730354274e-08	9.266602472140631e-07	4.016887625224966e-07	1.138574463392283e-06	2.904054824496738e-07	3.08341484421129e-07	1.367037095223467e-07	-7.3270735423417e-07	-4.120976854968368e-07	1.047197640478255	4.595031703345123e-08	6.115235953051863e-07	2.851216699537221e-07	-2.224154710636076e-06	-1.268073155005295e-06	2.923333706476609e-06	1.387967213394281e-06	-1.731415561921467e-07	-8.048711751290701e-08	-6.103831248869996e-07	-2.70496602782761e-07	1.047197446737595	-5.092863300178769e-08	-1.046141436799704e-07	-7.247627342715623e-08
2.57	4.994408847888736e-06	2.40367269328489e-06	4.204006445549142e-07	1.408449192339686e-07	1.004455974093485e-06	5.212955749892637e-07	-1.149387865429319e-07	-5.338736050975083e-08	0.9690002633263027	1.444339367327633e-07	-7.08720444848588e-07	-3.336561775215047e-07	-5.089871218051902e-06	-2.473744484425184e-06	-2.293992094605938e-06	-1.061231098110435e-06	1.194919153409172e-06	5.838003410696142e-07	0.7779831909931958	0.7157752827903304	-0.01277763806178002	-0.1233230946661675	-0.01587100050742938	0.02596825971424225	0.01765614195336094	-0.03851263021268558	-0.03172830068644087	-0.0008676640256216682	0.005377786936987627	-0.001364704796344099	1.284224382030338	0.9967763330337264	0.06358995687028592	0.07370354026542773	-0.06796030857553834	0.02691343441619495	0.003143061345441328	-0.004377572721494635	-0.006069423084820899	-0.009124236411401278	-0.001756029434909278	0.005197391760958808	-1.194165400246655e-05	-5.876874777009095e-06	1.490041207152524e-06	7.322053137775732e-07	-2.650241599460647e-06	-1.587898984987991e-06	-6.43434327475577e-06	-3.058044549493165e-06	-1.543019102119904e-08	-3.669266399230863e-08	1.203945508855995e-06	6.969847832628779e-07	0.001136642115268544	-9.459483284232017e-08	0.04435109446271951	4.763955888772485e-07	-0.4187132775154807	-5.464741164714357e-07	2.80637898836725e-07	1.372069281143463e-07	-1.493120981254528e-06	-6.175363442968516e-07	8.800456654241492e-07	3.938833824352443e-07	1.013856194627666e-07	-1.65771736311601e-08	-5.016403798903434e-06	-2.393033163099003e-06	1.830683273827575e-06	8.277893684397606e-07	1.207018417873901e-06	5.312606029847665e-07	1.359863695069595e-06	6.834345906064179e-07	4.867687799532229e-07	2.11542505919631e-07	-4.57004862285913e-08	-1.233521652068902e-08	9.30785860544314e-07	4.037793693048993e-07	1.140761265485313e-06	2.605042396888473e-07	3.097018462530122e-07	1.360863985844074e-07	-7.371504091385364e-07	-4.256054208305089e-07	1.047197640947525	4.629125785963271e-08	6.14415704368575e-07	2.87057826696803e-07	-2.236926399963595e-06	-1.277462467331941e-06	2.937217934608204e-06	1.388720387939112e-06	-1.739732253060211e-07	-8.150512443353775e-08	-6.130699351931486e-07	-2.701835687036962e-07	1.047197446223943	-5.11574519582036e-08	-1.053277952031921e-07	-7.183521784805701e-08
2.58	5.018844400121328e-06	2.423392302438989e-06	4.218754485562248e-07	1.430120511467815e-07	1.009972053575493e-06	5.358431804863266e-07	-1.153603739149989e-07	-4.836317792191225e-08	0.9690002648207195	1.470132699889733e-07	-7.121064880336183e-07	-3.36197804461944e-07	-5.115337967848355e-06	-2.509829801266756e-06	-2.304803262693541e-06	-1.069106173443013e-06	1.200739930381236e-06	5.826725212941777e-07	0.7851916566650605	0.7233553932022793	-0.01402022746720246	-0.1231582230644728	-0.01565266556961764	0.02701965950098405	0.01727015964459407	-0.03859188957721976	-0.03173554664589583	-0.0004801815325923755	0.005362312899573778	-0.001434176535549049	1.294211537895018	1.000654843138417	0.06428255574893725	0.07258410590432784	-0.06767820741468114	0.03005288132026228	0.003096288973660156	-0.004599887803017817	-0.00615788319131196	-0.009018335815825356	-0.00170701613245118	0.005171534387503521	-1.200047838792293e-05	-5.878448325506921e-06	1.497542829874303e-06	7.431972502621729e-07	-2.666665601961755e-06	-1.612979148394787e-06	-6.464716196522397e-06	-3.051789957245637e-06	-1.589823410208546e-08	-4.273966162234272e-08	1.210933273242103e-06	7.031755583593417e-07	0.001136641151941785	-9.533928668420433e-08	0.04435109877108791	4.54852712758299e-07	-0.4187132831415505	-5.534560834305639e-07	2.816585922695186e-07	1.212721540435838e-07	-1.49926265155887e-06	-6.145871120829747e-07	8.840940553543293e-07	3.985955959191118e-07	1.011398622790428e-07	-1.984974732879402e-08	-5.040643816368276e-06	-2.41056018059262e-06	1.838812180520566e-06	8.213585225697919e-07	1.212521355576969e-06	5.407118682264881e-07	1.366836526023463e-06	6.905929411338409e-07	4.888123080045427e-07	2.076326645351777e-07	-4.57769396735061e-08	-9.962594335821886e-09	9.349143893843838e-07	4.06424019225988e-07	1.142748937067349e-06	2.271694593432719e-07	3.110565734048183e-07	1.354420511693696e-07	-7.416838503034195e-07	-4.406576457474903e-07	1.047197641418754	4.667913600462646e-08	6.173214240488709e-07	2.891678182704253e-07	-2.249786928800342e-06	-1.287272287184419e-06	2.951109909270668e-06	1.389498646543622e-06	-1.748112189389569e-07	-8.265231589634354e-08	-6.157567089424635e-07	-2.697802480662669e-07	1.047197445708571	-5.140570139149856e-08	-1.060364369421461e-07	-7.114691835898356e-08
2.59	5.043387622934543e-06	2.445389523065143e-06	4.233552312484168e-07	1.455892023130823e-07	1.015564718128156e-06	5.521229596431405e-07	-1.157580163179076e-07	-4.270254427189264e-08	0.9690002663298662	1.498765884802457e-07	-7.15506881283507e-07	-3.390102084581105e-07	-5.141001836574681e-06	-2.550073955829449e-06	-2.315645148415239e-06	-1.078152308980342e-06	1.206552777149743e-06	5.814480661224084e-07	0.7924711984912705	0.7309590850396254	-0.01525879438513064	-0.1231245399425294	-0.01541066109473784	0.02765713766573137	0.01688345398111081	-0.03868015860309554	-0.03173880570696912	-9.972015751342442e-05	0.005346551445729483	-0.001517633642701275	1.304237478865676	1.004533353129019	0.0649758299596359	0.07119347283582959	-0.06736399725163165	0.0331635027791306	0.003047805033635285	-0.004840616593385625	-0.006245910447717309	-0.008891633607657339	-0.001657395529619615	0.005125955336327972	-1.205930302751969e-05	-5.880283607648718e-06	1.505117387883083e-06	7.551486491600426e-07	-2.683212970672768e-06	-1.641054558414125e-06	-6.495081258847669e-06	-3.044371634720088e-06	-1.640557179836267e-08	-4.93212086958178e-08	1.217987449804571e-06	7.09317633175879e-07	0.001136640185230113	-9.618836084184356e-08	0.04435110296831038	4.307155112222493e-07	-0.4187132887994428	-5.613726735520103e-07	2.82601490662983e-07	1.033195705544772e-07	-1.505380706135037e-06	-6.115125989279596e-07	8.881634586025892e-07	4.039222833395811e-07	1.008798644057406e-07	-2.364459834274265e-08	-5.064993420317471e-06	-2.429814894297653e-06	1.846911487830105e-06	8.140308020537476e-07	1.218075882518656e-06	5.512274292033915e-07	1.373850407142997e-06	6.985375997811164e-07	4.908322097830612e-07	2.033144988981192e-07	-4.584011215132416e-08	-7.324010748941541e-09	9.390458337342723e-07	4.096227122857625e-07	1.144537478138392e-06	1.904011414129505e-07	3.124056658765469e-07	1.347706672772333e-07	-7.46307677728819e-07	-4.572543602477796e-07	1.047197641891942	4.711395146843246e-08	6.202407543460743e-07	2.91451644674589e-07	-2.262736297146314e-06	-1.297502614562729e-06	2.965009630463999e-06	1.39030198920781e-06	-1.756555370909541e-07	-8.392869190132424e-08	-6.18443446134944e-07	-2.692866408704733e-07	1.047197445191478	-5.167338130167255e-08	-1.067400688968324e-07	-7.041137495993596e-08
2.6	5.068038516328381e-06	2.469664355163353e-06	4.248399926314903e-07	1.485763727328712e-07	1.021233967751476e-06	5.701349124597069e-07	-1.161317137516579e-07	-3.640545955969149e-08	0.9690002678537428	1.530238922065806e-07	-7.189216245982542e-07	-3.420933895100043e-07	-5.166862824230882e-06	-2.594476948113269e-06	-2.326517751771032e-06	-1.088369504722425e-06	1.212357693714693e-06	5.801269755543063e-07	0.7998218164718267	0.7385863583023696	-0.01649333881556468	-0.1232220453003373	-0.01514498708278997	0.02788069420848424	0.01649602496291113	-0.03877743729031295	-0.03173807786966076	0.0002737200996152186	0.005330502575454739	-0.001615076117800785	1.314302204942313	1.008411863005535	0.06566977950238193	0.0695316410599329	-0.06701767808638988	0.03624529879280019	0.00299760952536671	-0.005099759092598084	-0.006333504854036952	-0.008744129786897217	-0.001607167626414581	0.005060654607432154	-1.211812792125683e-05	-5.882380623434487e-06	1.512764881178862e-06	7.68059510471183e-07	-2.699883705593688e-06	-1.672125215046008e-06	-6.525438461731591e-06	-3.03578958191652e-06	-1.695220411003071e-08	-5.643730521273448e-08	1.225108038543399e-06	7.154110077124903e-07	0.001136639215133527	-9.714205531523796e-08	0.04435110705438693	4.039839842690974e-07	-0.4187132944891575	-5.702238868357759e-07	2.834665940171183e-07	8.334917764702508e-08	-1.511475144983029e-06	-6.083128048318059e-07	8.922538751689291e-07	4.098634446966526e-07	1.0060562584286e-07	-2.796172667300633e-08	-5.089452610751023e-06	-2.450797304214104e-06	1.854981195756192e-06	8.058062068916268e-07	1.223681998698961e-06	5.62807285915478e-07	1.380905338428196e-06	7.072685665482452e-07	4.928284852887786e-07	1.985880090084553e-07	-4.589000366204548e-08	-4.419465760047748e-09	9.431801935939797e-07	4.133754484842229e-07	1.146126888698442e-06	1.501992858978799e-07	3.137491236681984e-07	1.340722469079986e-07	-7.510218914147352e-07	-4.753955643313783e-07	1.04719764236709	4.759570425105074e-08	6.231736952601851e-07	2.939093059092942e-07	-2.275774505001514e-06	-1.308153449466871e-06	2.978917098188198e-06	1.391130415931677e-06	-1.765061797620128e-07	-8.533425244847999e-08	-6.211301467705902e-07	-2.687027471163153e-07	1.047197444672664	-5.196049168872558e-08	-1.074386910672512e-07	-6.962858765091413e-08
2.61	5.092661362358089e-06	2.48107080818079e-06	4.263072122895845e-07	1.492529951907709e-07	1.026894861996559e-06	5.786668767952041e-07	-1.16503165856195e-07	-3.346194583221464e-08	0.9690002693729903	1.545253643993567e-07	-7.223323835493239e-07	-3.435822723027025e-07	-5.192688611221381e-06	-2.615664953565681e-06	-2.337385098765645e-06	-1.09251040698745e-06	1.218177129778414e-06	5.79647044864124e-07	0.8073117189952972	0.747209842797608	-0.01772548782926987	-0.1229061782122202	-0.0149050903153284	0.02886151780587884	0.0161117193917312	-0.03877563244540622	-0.03173352521710173	0.0006670577418956237	0.00531521510351407	-0.001636923871058675	1.324405716099725	1.012290372938669	0.06626503076541186	0.0672579235868761	-0.06664761244793323	0.03927513919319865	0.002943075170113412	-0.005337285707414895	-0.006415377793720401	-0.00857924438543899	-0.001567037442418967	0.004884515676010934	-1.217692399849164e-05	-5.882466372491112e-06	1.520387710359118e-06	7.748153903718264e-07	-2.716529422852786e-06	-1.686334484925458e-06	-6.555754210785544e-06	-3.032288593637335e-06	-1.747885486471124e-08	-6.000040270804181e-08	1.232161290210283e-06	7.193048592344625e-07	0.001136638248515623	-9.749540713199223e-08	0.04435111115746675	3.915270935056079e-07	-0.4187133001701189	-5.740167329610174e-07	2.84333879763477e-07	7.412836504568337e-08	-1.517569763425216e-06	-6.061833685330936e-07	8.96346063884588e-07	4.125613851136464e-07	1.003332714603728e-07	-2.972285545735754e-08	-5.113851512362017e-06	-2.460857051993871e-06	1.863051886225244e-06	8.021831569389121e-07	1.229263412110323e-06	5.680702163638311e-07	1.387953533577986e-06	7.115589182027077e-07	4.948338075084261e-07	1.962973779267972e-07	-4.594478287830399e-08	-3.061474463029265e-09	9.473384527712641e-07	4.149371071422182e-07	1.147781328776162e-06	1.304957665353742e-07	3.150974963247623e-07	1.336839790480411e-07	-7.557031429474294e-07	-4.842422834399029e-07	1.047197642842205	4.782368626681423e-08	6.261007218457026e-07	2.951748595217425e-07	-2.288742963519417e-06	-1.314261147665085e-06	2.992812608958165e-06	1.391519386043594e-06	-1.773548532866059e-07	-8.599485606945361e-08	-6.238172630833001e-07	-2.685584898075329e-07	1.047197444154988	-5.21054254234553e-08	-1.081365920470651e-07	-6.91417453824165e-08
2.62	5.117352218300285e-06	2.4903287807042e-06	4.277728295284395e-07	1.495446092905169e-07	1.032607519281865e-06	5.856545000850739e-07	-1.168570142474787e-07	-3.104797969181582e-08	0.9690002709013105	1.557468741298948e-07	-7.257521347204445e-07	-3.447969037597049e-07	-5.218643626706199e-06	-2.633012381678825e-06	-2.348272650763243e-06	-1.095704485269031e-06	1.223995196084181e-06	5.793445293994363e-07	0.8148926301165951	0.7561411389876447	-0.01895408983213053	-0.1225623633143018	-0.01465597377569349	0.02977067463574654	0.01572781461140987	-0.03875124933673857	-0.03172503303149125	0.001061240623325553	0.00529994670883757	-0.001646579125959721	1.334548012355751	1.016168882807601	0.06683191754674227	0.06461344891646438	-0.06624788157761369	0.04226939485122858	0.002886061480567187	-0.00558152823815695	-0.006495272398185026	-0.008394556802600293	-0.001529428271183797	0.004662028210275899	-1.223571183459295e-05	-5.882149619422166e-06	1.528054953487351e-06	7.804516885623682e-07	-2.733255144307252e-06	-1.697736324788043e-06	-6.586052283156215e-06	-3.029448782867333e-06	-1.802747804054061e-08	-6.290355098663213e-08	1.239241868694843e-06	7.225214785100207e-07	0.001136637280518545	-9.774736890567961e-08	0.04435111518684952	3.814054707499829e-07	-0.4187133058710454	-5.769928789383352e-07	2.851467421652154e-07	6.662073974688645e-08	-1.523647719813523e-06	-6.042780511556491e-07	9.004536430980715e-07	4.147464706047486e-07	1.000513885368582e-07	-3.110670094878162e-08	-5.138310358030315e-06	-2.468947699182147e-06	1.871101914225097e-06	7.992700280042015e-07	1.234874120051974e-06	5.722404382051743e-07	1.395028814368472e-06	7.151081213972718e-07	4.968250514372005e-07	1.944295742924325e-07	-4.599159053365474e-08	-1.96719055439305e-09	9.51505759527618e-07	4.162506061023445e-07	1.149313833464368e-06	1.143522881006984e-07	3.164433171802565e-07	1.33367210984228e-07	-7.604387348035214e-07	-4.914660335197637e-07	1.047197643318696	4.801073009153383e-08	6.29035653300186e-07	2.962150804823962e-07	-2.301753917346277e-06	-1.319338834469285e-06	3.006710108336675e-06	1.391797688134305e-06	-1.782074276838024e-07	-8.652919507483214e-08	-6.265044749948651e-07	-2.684788046101649e-07	1.047197443636426	-5.222256340619981e-08	-1.088307364924328e-07	-6.87079488384423e-08
2.63	5.142118080258698e-06	2.498219031101482e-06	4.292380052495541e-07	1.495914571385218e-07	1.038376318189701e-06	5.916757563735447e-07	-1.171921403340632e-07	-2.895788009767109e-08	0.9690002724397012	1.567879012298609e-07	-7.29181823230289e-07	-3.458334263653083e-07	-5.244739846492904e-06	-2.647930321579305e-06	-2.359182262181849e-06	-1.098325332301989e-06	1.229810735375696e-06	5.791710868940054e-07	0.8225610337718515	0.7653301089261948	-0.02017906095052264	-0.1222186720950771	-0.01439508853924877	0.03054779127077779	0.01534411232374841	-0.03870986004393177	-0.0317125929576306	0.001454881126074694	0.005284643326232148	-0.001648659632954498	1.344729093711688	1.02004739260353	0.06737556244160131	0.06161577907061814	-0.06581805439669448	0.04522925810041253	0.00282670388992105	-0.005834550164249815	-0.006573461289522585	-0.008189890739676195	-0.001493788281279581	0.004397889162133072	-1.229449292811888e-05	-5.88154753477885e-06	1.535771641700345e-06	7.85335146427531e-07	-2.750068518974765e-06	-1.707354321212925e-06	-6.616334410595641e-06	-3.026948237627182e-06	-1.860112925593077e-08	-6.535745846385409e-08	1.246356668616776e-06	7.251717379738286e-07	0.001136636310788483	-9.793428066555309e-08	0.04435111913592928	3.727495404610071e-07	-0.4187133115940287	-5.794612565160625e-07	2.859010584778546e-07	6.016815751577541e-08	-1.529707787526488e-06	-6.025352188996312e-07	9.045776046694668e-07	4.166175608975718e-07	9.975914585384159e-08	-3.227194477397746e-08	-5.162837904632325e-06	-2.475721357181136e-06	1.879129703292666e-06	7.967833828770065e-07	1.24051805528903e-06	5.756984449318848e-07	1.402133644128432e-06	7.181856180042209e-07	4.988005328202683e-07	1.928379837445072e-07	-4.602949005395006e-08	-1.043180968697969e-09	9.556810321719202e-07	4.174574531737912e-07	1.150710785617838e-06	1.005351900673466e-07	3.177860424177876e-07	1.331045610126849e-07	-7.652350254516661e-07	-4.976255512251507e-07	1.047197643796667	4.817233688067112e-08	6.319794961120871e-07	2.971003815514089e-07	-2.314815541554465e-06	-1.323642380022511e-06	3.020610612015693e-06	1.391989268740376e-06	-1.790643304825074e-07	-8.698233045047621e-08	-6.291917591931485e-07	-2.684363746037321e-07	1.047197443116832	-5.232023629833093e-08	-1.095209033312907e-07	-6.830950702387731e-08
2.64	5.166958948233332e-06	2.504741559372636e-06	4.307027394529282e-07	1.493935387347856e-07	1.044201258720065e-06	5.96730645660617e-07	-1.175085441159487e-07	-2.719164704978026e-08	0.9690002739881625	1.576484456992549e-07	-7.326214490788575e-07	-3.466918401195129e-07	-5.270977270581496e-06	-2.660418773267121e-06	-2.370113933021461e-06	-1.100372948086322e-06	1.235623747652959e-06	5.79126717347831e-07	0.8303169299610668	0.7747767526132588	-0.02140040118444631	-0.1218751045545462	-0.01412243460599422	0.03119286771097265	0.0149606125287468	-0.03865146456698581	-0.0316962049955198	0.001847979250143082	0.005269304955697804	-0.001643165392043006	1.354948960167539	1.023925902326458	0.06789596544998902	0.05826491404933708	-0.06535813090517555	0.04815472894075079	0.002765002398174995	-0.00609635148569351	-0.006649944467733086	-0.007965246196666671	-0.001460117472706318	0.00409209853158243	-1.235326727906945e-05	-5.880660118561162e-06	1.543537774998102e-06	7.894657639673149e-07	-2.766969546855325e-06	-1.715188474200105e-06	-6.646600593103822e-06	-3.024786957916883e-06	-1.919980851088178e-08	-6.736212513970792e-08	1.253505689976084e-06	7.272556376258865e-07	0.001136635339325435	-9.80561424116127e-08	0.04435112300470603	3.655593026386797e-07	-0.4187133173390686	-5.814218656941997e-07	2.865968287013947e-07	5.477061835234969e-08	-1.535749966564113e-06	-6.009548717650399e-07	9.087179485987744e-07	4.181746559921163e-07	9.945654341132309e-08	-3.321858693294515e-08	-5.187434152168047e-06	-2.48117802599084e-06	1.887135253427952e-06	7.947232215573271e-07	1.246195217821491e-06	5.784442365439628e-07	1.409268022857868e-06	7.207914080235553e-07	5.007602516576296e-07	1.915226062830211e-07	-4.605848143918995e-08	-2.894457059439385e-10	9.598642707041708e-07	4.185576483565585e-07	1.151972185236574e-06	8.904447243531747e-08	3.191256720373559e-07	1.328960291334116e-07	-7.700920148918645e-07	-5.027208365560648e-07	1.047197644276117	4.830850663422608e-08	6.34932250281406e-07	2.978307627287808e-07	-2.327927836143986e-06	-1.327171784324762e-06	3.034514119995219e-06	1.392094127861807e-06	-1.799255616827211e-07	-8.735426219638583e-08	-6.318791156781504e-07	-2.684311997882346e-07	1.047197442596205	-5.239844409984865e-08	-1.102070925636388e-07	-6.794641993872146e-08
2.65	5.191874822224182e-06	2.509896365517663e-06	4.321670321385617e-07	1.489508540793083e-07	1.050082340872959e-06	6.008191679462905e-07	-1.178062255931351e-07	-2.574928054814349e-08	0.9690002755466943	1.583285075380769e-07	-7.360710122661499e-07	-3.473721450223186e-07	-5.297355898971972e-06	-2.670477736742273e-06	-2.381067663282081e-06	-1.101847332622032e-06	1.241434232915969e-06	5.792114207609132e-07	0.8381603186842403	0.7844810700488364	-0.02261811053390143	-0.1215316606927091	-0.01383801197592986	0.03170590395633108	0.01457731522640506	-0.03857606290590071	-0.03167586914515882	0.002240534995530682	0.005253931597234539	-0.001630096403225247	1.365207611723302	1.027804411976384	0.06839312657190537	0.05456085385262153	-0.06486811110305694	0.0510458073722431	0.002700957005329029	-0.006366932202488013	-0.006724721932816521	-0.007720623173571747	-0.00142841584546401	0.003744656318623999	-1.241203488744465e-05	-5.879487370769103e-06	1.55135335338062e-06	7.928435411817199e-07	-2.783958227948932e-06	-1.721238783749581e-06	-6.676850830680759e-06	-3.022964943736435e-06	-1.982351580539358e-08	-6.891755101419345e-08	1.260688932772764e-06	7.287731774661944e-07	0.001136634366129404	-9.811295414385843e-08	0.04435112679317978	3.598347572830016e-07	-0.4187133231061652	-5.828747064727462e-07	2.872340528358355e-07	5.042812225660976e-08	-1.541774256926396e-06	-5.995370097518753e-07	9.12874674885994e-07	4.194177558883819e-07	9.914358120930267e-08	-3.394662742568462e-08	-5.212099100637481e-06	-2.485317705611257e-06	1.895118564630955e-06	7.930895440451632e-07	1.251905607649357e-06	5.804778130414082e-07	1.416431950556779e-06	7.229254914552747e-07	5.027042079492843e-07	1.904834419079744e-07	-4.607856468937443e-08	2.940152338689745e-10	9.640554751243696e-07	4.195511916506463e-07	1.153098032320576e-06	7.988013520461199e-08	3.204622060389612e-07	1.327416153464084e-07	-7.750097031241157e-07	-5.067518895125052e-07	1.047197644757048	4.841923935219873e-08	6.378939158081423e-07	2.984062240145119e-07	-2.341090801114836e-06	-1.329927047376039e-06	3.048420632275251e-06	1.392112265498597e-06	-1.807911212844433e-07	-8.7644990312561e-08	-6.345665444498709e-07	-2.684632801636722e-07	1.047197442074545	-5.2457186810753e-08	-1.108893041894769e-07	-6.761868758297479e-08
2.66	5.216865702231253e-06	2.513683449536561e-06	4.336308833064548e-07	1.482634031720899e-07	1.056019564648383e-06	6.039413232305653e-07	-1.180851847656224e-07	-2.463078059276065e-08	0.9690002771152968	1.588280867463269e-07	-7.395305127921666e-07	-3.478743410737255e-07	-5.323875731664336e-06	-2.67810721200476e-06	-2.392043452963708e-06	-1.102748485909118e-06	1.247242191164728e-06	5.794251971332519e-07	0.8460911999413729	0.7944430612329278	-0.0238321889988881	-0.1211883405095657	-0.01354182064905567	0.03208690000685311	0.01419422041672317	-0.03848365506067645	-0.03165158540654769	0.002632548362237529	0.005238523250842353	-0.001609452666501218	1.375505048378977	1.031682921553307	0.06886704580735041	0.05050359848047112	-0.06434799499033861	0.05390249339488969	0.002634567711383145	-0.006646292314633347	-0.006797793684772899	-0.007456021670391399	-0.001398683399552652	0.00335556252325775	-1.247079575324449e-05	-5.878029291402673e-06	1.559218376847901e-06	7.954684780707463e-07	-2.801034562255586e-06	-1.725505249861354e-06	-6.707085123326452e-06	-3.021482195085839e-06	-2.047225113946623e-08	-7.002373608731081e-08	1.267906397006819e-06	7.297243574947521e-07	0.001136633391200387	-9.810471586229029e-08	0.04435113050135053	3.55575904393972e-07	-0.4187133288953185	-5.838197788517027e-07	2.878127308811773e-07	4.714066922855523e-08	-1.547780658613338e-06	-5.982816328601371e-07	9.170477835311258e-07	4.203468605863686e-07	9.882025924778029e-08	-3.445606625219594e-08	-5.236832750040628e-06	-2.488140396042388e-06	1.903079636901675e-06	7.918823503405148e-07	1.257649224772629e-06	5.817991744242213e-07	1.423625427225166e-06	7.245878682993796e-07	5.046324016952325e-07	1.89720490619367e-07	-4.608973980450347e-08	7.072018507408213e-10	9.682546454325171e-07	4.204380830560547e-07	1.154088326869844e-06	7.30421783752294e-08	3.217956444226035e-07	1.32641319651675e-07	-7.799880901484205e-07	-5.097187100944724e-07	1.047197645239458	4.850453503458907e-08	6.408644926922966e-07	2.988267654086022e-07	-2.354304436467017e-06	-1.33190816917634e-06	3.062330148855791e-06	1.392043681650747e-06	-1.816610092876742e-07	-8.785451479900172e-08	-6.372540455083098e-07	-2.685326157300452e-07	1.047197441551852	-5.249646443104394e-08	-1.115675382088052e-07	-6.732630995663726e-08
2.67	5.241931588254541e-06	2.516102811429331e-06	4.350942929566074e-07	1.473311860131304e-07	1.062012930046335e-06	6.060971115134412e-07	-1.183454216334106e-07	-2.383614718363185e-08	0.9690002786939698	1.591471833240049e-07	-7.429999506569071e-07	-3.481984282737333e-07	-5.350536768658586e-06	-2.683307199054584e-06	-2.403041302066342e-06	-1.103076407947581e-06	1.253047622399234e-06	5.797680464648471e-07	0.8541095737324639	0.8046627261655328	-0.02504263657940623	-0.1208451440051162	-0.01323386062537167	0.0323358558625387	0.01381132809970115	-0.03837424103131304	-0.03162335377968639	0.003024019350263588	0.005223079916521245	-0.001581234181870921	1.385841270134565	1.035561431057229	0.06931772315632408	0.04609314793288625	-0.06379778256702058	0.05672478700869032	0.002565834516337348	-0.006934431822129488	-0.006869159723602212	-0.007171441687125651	-0.00137092013497225	0.002924817145483716	-1.252954987646896e-05	-5.876285880461873e-06	1.567132845399943e-06	7.973405746343935e-07	-2.818198549775287e-06	-1.727987872535424e-06	-6.737303471040898e-06	-3.020338711965094e-06	-2.114601451309967e-08	-7.068068035905987e-08	1.275158082678247e-06	7.301091777115597e-07	0.001136632414538386	-9.803142756690826e-08	0.04435113412921826	3.527827439715915e-07	-0.4187133347065285	-5.842570828310687e-07	2.883328628374198e-07	4.490825926818641e-08	-1.553769171624939e-06	-5.971887410898257e-07	9.212372745341696e-07	4.209619700860766e-07	9.848657752675601e-08	-3.474690341247904e-08	-5.261635100377487e-06	-2.489646097284233e-06	1.911018470240112e-06	7.911016404433819e-07	1.263426069191306e-06	5.824083206924016e-07	1.430848452863027e-06	7.257785385558695e-07	5.065448328954741e-07	1.892337524171989e-07	-4.609200678457709e-08	9.501141446715651e-10	9.724617816286128e-07	4.212183225727836e-07	1.154943068884377e-06	6.85306019471703e-08	3.231259871882829e-07	1.325951420492115e-07	-7.850271759647783e-07	-5.116212983019662e-07	1.047197645723347	4.856439368139708e-08	6.438439809338684e-07	2.990923869110517e-07	-2.367568742200528e-06	-1.333115149725667e-06	3.076242669736838e-06	1.391888376318257e-06	-1.825352256924136e-07	-8.798283565570796e-08	-6.399416188534672e-07	-2.686392064873533e-07	1.047197441028127	-5.25162769607215e-08	-1.122417946216235e-07	-6.706928705970894e-08
2.68	5.267053808927228e-06	2.517404452741049e-06	4.365572314522261e-07	1.462611966819013e-07	1.0680502014541e-06	6.074749900677672e-07	-1.185902645421794e-07	-2.329145673984213e-08	0.969000280280512	1.593246591471957e-07	-7.46477564440871e-07	-3.483901588760743e-07	-5.377308543347187e-06	-2.68656819863561e-06	-2.414057738506492e-06	-1.103006736988979e-06	1.258851091636781e-06	5.801878038207809e-07	0.8622200930059413	0.815089485735693	-0.02624700268720022	-0.1204542248192891	-0.01291215610545795	0.03257058377071907	0.0134291919290754	-0.03824605970435612	-0.03159142534816938	0.003410453603802318	0.005207836616012587	-0.001544485441974648	1.396216276988256	1.039439940496566	0.06974334692125224	0.04148957564811519	-0.06322718940211229	0.05934517824927919	0.002495264521000945	-0.007216726070055414	-0.006939269347706077	-0.006886287535454953	-0.001345125827807897	0.002474786344873758	-1.258829576141564e-05	-5.874355601203349e-06	1.575090250701559e-06	7.986829972584692e-07	-2.835431243401873e-06	-1.729099114820032e-06	-6.767506012845707e-06	-3.019426335042326e-06	-2.183865298159511e-08	-7.097879331622374e-08	1.282435026498029e-06	7.300534146941662e-07	0.001136631435674996	-9.793114624714552e-08	0.04435113769438449	3.511515661219141e-07	-0.4187133405391357	-5.843935211878655e-07	2.888054249641774e-07	4.3487145979503e-08	-1.559747468023063e-06	-5.963283439990202e-07	9.254410623981573e-07	4.213555091388248e-07	9.814043161269488e-08	-3.49530683346029e-08	-5.286490929924675e-06	-2.490151376337192e-06	1.918940751478172e-06	7.906738043617268e-07	1.269229601350902e-06	5.824995940786305e-07	1.438094275055997e-06	7.265783209527222e-07	5.084447766446675e-07	1.889601578283e-07	-4.608708551337209e-08	1.066183206228489e-09	9.766762578173398e-07	4.219086289414497e-07	1.155690828028163e-06	6.583955461309698e-08	3.244539906852174e-07	1.325904675473743e-07	-7.901139286643523e-07	-5.126932610927409e-07	1.0471976462085	4.860564078718544e-08	6.468303535925318e-07	2.992355386218534e-07	-2.380871377063127e-06	-1.333703889554324e-06	3.090156686965574e-06	1.391662560547796e-06	-1.834130556379395e-07	-8.805245961188148e-08	-6.426286150001489e-07	-2.68756024491434e-07	1.047197440503602	-5.2521348263923e-08	-1.129134110770715e-07	-6.685703737175814e-08
2.69	5.292050514698459e-06	2.520023260490059e-06	4.380194101461208e-07	1.460955027186977e-07	1.074012210269912e-06	6.099104362184403e-07	-1.188521298743386e-07	-2.227673144098994e-08	0.9690002818534827	1.597390089870402e-07	-7.499461988201771e-07	-3.488951364014758e-07	-5.403894326575283e-06	-2.69266743679809e-06	-2.425058945969073e-06	-1.104250099655719e-06	1.264658101856439e-06	5.80176409449635e-07	0.8704680750966244	0.8252307253052202	-0.02742141984765364	-0.1195495839080451	-0.01255746381481028	0.03393851468644737	0.01305320420870182	-0.0380819587366608	-0.03155824553762183	0.003748078398945038	0.005195082340718101	-0.001489900294462834	1.40663006892243	1.043318449953293	0.07012627209556774	0.03825191493796642	-0.06273084016223321	0.06013220584885467	0.002427796627560406	-0.007350738409051491	-0.007012498493421706	-0.006789547273820189	-0.001321298297243105	0.002223305061511076	-1.264701884070886e-05	-5.873197435321892e-06	1.58302720490107e-06	8.016692722528717e-07	-2.8525481080245e-06	-1.732856155574662e-06	-6.797694102740107e-06	-3.017691647815579e-06	-2.249024001462892e-08	-7.179861705960508e-08	1.289649930621388e-06	7.307820678952573e-07	0.001136630450048208	-9.817452749035381e-08	0.0443511413682787	3.477243920136769e-07	-0.4187133463867174	-5.862442210113261e-07	2.893373204089345e-07	4.050336429275338e-08	-1.565790269761261e-06	-5.963822988301522e-07	9.296388354506402e-07	4.224276474899414e-07	9.776132540068834e-08	-3.637896506008363e-08	-5.311251986891778e-06	-2.492739433665031e-06	1.926901867446282e-06	7.898819184702157e-07	1.27499612933975e-06	5.839657884027703e-07	1.445297128746173e-06	7.277743485115895e-07	5.103641306875459e-07	1.882854424831014e-07	-4.609172677808827e-08	1.478405615627125e-09	9.808919780988451e-07	4.226718341336659e-07	1.156609858197342e-06	6.004230369587667e-08	3.257870213674491e-07	1.32504432587937e-07	-7.951214241289638e-07	-5.152098106006398e-07	1.047197646692802	4.869475317352548e-08	6.498038693075462e-07	2.995722678966099e-07	-2.394092143578164e-06	-1.335192779987772e-06	3.104057513853797e-06	1.391524121631942e-06	-1.842875367469113e-07	-8.828259068381134e-08	-6.453087082951779e-07	-2.686198314076811e-07	1.04719743998055	-5.25576863581629e-08	-1.13595415592731e-07	-6.678129206039395e-08
2.7	5.317073743220664e-06	2.52192351611418e-06	4.39481070365482e-07	1.459628701735085e-07	1.079998588933722e-06	6.118688755755191e-07	-1.191039154970611e-07	-2.139391799027198e-08	0.9690002834308077	1.60073787429236e-07	-7.534201967236767e-07	-3.49340808303687e-07	-5.43054220256359e-06	-2.69761085235029e-06	-2.436073197018605e-06	-1.105376304591095e-06	1.270464052221885e-06	5.801586332314351e-07	0.8788156318647414	0.835498301668868	-0.02858584276944208	-0.1185208257568332	-0.01218587234021326	0.03548032422365451	0.01267885663369	-0.03789627856499555	-0.03152176981854396	0.004073490483675012	0.005182903349979577	-0.001425259267523334	1.417082645951818	1.047196959358874	0.07048125101362035	0.03507671597992514	-0.06222962267962109	0.06044987395270911	0.002359301603413955	-0.007455554829084185	-0.007085188602975594	-0.006723215008847325	-0.001299439366577506	0.001988249596153095	-1.270573129359012e-05	-5.872009613855672e-06	1.590996704225942e-06	8.044821950322917e-07	-2.869703426592518e-06	-1.735900380822471e-06	-6.827866608695653e-06	-3.016015372680011e-06	-2.315087795749587e-08	-7.240396305730096e-08	1.296875781532588e-06	7.312709607901301e-07	0.001136629461472149	-9.845167993251392e-08	0.04435114500757507	3.449742778371544e-07	-0.4187133522546433	-5.881244094188502e-07	2.898391714223131e-07	3.794169819259435e-08	-1.571835104590637e-06	-5.967805300788076e-07	9.338475755262254e-07	4.234257866632464e-07	9.736639492247026e-08	-3.793402983795856e-08	-5.336042219092124e-06	-2.494832519923438e-06	1.934855511273548e-06	7.89325375973035e-07	1.280778903598574e-06	5.852244090831659e-07	1.452511997654813e-06	7.287085285608164e-07	5.122762265049723e-07	1.877231699965863e-07	-4.609192586796211e-08	1.833129649565485e-09	9.851140390284884e-07	4.233718003883652e-07	1.157467521648518e-06	5.525790732271322e-08	3.271189204164711e-07	1.32439758826653e-07	-8.001557788976629e-07	-5.172687265013254e-07	1.04719764717802	4.877615204000146e-08	6.527810330970912e-07	2.998383392847723e-07	-2.40733153438965e-06	-1.336312350458135e-06	3.117957429395795e-06	1.391341055872038e-06	-1.851644900043202e-07	-8.848996053851044e-08	-6.479871873821315e-07	-2.684507110264297e-07	1.047197439457072	-5.258682564953165e-08	-1.14276915927188e-07	-6.67653581048621e-08
2.71	5.34212349449384e-06	2.523105219613413e-06	4.409422121103094e-07	1.458632990463335e-07	1.08600933744553e-06	6.133503081390033e-07	-1.193456214103468e-07	-2.064301638768833e-08	0.9690002850124868	1.603289944737832e-07	-7.568995581513695e-07	-3.497271745827079e-07	-5.457252171312108e-06	-2.701398445292212e-06	-2.447100491655085e-06	-1.106385351795107e-06	1.276268942733116e-06	5.801344751661812e-07	0.8872627633102917	0.8458922148266351	-0.02974027145256545	-0.1173679503656536	-0.01179738168166693	0.03719601238234037	0.01230614920403997	-0.03768901918936036	-0.03148199819093579	0.004386689857992209	0.005171299643797014	-0.001350562361156155	1.427574008076421	1.051075468713309	0.07080828367541003	0.03196397877399162	-0.06172353695427601	0.06029818256084252	0.002289779448561598	-0.007531175330153486	-0.007157339676367733	-0.006687290740536365	-0.001279549035811102	0.001769619948799834	-1.276443312005943e-05	-5.870792136804686e-06	1.598998748676175e-06	8.071217655967291e-07	-2.886897199105922e-06	-1.738231790563458e-06	-6.858023530712345e-06	-3.014397509635623e-06	-2.382056681019592e-08	-7.279483130931135e-08	1.304112579231629e-06	7.315200933787847e-07	0.001136628469946818	-9.876260357362584e-08	0.04435114861227359	3.429012235923468e-07	-0.4187133581429137	-5.900340864104377e-07	2.903109780043132e-07	3.580214767902614e-08	-1.577881972511191e-06	-5.975230377449861e-07	9.380672826249127e-07	4.243499266587396e-07	9.695564017804065e-08	-3.961826266822752e-08	-5.360861626525711e-06	-2.496430635112415e-06	1.942801682959969e-06	7.890041768701846e-07	1.286577924127374e-06	5.862754561198173e-07	1.459738881781918e-06	7.293808611004024e-07	5.14181064096947e-07	1.872733403687548e-07	-4.60876827829936e-08	2.130355308043538e-09	9.8934244060627e-07	4.240085277055475e-07	1.158263818381691e-06	5.148636549360708e-08	3.284496878322833e-07	1.323964462635222e-07	-8.052169929704494e-07	-5.188700087947976e-07	1.047197647664154	4.884983738661337e-08	6.557618449611662e-07	3.000337527863406e-07	-2.420589549497585e-06	-1.337062600965412e-06	3.131856433591568e-06	1.391113363268084e-06	-1.860439154101661e-07	-8.867456917597873e-08	-6.506640522610092e-07	-2.682486633476798e-07	1.047197438933167	-5.260876613802925e-08	-1.149579120804423e-07	-6.680923550516262e-08
2.72	5.367199768517991e-06	2.523568370987757e-06	4.424028353806032e-07	1.457967893371727e-07	1.092044455805336e-06	6.14354733908893e-07	-1.195772476141959e-07	-2.002402663323892e-08	0.9690002865985202	1.605046301206818e-07	-7.603842831032559e-07	-3.500542352385386e-07	-5.484024232820839e-06	-2.704030215623854e-06	-2.458140829878517e-06	-1.107277241267755e-06	1.282072773390134e-06	5.801039352538735e-07	0.895809469433276	0.8564124647785227	-0.03088470589702385	-0.1160909577345061	-0.01139199183917126	0.03908557916250508	0.0119350819197517	-0.03746018060975524	-0.03143893065479732	0.004687676521896659	0.005160271222170411	-0.001265809575361289	1.438104155296238	1.054953978016597	0.07110737008093682	0.0289137033201656	-0.0612125829861979	0.05967713167325488	0.002219230163003329	-0.007577599912259403	-0.00722895171359813	-0.006681774468887309	-0.00126162730494389	0.001567416119451274	-1.282312432011679e-05	-5.869545004168936e-06	1.60703333825177e-06	8.095879839461843e-07	-2.904129425564716e-06	-1.739850384797623e-06	-6.888164868790182e-06	-3.012838058682414e-06	-2.449930657272911e-08	-7.297122181563627e-08	1.311360323718513e-06	7.315294656612213e-07	0.001136627475472216	-9.910729841368958e-08	0.04435115218237427	3.415052292792538e-07	-0.4187133640515283	-5.919732519860887e-07	2.907527401549345e-07	3.408471275204856e-08	-1.583930873522922e-06	-5.986098218286881e-07	9.422979567467026e-07	4.252000674764212e-07	9.652906116739948e-08	-4.143166355089069e-08	-5.385710209192542e-06	-2.497533779231961e-06	1.950740382505546e-06	7.889183211616642e-07	1.29239319092615e-06	5.871189295127246e-07	1.466977781127489e-06	7.297913461303477e-07	5.160786434634696e-07	1.869359535996068e-07	-4.607899752318276e-08	2.370082591061308e-09	9.935771828321897e-07	4.245820160852129e-07	1.158998748396861e-06	4.872767820855788e-08	3.297793236148857e-07	1.323744948985447e-07	-8.103050663473237e-07	-5.200136574810564e-07	1.047197648151204	4.891580921336121e-08	6.587463048997717e-07	3.001585084013149e-07	-2.433866188901971e-06	-1.337443531509604e-06	3.145754526441115e-06	1.390841043820081e-06	-1.869258129644491e-07	-8.883641659621628e-08	-6.533393029318113e-07	-2.680136883714314e-07	1.047197438408835	-5.26235078236557e-08	-1.15638404052494e-07	-6.69129242612955e-08
2.73	5.392302565293115e-06	2.523312970237213e-06	4.438629401763632e-07	1.457633410460262e-07	1.09810394401314e-06	6.148821528851884e-07	-1.197987941086081e-07	-1.95369487269238e-08	0.9690002881889079	1.606006943699318e-07	-7.638743715793355e-07	-3.503219902711789e-07	-5.510858387089781e-06	-2.705506163345217e-06	-2.469194211688898e-06	-1.10805197300904e-06	1.287875544192937e-06	5.800670134945119e-07	0.9044557502336935	0.8670590515245297	-0.03201914610281718	-0.1146898478633909	-0.01096970281272628	0.04114902456414851	0.01156565478082523	-0.03720976282618018	-0.03139256721012854	0.004976450475388333	0.005149818085099769	-0.001171000910138745	1.44867308761127	1.05883248726874	0.07137851023020066	0.02592588961844733	-0.06069676077538681	0.05858672128994624	0.002147653746739154	-0.007594828575401931	-0.007300024714666779	-0.006706666193900156	-0.001245674173975874	0.001381638108107433	-1.28818048937622e-05	-5.868268215948423e-06	1.615100472952727e-06	8.118808500806566e-07	-2.921400105968897e-06	-1.740756163524967e-06	-6.918290622929164e-06	-3.011337019820386e-06	-2.518709724509538e-08	-7.293313457627569e-08	1.318619014993237e-06	7.312990776374395e-07	0.001136626478048343	-9.948576445270511e-08	0.04435115571787709	3.407862948978758e-07	-0.4187133699804872	-5.939419061458032e-07	2.911644578741774e-07	3.278939341166175e-08	-1.58998180762583e-06	-6.000408823299133e-07	9.465395978915944e-07	4.25976209116291e-07	9.60866578905468e-08	-4.337423248594789e-08	-5.410587967092613e-06	-2.498141952282078e-06	1.958671609910279e-06	7.890678088474743e-07	1.298224703994902e-06	5.877548292618878e-07	1.474228695691523e-06	7.299399836506523e-07	5.179689646045401e-07	1.867110096891424e-07	-4.606587008852956e-08	2.552311498618776e-09	9.978182657062477e-07	4.250922655273614e-07	1.159672311694027e-06	4.698184546756588e-08	3.311078277642783e-07	1.323739047317205e-07	-8.154199990282852e-07	-5.206996725601019e-07	1.047197648639171	4.897406752024499e-08	6.617344129129074e-07	3.002126061296951e-07	-2.447161452602805e-06	-1.337455142090709e-06	3.159651707944436e-06	1.390524097528029e-06	-1.878101826671691e-07	-8.8975502799223e-08	-6.560129393945379e-07	-2.677457860976845e-07	1.047197437884076	-5.2631050706411e-08	-1.163183918433432e-07	-6.707642437326077e-08
2.74	5.417431884819212e-06	2.522339017361781e-06	4.453225264975896e-07	1.457629541728939e-07	1.104187802068943e-06	6.149325650678894e-07	-1.200102608935836e-07	-1.918178266874295e-08	0.9690002897836498	1.606171872215332e-07	-7.673698235796086e-07	-3.505304396806288e-07	-5.537754634118935e-06	-2.705826288456302e-06	-2.480260637086229e-06	-1.10870954701896e-06	1.293677255141527e-06	5.800237098880962e-07	0.9132016057115451	0.877831975064657	-0.03314359206994553	-0.1131646207523078	-0.01053051460233196	0.04338634858727079	0.01119786778726053	-0.03693776583863519	-0.03134290785692946	0.005253011718467256	0.005139940232585087	-0.001066136365488514	1.459280805021516	1.062710996469736	0.0716217041232016	0.02300053766883655	-0.0601760703218427	0.05702695141091652	0.002075050199769066	-0.007582861319581071	-0.007370558679573686	-0.006761965915574908	-0.00123168964290705	0.001212285914768295	-1.294047484099566e-05	-5.866961772143144e-06	1.623200152779046e-06	8.140003640001466e-07	-2.938709240318468e-06	-1.740949126745489e-06	-6.948400793129292e-06	-3.009894393049537e-06	-2.588393882729481e-08	-7.268056959122964e-08	1.325888653055804e-06	7.308289293074396e-07	0.001136625477675198	-9.989800169067248e-08	0.04435115921878207	3.407444204482124e-07	-0.4187133759297904	-5.95940048889581e-07	2.915461311620415e-07	3.191618965786563e-08	-1.596034774819917e-06	-6.018162192486619e-07	9.507922060595888e-07	4.266783515783491e-07	9.562843034748255e-08	-4.54459694733993e-08	-5.435494900225927e-06	-2.498255154262763e-06	1.966595365174168e-06	7.894526399276145e-07	1.304072463333631e-06	5.881831553673068e-07	1.481491625474022e-06	7.298267736613162e-07	5.19852027520159e-07	1.865985086373614e-07	-4.604830047903402e-08	2.677042030715958e-09	1.002065689228444e-06	4.255392760319929e-07	1.160284508273189e-06	4.624886727063094e-08	3.324352002804612e-07	1.323946757630496e-07	-8.205617910133344e-07	-5.209280540319341e-07	1.047197649128054	4.902461230726471e-08	6.647261690005736e-07	3.001960459714812e-07	-2.460475340600089e-06	-1.33709743270873e-06	3.173547978101533e-06	1.390162524391928e-06	-1.886970245183262e-07	-8.909182778499896e-08	-6.586849616491887e-07	-2.674449565264392e-07	1.04719743735889	-5.263139478629515e-08	-1.169978754529897e-07	-6.729973584105839e-08
2.75	5.442587727096282e-06	2.52064651236146e-06	4.467815943442823e-07	1.457956287177758e-07	1.110296029972744e-06	6.145059704569958e-07	-1.202116479691223e-07	-1.895852845869637e-08	0.9690002913827459	1.605541086754859e-07	-7.708706391040749e-07	-3.506795834668886e-07	-5.5647129739083e-06	-2.704990590957106e-06	-2.49134010607051e-06	-1.109249963297517e-06	1.299477906235903e-06	5.799740244346268e-07	0.9220470358668297	0.8887312353989039	-0.03425804379840881	-0.111515276401257	-0.01007442720798832	0.04579755123187178	0.01083172093905762	-0.03664418964712026	-0.03128995259520008	0.005517360251133406	0.005130637664626367	-0.0009512159414106054	1.469927307526977	1.066589505619585	0.07183695175993961	0.02013764747133352	-0.05965051162556561	0.05499782203616584	0.002001419522093073	-0.007541698144796822	-0.007440553608318845	-0.006847673633911561	-0.001219673711737421	0.001059359539433874	-1.299913416181717e-05	-5.865625672753101e-06	1.631332377730726e-06	8.15946525704654e-07	-2.956056828613427e-06	-1.74042927445919e-06	-6.978495379390564e-06	-3.008510178369867e-06	-2.658983131932731e-08	-7.221352686049813e-08	1.333169237906211e-06	7.301190206712215e-07	0.001136624474352783	-1.003440101275916e-07	0.04435116268508919	3.413796059302639e-07	-0.4187133818994379	-5.979676802174223e-07	2.918977600185271e-07	3.146510149066024e-08	-1.60208977510518e-06	-6.039358325849338e-07	9.550557812506851e-07	4.273064948625955e-07	9.51543785382068e-08	-4.764687451324474e-08	-5.460431008592483e-06	-2.497873385174018e-06	1.974511648297213e-06	7.900728144020849e-07	1.309936468942335e-06	5.884039078289817e-07	1.488766570474986e-06	7.294517161623395e-07	5.217278322103259e-07	1.865984504442641e-07	-4.602628869469613e-08	2.744274187352841e-09	1.006319453398778e-06	4.259230475991074e-07	1.160835338134349e-06	4.652874361775311e-08	3.337614411634343e-07	1.324368079925319e-07	-8.257304423024709e-07	-5.206988018965528e-07	1.047197649617853	4.906744357442037e-08	6.677215731627698e-07	3.001088279266733e-07	-2.473807852893822e-06	-1.336370403363665e-06	3.187443336912403e-06	1.389756324411777e-06	-1.895863385179204e-07	-8.918539155354413e-08	-6.613553696957638e-07	-2.671111996576953e-07	1.047197436833277	-5.262454006330816e-08	-1.176768548814336e-07	-6.758285866468838e-08
2.76	5.467771761988663e-06	2.519302490129567e-06	4.482458594201371e-07	1.459377938946987e-07	1.116423742380946e-06	6.141934991445723e-07	-1.20409095554717e-07	-1.879617227017645e-08	0.9690002929849891	1.605052412251342e-07	-7.743744474804293e-07	-3.508132176310561e-07	-5.591703837514227e-06	-2.704106170865316e-06	-2.502428053224149e-06	-1.109761866007207e-06	1.305275631178246e-06	5.798792991498027e-07	0.9309946523285421	0.8996019166253026	-0.03536126000163147	-0.1098839791721442	-0.009579718712276	0.04858969290501203	0.01046699672713981	-0.03636415974056555	-0.03123403767482151	0.005779558164583861	0.00512104279712329	-0.0008568698668068366	1.480612595109204	1.070468014447369	0.07204254312981072	0.01765406110673588	-0.05916478155617604	0.05227984239077622	0.001926796453555892	-0.007508541084675573	-0.007510197973574496	-0.006929267851577802	-0.001208539627241808	0.0009270776734918167	-1.305782902347297e-05	-5.865197115247142e-06	1.639463646648644e-06	8.173621522168155e-07	-2.973442065551756e-06	-1.740215150105109e-06	-7.008573120099846e-06	-3.007099096816415e-06	-2.730821604073053e-08	-7.191641213361461e-08	1.340485344173411e-06	7.300299884224677e-07	0.001136623471932786	-1.007083421573898e-07	0.04435116612754425	3.419217494929257e-07	-0.4187133878456009	-5.991683834858061e-07	2.92246400612518e-07	3.134503941543939e-08	-1.608128420668466e-06	-6.05573557197169e-07	9.593122940138672e-07	4.276253546098859e-07	9.468587989594917e-08	-4.940315400024131e-08	-5.485378827561245e-06	-2.497415216029572e-06	1.982418918541375e-06	7.905669992496574e-07	1.315807181877845e-06	5.885528894320385e-07	1.496050223611524e-06	7.291279503894291e-07	5.235999826767758e-07	1.866118487996006e-07	-4.600069401826876e-08	2.824178020257202e-09	1.010588612733601e-06	4.264907820476733e-07	1.161345495990669e-06	4.672041510772734e-08	3.350870105682321e-07	1.324749693960916e-07	-8.309164286724317e-07	-5.20508137481944e-07	1.047197650107963	4.910237795402985e-08	6.70712755384356e-07	2.999055019960741e-07	-2.487161207893688e-06	-1.33589422649725e-06	3.20134609934781e-06	1.389534514506283e-06	-1.904778404194952e-07	-8.928560725564917e-08	-6.640237003526377e-07	-2.667796611360572e-07	1.04719743630728	-5.262082520755819e-08	-1.183556140074561e-07	-6.784866555437776e-08
2.77	5.49298839497188e-06	2.521122027315495e-06	4.497304010295975e-07	1.463910870606836e-07	1.122558050664727e-06	6.155546844967216e-07	-1.206188029224106e-07	-1.8507363749114e-08	0.9690002945871941	1.607180040587245e-07	-7.778749943450198e-07	-3.510468858172998e-07	-5.618649215451413e-06	-2.706093805587411e-06	-2.513512433954656e-06	-1.110479118270515e-06	1.311065506257584e-06	5.796375456266847e-07	0.9400513451579566	0.910035315953548	-0.03644996588806149	-0.1086457904412031	-0.00898908183978139	0.05230904526151753	0.01010312131392545	-0.03619034501321724	-0.03117605019816934	0.006066151505391497	0.005108866749217802	-0.0008639075347787381	1.491336667719526	1.074346522238341	0.07228673131468578	0.01638567883358783	-0.05883680045044816	0.04829394672994593	0.00185127264563612	-0.007581537422710582	-0.007579989008394569	-0.006915673139221744	-0.00119542029140213	0.0008265701681689044	-1.311668122548215e-05	-5.868148636115829e-06	1.647505575983799e-06	8.173049149722748e-07	-2.990862826566654e-06	-1.742993899033029e-06	-7.038630686839569e-06	-3.005436163410291e-06	-2.804817196196166e-08	-7.280337373523258e-08	1.347901805223733e-06	7.328323846070115e-07	0.001136622480576825	-1.006864211798834e-07	0.04435116957449695	3.403391502496789e-07	-0.4187133936526488	-5.972827400848746e-07	2.926634331675891e-07	3.131568897681195e-08	-1.614102200346952e-06	-6.045497847022544e-07	9.635141786257671e-07	4.270141980686081e-07	9.427933286980052e-08	-4.920101209715106e-08	-5.510292281530255e-06	-2.497984930760759e-06	1.990313111095188e-06	7.899819171622655e-07	1.321659436275064e-06	5.889883782906469e-07	1.503333860059468e-06	7.296816076677827e-07	5.254779870819806e-07	1.863775556824966e-07	-4.597378342979907e-08	3.101877816687794e-09	1.014897055071736e-06	4.27894653053194e-07	1.161869579123045e-06	4.391904083109507e-08	3.364131224867314e-07	1.324423284296954e-07	-8.36094623092525e-07	-5.216652036119198e-07	1.047197650596786	4.912893168114468e-08	6.736789528055689e-07	2.994661609186782e-07	-2.50054125826049e-06	-1.337305055688213e-06	3.215278202159936e-06	1.390101292517715e-06	-1.913707803173382e-07	-8.947007336020605e-08	-6.666887316431088e-07	-2.665430630309464e-07	1.047197435781009	-5.26475259426318e-08	-1.190349017667609e-07	-6.789367747318901e-08
2.78	5.518233208179336e-06	2.523282129436391e-06	4.512200974553709e-07	1.469533037228154e-07	1.12871187970415e-06	6.170256067213187e-07	-1.208245252372309e-07	-1.82799802010922e-08	0.9690002961925549	1.609442820837165e-07	-7.81378551652852e-07	-3.512647193972871e-07	-5.645627336618765e-06	-2.708024502583909e-06	-2.524605326731779e-06	-1.111167199189171e-06	1.316852469033579e-06	5.793510391301991e-07	0.9492102049144483	0.9204412857130282	-0.0375274454601028	-0.1074245939147379	-0.008359985051391631	0.05640780017401615	0.00974067015100212	-0.03602981592539634	-0.03111510056775692	0.006350519562168946	0.005096404839595306	-0.0008912922634520982	1.502099525406752	1.078225029709256	0.07252112751352399	0.015494249296071	-0.0585483163026323	0.04362082950941463	0.001774756189071364	-0.007662263821168471	-0.007649428081181154	-0.006898221089764442	-0.001183190866387982	0.0007466758678301879	-1.317556862574585e-05	-5.872000744481705e-06	1.655546797877437e-06	8.167197929785437e-07	-3.00832124220059e-06	-1.746070817886046e-06	-7.068671417388986e-06	-3.003746995935034e-06	-2.880059457657106e-08	-7.38574108934869e-08	1.355353605337092e-06	7.362492709042562e-07	0.001136621490094701	-1.005836804635093e-07	0.04435117299751782	3.386692235564033e-07	-0.4187133994365372	-5.945765235847578e-07	2.930772766923737e-07	3.161804055131547e-08	-1.620059761748523e-06	-6.030502539651113e-07	9.677091345956215e-07	4.260955038961391e-07	9.387818038140945e-08	-4.85585024234416e-08	-5.535217575696146e-06	-2.498475139468858e-06	1.998198302203023e-06	7.892735266861469e-07	1.327518468781931e-06	5.893510885786655e-07	1.510626229182888e-06	7.30284233051547e-07	5.273523105203077e-07	1.861574536325609e-07	-4.594328357301193e-08	3.391728599025131e-09	1.019220825386161e-06	4.29480652601996e-07	1.162352836687383e-06	4.10376320064808e-08	3.377385595125177e-07	1.324059046113118e-07	-8.412902232670579e-07	-5.228571752983271e-07	1.047197651085925	4.91475898813762e-08	6.766409866848893e-07	2.989110492129948e-07	-2.513942134871921e-06	-1.338962135425742e-06	3.229217646896129e-06	1.390850761204999e-06	-1.922659102263864e-07	-8.966097314076535e-08	-6.693516889808747e-07	-2.663084224779453e-07	1.047197435254352	-5.267728982779979e-08	-1.197139671171482e-07	-6.792194577396003e-08
2.79	5.54350620161103e-06	2.525782796492253e-06	4.52714948697457e-07	1.476244438810939e-07	1.134885229499213e-06	6.186062658183633e-07	-1.21026262499178e-07	-1.811402162611103e-08	0.9690002978010718	1.611840753001103e-07	-7.848851194039258e-07	-3.514667183710183e-07	-5.672638201016279e-06	-2.709898261854813e-06	-2.535706731555516e-06	-1.111826108763174e-06	1.322636519506231e-06	5.790197796603458e-07	0.9584712315980164	0.9308198259037417	-0.03859369871775531	-0.1062203895927487	-0.007692428347106774	0.06088595764250752	0.009379643238369848	-0.03588257247710285	-0.03105118878358426	0.006632662334916183	0.005083657068255805	-0.0009390240528269142	1.51290116817088	1.082103536860117	0.07274573172632531	0.01497977249418546	-0.0582993291127285	0.03826049072918276	0.00169724708386163	-0.007750720280049229	-0.007718515191934241	-0.006876911703205897	-0.001171851352199363	0.0006873947724756747	-1.323449122426408e-05	-5.876753440344772e-06	1.663587312329555e-06	8.156067862356221e-07	-3.025817312453564e-06	-1.749445906664159e-06	-7.098695311748094e-06	-3.002031594390645e-06	-2.956548388455864e-08	-7.507852360837748e-08	1.362840744513488e-06	7.402806473142016e-07	0.001136620500486415	-1.004001200082677e-07	0.04435117639660689	3.369119694130991e-07	-0.4187134051972664	-5.910497339854564e-07	2.934879311868719e-07	3.225209413894991e-08	-1.626001104873178e-06	-6.010749649857398e-07	9.718971619234304e-07	4.24869272092479e-07	9.348242243077597e-08	-4.747562497911297e-08	-5.560154710058917e-06	-2.498885842153871e-06	2.00607449186488e-06	7.884418278213015e-07	1.333384279398446e-06	5.896410202960944e-07	1.517927330981783e-06	7.309358265407223e-07	5.292229529917574e-07	1.859515426497935e-07	-4.590919444790732e-08	3.693730367269184e-09	1.023559923676875e-06	4.312487806940789e-07	1.162795268683682e-06	3.807618863388475e-08	3.39063321645591e-07	1.323656979409408e-07	-8.465032291960301e-07	-5.240840525411657e-07	1.047197651575379	4.915835255472443e-08	6.795988570223168e-07	2.982401668790237e-07	-2.52736383772798e-06	-1.340865465709837e-06	3.243164433556387e-06	1.391782920568136e-06	-1.931632301466397e-07	-8.985830659732705e-08	-6.720125723659356e-07	-2.660757394770539e-07	1.047197434727311	-5.271011686306216e-08	-1.203928100586179e-07	-6.793347045669085e-08
2.8	5.568807375266964e-06	2.528624028483084e-06	4.54214954755856e-07	1.484045075355193e-07	1.141078100049917e-06	6.202966617878557e-07	-1.212240147082518e-07	-1.800948802417051e-08	0.9690002994127447	1.61437383707906e-07	-7.883946975982413e-07	-3.516528827384931e-07	-5.699681808643958e-06	-2.711715083400121e-06	-2.54681664842587e-06	-1.112455846992524e-06	1.328417657675541e-06	5.786437672171248e-07	0.9678344252086615	0.9411709365256896	-0.03964872566101912	-0.1050331774752352	-0.006986411726926765	0.06574351766699205	0.009020040576028605	-0.03574861466833678	-0.03098431484565136	0.006912579823633237	0.005070623435199295	-0.001007102902903191	1.523741596011912	1.085982043690922	0.07296054395308976	0.01484224842793117	-0.05808983888073672	0.03221293038924982	0.00161874533000691	-0.007846906799352868	-0.007787250340653838	-0.006851744979546106	-0.001161401748836272	0.0006487268821053594	-1.329344902103683e-05	-5.882406723705028e-06	1.671627119340156e-06	8.139658947435101e-07	-3.043351037325578e-06	-1.753119165367367e-06	-7.128702369916895e-06	-3.000289958777124e-06	-3.034283988592449e-08	-7.646671187990443e-08	1.370363222752922e-06	7.44926513836848e-07	0.001136619511751965	-1.001357398141584e-07	0.04435117977176412	3.350673878197663e-07	-0.4187134109348362	-5.867023712869696e-07	2.938953966510834e-07	3.321784973971535e-08	-1.631926229720917e-06	-5.986239177641396e-07	9.760782606091939e-07	4.233355026576279e-07	9.309205901790004e-08	-4.595237976416507e-08	-5.585103684618571e-06	-2.499217038815796e-06	2.013941680080759e-06	7.874868205677294e-07	1.33925686812461e-06	5.898581734429336e-07	1.525237165456154e-06	7.316363881353083e-07	5.310899144963296e-07	1.857598227341944e-07	-4.587151605448526e-08	4.007883121419983e-09	1.02791434994388e-06	4.331990373294429e-07	1.163196875111942e-06	3.503471071330668e-08	3.403874088859513e-07	1.323217084185823e-07	-8.517336408794418e-07	-5.253458353404358e-07	1.047197652065148	4.916121970118935e-08	6.825525638178517e-07	2.97453513916765e-07	-2.540806366828669e-06	-1.343015046540498e-06	3.257118562140711e-06	1.392897770607126e-06	-1.940627400780982e-07	-9.006207372989115e-08	-6.746713817982913e-07	-2.658450140282721e-07	1.047197434199884	-5.274600704841891e-08	-1.210714305911703e-07	-6.792825152138144e-08
2.81	5.594136729147134e-06	2.531805825408881e-06	4.557201156305678e-07	1.492934946860915e-07	1.147290491356263e-06	6.220967946297956e-07	-1.214177818644522e-07	-1.796637939527064e-08	0.9690003010275733	1.617042073071034e-07	-7.919072862357983e-07	-3.518232124997117e-07	-5.726758159501798e-06	-2.713474967219833e-06	-2.557935077342837e-06	-1.113056413877222e-06	1.334195883541507e-06	5.782230018005364e-07	0.9772997857463829	0.9514946175788712	-0.04069252628989413	-0.1038629575621978	-0.006241935190851664	0.07098048024746929	0.008661862163978424	-0.03562794249909813	-0.03091447875395822	0.007190272028320077	0.005057303940425778	-0.001095528813680921	1.534620808929846	1.08986055020167	0.07316556419381733	0.01508167709730815	-0.05791984560665699	0.02547814848961636	0.001539250927507213	-0.007950823379079375	-0.007855633527339938	-0.006822720918785075	-0.001151842056298712	0.0006306721967192455	-1.33524420160641e-05	-5.888960594562474e-06	1.679666218909238e-06	8.117971185022077e-07	-3.060922416816628e-06	-1.757090593995673e-06	-7.158692591895385e-06	-2.998522089094471e-06	-3.113266258066852e-08	-7.802197570806763e-08	1.377921040055392e-06	7.50186870472195e-07	0.001136618523891353	-9.979053988118152e-08	0.04435118312298953	3.331354787764047e-07	-0.4187134166492466	-5.815344354892982e-07	2.942996730850086e-07	3.451530735361167e-08	-1.637835136291741e-06	-5.95697112300311e-07	9.802524306529116e-07	4.214941955915856e-07	9.27070901427817e-08	-4.398876677859804e-08	-5.610064499375103e-06	-2.499468729454635e-06	2.02179986685066e-06	7.864085049254305e-07	1.345136234960423e-06	5.90002548019183e-07	1.532555732606e-06	7.323859178353049e-07	5.329531950340241e-07	1.855822938857636e-07	-4.583024839274575e-08	4.334186861477498e-09	1.032284104187175e-06	4.353314225080879e-07	1.163557655972163e-06	3.191319824474685e-08	3.417108212335985e-07	1.322739360442364e-07	-8.569814583172927e-07	-5.266425236961372e-07	1.047197652555233	4.915619132077097e-08	6.855021070714938e-07	2.965510903262189e-07	-2.554269722173986e-06	-1.345410877917725e-06	3.2710800326491e-06	1.394195311321968e-06	-1.949644400207618e-07	-9.027227453845766e-08	-6.773281172779419e-07	-2.656162461315999e-07	1.047197433672072	-5.278496038387004e-08	-1.217498287148051e-07	-6.790628896803183e-08
2.82	5.619494263251542e-06	2.535328187269646e-06	4.572304313215923e-07	1.502914053328105e-07	1.153522403418249e-06	6.240066643441832e-07	-1.216075639677794e-07	-1.798469573941141e-08	0.9690003026455579	1.619845460977027e-07	-7.954228853165968e-07	-3.51977707654674e-07	-5.753867253589803e-06	-2.715177913313951e-06	-2.56906201830642e-06	-1.113627809417266e-06	1.339971197104129e-06	5.777574834105802e-07	0.9868673132111812	0.9617908690632868	-0.04172510060438039	-0.1027097298536361	-0.00545899873888144	0.07659684538393946	0.008305108002219288	-0.03552055596938689	-0.03084168050850483	0.007465738948976721	0.005043698583935255	-0.001204301785160108	1.545538806924684	1.093739056392364	0.07336079244850803	0.01569805850231638	-0.0577893492904893	0.01805614503028214	0.001458763876362534	-0.008062470019228758	-0.007923664751992545	-0.006789839520922798	-0.001143172274586681	0.0006332307163173308	-1.341147020934589e-05	-5.89641505291711e-06	1.687704611036801e-06	8.091004575117148e-07	-3.078531450926719e-06	-1.761360192549074e-06	-7.188665977683569e-06	-2.996727985342685e-06	-3.193495196879079e-08	-7.974431509286715e-08	1.385514196420899e-06	7.560617172202427e-07	0.001136617536904578	-9.936452020933708e-08	0.04435118645028313	3.311162422830146e-07	-0.4187134223404977	-5.755459265924417e-07	2.947007604886472e-07	3.614446698063893e-08	-1.643727824585649e-06	-5.922945485942539e-07	9.844196720545839e-07	4.193453508943523e-07	9.232751580542095e-08	-4.158478602241183e-08	-5.635037154328517e-06	-2.499640914070386e-06	2.029649052174583e-06	7.852068808944051e-07	1.351022379905885e-06	5.900741440248426e-07	1.539883032431322e-06	7.331844156407125e-07	5.348127946048412e-07	1.854189561045012e-07	-4.578539146268877e-08	4.672641587441743e-09	1.036669186406759e-06	4.37645936230014e-07	1.163877611264346e-06	2.871165122820513e-08	3.430335586885328e-07	1.322223808179031e-07	-8.622466815095828e-07	-5.279741176082698e-07	1.047197653045633	4.914326741346929e-08	6.884474867832431e-07	2.955328961073851e-07	-2.567753903763932e-06	-1.348052959841517e-06	3.285048845081556e-06	1.395675542712663e-06	-1.958683299746306e-07	-9.048890902302655e-08	-6.799827788048873e-07	-2.653894357870375e-07	1.047197433143875	-5.282697686941555e-08	-1.224280044295224e-07	-6.786758279664198e-08
2.83	5.644879977580189e-06	2.539191114065378e-06	4.587459018289298e-07	1.513982394756763e-07	1.159773836235877e-06	6.260262709310186e-07	-1.217933610182334e-07	-1.806443705659282e-08	0.9690003042666985	1.622784000797037e-07	-7.989414948406372e-07	-3.5211636820338e-07	-5.781009090907973e-06	-2.716823921682473e-06	-2.580197471316618e-06	-1.114170033612658e-06	1.34574359836341e-06	5.772472120472563e-07	0.9965370076030565	0.972059690978937	-0.04274644860447795	-0.1015734943495504	-0.004637602371016058	0.08259261307640284	0.007949778090751178	-0.03542645507920305	-0.0307659201092912	0.007738980585603178	0.005029807365727726	-0.001333421817340759	1.556495589996425	1.097617562263002	0.07354622871716184	0.01669139264295591	-0.05769834993223363	0.009946920011246764	0.001377284176572869	-0.00818184671980102	-0.007991344014611662	-0.006753100785959276	-0.00113539240370018	0.0006564024408996168	-1.34705336008822e-05	-5.904770098768936e-06	1.695742295722847e-06	8.058759117720313e-07	-3.096178139655848e-06	-1.765927961027571e-06	-7.218622527281445e-06	-2.994907647521767e-06	-3.274970805029132e-08	-8.163373003430306e-08	1.393142691849443e-06	7.625510540809916e-07	0.001136616550791641	-9.8857680798625e-08	0.0443511897536449	3.290096783395956e-07	-0.4187134280085894	-5.687368445964001e-07	2.950986588619994e-07	3.810532862079722e-08	-1.649604294602641e-06	-5.884162266459681e-07	9.885799848142108e-07	4.168889685659277e-07	9.195333600581776e-08	-3.87404374956063e-08	-5.660021649478813e-06	-2.499733592663051e-06	2.037489236052528e-06	7.838819484746529e-07	1.356915302960995e-06	5.900729614599125e-07	1.547219064932119e-06	7.340318815515308e-07	5.366687132087808e-07	1.852698093904069e-07	-4.573694526431433e-08	5.023247299312734e-09	1.041069596602634e-06	4.401425784952212e-07	1.164156740988491e-06	2.543006966368138e-08	3.44355621250754e-07	1.321670427395824e-07	-8.675293104563126e-07	-5.29340617076834e-07	1.047197653536348	4.912244797928431e-08	6.913887029531e-07	2.943989312602637e-07	-2.581258911598508e-06	-1.350941292311876e-06	3.299024999438077e-06	1.397338464779211e-06	-1.967744099397046e-07	-9.071197718359785e-08	-6.826353663791277e-07	-2.651645829945847e-07	1.047197432615294	-5.287205650505544e-08	-1.231059577353223e-07	-6.781213300721192e-08
2.84	5.670276793754016e-06	2.542487807316433e-06	4.602690648083619e-07	1.524227137073464e-07	1.166028005405479e-06	6.277044934673205e-07	-1.219792089506957e-07	-1.811703034496197e-08	0.9690003058886643	1.625315054692021e-07	-8.024610346717962e-07	-3.522503895762231e-07	-5.80816115686533e-06	-2.718385857271162e-06	-2.591332584708792e-06	-1.114609843393068e-06	1.351515675031857e-06	5.768351270891722e-07	1.006284144697217	0.9818465715644407	-0.04376629600989716	-0.1006250259485997	-0.003753023858958086	0.08858612614234765	0.00759462677914013	-0.03534521424647864	-0.03068636545863748	0.00803309365123726	0.0050132345786724	-0.00148597737365133	1.567491158161786	1.101496068854969	0.0737537756415087	0.01785718288667318	-0.05770291482894224	0.001681981532248269	0.001294203615846052	-0.008308164157833231	-0.008056889037131306	-0.006682845999435661	-0.001127805852342856	0.0006680699564903689	-1.352960891527045e-05	-5.911609706723528e-06	1.70378584740457e-06	8.034718617741068e-07	-3.113823978536269e-06	-1.769573532992424e-06	-7.248581032840004e-06	-2.993476798589229e-06	-3.356408076751913e-08	-8.313248531492108e-08	1.400790377034723e-06	7.680736502592303e-07	0.001136615561426649	-9.852272801314342e-08	0.0443511930632367	3.274242925046807e-07	-0.4187134336693883	-5.63224912230865e-07	2.954989131562034e-07	3.967278964021319e-08	-1.655474750232809e-06	-5.852357622987866e-07	9.927316946721666e-07	4.147898373736484e-07	9.158286195387946e-08	-3.643934014907019e-08	-5.6850156034213e-06	-2.500015216819328e-06	2.045333118581023e-06	7.828963671563576e-07	1.362800620362475e-06	5.899440879596517e-07	1.554557788791485e-06	7.347664754933556e-07	5.385270493457739e-07	1.851902862010872e-07	-4.568809269998361e-08	5.31406652105795e-09	1.045457715088604e-06	4.418977695287181e-07	1.164428362032295e-06	2.262121467548944e-08	3.456767402321297e-07	1.321042293383974e-07	-8.728170699253592e-07	-5.305492629600088e-07	1.047197654026766	4.910139528560765e-08	6.943275823590731e-07	2.934577321723328e-07	-2.594767692062578e-06	-1.353319710520032e-06	3.313007798152294e-06	1.398781859340362e-06	-1.976810699108225e-07	-9.090304386374253e-08	-6.852874811505849e-07	-2.649738961829224e-07	1.047197432086859	-5.290538808432802e-08	-1.237833779794103e-07	-6.775871069510718e-08
2.85	5.695669017381636e-06	2.544384953146661e-06	4.618022522706093e-07	1.531890457330833e-07	1.172269486688054e-06	6.286267687029495e-07	-1.221688166383239e-07	-1.806108032965521e-08	0.9690003075093139	1.626939958789961e-07	-8.059795932428031e-07	-3.52390059954873e-07	-5.835302761395123e-06	-2.719838783980394e-06	-2.602459224134314e-06	-1.114879931117153e-06	1.357289805120455e-06	5.766525844773842e-07	1.016086003856103	0.9907338315160347	-0.04479358039317735	-0.1000212603933397	-0.002782544399850792	0.09422665591023455	0.007238509361241581	-0.03527644237721571	-0.03060225188990771	0.008369303161028454	0.004991778657548226	-0.001664806636431918	1.578525511436132	1.105374577125259	0.07401275055570423	0.0190075044791169	-0.05785456772892392	-0.006250234348713173	0.001208963269841005	-0.008440696975053941	-0.008118661972690384	-0.006551819912404992	-0.001119772479175386	0.0006387185612755409	-1.358867476328646e-05	-5.914713639835737e-06	1.711841307743781e-06	8.031274187412892e-07	-3.13143358340272e-06	-1.771175437344792e-06	-7.278558763642926e-06	-2.992817472389311e-06	-3.436626139826071e-08	-8.372804313679066e-08	1.408442411368451e-06	7.711764138137746e-07	0.001136614565018067	-9.859188954683124e-08	0.04435119640677613	3.269192786201482e-07	-0.4187134393374753	-5.609562374526876e-07	2.959066189738985e-07	4.018050784709293e-08	-1.661348568469381e-06	-5.838316646034804e-07	9.968732630464958e-07	4.136588733225224e-07	9.121454171469463e-08	-3.558540299789567e-08	-5.71001682773417e-06	-2.500732483503641e-06	2.053192370673619e-06	7.826753037012182e-07	1.368665113970021e-06	5.896370611153351e-07	1.561893652265211e-06	7.352394724928371e-07	5.403934073090902e-07	1.852313268911515e-07	-4.564175873788254e-08	5.47899140364704e-09	1.049808160406412e-06	4.420627740717772e-07	1.164723091369048e-06	2.079305305606251e-08	3.469966687183193e-07	1.320305473717612e-07	-8.780986794376643e-07	-5.314229168182844e-07	1.047197654516323	4.908715066949882e-08	6.972658037418069e-07	2.929928322402128e-07	-2.608264573521875e-06	-1.35449332729761e-06	3.326996600186813e-06	1.399636102935997e-06	-1.985868303534776e-07	-9.102678859270179e-08	-6.879405945161327e-07	-2.648469736929733e-07	1.047197431559063	-5.291336066263628e-08	-1.244599796834914e-07	-6.772456579467352e-08
2.86	5.721079088978624e-06	2.546074059563854e-06	4.633421298064806e-07	1.539485766355235e-07	1.17852033432368e-06	6.293858569967746e-07	-1.223568809748175e-07	-1.801296947419815e-08	0.9690003091317095	1.628371724134727e-07	-8.094999037947285e-07	-3.525206688548461e-07	-5.862463488044349e-06	-2.721218356517519e-06	-2.613589020434583e-06	-1.115076536144343e-06	1.36306258844686e-06	5.765117658398251e-07	1.025975072024153	0.9993186866600324	-0.04581552242883796	-0.09953780421173591	-0.00175864831479568	0.1000156893139331	0.006883062587116739	-0.03522069867442728	-0.03051467275633422	0.008717260675763268	0.004968587494962822	-0.001865851450547251	1.589598649797495	1.109253085705522	0.07428123427489712	0.02041106031373503	-0.05807963776162386	-0.01454811450728929	0.001122362312611105	-0.008580482319905885	-0.008179004685148825	-0.006398993251629543	-0.001112207585807107	0.0006105496448701572	-1.364776172816257e-05	-5.917256488347074e-06	1.719900038112668e-06	8.030708481718267e-07	-3.149057548056009e-06	-1.772337201678561e-06	-7.308531027325929e-06	-2.992383420506273e-06	-3.517313456124369e-08	-8.415325207955091e-08	1.416120014590416e-06	7.739370380766708e-07	0.001136613566987197	-9.873311625844825e-08	0.04435119974463135	3.266950772887829e-07	-0.4187134449920021	-5.591481914337869e-07	2.963144904033498e-07	4.058124795611988e-08	-1.667212341684282e-06	-5.826618349496117e-07	1.001006889867829e-06	4.126225624427375e-07	9.085059431152381e-08	-3.488617806944942e-08	-5.735028451517015e-06	-2.501532654789717e-06	2.061050304756338e-06	7.826108363936482e-07	1.374527683648943e-06	5.892240342485492e-07	1.569234593475859e-06	7.356635259111837e-07	5.422597738392605e-07	1.853200947514387e-07	-4.55937611327422e-08	5.61254579187839e-09	1.054157224056332e-06	4.418511502880295e-07	1.164997151533988e-06	1.921927204594827e-08	3.483157597580631e-07	1.319508486438143e-07	-8.833902683071812e-07	-5.322148588083993e-07	1.047197655005824	4.906964612449341e-08	7.002009667657523e-07	2.925988232231214e-07	-2.621771963952864e-06	-1.355455722194078e-06	3.340992322124461e-06	1.400429699081063e-06	-1.994938067697193e-07	-9.11337140981423e-08	-6.905926026092594e-07	-2.647414945443288e-07	1.047197431031204	-5.291543575375686e-08	-1.251361710367059e-07	-6.768503360813604e-08
2.87	5.746507008544981e-06	2.547555126568014e-06	4.648886974159759e-07	1.547013064146673e-07	1.184780548312359e-06	6.29981758348796e-07	-1.225434019601764e-07	-1.797269777859077e-08	0.969000310755851	1.629610350726321e-07	-8.130219663275724e-07	-3.526422162761424e-07	-5.889643336813008e-06	-2.722524574882537e-06	-2.624721973609599e-06	-1.115199658474639e-06	1.368834025011072e-06	5.764126711764945e-07	1.035951349201369	1.007601136996434	-0.04683212211687907	-0.09917465740378843	-0.0006813356037926612	0.1059532263534438	0.006528286456765575	-0.03517798313811333	-0.03042362805791703	0.009076966195441733	0.004943661090916186	-0.002089111815997348	1.600710573245875	1.113131594595756	0.07455922679908737	0.02206785039052768	-0.05837812492704206	-0.02321165894348083	0.001034400744156347	-0.008727520192389076	-0.008237917174506636	-0.006224366017109297	-0.001105111172238019	0.000583563207274215	-1.370686980989876e-05	-5.919238252257536e-06	1.727962038511231e-06	8.033021500657195e-07	-3.166695872496137e-06	-1.773058825993732e-06	-7.338497823889011e-06	-2.992174642940117e-06	-3.598470025646815e-08	-8.440811214320188e-08	1.423823186700619e-06	7.763555230479189e-07	0.001136612567334041	-9.894640814799447e-08	0.04435120307680239	3.267516885105847e-07	-0.4187134506329687	-5.578007741741629e-07	2.967225274445571e-07	4.087500996729405e-08	-1.673066069877513e-06	-5.817262733371805e-07	1.005132575136165e-06	4.116809047342938e-07	9.049101974436697e-08	-3.434166536373139e-08	-5.760050474769838e-06	-2.502415730677554e-06	2.06890692082918e-06	7.827029652336478e-07	1.380388329399241e-06	5.887050073592939e-07	1.57658061242343e-06	7.360386357483953e-07	5.441261489362852e-07	1.854565897819489e-07	-4.554409988456254e-08	5.714729685752013e-09	1.058504906038363e-06	4.412628981774749e-07	1.165250542527117e-06	1.789987164514658e-08	3.496340133513613e-07	1.318651331545569e-07	-8.886918365339104e-07	-5.32925088930354e-07	1.047197655495269	4.904888165059141e-08	7.031330714309093e-07	2.922757051210586e-07	-2.635289863355549e-06	-1.356206895209435e-06	3.354994963965239e-06	1.40116264777556e-06	-2.004019991595475e-07	-9.122382038006411e-08	-6.932435054299654e-07	-2.646574587369888e-07	1.047197430503282	-5.291161335768972e-08	-1.258119520390539e-07	-6.76401141354948e-08
2.88	5.771952776080704e-06	2.548828154159139e-06	4.664419550990953e-07	1.554472350705145e-07	1.191050128654088e-06	6.304144727590139e-07	-1.227283795944008e-07	-1.794026524283308e-08	0.9690003123817386	1.630655838564743e-07	-8.165457808413344e-07	-3.52754702218762e-07	-5.916842307701098e-06	-2.723757439075449e-06	-2.635858083659363e-06	-1.115249298108041e-06	1.374604114813092e-06	5.763553004873927e-07	1.046014835387748	1.01558118252524	-0.04784337945730059	-0.09893181996949726	0.0004493937331581691	0.1120392670287661	0.00617418097018812	-0.03514829576827389	-0.03032911779465612	0.009448419720063815	0.00491699944540832	-0.002334587732782189	1.611861281781272	1.117010103795963	0.07484672812827499	0.02397787470949472	-0.0587500292251785	-0.03224086765728702	0.0009450785644767369	-0.008881810592503502	-0.008295399440763811	-0.006027938208844271	-0.001098483238468122	0.0005577592484877165	-1.376599900849504e-05	-5.920658931567123e-06	1.736027308939469e-06	8.038213244229675e-07	-3.184348556723104e-06	-1.773340310290304e-06	-7.368459153332174e-06	-2.992191139690843e-06	-3.6800958483934e-08	-8.449262332774357e-08	1.431551927699058e-06	7.784318687275187e-07	0.001136611566058598	-9.923176521546987e-08	0.04435120640328922	3.270891122855537e-07	-0.4187134562603751	-5.569139856738156e-07	2.971307300975205e-07	4.106179388061543e-08	-1.678909753049072e-06	-5.810249797661868e-07	1.009250318851505e-06	4.108339001971914e-07	9.013581801322418e-08	-3.395186488074162e-08	-5.785082897492637e-06	-2.503381711167154e-06	2.076762218892145e-06	7.829516902212169e-07	1.386247051220915e-06	5.880799804475694e-07	1.583931709107924e-06	7.36364802004472e-07	5.459925326001639e-07	1.85640811982682e-07	-4.549277499334361e-08	5.785543085267898e-09	1.062851206352505e-06	4.402980177401134e-07	1.165483264348433e-06	1.683485185365756e-08	3.509514294982137e-07	1.317734009039888e-07	-8.940033841178514e-07	-5.335536071841483e-07	1.047197655984659	4.902485724779282e-08	7.060621177372777e-07	2.920234779340245e-07	-2.648818271729927e-06	-1.35674684634368e-06	3.369004525709145e-06	1.401834949019487e-06	-2.013114075229622e-07	-9.129710743846718e-08	-6.958933029782505e-07	-2.645948662709534e-07	1.047197429975297	-5.29018934744349e-08	-1.264873226905354e-07	-6.758980737674975e-08
2.89	5.797416391585797e-06	2.54989314233723e-06	4.680019028558387e-07	1.561863626030651e-07	1.19732907534887e-06	6.306840002274277e-07	-1.229118138774906e-07	-1.791567186692507e-08	0.9690003140093721	1.631508187649993e-07	-8.200713473360151e-07	-3.528581266827048e-07	-5.94406040070862e-06	-2.724916949096252e-06	-2.646997350583875e-06	-1.115225455044548e-06	1.380372857852919e-06	5.763396537725196e-07	1.056165530583292	1.023258823246451	-0.04884929445010261	-0.09880929190886235	0.001633539696056912	0.1182738113399006	0.005820746127384341	-0.03513163656490893	-0.0302311419665515	0.009831621249629552	0.004888602558439223	-0.002602279200901796	1.623050775403686	1.120888613306141	0.07514373826246	0.0261411332706363	-0.05919535065603322	-0.04163574064870866	0.0008543957735722672	-0.009043353520249176	-0.008351451483920356	-0.005809709826834449	-0.001092323784497416	0.0005331377685106599	-1.382514932395142e-05	-5.921518526275838e-06	1.744095849397384e-06	8.046283712435708e-07	-3.202015600736909e-06	-1.773181654568279e-06	-7.398415015655416e-06	-2.992432910758449e-06	-3.762190924364133e-08	-8.440678563317596e-08	1.439306237585735e-06	7.801660751154706e-07	0.001136610563160868	-9.958918746087449e-08	0.04435120972409186	3.277073486136897e-07	-0.4187134618742212	-5.564878259327449e-07	2.9753909836224e-07	4.114159969608403e-08	-1.684743391198961e-06	-5.805579542366306e-07	1.013360121013849e-06	4.100815488314303e-07	8.978498911809536e-08	-3.371677662048007e-08	-5.810125719685413e-06	-2.504430596258516e-06	2.084616198945234e-06	7.833570113563554e-07	1.392103849113965e-06	5.873489535133755e-07	1.59128788352934e-06	7.366420246794138e-07	5.478589248308968e-07	1.85872761353638e-07	-4.543978645908538e-08	5.824985990426054e-09	1.067196124998759e-06	4.389565089759449e-07	1.165695316997937e-06	1.60242126714811e-08	3.522680081986205e-07	1.316756518921102e-07	-8.993249110590047e-07	-5.341004135697821e-07	1.047197656473993	4.899757291609765e-08	7.089881056848577e-07	2.91842141662019e-07	-2.662357189076e-06	-1.357075575596815e-06	3.383021007356182e-06	1.402446602812846e-06	-2.022220318599634e-07	-9.135357527335153e-08	-6.985419952541148e-07	-2.645537171462225e-07	1.04719742944725	-5.288627610399238e-08	-1.271622829911503e-07	-6.753411333190089e-08
2.9	5.822897855060257e-06	2.550750091102288e-06	4.695685406862062e-07	1.569186890123191e-07	1.203617388396703e-06	6.307903407540381e-07	-1.230937048094457e-07	-1.789891765086676e-08	0.9690003156387514	1.63216739798207e-07	-8.235986658116141e-07	-3.529524896679709e-07	-5.971297615835575e-06	-2.726003104944948e-06	-2.658139774383134e-06	-1.11512812928416e-06	1.386140254130553e-06	5.763657310318751e-07	1.066403434788	1.030634059160065	-0.04984986709528505	-0.09880707322188374	0.002871102284903461	0.1246568592868467	0.00546798192835427	-0.03512800552801847	-0.03012970057360317	0.0102265707841389	0.004858470430008894	-0.002892186220356145	1.634279054113117	1.124767123126292	0.07545025720164233	0.02855762607395224	-0.05971408921960618	-0.05139627791774491	0.0007623523714429461	-0.009212148975626083	-0.008406073303976266	-0.005569680871079846	-0.001086632810325902	0.000509698767343047	-1.388432075626788e-05	-5.921817036383677e-06	1.752167659884973e-06	8.057232905275294e-07	-3.219697004537553e-06	-1.772582858827655e-06	-7.428365410858737e-06	-2.992899956142938e-06	-3.844755253559007e-08	-8.415059905949905e-08	1.447086116360649e-06	7.815581422117744e-07	0.001136609558640851	-1.000186748842083e-07	0.0443512130392103	3.28606397494993e-07	-0.4187134674745072	-5.565222949509509e-07	2.979476322387156e-07	4.111442741369985e-08	-1.690566984327179e-06	-5.803251967485119e-07	1.017461981623197e-06	4.094238506370103e-07	8.943853305898057e-08	-3.363640058294678e-08	-5.835178941348165e-06	-2.50556238595164e-06	2.092468860988446e-06	7.839189286390635e-07	1.397958723078392e-06	5.865119265567125e-07	1.59864913568768e-06	7.368703037732205e-07	5.497253256284838e-07	1.86152437894817e-07	-4.538513428178786e-08	5.833058401226477e-09	1.071539661977125e-06	4.372383718849697e-07	1.165886700475629e-06	1.54679540986173e-08	3.535837494525815e-07	1.31571886118921e-07	-9.046564173573698e-07	-5.345655080872556e-07	1.047197656963272	4.896702865550588e-08	7.119110352736494e-07	2.917316963050421e-07	-2.675906615393766e-06	-1.35719308296884e-06	3.397044408906348e-06	1.402997609155635e-06	-2.031338721705511e-07	-9.139322388471713e-08	-7.01189582257558e-07	-2.645340113627961e-07	1.04719742891914	-5.286476124636217e-08	-1.278368329408987e-07	-6.747303200094826e-08
2.91	5.848397166504087e-06	2.551399000454312e-06	4.711418685901975e-07	1.576442142982766e-07	1.209915067797588e-06	6.307334943388446e-07	-1.232740523902663e-07	-1.789000259465812e-08	0.9690003172698769	1.632633469560974e-07	-8.271277362681318e-07	-3.530377911745603e-07	-5.998553953081963e-06	-2.727015906621538e-06	-2.669285355057141e-06	-1.114957320826878e-06	1.391906303645994e-06	5.764335322654595e-07	1.076728548001873	1.037706890266083	-0.05084509739284799	-0.09892516390856143	0.004162081499697928	0.1311884108696049	0.005115888373097877	-0.0351374026576025	-0.03002479361581113	0.01063326832359191	0.004826603060117333	-0.003204308791145262	1.645546117909566	1.128645633256415	0.07576628494582206	0.03122735311944274	-0.06030624491589742	-0.06152247946439666	0.0006689483580887654	-0.009388196958634238	-0.008459264900931546	-0.005307851341580445	-0.001081410315953579	0.0004874422449848759	-1.394351330544443e-05	-5.921554461890643e-06	1.760242740402239e-06	8.071060822748432e-07	-3.237392768125036e-06	-1.771543923068433e-06	-7.458310338942138e-06	-2.993592275844307e-06	-3.927788835978027e-08	-8.372406360671283e-08	1.4548915640238e-06	7.826080700164301e-07	0.001136608552498548	-1.005202274854713e-07	0.04435121634864455	3.297862589294634e-07	-0.4187134730612329	-5.570173927284335e-07	2.983563317269472e-07	4.098027703346288e-08	-1.696380532433726e-06	-5.803267073018305e-07	1.021555900679548e-06	4.088608056139315e-07	8.909644983587977e-08	-3.371073676814173e-08	-5.860242562480895e-06	-2.506777080246526e-06	2.100320205021781e-06	7.84637442069341e-07	1.403811673114194e-06	5.855688995775801e-07	1.606015465582943e-06	7.370496392858922e-07	5.515917349929251e-07	1.86479841606219e-07	-4.532881846145105e-08	5.809760317669167e-09	1.075881817287602e-06	4.351436064671874e-07	1.166057414781509e-06	1.516607613506608e-08	3.548986532600969e-07	1.314621035844212e-07	-9.099979030129473e-07	-5.349488907365686e-07	1.047197657452495	4.893322446601753e-08	7.148309065036527e-07	2.916921418630939e-07	-2.689466550683227e-06	-1.357099368459753e-06	3.411074730359644e-06	1.403487968047855e-06	-2.040469284547254e-07	-9.141605327256403e-08	-7.038360639885806e-07	-2.645357489206743e-07	1.047197428390968	-5.283734890154425e-08	-1.285109725397806e-07	-6.740656338389183e-08
2.92	5.873886493109656e-06	2.551943666971195e-06	4.727130576092835e-07	1.581872733859158e-07	1.216219135537186e-06	6.30985552705138e-07	-1.234476266830125e-07	-1.773465679424906e-08	0.9690003189037143	1.633747924976411e-07	-8.306679233153768e-07	-3.533326644488332e-07	-6.025801277388444e-06	-2.727789351857739e-06	-2.68045011607167e-06	-1.11526907271456e-06	1.397672781655769e-06	5.764569741353994e-07	1.087126180658708	1.045119795140621	-0.0518537598474922	-0.09915608608881861	0.005515152138415171	0.1374683176323935	0.004765624821022321	-0.03509627939802185	-0.02991701937813961	0.01100556125351187	0.004795644415799606	-0.003415104838127241	1.656851966803801	1.132524143033185	0.07609765786937106	0.03338854147551228	-0.0609870900695428	-0.07095570339481705	0.000574350204896367	-0.009546037312162515	-0.008510200309547576	-0.005074990611787584	-0.001076063866416248	0.0004687134243382414	-1.400272818054794e-05	-5.922264696434891e-06	1.768289374501672e-06	8.074434478880199e-07	-3.255159866227539e-06	-1.772520085914074e-06	-7.488218568523449e-06	-2.993221839530129e-06	-4.014839938869138e-08	-8.431579009871497e-08	1.462665845592243e-06	7.831702412961627e-07	0.001136607546288658	-1.008599182535971e-07	0.04435121967519505	3.307609480176374e-07	-0.4187134787203878	-5.584053377412152e-07	2.987451781841864e-07	4.05552621136382e-08	-1.70221343148935e-06	-5.804891887938062e-07	1.025655928066212e-06	4.084561974718796e-07	8.87527847472607e-08	-3.367933126847522e-08	-5.885334136796802e-06	-2.508239032217134e-06	2.108190867755245e-06	7.854298146072244e-07	1.409653965584955e-06	5.847277213956081e-07	1.613374731555256e-06	7.371156439520968e-07	5.534626592511121e-07	1.867757383310511e-07	-4.527310095662464e-08	5.813163428213495e-09	1.080198427901713e-06	4.333318387419542e-07	1.166249846469181e-06	1.504007140683031e-08	3.562142194242152e-07	1.313913416034712e-07	-9.153367901727729e-07	-5.353096861224004e-07	1.047197657941722	4.891035936731351e-08	7.177487991410525e-07	2.915632014626492e-07	-2.70301290554034e-06	-1.356976942289766e-06	3.425094802975861e-06	1.40373656549565e-06	-2.049574729343509e-07	-9.140426531691307e-08	-7.064890196509003e-07	-2.646396845983068e-07	1.047197427863416	-5.280944590483884e-08	-1.291851650399907e-07	-6.735884747064305e-08
2.93	5.899361832298139e-06	2.552399017425352e-06	4.742808380690943e-07	1.585226042420435e-07	1.22252916335338e-06	6.316144063928137e-07	-1.23613675581208e-07	-1.741069501198579e-08	0.9690003205404027	1.63563178186146e-07	-8.342205736586284e-07	-3.538685506883413e-07	-6.053035542709993e-06	-2.728299568208725e-06	-2.691636361728386e-06	-1.116143348353582e-06	1.403439943455867e-06	5.764236771739008e-07	1.097594220282197	1.05296516730649	-0.05287855438213004	-0.09949876438409935	0.006931561705912872	0.1434390350486709	0.004417357997219745	-0.03499549696217419	-0.02980646389871897	0.01133681246132129	0.004765974720517846	-0.003506808029533535	1.668196600797373	1.13640265236121	0.07644521528928562	0.03493164214341311	-0.06175882096214158	-0.07954370859529278	0.0004785818517735137	-0.009682008663374212	-0.008558760749461948	-0.004878399720892804	-0.001070508264860019	0.0004538495670858675	-1.406196555545182e-05	-5.924168326106155e-06	1.776303001106181e-06	8.065436484376105e-07	-3.273006492263559e-06	-1.775864430181955e-06	-7.518085608281824e-06	-2.991603418207061e-06	-4.106418831248457e-08	-8.609671021377641e-08	1.470400802124752e-06	7.832237151361089e-07	0.001136606540234761	-1.010041066261825e-07	0.04435122302214069	3.314605762705249e-07	-0.4187134844643378	-5.607482864394989e-07	2.991112927705869e-07	3.981293832319238e-08	-1.708069908868151e-06	-5.808021005188197e-07	1.029764084268015e-06	4.082191988149768e-07	8.840668145974153e-08	-3.350472874310613e-08	-5.910456188659288e-06	-2.509971877141047e-06	2.116083816911668e-06	7.86284148009141e-07	1.415484344524382e-06	5.840182823221176e-07	1.620725187537485e-06	7.370590583716154e-07	5.553387464486486e-07	1.870287335681657e-07	-4.521830705491606e-08	5.851618902955521e-09	1.084486018984023e-06	4.318979281706282e-07	1.166470091061754e-06	1.507864992990159e-08	3.575306636285285e-07	1.313660768997043e-07	-9.206712700416784e-07	-5.35656396832563e-07	1.047197658430963	4.89004752912146e-08	7.206648684648035e-07	2.913218260161273e-07	-2.716542215717451e-06	-1.356852050878324e-06	3.43910215775378e-06	1.403717355868017e-06	-2.058649695253202e-07	-9.135530050673095e-08	-7.091495391942176e-07	-2.648574315743148e-07	1.047197427336582	-5.278182980211156e-08	-1.298594770608745e-07	-6.733335578350851e-08
2.94	5.924843029990062e-06	2.552691040647534e-06	4.758515053750977e-07	1.587754631888096e-07	1.228847274691157e-06	6.322834348586624e-07	-1.237759282419781e-07	-1.702811794548753e-08	0.969000322179253	1.63768500048381e-07	-8.377790099513341e-07	-3.544895555223033e-07	-6.080276810484865e-06	-2.728664922023589e-06	-2.702832666646397e-06	-1.117183666506161e-06	1.409206523216394e-06	5.763950222917627e-07	1.108143141128741	1.060784893484799	-0.05390609401355648	-0.09995853082614511	0.008405124719449909	0.1493858851944317	0.004070261231417968	-0.03488036804728356	-0.02969270057610778	0.01165993063274624	0.004735708718556563	-0.003567508874881219	1.679580019882601	1.140281161713467	0.07680479563395889	0.03639983011517507	-0.06261054780689722	-0.08804134966671846	0.0003815245978707127	-0.00981426513676275	-0.008605535167384749	-0.004681878046799941	-0.001065165941439088	0.0004411784341938944	-1.412122456804236e-05	-5.926171622537196e-06	1.784306235329019e-06	8.053573798922285e-07	-3.290892020941433e-06	-1.779826271167463e-06	-7.547933727459263e-06	-2.989655429734985e-06	-4.199995454677051e-08	-8.821929623330869e-08	1.478136887964912e-06	7.828723225287377e-07	0.001136605533228291	-1.011195920484447e-07	0.04435122637322383	3.322316706293494e-07	-0.4187134902317691	-5.637380495223374e-07	2.994689495902342e-07	3.888442415213879e-08	-1.713929004050908e-06	-5.813177062835344e-07	1.0338703511484e-06	4.081043292716277e-07	8.806238591699286e-08	-3.337264339020497e-08	-5.935596201558988e-06	-2.511858424611601e-06	2.123984337679943e-06	7.87259437139779e-07	1.421309037369412e-06	5.832923777199219e-07	1.62807549102549e-06	7.369257932756952e-07	5.572167833917175e-07	1.872953244844998e-07	-4.516282388815129e-08	5.883719273071132e-09	1.088761819753707e-06	4.303715346519199e-07	1.166687925227626e-06	1.533779064561079e-08	3.588469164526424e-07	1.313541960412489e-07	-9.260103111388897e-07	-5.359468646262695e-07	1.047197658920173	4.889344776088248e-08	7.235783445578284e-07	2.910822994339806e-07	-2.730071657936526e-06	-1.356594557037171e-06	3.4531090367014e-06	1.403559480787199e-06	-2.067720762846142e-07	-9.128184962332117e-08	-7.118122183389258e-07	-2.651314084168546e-07	1.04719742680998	-5.275064530053269e-08	-1.305335782848311e-07	-6.731287553074423e-08
2.95	5.950330086185427e-06	2.55281973663774e-06	4.774250595272938e-07	1.58945850226214e-07	1.23517346955052e-06	6.329926381026839e-07	-1.239343846653227e-07	-1.658692559475424e-08	0.9690003238202656	1.639907580843461e-07	-8.413432321934939e-07	-3.551956789507193e-07	-6.107525080713063e-06	-2.72888541330233e-06	-2.714039030825704e-06	-1.118390027172296e-06	1.414972520937351e-06	5.763710094889851e-07	1.118772943198342	1.06857897367555	-0.05493637874177161	-0.100535385414956	0.00993584117902642	0.1553088680696764	0.003724334523616963	-0.03475089265334995	-0.02957572941030601	0.01197491576778674	0.004704846409915756	-0.0035972073741703	1.691002224059485	1.144159671089958	0.07717639890339091	0.03779310539079824	-0.06354227060380978	-0.09644862660909485	0.0002831784431879558	-0.009942806732328143	-0.008650523563315988	-0.00448542558950898	-0.001060036896153455	0.000430700025662321	-1.418050521831958e-05	-5.928274585728015e-06	1.792299077170186e-06	8.038846422518736e-07	-3.30881645226116e-06	-1.784405608870599e-06	-7.577762926055766e-06	-2.987377874113901e-06	-4.295569809154929e-08	-9.068354815731201e-08	1.485874103112726e-06	7.821160634740491e-07	0.001136604525269249	-1.012063745203837e-07	0.04435122972844446	3.330742310941112e-07	-0.4187134960226815	-5.673746269897311e-07	2.998181486431287e-07	3.776971960047735e-08	-1.71979071703762e-06	-5.820360060879508e-07	1.037974728707366e-06	4.081115888418324e-07	8.771989811901465e-08	-3.328307520977172e-08	-5.960754175495906e-06	-2.513898674628798e-06	2.131892430060071e-06	7.883556819991384e-07	1.427128044120043e-06	5.825500075890208e-07	1.635425642019272e-06	7.367158486643363e-07	5.590967700803191e-07	1.875755110800535e-07	-4.510665145633033e-08	5.909464538560331e-09	1.093025830210765e-06	4.28752658185829e-07	1.166903348966797e-06	1.581749355395792e-08	3.601629778965571e-07	1.313556990281051e-07	-9.313539134644072e-07	-5.361810895035197e-07	1.047197659409355	4.888927677631713e-08	7.264892274201276e-07	2.908446217162089e-07	-2.743601232197565e-06	-1.356204460766307e-06	3.467115439818724e-06	1.403262940253197e-06	-2.076787932122331e-07	-9.118391266668374e-08	-7.144770570850253e-07	-2.654616151259263e-07	1.047197426283609	-5.271589240010219e-08	-1.312074687118606e-07	-6.729740671235018e-08
2.96	5.975823000884233e-06	2.55278510539597e-06	4.790015005256824e-07	1.590337653542567e-07	1.241507747931468e-06	6.337420161248784e-07	-1.240890448512417e-07	-1.608711795978597e-08	0.9690003254634402	1.642299522940414e-07	-8.449132403851076e-07	-3.559869209735891e-07	-6.134780353394584e-06	-2.728961042044949e-06	-2.725255454266306e-06	-1.119762430351988e-06	1.420737936618738e-06	5.76351638765568e-07	1.129483626490998	1.076347407878741	-0.05596940856677533	-0.1012293281505318	0.01152371108464227	0.1612079836744046	0.003379577873816759	-0.03460707078037336	-0.02945555040131367	0.01228176786644277	0.004673387794595426	-0.003595903527400774	1.702463213328025	1.148038180490682	0.07756002509758166	0.03911146797028252	-0.06455398935287919	-0.1047655394224212	0.0001835433877252515	-0.01006763345007038	-0.008693725937255656	-0.004289042349019935	-0.001055121129003122	0.0004224143414911482	-1.423980750628346e-05	-5.93047721567861e-06	1.800281526629683e-06	8.021254355165463e-07	-3.32677978622274e-06	-1.789602443291362e-06	-7.607573204071331e-06	-2.984770751343809e-06	-4.393141894682083e-08	-9.348946598578615e-08	1.493612447568192e-06	7.809549379720431e-07	0.001136603516357634	-1.012644540419994e-07	0.04435123308780259	3.339882576648101e-07	-0.4187135018370753	-5.716580188416796e-07	3.001588899292701e-07	3.646882466820816e-08	-1.725655047828287e-06	-5.829569999320685e-07	1.042077216944914e-06	4.082409775255909e-07	8.737921806580696e-08	-3.323602420180639e-08	-5.985930110470039e-06	-2.516092627192637e-06	2.13980809405205e-06	7.895728825872193e-07	1.432941364776277e-06	5.817911719294147e-07	1.642775640518832e-06	7.364292245375385e-07	5.609787065144529e-07	1.878692933548267e-07	-4.504978975945319e-08	5.928854699423115e-09	1.097278050355198e-06	4.270412987723557e-07	1.167116362279268e-06	1.651775865494295e-08	3.614788479602723e-07	1.313705858602729e-07	-9.367020770182305e-07	-5.363590714643141e-07	1.047197659898506	4.888796233751856e-08	7.293975170517006e-07	2.906087928628125e-07	-2.757130938500567e-06	-1.355681762065732e-06	3.481121367105751e-06	1.402827734266011e-06	-2.085851203081767e-07	-9.106148963681862e-08	-7.171440554325154e-07	-2.658480517015299e-07	1.04719742575747	-5.267757110082008e-08	-1.318811483419628e-07	-6.728694932832642e-08
2.97	6.001321774086481e-06	2.552587146922225e-06	4.805808283702638e-07	1.590392085729377e-07	1.247850109834e-06	6.345315689252457e-07	-1.242399087997353e-07	-1.552869504058266e-08	0.9690003271087769	1.644860826774668e-07	-8.484890345261755e-07	-3.568632815909131e-07	-6.162042628529429e-06	-2.728891808251445e-06	-2.736481936968204e-06	-1.121300876045236e-06	1.426502770260553e-06	5.763369101215114e-07	1.14027519100671	1.084090196094374	-0.05700518348856772	-0.1020403590328728	0.01316873443629758	0.1670832320086167	0.003035991282017325	-0.03444890242835377	-0.02933216354913077	0.01258048692871435	0.00464133287259557	-0.003563597334572642	1.713962987688222	1.151916689915639	0.07795567421653114	0.04035491785362804	-0.06564570405410555	-0.1129920881066982	8.261943148259118e-05	-0.01018874528998947	-0.008735142289203763	-0.004092728325332792	-0.001050418639988086	0.0004163213816803753	-1.429913143193402e-05	-5.932779512388983e-06	1.80825358370751e-06	8.00079759686246e-07	-3.344782022826175e-06	-1.795416774429753e-06	-7.637364561505961e-06	-2.981834061424708e-06	-4.49271171125852e-08	-9.663704971873133e-08	1.50135192133131e-06	7.793889460227197e-07	0.001136602506493447	-1.01293830613292e-07	0.04435123645129821	3.349737503414463e-07	-0.4187135076749501	-5.765882250781832e-07	3.004911734486585e-07	3.498173935533111e-08	-1.731521996422909e-06	-5.840806878158877e-07	1.046177815861043e-06	4.084924953229032e-07	8.704034575736973e-08	-3.323149036630897e-08	-6.011124006481387e-06	-2.518440282303118e-06	2.147731329655883e-06	7.909110389040217e-07	1.438748999338114e-06	5.810158707411031e-07	1.650125486524169e-06	7.360659208953018e-07	5.628625926941197e-07	1.881766713088194e-07	-4.499223879751985e-08	5.941889755659485e-09	1.101518480187005e-06	4.252374564114999e-07	1.167326965165039e-06	1.743858594856594e-08	3.627945266437882e-07	1.313988565377523e-07	-9.4205480180036e-07	-5.364808105086521e-07	1.047197660387628	4.888950444448678e-08	7.323032134525479e-07	2.903748128737912e-07	-2.770660776845533e-06	-1.355026460935444e-06	3.495126818562481e-06	1.402253862825641e-06	-2.094910575724452e-07	-9.091458053372586e-08	-7.198132133813966e-07	-2.662907181436655e-07	1.047197425231563	-5.263568140268636e-08	-1.325546171751379e-07	-6.728150337867289e-08
2.98	6.026826405792169e-06	2.552225861216505e-06	4.821630430610377e-07	1.589621798822569e-07	1.254200555258116e-06	6.35361296503786e-07	-1.243869765108034e-07	-1.491165683714437e-08	0.9690003287562756	1.647591492346224e-07	-8.520706146166976e-07	-3.578247608026908e-07	-6.189311906117598e-06	-2.72867771192182e-06	-2.747718478931396e-06	-1.12300536425204e-06	1.432267021862799e-06	5.763268235568152e-07	1.151147636745477	1.091807338322447	-0.05804370350714872	-0.1029684780619788	0.01487091123399223	0.1729346130723121	0.002693574748218693	-0.03427638759729122	-0.02920556885375731	0.01287107295460146	0.004608681643916194	-0.003500288795685905	1.725501547140076	1.155795199364829	0.07836334626023934	0.04152345504083466	-0.06681741470748874	-0.1211282726619252	-1.959342554001637e-05	-0.0103061422520854	-0.0087747726191603	-0.003896483518447566	-0.001045929429108349	0.0004124211462300028	-1.435847699527123e-05	-5.935181475859135e-06	1.816215248403665e-06	7.977476147609731e-07	-3.362823162071462e-06	-1.801848602285771e-06	-7.667136998359654e-06	-2.978567804356599e-06	-4.594279258884234e-08	-1.001262993561473e-07	1.50909252440208e-06	7.774180876260789e-07	0.001136601495676687	-1.012945042342613e-07	0.04435123981893133	3.360307091240195e-07	-0.4187135135363063	-5.821652456992417e-07	3.008149992012939e-07	3.330846366184633e-08	-1.737391562821486e-06	-5.854070697394084e-07	1.050276525455753e-06	4.088661422337693e-07	8.670328119370299e-08	-3.326947370327947e-08	-6.036335863529953e-06	-2.520941639960241e-06	2.155662136871568e-06	7.923701509495455e-07	1.444550947805552e-06	5.802241040240863e-07	1.657475180035282e-06	7.356259377376264e-07	5.647484286193187e-07	1.884976449420316e-07	-4.493399857053034e-08	5.948569707269442e-09	1.105747119706187e-06	4.233411311032617e-07	1.167535157624108e-06	1.85799754348268e-08	3.641100139471047e-07	1.314405110605432e-07	-9.474120878107953e-07	-5.365463066365339e-07	1.04719766087672	4.889390309722177e-08	7.35206316622669e-07	2.90142681749145e-07	-2.784190747232463e-06	-1.354238557375446e-06	3.509131794188914e-06	1.401541325932086e-06	-2.103966050050385e-07	-9.074318535740542e-08	-7.224845309316688e-07	-2.667896144523329e-07	1.047197424705887	-5.259022330570102e-08	-1.332278752113858e-07	-6.728106886338963e-08
2.99	6.052336896001299e-06	2.55170124827881e-06	4.837481445980044e-07	1.588026792822145e-07	1.260559084203818e-06	6.362311988604992e-07	-1.245302479844461e-07	-1.423600334947105e-08	0.9690003304059366	1.650491519655081e-07	-8.556579806566738e-07	-3.588713586089226e-07	-6.216588186159091e-06	-2.728318753056071e-06	-2.758965080155885e-06	-1.124875894972401e-06	1.438030691425473e-06	5.763213790714795e-07	1.162100963707301	1.099498834562962	-0.05908496862251839	-0.1040136852378499	0.01663024147772636	0.1787621268654916	0.00235232827242083	-0.03408952628718568	-0.02907576631519327	0.01315352594410413	0.004575434108557291	-0.003405977910740559	1.737078891683586	1.159673708838252	0.0787830412287063	0.0426170795319025	-0.06806912131302889	-0.1291740930881029	-0.0001230951833425801	-0.01041982433635819	-0.008812616927125271	-0.00370030792836424	-0.001041653496363911	0.0004107136351400303	-1.441784419629512e-05	-5.937683106089063e-06	1.824166520718151e-06	7.951290007407274e-07	-3.380903203958603e-06	-1.808897926859417e-06	-7.696890514632409e-06	-2.974971980139483e-06	-4.697844537559231e-08	-1.039572148980344e-07	1.516834256780504e-06	7.750423627821207e-07	0.001136600483907355	-1.012664749049074e-07	0.04435124319070194	3.3715913401253e-07	-0.4187135194211437	-5.883890807048554e-07	3.011303671871763e-07	3.144899758775367e-08	-1.743263747024019e-06	-5.869361457026304e-07	1.054373345729045e-06	4.093619182581892e-07	8.636802437480674e-08	-3.334997421271787e-08	-6.061565681615735e-06	-2.523596700164007e-06	2.163600515699106e-06	7.939502187237907e-07	1.450347210178593e-06	5.794158717783642e-07	1.664824721052173e-06	7.351092750645122e-07	5.666362142900504e-07	1.888322142544634e-07	-4.487506907848464e-08	5.948894554252984e-09	1.109963968912743e-06	4.213523228476409e-07	1.167740939656478e-06	1.994192711372564e-08	3.654253098702219e-07	1.314955494286457e-07	-9.527739350495367e-07	-5.365555598479597e-07	1.047197661365782	4.890115829572355e-08	7.381068265620641e-07	2.89912399488874e-07	-2.797720849661357e-06	-1.353318051385736e-06	3.523136293985049e-06	1.400690123585348e-06	-2.113017626059567e-07	-9.054730410785731e-08	-7.25158008083332e-07	-2.673447406275322e-07	1.047197424180442	-5.254119680986407e-08	-1.339009224507065e-07	-6.72856457824766e-08
3	6.077856795144808e-06	2.551803427210982e-06	4.853025827444414e-07	1.582409607462706e-07	1.266904307743782e-06	6.366360482437512e-07	-1.246790396934351e-07	-1.38996559083185e-08	0.9690003320547793	1.652401127930532e-07	-8.592357619612841e-07	-3.593753949417033e-07	-6.243851239651242e-06	-2.728097420715322e-06	-2.770222063729882e-06	-1.126285853491438e-06	1.44379228893244e-06	5.762634317946709e-07	1.173172721684983	1.108081111666371	-0.06019310667609291	-0.1058936145068495	0.01851332947335516	0.1858389578672903	0.002015880452703044	-0.03387177853743133	-0.02894673408268121	0.01338126414663678	0.004546765627405381	-0.003297022475084614	1.748695021341907	1.163552218616403	0.07917591359726264	0.04307079309080374	-0.06935752398231061	-0.1364479450375599	-0.0002272987709128496	-0.01053114050311278	-0.008849747245851493	-0.003531312596342123	-0.001038754247962826	0.0003774571471935858	-1.447721063172566e-05	-5.939545913563587e-06	1.83215759841805e-06	7.943087486870906e-07	-3.399037906781612e-06	-1.814534272259055e-06	-7.726676903860536e-06	-2.973287764589394e-06	-4.799528524854584e-08	-1.060655440378132e-07	1.524581993285535e-06	7.740439617948036e-07	0.001136599472587825	-1.012822779303615e-07	0.04435124656282418	3.378827993604763e-07	-0.4187135252560804	-5.911972684543234e-07	3.014549459223683e-07	3.046757048753603e-08	-1.749149082415291e-06	-5.880154400998026e-07	1.058473995015922e-06	4.096049597929942e-07	8.603802040550876e-08	-3.322980070265755e-08	-6.086783970474013e-06	-2.525233554773646e-06	2.171508793896512e-06	7.943961265228998e-07	1.456145216736053e-06	5.788550180540401e-07	1.672172258089344e-06	7.348119829883086e-07	5.685210885277954e-07	1.890092408092286e-07	-4.481733094046446e-08	5.944772440598376e-09	1.114184286292377e-06	4.200411244309539e-07	1.167975009486885e-06	2.109611807107911e-08	3.667405067555435e-07	1.315130087141972e-07	-9.581229210792461e-07	-5.364490444335225e-07	1.047197661854284	4.889202724961056e-08	7.410083775831217e-07	2.897389291740321e-07	-2.81123428025124e-06	-1.352542502560444e-06	3.537145437108178e-06	1.400357870017986e-06	-2.122034446489209e-07	-9.037256189887272e-08	-7.278305570350802e-07	-2.676649847630107e-07	1.047197423655738	-5.249528062373918e-08	-1.345715189766651e-07	-6.72334925107552e-08
